id,recorded_at,scenario_id,simulation_time_s,junction_id,queue_length_m,vehicle_count,avg_speed_kmh,queue_minus_5,queue_minus_10,queue_minus_15,queue_minus_20,target_queue_60s,queue_slope
2173,2026-09-01 08:20:23.727850,corridor_camera,25.0,cluster_13546492148_1838721956,5.0,1,0.0,5.0,0.0,0.0,0.0,25.0,0.25
2176,2026-09-01 08:20:23.736228,corridor_camera,30.0,cluster_13546492148_1838721956,5.0,1,0.0,5.0,5.0,0.0,0.0,25.0,0.25
2179,2026-09-01 08:20:23.744416,corridor_camera,35.0,cluster_13546492148_1838721956,10.0,2,0.0,5.0,5.0,5.0,0.0,0.0,0.5
2182,2026-09-01 08:20:23.752471,corridor_camera,40.0,cluster_13546492148_1838721956,10.0,2,0.0,10.0,5.0,5.0,5.0,5.0,0.25
2185,2026-09-01 08:20:23.760583,corridor_camera,45.0,cluster_13546492148_1838721956,10.0,2,0.0,10.0,10.0,5.0,5.0,10.0,0.25
2188,2026-09-01 08:20:23.769062,corridor_camera,50.0,cluster_13546492148_1838721956,0.0,2,9.351503513772744,10.0,10.0,10.0,5.0,15.0,-0.25
2191,2026-09-01 08:20:23.778041,corridor_camera,55.0,cluster_13546492148_1838721956,10.0,2,0.00023644652368175388,0.0,10.0,10.0,10.0,15.0,0.0
2194,2026-09-01 08:20:23.787527,corridor_camera,60.0,cluster_13546492148_1838721956,15.0,3,0.07157172675316993,10.0,0.0,10.0,10.0,20.0,0.25
2197,2026-09-01 08:20:23.796640,corridor_camera,65.0,cluster_13546492148_1838721956,15.0,3,0.0,15.0,10.0,0.0,10.0,20.0,0.25
2200,2026-09-01 08:20:23.806383,corridor_camera,70.0,cluster_13546492148_1838721956,15.0,4,0.3554972830560125,15.0,15.0,10.0,0.0,25.0,0.75
2203,2026-09-01 08:20:23.815978,corridor_camera,75.0,cluster_13546492148_1838721956,20.0,4,0.0,15.0,15.0,15.0,10.0,25.0,0.5
2206,2026-09-01 08:20:23.825890,corridor_camera,80.0,cluster_13546492148_1838721956,20.0,5,2.742762041394539,20.0,15.0,15.0,15.0,0.0,0.25
2209,2026-09-01 08:20:23.837475,corridor_camera,85.0,cluster_13546492148_1838721956,25.0,5,0.013303570996377067,20.0,20.0,15.0,15.0,5.0,0.5
2212,2026-09-01 08:20:23.849186,corridor_camera,90.0,cluster_13546492148_1838721956,25.0,5,0.0,25.0,20.0,20.0,15.0,5.0,0.5
2215,2026-09-01 08:20:23.860693,corridor_camera,95.0,cluster_13546492148_1838721956,0.0,2,6.1705679888927065,25.0,25.0,20.0,20.0,10.0,-1.0
2218,2026-09-01 08:20:23.872120,corridor_camera,100.0,cluster_13546492148_1838721956,5.0,2,2.6467658461431736,0.0,25.0,25.0,20.0,20.0,-0.75
2221,2026-09-01 08:20:23.882844,corridor_camera,105.0,cluster_13546492148_1838721956,10.0,2,0.0,5.0,0.0,25.0,25.0,30.0,-0.75
2224,2026-09-01 08:20:23.894013,corridor_camera,110.0,cluster_13546492148_1838721956,15.0,3,0.045214598685837715,10.0,5.0,0.0,25.0,35.0,-0.5
2227,2026-09-01 08:20:23.904412,corridor_camera,115.0,cluster_13546492148_1838721956,15.0,3,0.0,15.0,10.0,5.0,0.0,40.0,0.75
2230,2026-09-01 08:20:23.914518,corridor_camera,120.0,cluster_13546492148_1838721956,20.0,4,0.019301519402724527,15.0,15.0,10.0,5.0,50.0,0.75
2233,2026-09-01 08:20:23.925673,corridor_camera,125.0,cluster_13546492148_1838721956,20.0,4,0.0,20.0,15.0,15.0,10.0,10.0,0.5
2236,2026-09-01 08:20:23.936578,corridor_camera,130.0,cluster_13546492148_1838721956,25.0,5,0.06371928734399702,20.0,20.0,15.0,15.0,15.0,0.5
2239,2026-09-01 08:20:23.948055,corridor_camera,135.0,cluster_13546492148_1838721956,25.0,5,0.0003900726664533824,25.0,20.0,20.0,15.0,25.0,0.5
2242,2026-09-01 08:20:23.959895,corridor_camera,140.0,cluster_13546492148_1838721956,0.0,0,0.0,25.0,25.0,20.0,20.0,15.0,-1.0
2245,2026-09-01 08:20:23.972881,corridor_camera,145.0,cluster_13546492148_1838721956,5.0,1,0.0,0.0,25.0,25.0,20.0,20.0,-0.75
2248,2026-09-01 08:20:23.986529,corridor_camera,150.0,cluster_13546492148_1838721956,5.0,2,0.5287191598572741,5.0,0.0,25.0,25.0,25.0,-1.0
2251,2026-09-01 08:20:24.000005,corridor_camera,155.0,cluster_13546492148_1838721956,10.0,4,2.0652351907885254,5.0,5.0,0.0,25.0,25.0,-0.75
2254,2026-09-01 08:20:24.014872,corridor_camera,160.0,cluster_13546492148_1838721956,20.0,6,0.42227960509944945,10.0,5.0,5.0,0.0,35.0,1.0
2257,2026-09-01 08:20:24.029035,corridor_camera,165.0,cluster_13546492148_1838721956,30.0,7,2.3850084704533083,20.0,10.0,5.0,5.0,45.0,1.25
2260,2026-09-01 08:20:24.044481,corridor_camera,170.0,cluster_13546492148_1838721956,35.0,9,7.122702471823459,30.0,20.0,10.0,5.0,30.0,1.5
2263,2026-09-01 08:20:24.061705,corridor_camera,175.0,cluster_13546492148_1838721956,40.0,9,0.16215674117865153,35.0,30.0,20.0,10.0,25.0,1.5
2266,2026-09-01 08:20:24.077746,corridor_camera,180.0,cluster_13546492148_1838721956,50.0,10,0.0006150695935072008,40.0,35.0,30.0,20.0,30.0,1.5
2269,2026-09-01 08:20:24.095798,corridor_camera,185.0,cluster_13546492148_1838721956,10.0,5,3.497438216820611,50.0,40.0,35.0,30.0,25.0,-1.0
2272,2026-09-01 08:20:24.113695,corridor_camera,190.0,cluster_13546492148_1838721956,15.0,3,0.0,10.0,50.0,40.0,35.0,25.0,-1.0
2275,2026-09-01 08:20:24.132466,corridor_camera,195.0,cluster_13546492148_1838721956,25.0,6,0.9677406492503794,15.0,10.0,50.0,40.0,25.0,-0.75
2278,2026-09-01 08:20:24.152020,corridor_camera,200.0,cluster_13546492148_1838721956,15.0,5,2.590473101129254,25.0,15.0,10.0,50.0,25.0,-1.75
2281,2026-09-01 08:20:24.171447,corridor_camera,205.0,cluster_13546492148_1838721956,20.0,6,1.6787039687141974,15.0,25.0,15.0,10.0,25.0,0.5
2284,2026-09-01 08:20:24.191060,corridor_camera,210.0,cluster_13546492148_1838721956,25.0,5,0.0,20.0,15.0,25.0,15.0,25.0,0.5
2287,2026-09-01 08:20:24.211484,corridor_camera,215.0,cluster_13546492148_1838721956,25.0,8,2.7908314445058657,25.0,20.0,15.0,25.0,5.0,0.0
2290,2026-09-01 08:20:24.230824,corridor_camera,220.0,cluster_13546492148_1838721956,35.0,8,1.0079400468595536,25.0,25.0,20.0,15.0,10.0,1.0
2293,2026-09-01 08:20:24.249330,corridor_camera,225.0,cluster_13546492148_1838721956,45.0,10,2.422893158931217,35.0,25.0,25.0,20.0,15.0,1.25
2296,2026-09-01 08:20:24.268478,corridor_camera,230.0,cluster_13546492148_1838721956,30.0,7,1.1708826229308709,45.0,35.0,25.0,25.0,20.0,0.25
2299,2026-09-01 08:20:24.290135,corridor_camera,235.0,cluster_13546492148_1838721956,25.0,6,0.27724755852237953,30.0,45.0,35.0,25.0,15.0,0.0
2302,2026-09-01 08:20:24.312915,corridor_camera,240.0,cluster_13546492148_1838721956,30.0,6,0.0,25.0,30.0,45.0,35.0,25.0,-0.25
2305,2026-09-01 08:20:24.335945,corridor_camera,245.0,cluster_13546492148_1838721956,25.0,6,4.5595319630283795,30.0,25.0,30.0,45.0,15.0,-1.0
2308,2026-09-01 08:20:24.359556,corridor_camera,250.0,cluster_13546492148_1838721956,25.0,5,0.0,25.0,30.0,25.0,30.0,25.0,-0.25
2311,2026-09-01 08:20:24.384296,corridor_camera,255.0,cluster_13546492148_1838721956,25.0,5,0.0,25.0,25.0,30.0,25.0,55.0,0.0
2314,2026-09-01 08:20:24.409320,corridor_camera,260.0,cluster_13546492148_1838721956,25.0,5,0.0,25.0,25.0,25.0,30.0,50.0,-0.25
2317,2026-09-01 08:20:24.434425,corridor_camera,265.0,cluster_13546492148_1838721956,25.0,5,0.0,25.0,25.0,25.0,25.0,40.0,0.0
2320,2026-09-01 08:20:24.460052,corridor_camera,270.0,cluster_13546492148_1838721956,25.0,5,0.0,25.0,25.0,25.0,25.0,35.0,0.0
2323,2026-09-01 08:20:24.486167,corridor_camera,275.0,cluster_13546492148_1838721956,5.0,3,8.289083974761182,25.0,25.0,25.0,25.0,45.0,-1.0
2326,2026-09-01 08:20:24.512314,corridor_camera,280.0,cluster_13546492148_1838721956,10.0,5,10.740726128445424,5.0,25.0,25.0,25.0,50.0,-0.75
2329,2026-09-01 08:20:24.538067,corridor_camera,285.0,cluster_13546492148_1838721956,15.0,5,2.6766357921045003,10.0,5.0,25.0,25.0,50.0,-0.5
2332,2026-09-01 08:20:24.563620,corridor_camera,290.0,cluster_13546492148_1838721956,20.0,6,6.565883001963092,15.0,10.0,5.0,25.0,50.0,-0.25
2335,2026-09-01 08:20:24.588750,corridor_camera,295.0,cluster_13546492148_1838721956,15.0,6,5.1357705925372725,20.0,15.0,10.0,5.0,50.0,0.5
2338,2026-09-01 08:20:24.613264,corridor_camera,300.0,cluster_13546492148_1838721956,25.0,6,0.6021845762617886,15.0,20.0,15.0,10.0,60.0,0.75
2341,2026-09-01 08:20:24.639423,corridor_camera,305.0,cluster_13546492148_1838721956,15.0,6,7.872859112586813,25.0,15.0,20.0,15.0,45.0,0.0
2344,2026-09-01 08:20:24.665089,corridor_camera,310.0,cluster_13546492148_1838721956,25.0,7,4.828003768765094,15.0,25.0,15.0,20.0,35.0,0.25
2347,2026-09-01 08:20:24.691821,corridor_camera,315.0,cluster_13546492148_1838721956,55.0,12,0.12252847690807162,25.0,15.0,25.0,15.0,40.0,2.0
2350,2026-09-01 08:20:24.719212,corridor_camera,320.0,cluster_13546492148_1838721956,50.0,10,0.0005631499682908169,55.0,25.0,15.0,25.0,45.0,1.25
2353,2026-09-01 08:20:24.746811,corridor_camera,325.0,cluster_13546492148_1838721956,40.0,10,1.4467297996422714,50.0,55.0,25.0,15.0,45.0,1.25
2356,2026-09-01 08:20:24.775199,corridor_camera,330.0,cluster_13546492148_1838721956,35.0,10,1.7018477244199588,40.0,50.0,55.0,25.0,45.0,0.5
2359,2026-09-01 08:20:24.804291,corridor_camera,335.0,cluster_13546492148_1838721956,45.0,11,2.9703164213453954,35.0,40.0,50.0,55.0,45.0,-0.5
2362,2026-09-01 08:20:24.833956,corridor_camera,340.0,cluster_13546492148_1838721956,50.0,11,1.6089181310099407,45.0,35.0,40.0,50.0,45.0,0.0
2365,2026-09-01 08:20:24.863274,corridor_camera,345.0,cluster_13546492148_1838721956,50.0,11,1.9369216303491954,50.0,45.0,35.0,40.0,55.0,0.5
2368,2026-09-01 08:20:24.891972,corridor_camera,350.0,cluster_13546492148_1838721956,50.0,10,0.0,50.0,50.0,45.0,35.0,55.0,0.75
2371,2026-09-01 08:20:24.924272,corridor_camera,355.0,cluster_13546492148_1838721956,50.0,11,0.9776016881981718,50.0,50.0,50.0,45.0,55.0,0.25
2374,2026-09-01 08:20:24.956743,corridor_camera,360.0,cluster_13546492148_1838721956,60.0,12,0.0,50.0,50.0,50.0,50.0,55.0,0.5
2377,2026-09-01 08:20:24.989390,corridor_camera,365.0,cluster_13546492148_1838721956,45.0,10,0.9333430360792441,60.0,50.0,50.0,50.0,55.0,-0.25
2380,2026-09-01 08:20:25.022107,corridor_camera,370.0,cluster_13546492148_1838721956,35.0,9,1.4006813159044642,45.0,60.0,50.0,50.0,55.0,-0.75
2383,2026-09-01 08:20:25.055044,corridor_camera,375.0,cluster_13546492148_1838721956,40.0,10,2.5832009671196796,35.0,45.0,60.0,50.0,55.0,-0.5
2386,2026-09-01 08:20:25.088462,corridor_camera,380.0,cluster_13546492148_1838721956,45.0,10,1.0306858393564795,40.0,35.0,45.0,60.0,55.0,-0.75
2389,2026-09-01 08:20:25.121012,corridor_camera,385.0,cluster_13546492148_1838721956,45.0,9,0.0,45.0,40.0,35.0,45.0,55.0,0.0
2392,2026-09-01 08:20:25.154295,corridor_camera,390.0,cluster_13546492148_1838721956,45.0,11,3.6130231571996694,45.0,45.0,40.0,35.0,55.0,0.5
2395,2026-09-01 08:20:25.188482,corridor_camera,395.0,cluster_13546492148_1838721956,45.0,9,0.0,45.0,45.0,45.0,40.0,50.0,0.25
2398,2026-09-01 08:20:25.223197,corridor_camera,400.0,cluster_13546492148_1838721956,45.0,10,2.549267776450875,45.0,45.0,45.0,45.0,50.0,0.0
2401,2026-09-01 08:20:25.257896,corridor_camera,405.0,cluster_13546492148_1838721956,55.0,11,0.0,45.0,45.0,45.0,45.0,50.0,0.5
2404,2026-09-01 08:20:25.293308,corridor_camera,410.0,cluster_13546492148_1838721956,55.0,11,0.0,55.0,45.0,45.0,45.0,50.0,0.5
2407,2026-09-01 08:20:25.328778,corridor_camera,415.0,cluster_13546492148_1838721956,55.0,11,0.0,55.0,55.0,45.0,45.0,50.0,0.5
2410,2026-09-01 08:20:25.363917,corridor_camera,420.0,cluster_13546492148_1838721956,55.0,11,0.0,55.0,55.0,55.0,45.0,50.0,0.5
2413,2026-09-01 08:20:25.399754,corridor_camera,425.0,cluster_13546492148_1838721956,55.0,11,0.0,55.0,55.0,55.0,55.0,50.0,0.0
2416,2026-09-01 08:20:25.436413,corridor_camera,430.0,cluster_13546492148_1838721956,55.0,11,0.0,55.0,55.0,55.0,55.0,50.0,0.0
2419,2026-09-01 08:20:25.474106,corridor_camera,435.0,cluster_13546492148_1838721956,55.0,11,0.0,55.0,55.0,55.0,55.0,50.0,0.0
2422,2026-09-01 08:20:25.510571,corridor_camera,440.0,cluster_13546492148_1838721956,55.0,11,0.0,55.0,55.0,55.0,55.0,50.0,0.0
2425,2026-09-01 08:20:25.547324,corridor_camera,445.0,cluster_13546492148_1838721956,55.0,11,0.0,55.0,55.0,55.0,55.0,50.0,0.0
2428,2026-09-01 08:20:25.583593,corridor_camera,450.0,cluster_13546492148_1838721956,55.0,11,0.0,55.0,55.0,55.0,55.0,50.0,0.0
2431,2026-09-01 08:20:25.619935,corridor_camera,455.0,cluster_13546492148_1838721956,50.0,10,0.0,55.0,55.0,55.0,55.0,50.0,-0.25
2434,2026-09-01 08:20:25.657394,corridor_camera,460.0,cluster_13546492148_1838721956,50.0,10,0.0,50.0,55.0,55.0,55.0,50.0,-0.25
2437,2026-09-01 08:20:25.694162,corridor_camera,465.0,cluster_13546492148_1838721956,50.0,10,0.0,50.0,50.0,55.0,55.0,50.0,-0.25
2440,2026-09-01 08:20:25.729873,corridor_camera,470.0,cluster_13546492148_1838721956,50.0,10,0.0,50.0,50.0,50.0,55.0,50.0,-0.25
2443,2026-09-01 08:20:25.765312,corridor_camera,475.0,cluster_13546492148_1838721956,50.0,10,0.0,50.0,50.0,50.0,50.0,50.0,0.0
2446,2026-09-01 08:20:25.816560,corridor_camera,480.0,cluster_13546492148_1838721956,50.0,10,0.0,50.0,50.0,50.0,50.0,50.0,0.0
2449,2026-09-01 08:20:25.853773,corridor_camera,485.0,cluster_13546492148_1838721956,50.0,10,0.0,50.0,50.0,50.0,50.0,50.0,0.0
2452,2026-09-01 08:20:25.894529,corridor_camera,490.0,cluster_13546492148_1838721956,50.0,10,0.0,50.0,50.0,50.0,50.0,50.0,0.0
2455,2026-09-01 08:20:25.930850,corridor_camera,495.0,cluster_13546492148_1838721956,50.0,10,0.0,50.0,50.0,50.0,50.0,50.0,0.0
2458,2026-09-01 08:20:25.966941,corridor_camera,500.0,cluster_13546492148_1838721956,50.0,10,0.0,50.0,50.0,50.0,50.0,50.0,0.0
2461,2026-09-01 08:20:26.002980,corridor_camera,505.0,cluster_13546492148_1838721956,50.0,10,0.0,50.0,50.0,50.0,50.0,50.0,0.0
2464,2026-09-01 08:20:26.038998,corridor_camera,510.0,cluster_13546492148_1838721956,50.0,10,0.0,50.0,50.0,50.0,50.0,50.0,0.0
2467,2026-09-01 08:20:26.075243,corridor_camera,515.0,cluster_13546492148_1838721956,50.0,10,0.0,50.0,50.0,50.0,50.0,50.0,0.0
2470,2026-09-01 08:20:26.112116,corridor_camera,520.0,cluster_13546492148_1838721956,50.0,10,0.0,50.0,50.0,50.0,50.0,50.0,0.0
2473,2026-09-01 08:20:26.147986,corridor_camera,525.0,cluster_13546492148_1838721956,50.0,10,0.0,50.0,50.0,50.0,50.0,50.0,0.0
2476,2026-09-01 08:20:26.184096,corridor_camera,530.0,cluster_13546492148_1838721956,50.0,10,0.0,50.0,50.0,50.0,50.0,50.0,0.0
2479,2026-09-01 08:20:26.219514,corridor_camera,535.0,cluster_13546492148_1838721956,50.0,10,0.0,50.0,50.0,50.0,50.0,50.0,0.0
2482,2026-09-01 08:20:26.254840,corridor_camera,540.0,cluster_13546492148_1838721956,50.0,10,0.0,50.0,50.0,50.0,50.0,50.0,0.0
2485,2026-09-01 08:20:26.290581,corridor_camera,545.0,cluster_13546492148_1838721956,50.0,10,0.0,50.0,50.0,50.0,50.0,50.0,0.0
2488,2026-09-01 08:20:26.325524,corridor_camera,550.0,cluster_13546492148_1838721956,50.0,10,0.0,50.0,50.0,50.0,50.0,50.0,0.0
2491,2026-09-01 08:20:26.358843,corridor_camera,555.0,cluster_13546492148_1838721956,50.0,10,0.0,50.0,50.0,50.0,50.0,45.0,0.0
2494,2026-09-01 08:20:26.392485,corridor_camera,560.0,cluster_13546492148_1838721956,50.0,10,0.0,50.0,50.0,50.0,50.0,30.0,0.0
2497,2026-09-01 08:20:26.426026,corridor_camera,565.0,cluster_13546492148_1838721956,50.0,10,0.0,50.0,50.0,50.0,50.0,30.0,0.0
2500,2026-09-01 08:20:26.459416,corridor_camera,570.0,cluster_13546492148_1838721956,50.0,10,0.0,50.0,50.0,50.0,50.0,35.0,0.0
2503,2026-09-01 08:20:26.492972,corridor_camera,575.0,cluster_13546492148_1838721956,50.0,10,0.0,50.0,50.0,50.0,50.0,40.0,0.0
2506,2026-09-01 08:20:26.526660,corridor_camera,580.0,cluster_13546492148_1838721956,50.0,10,0.0,50.0,50.0,50.0,50.0,50.0,0.0
2509,2026-09-01 08:20:26.560493,corridor_camera,585.0,cluster_13546492148_1838721956,50.0,10,0.0,50.0,50.0,50.0,50.0,50.0,0.0
2512,2026-09-01 08:20:26.594084,corridor_camera,590.0,cluster_13546492148_1838721956,50.0,10,0.0,50.0,50.0,50.0,50.0,50.0,0.0
2515,2026-09-01 08:20:26.627776,corridor_camera,595.0,cluster_13546492148_1838721956,50.0,10,0.0,50.0,50.0,50.0,50.0,50.0,0.0
2518,2026-09-01 08:20:26.661124,corridor_camera,600.0,cluster_13546492148_1838721956,50.0,10,0.0,50.0,50.0,50.0,50.0,50.0,0.0
2521,2026-09-01 08:20:26.693836,corridor_camera,605.0,cluster_13546492148_1838721956,50.0,10,0.0,50.0,50.0,50.0,50.0,50.0,0.0
2524,2026-09-01 08:20:26.726473,corridor_camera,610.0,cluster_13546492148_1838721956,50.0,10,0.0,50.0,50.0,50.0,50.0,50.0,0.0
2527,2026-09-01 08:20:26.758782,corridor_camera,615.0,cluster_13546492148_1838721956,45.0,9,0.0,50.0,50.0,50.0,50.0,50.0,-0.25
2530,2026-09-01 08:20:26.790660,corridor_camera,620.0,cluster_13546492148_1838721956,30.0,7,1.0740447678137302,45.0,50.0,50.0,50.0,40.0,-1.0
2533,2026-09-01 08:20:26.823097,corridor_camera,625.0,cluster_13546492148_1838721956,30.0,6,0.0,30.0,45.0,50.0,50.0,40.0,-1.0
2536,2026-09-01 08:20:26.855844,corridor_camera,630.0,cluster_13546492148_1838721956,35.0,8,0.9478261639954831,30.0,30.0,45.0,50.0,40.0,-0.75
2539,2026-09-01 08:20:26.889178,corridor_camera,635.0,cluster_13546492148_1838721956,40.0,9,0.08009047684809666,35.0,30.0,30.0,45.0,40.0,-0.25
2542,2026-09-01 08:20:26.921605,corridor_camera,640.0,cluster_13546492148_1838721956,50.0,10,0.0,40.0,35.0,30.0,30.0,35.0,1.0
2545,2026-09-01 08:20:26.953164,corridor_camera,645.0,cluster_13546492148_1838721956,50.0,10,0.0,50.0,40.0,35.0,30.0,30.0,1.0
2548,2026-09-01 08:20:26.984129,corridor_camera,650.0,cluster_13546492148_1838721956,50.0,10,0.0,50.0,50.0,40.0,35.0,25.0,0.75
2551,2026-09-01 08:20:27.014842,corridor_camera,655.0,cluster_13546492148_1838721956,50.0,10,0.0,50.0,50.0,50.0,40.0,35.0,0.5
2554,2026-09-01 08:20:27.045277,corridor_camera,660.0,cluster_13546492148_1838721956,50.0,10,0.0,50.0,50.0,50.0,50.0,55.0,0.0
2557,2026-09-01 08:20:27.076083,corridor_camera,665.0,cluster_13546492148_1838721956,50.0,10,0.0,50.0,50.0,50.0,50.0,50.0,0.0
2560,2026-09-01 08:20:27.107177,corridor_camera,670.0,cluster_13546492148_1838721956,50.0,10,0.0,50.0,50.0,50.0,50.0,45.0,0.0
2563,2026-09-01 08:20:27.138299,corridor_camera,675.0,cluster_13546492148_1838721956,50.0,10,0.0,50.0,50.0,50.0,50.0,45.0,0.0
2174,2026-09-01 08:20:23.727851,corridor_camera,25.0,cluster_2061304035_245647208,0.0,0,0.0,0.0,0.0,0.0,0.0,20.0,0.0
2177,2026-09-01 08:20:23.736230,corridor_camera,30.0,cluster_2061304035_245647208,0.0,2,30.54160982579196,0.0,0.0,0.0,0.0,20.0,0.0
2180,2026-09-01 08:20:23.744417,corridor_camera,35.0,cluster_2061304035_245647208,0.0,1,57.826543566017406,0.0,0.0,0.0,0.0,0.0,0.0
2183,2026-09-01 08:20:23.752472,corridor_camera,40.0,cluster_2061304035_245647208,0.0,1,38.940634016124335,0.0,0.0,0.0,0.0,0.0,0.0
2186,2026-09-01 08:20:23.760584,corridor_camera,45.0,cluster_2061304035_245647208,5.0,1,0.0,0.0,0.0,0.0,0.0,0.0,0.25
2189,2026-09-01 08:20:23.769066,corridor_camera,50.0,cluster_2061304035_245647208,5.0,3,26.48761178899448,5.0,0.0,0.0,0.0,0.0,0.25
2192,2026-09-01 08:20:23.778044,corridor_camera,55.0,cluster_2061304035_245647208,5.0,2,0.19053028298036684,5.0,5.0,0.0,0.0,0.0,0.25
2195,2026-09-01 08:20:23.787528,corridor_camera,60.0,cluster_2061304035_245647208,10.0,2,0.0,5.0,5.0,5.0,0.0,0.0,0.5
2198,2026-09-01 08:20:23.796641,corridor_camera,65.0,cluster_2061304035_245647208,10.0,4,18.026110852737528,10.0,5.0,5.0,5.0,0.0,0.25
2201,2026-09-01 08:20:23.806384,corridor_camera,70.0,cluster_2061304035_245647208,15.0,5,9.090413845251318,10.0,10.0,5.0,5.0,0.0,0.5
2204,2026-09-01 08:20:23.815979,corridor_camera,75.0,cluster_2061304035_245647208,15.0,5,15.613901648972746,15.0,10.0,10.0,5.0,5.0,0.5
2207,2026-09-01 08:20:23.825891,corridor_camera,80.0,cluster_2061304035_245647208,15.0,4,2.9844258363281226,15.0,15.0,10.0,10.0,5.0,0.25
2210,2026-09-01 08:20:23.837476,corridor_camera,85.0,cluster_2061304035_245647208,20.0,5,10.420532746210228,15.0,15.0,15.0,10.0,10.0,0.5
2213,2026-09-01 08:20:23.849187,corridor_camera,90.0,cluster_2061304035_245647208,20.0,5,4.540213146332803,20.0,15.0,15.0,15.0,15.0,0.25
2216,2026-09-01 08:20:23.860694,corridor_camera,95.0,cluster_2061304035_245647208,0.0,1,15.877403222112225,20.0,20.0,15.0,15.0,15.0,-0.75
2219,2026-09-01 08:20:23.872120,corridor_camera,100.0,cluster_2061304035_245647208,0.0,2,36.54602757786928,0.0,20.0,20.0,15.0,20.0,-0.75
2222,2026-09-01 08:20:23.882845,corridor_camera,105.0,cluster_2061304035_245647208,0.0,0,0.0,0.0,0.0,20.0,20.0,25.0,-1.0
2225,2026-09-01 08:20:23.894014,corridor_camera,110.0,cluster_2061304035_245647208,0.0,5,50.08031591013108,0.0,0.0,0.0,20.0,30.0,-1.0
2228,2026-09-01 08:20:23.904414,corridor_camera,115.0,cluster_2061304035_245647208,0.0,3,41.98870778942868,0.0,0.0,0.0,0.0,30.0,0.0
2231,2026-09-01 08:20:23.914519,corridor_camera,120.0,cluster_2061304035_245647208,0.0,4,33.64492642647462,0.0,0.0,0.0,0.0,35.0,0.0
2234,2026-09-01 08:20:23.925674,corridor_camera,125.0,cluster_2061304035_245647208,0.0,7,27.608582773891886,0.0,0.0,0.0,0.0,0.0,0.0
2237,2026-09-01 08:20:23.936579,corridor_camera,130.0,cluster_2061304035_245647208,0.0,3,22.870063696540985,0.0,0.0,0.0,0.0,0.0,0.0
2240,2026-09-01 08:20:23.948056,corridor_camera,135.0,cluster_2061304035_245647208,5.0,3,33.45316574976486,0.0,0.0,0.0,0.0,0.0,0.25
2243,2026-09-01 08:20:23.959896,corridor_camera,140.0,cluster_2061304035_245647208,5.0,3,11.554674506443156,5.0,0.0,0.0,0.0,0.0,0.25
2246,2026-09-01 08:20:23.972882,corridor_camera,145.0,cluster_2061304035_245647208,10.0,3,3.6828642178241275,5.0,5.0,0.0,0.0,0.0,0.5
2249,2026-09-01 08:20:23.986530,corridor_camera,150.0,cluster_2061304035_245647208,15.0,4,9.860817257632993,10.0,5.0,5.0,0.0,0.0,0.75
2252,2026-09-01 08:20:24.000006,corridor_camera,155.0,cluster_2061304035_245647208,15.0,7,13.487112905735277,15.0,10.0,5.0,5.0,0.0,0.5
2255,2026-09-01 08:20:24.014874,corridor_camera,160.0,cluster_2061304035_245647208,20.0,7,8.998952193270272,15.0,15.0,10.0,5.0,0.0,0.75
2258,2026-09-01 08:20:24.029037,corridor_camera,165.0,cluster_2061304035_245647208,25.0,9,11.375225162130958,20.0,15.0,15.0,10.0,5.0,0.75
2261,2026-09-01 08:20:24.044483,corridor_camera,170.0,cluster_2061304035_245647208,30.0,9,7.465892989879917,25.0,20.0,15.0,15.0,10.0,0.75
2264,2026-09-01 08:20:24.061708,corridor_camera,175.0,cluster_2061304035_245647208,30.0,8,4.301772241596893,30.0,25.0,20.0,15.0,10.0,0.75
2267,2026-09-01 08:20:24.077748,corridor_camera,180.0,cluster_2061304035_245647208,35.0,9,8.069304566671805,30.0,30.0,25.0,20.0,15.0,0.75
2270,2026-09-01 08:20:24.095799,corridor_camera,185.0,cluster_2061304035_245647208,0.0,7,13.128147750681244,35.0,30.0,30.0,25.0,20.0,-1.25
2273,2026-09-01 08:20:24.113696,corridor_camera,190.0,cluster_2061304035_245647208,0.0,3,15.932796994832083,0.0,35.0,30.0,30.0,25.0,-1.5
2276,2026-09-01 08:20:24.132468,corridor_camera,195.0,cluster_2061304035_245647208,0.0,2,20.27913246331286,0.0,0.0,35.0,30.0,25.0,-1.5
2279,2026-09-01 08:20:24.152023,corridor_camera,200.0,cluster_2061304035_245647208,0.0,7,53.736421731264144,0.0,0.0,0.0,35.0,30.0,-1.75
2282,2026-09-01 08:20:24.171448,corridor_camera,205.0,cluster_2061304035_245647208,0.0,5,29.07044393916277,0.0,0.0,0.0,0.0,35.0,0.0
2285,2026-09-01 08:20:24.191062,corridor_camera,210.0,cluster_2061304035_245647208,0.0,3,35.801798469205885,0.0,0.0,0.0,0.0,40.0,0.0
2288,2026-09-01 08:20:24.211487,corridor_camera,215.0,cluster_2061304035_245647208,0.0,6,28.10783178121657,0.0,0.0,0.0,0.0,0.0,0.0
2291,2026-09-01 08:20:24.230827,corridor_camera,220.0,cluster_2061304035_245647208,0.0,3,28.483888806314038,0.0,0.0,0.0,0.0,0.0,0.0
2294,2026-09-01 08:20:24.249333,corridor_camera,225.0,cluster_2061304035_245647208,5.0,5,14.837361044419895,0.0,0.0,0.0,0.0,0.0,0.25
2297,2026-09-01 08:20:24.268481,corridor_camera,230.0,cluster_2061304035_245647208,10.0,6,12.39192457422277,5.0,0.0,0.0,0.0,10.0,0.5
2300,2026-09-01 08:20:24.290136,corridor_camera,235.0,cluster_2061304035_245647208,10.0,6,11.824259742058985,10.0,5.0,0.0,0.0,30.0,0.5
2303,2026-09-01 08:20:24.312916,corridor_camera,240.0,cluster_2061304035_245647208,15.0,8,10.369836487228314,10.0,10.0,5.0,0.0,30.0,0.75
2306,2026-09-01 08:20:24.335948,corridor_camera,245.0,cluster_2061304035_245647208,20.0,10,12.841229730676128,15.0,10.0,10.0,5.0,30.0,0.75
2309,2026-09-01 08:20:24.359558,corridor_camera,250.0,cluster_2061304035_245647208,25.0,8,9.929019697741014,20.0,15.0,10.0,10.0,30.0,0.75
2312,2026-09-01 08:20:24.384298,corridor_camera,255.0,cluster_2061304035_245647208,25.0,11,10.985558509671755,25.0,20.0,15.0,10.0,40.0,0.75
2315,2026-09-01 08:20:24.409323,corridor_camera,260.0,cluster_2061304035_245647208,30.0,9,5.639642068097532,25.0,25.0,20.0,15.0,20.0,0.75
2318,2026-09-01 08:20:24.434428,corridor_camera,265.0,cluster_2061304035_245647208,35.0,11,8.813805269257637,30.0,25.0,25.0,20.0,25.0,0.75
2321,2026-09-01 08:20:24.460055,corridor_camera,270.0,cluster_2061304035_245647208,40.0,12,8.067759441076472,35.0,30.0,25.0,25.0,30.0,0.75
2324,2026-09-01 08:20:24.486169,corridor_camera,275.0,cluster_2061304035_245647208,0.0,8,11.677554894719245,40.0,35.0,30.0,25.0,35.0,-1.25
2327,2026-09-01 08:20:24.512318,corridor_camera,280.0,cluster_2061304035_245647208,0.0,4,30.006637307174156,0.0,40.0,35.0,30.0,40.0,-1.5
2330,2026-09-01 08:20:24.538068,corridor_camera,285.0,cluster_2061304035_245647208,0.0,4,19.28279586918185,0.0,0.0,40.0,35.0,55.0,-1.75
2333,2026-09-01 08:20:24.563621,corridor_camera,290.0,cluster_2061304035_245647208,10.0,6,11.515883968770977,0.0,0.0,0.0,40.0,100.0,-1.5
2336,2026-09-01 08:20:24.588751,corridor_camera,295.0,cluster_2061304035_245647208,30.0,7,7.157356143124748,10.0,0.0,0.0,0.0,120.0,1.5
2339,2026-09-01 08:20:24.613266,corridor_camera,300.0,cluster_2061304035_245647208,30.0,10,17.18195647272328,30.0,10.0,0.0,0.0,120.0,1.5
2342,2026-09-01 08:20:24.639426,corridor_camera,305.0,cluster_2061304035_245647208,30.0,10,10.985637593429855,30.0,30.0,10.0,0.0,90.0,1.5
2345,2026-09-01 08:20:24.665090,corridor_camera,310.0,cluster_2061304035_245647208,30.0,10,8.440318286765581,30.0,30.0,30.0,10.0,70.0,1.0
2348,2026-09-01 08:20:24.691822,corridor_camera,315.0,cluster_2061304035_245647208,40.0,11,4.235152659699749,30.0,30.0,30.0,30.0,70.0,0.5
2351,2026-09-01 08:20:24.719215,corridor_camera,320.0,cluster_2061304035_245647208,20.0,10,2.3213848408156683,40.0,30.0,30.0,30.0,70.0,-0.5
2354,2026-09-01 08:20:24.746812,corridor_camera,325.0,cluster_2061304035_245647208,25.0,10,8.195319141588993,20.0,40.0,30.0,30.0,70.0,-0.25
2357,2026-09-01 08:20:24.775201,corridor_camera,330.0,cluster_2061304035_245647208,30.0,9,4.949551970692899,25.0,20.0,40.0,30.0,70.0,0.0
2360,2026-09-01 08:20:24.804294,corridor_camera,335.0,cluster_2061304035_245647208,35.0,9,4.7694986549193015,30.0,25.0,20.0,40.0,70.0,-0.25
2363,2026-09-01 08:20:24.833957,corridor_camera,340.0,cluster_2061304035_245647208,40.0,13,2.93494737035725,35.0,30.0,25.0,20.0,55.0,1.0
2366,2026-09-01 08:20:24.863278,corridor_camera,345.0,cluster_2061304035_245647208,55.0,22,2.6448122625463184,40.0,35.0,30.0,25.0,15.0,1.5
2369,2026-09-01 08:20:24.891975,corridor_camera,350.0,cluster_2061304035_245647208,100.0,23,1.2901513418065733,55.0,40.0,35.0,30.0,25.0,3.5
2372,2026-09-01 08:20:24.924276,corridor_camera,355.0,cluster_2061304035_245647208,120.0,24,0.018244614774024958,100.0,55.0,40.0,35.0,45.0,4.25
2375,2026-09-01 08:20:24.956746,corridor_camera,360.0,cluster_2061304035_245647208,120.0,25,0.2753826221688142,120.0,100.0,55.0,40.0,50.0,4.0
2378,2026-09-01 08:20:24.989393,corridor_camera,365.0,cluster_2061304035_245647208,90.0,24,1.948935234540589,120.0,120.0,100.0,55.0,50.0,1.75
2381,2026-09-01 08:20:25.022110,corridor_camera,370.0,cluster_2061304035_245647208,70.0,20,4.792038182537349,90.0,120.0,120.0,100.0,45.0,-1.5
2384,2026-09-01 08:20:25.055048,corridor_camera,375.0,cluster_2061304035_245647208,70.0,16,2.84905815931638,70.0,90.0,120.0,120.0,40.0,-2.5
2387,2026-09-01 08:20:25.088465,corridor_camera,380.0,cluster_2061304035_245647208,70.0,15,3.7889433902985057,70.0,70.0,90.0,120.0,60.0,-2.5
2390,2026-09-01 08:20:25.121015,corridor_camera,385.0,cluster_2061304035_245647208,70.0,18,9.264050251958528,70.0,70.0,70.0,90.0,105.0,-1.0
2393,2026-09-01 08:20:25.154297,corridor_camera,390.0,cluster_2061304035_245647208,70.0,16,4.756221846714459,70.0,70.0,70.0,70.0,115.0,0.0
2396,2026-09-01 08:20:25.188486,corridor_camera,395.0,cluster_2061304035_245647208,70.0,17,5.2127216292436955,70.0,70.0,70.0,70.0,50.0,0.0
2399,2026-09-01 08:20:25.223198,corridor_camera,400.0,cluster_2061304035_245647208,55.0,19,6.40282556028971,70.0,70.0,70.0,70.0,45.0,-0.75
2402,2026-09-01 08:20:25.257898,corridor_camera,405.0,cluster_2061304035_245647208,15.0,19,7.349277646147308,55.0,70.0,70.0,70.0,45.0,-2.75
2405,2026-09-01 08:20:25.293310,corridor_camera,410.0,cluster_2061304035_245647208,25.0,17,5.622102510250223,15.0,55.0,70.0,70.0,45.0,-2.25
2408,2026-09-01 08:20:25.328779,corridor_camera,415.0,cluster_2061304035_245647208,45.0,16,4.299854206198391,25.0,15.0,55.0,70.0,45.0,-1.25
2411,2026-09-01 08:20:25.363920,corridor_camera,420.0,cluster_2061304035_245647208,50.0,14,2.3514489999612707,45.0,25.0,15.0,55.0,45.0,-0.25
2414,2026-09-01 08:20:25.399755,corridor_camera,425.0,cluster_2061304035_245647208,50.0,14,2.503216917820842,50.0,45.0,25.0,15.0,45.0,1.75
2417,2026-09-01 08:20:25.436417,corridor_camera,430.0,cluster_2061304035_245647208,45.0,15,4.719734554479395,50.0,50.0,45.0,25.0,45.0,1.0
2420,2026-09-01 08:20:25.474108,corridor_camera,435.0,cluster_2061304035_245647208,40.0,19,4.16689226513522,45.0,50.0,50.0,45.0,50.0,-0.25
2423,2026-09-01 08:20:25.510575,corridor_camera,440.0,cluster_2061304035_245647208,60.0,22,1.1207742833535448,40.0,45.0,50.0,50.0,10.0,0.5
2426,2026-09-01 08:20:25.547327,corridor_camera,445.0,cluster_2061304035_245647208,105.0,23,0.6073016686415323,60.0,40.0,45.0,50.0,15.0,2.75
2429,2026-09-01 08:20:25.583595,corridor_camera,450.0,cluster_2061304035_245647208,115.0,23,0.0026147748412449793,105.0,60.0,40.0,45.0,15.0,3.5
2432,2026-09-01 08:20:25.619938,corridor_camera,455.0,cluster_2061304035_245647208,50.0,18,3.4507453173285128,115.0,105.0,60.0,40.0,20.0,0.5
2435,2026-09-01 08:20:25.657396,corridor_camera,460.0,cluster_2061304035_245647208,45.0,13,5.000878795149061,50.0,115.0,105.0,60.0,20.0,-0.75
2438,2026-09-01 08:20:25.694163,corridor_camera,465.0,cluster_2061304035_245647208,45.0,11,4.441154099961475,45.0,50.0,115.0,105.0,35.0,-3.0
2441,2026-09-01 08:20:25.729875,corridor_camera,470.0,cluster_2061304035_245647208,45.0,11,10.34181607286505,45.0,45.0,50.0,115.0,30.0,-3.5
2444,2026-09-01 08:20:25.765316,corridor_camera,475.0,cluster_2061304035_245647208,45.0,10,4.962787767454516,45.0,45.0,45.0,50.0,30.0,-0.25
2447,2026-09-01 08:20:25.816564,corridor_camera,480.0,cluster_2061304035_245647208,45.0,15,11.668280716572752,45.0,45.0,45.0,45.0,55.0,0.0
2450,2026-09-01 08:20:25.853778,corridor_camera,485.0,cluster_2061304035_245647208,45.0,10,4.8630667629469615,45.0,45.0,45.0,45.0,30.0,0.0
2453,2026-09-01 08:20:25.894531,corridor_camera,490.0,cluster_2061304035_245647208,45.0,11,7.329918066828961,45.0,45.0,45.0,45.0,30.0,0.0
2456,2026-09-01 08:20:25.930852,corridor_camera,495.0,cluster_2061304035_245647208,50.0,12,3.226944598143786,45.0,45.0,45.0,45.0,30.0,0.25
2459,2026-09-01 08:20:25.966942,corridor_camera,500.0,cluster_2061304035_245647208,10.0,11,3.748061642706409,50.0,45.0,45.0,45.0,30.0,-1.75
2462,2026-09-01 08:20:26.002983,corridor_camera,505.0,cluster_2061304035_245647208,15.0,11,5.745916494444559,10.0,50.0,45.0,45.0,30.0,-1.5
2465,2026-09-01 08:20:26.039000,corridor_camera,510.0,cluster_2061304035_245647208,15.0,10,5.057950856175265,15.0,10.0,50.0,45.0,30.0,-1.5
2468,2026-09-01 08:20:26.075247,corridor_camera,515.0,cluster_2061304035_245647208,20.0,8,3.911563389196444,15.0,15.0,10.0,50.0,30.0,-1.5
2471,2026-09-01 08:20:26.112117,corridor_camera,520.0,cluster_2061304035_245647208,20.0,8,7.132925174123594,20.0,15.0,15.0,10.0,30.0,0.5
2474,2026-09-01 08:20:26.147990,corridor_camera,525.0,cluster_2061304035_245647208,35.0,11,2.01362724353851,20.0,20.0,15.0,15.0,15.0,1.0
2477,2026-09-01 08:20:26.184098,corridor_camera,530.0,cluster_2061304035_245647208,30.0,11,3.9778812891571698,35.0,20.0,20.0,15.0,5.0,0.75
2480,2026-09-01 08:20:26.219518,corridor_camera,535.0,cluster_2061304035_245647208,30.0,12,1.6386075186128568,30.0,35.0,20.0,20.0,5.0,0.5
2483,2026-09-01 08:20:26.254843,corridor_camera,540.0,cluster_2061304035_245647208,55.0,12,0.05281985053768046,30.0,30.0,35.0,20.0,10.0,1.75
2486,2026-09-01 08:20:26.290582,corridor_camera,545.0,cluster_2061304035_245647208,30.0,10,4.106804667954586,55.0,30.0,30.0,35.0,10.0,-0.25
2489,2026-09-01 08:20:26.325526,corridor_camera,550.0,cluster_2061304035_245647208,30.0,7,2.98906041429978,30.0,55.0,30.0,30.0,20.0,0.0
2492,2026-09-01 08:20:26.358847,corridor_camera,555.0,cluster_2061304035_245647208,30.0,7,6.277496964417534,30.0,30.0,55.0,30.0,20.0,0.0
2495,2026-09-01 08:20:26.392487,corridor_camera,560.0,cluster_2061304035_245647208,30.0,12,28.803183993446197,30.0,30.0,30.0,55.0,35.0,-1.25
2498,2026-09-01 08:20:26.426030,corridor_camera,565.0,cluster_2061304035_245647208,30.0,8,9.319679697828109,30.0,30.0,30.0,30.0,35.0,0.0
2501,2026-09-01 08:20:26.459420,corridor_camera,570.0,cluster_2061304035_245647208,30.0,11,17.65070005272697,30.0,30.0,30.0,30.0,35.0,0.0
2504,2026-09-01 08:20:26.492974,corridor_camera,575.0,cluster_2061304035_245647208,30.0,10,11.33610995439611,30.0,30.0,30.0,30.0,20.0,0.0
2507,2026-09-01 08:20:26.526661,corridor_camera,580.0,cluster_2061304035_245647208,30.0,7,5.313230798587377,30.0,30.0,30.0,30.0,25.0,0.0
2510,2026-09-01 08:20:26.560497,corridor_camera,585.0,cluster_2061304035_245647208,15.0,6,0.9228213400043885,30.0,30.0,30.0,30.0,25.0,-0.75
2513,2026-09-01 08:20:26.594085,corridor_camera,590.0,cluster_2061304035_245647208,5.0,6,9.995735268556214,15.0,30.0,30.0,30.0,25.0,-1.25
2516,2026-09-01 08:20:26.627779,corridor_camera,595.0,cluster_2061304035_245647208,5.0,4,2.3866780217404315,5.0,15.0,30.0,30.0,25.0,-1.25
2519,2026-09-01 08:20:26.661128,corridor_camera,600.0,cluster_2061304035_245647208,10.0,4,4.169412993969325,5.0,5.0,15.0,30.0,25.0,-1.0
2522,2026-09-01 08:20:26.693838,corridor_camera,605.0,cluster_2061304035_245647208,10.0,4,6.6992896122360746,10.0,5.0,5.0,15.0,25.0,-0.25
2525,2026-09-01 08:20:26.726476,corridor_camera,610.0,cluster_2061304035_245647208,20.0,5,3.2796977640035645,10.0,10.0,5.0,5.0,25.0,0.75
2528,2026-09-01 08:20:26.758783,corridor_camera,615.0,cluster_2061304035_245647208,20.0,6,0.7745895805004324,20.0,10.0,10.0,5.0,20.0,0.75
2531,2026-09-01 08:20:26.790661,corridor_camera,620.0,cluster_2061304035_245647208,35.0,7,0.048597902273921086,20.0,20.0,10.0,10.0,15.0,1.25
2534,2026-09-01 08:20:26.823100,corridor_camera,625.0,cluster_2061304035_245647208,35.0,7,0.0005057715193306087,35.0,20.0,20.0,10.0,15.0,1.25
2537,2026-09-01 08:20:26.855846,corridor_camera,630.0,cluster_2061304035_245647208,35.0,7,0.0,35.0,35.0,20.0,20.0,15.0,0.75
2540,2026-09-01 08:20:26.889179,corridor_camera,635.0,cluster_2061304035_245647208,20.0,4,0.0,35.0,35.0,35.0,20.0,15.0,0.0
2543,2026-09-01 08:20:26.921606,corridor_camera,640.0,cluster_2061304035_245647208,25.0,5,0.0,20.0,35.0,35.0,35.0,20.0,-0.5
2546,2026-09-01 08:20:26.953168,corridor_camera,645.0,cluster_2061304035_245647208,25.0,5,0.0,25.0,20.0,35.0,35.0,45.0,-0.5
2549,2026-09-01 08:20:26.984131,corridor_camera,650.0,cluster_2061304035_245647208,25.0,5,0.0,25.0,25.0,20.0,35.0,20.0,-0.5
2552,2026-09-01 08:20:27.014843,corridor_camera,655.0,cluster_2061304035_245647208,25.0,5,0.0,25.0,25.0,25.0,20.0,45.0,0.25
2555,2026-09-01 08:20:27.045279,corridor_camera,660.0,cluster_2061304035_245647208,25.0,8,13.439860005383935,25.0,25.0,25.0,25.0,50.0,0.0
2558,2026-09-01 08:20:27.076086,corridor_camera,665.0,cluster_2061304035_245647208,25.0,10,13.892413272388357,25.0,25.0,25.0,25.0,40.0,0.0
2561,2026-09-01 08:20:27.107179,corridor_camera,670.0,cluster_2061304035_245647208,25.0,8,7.694608757701743,25.0,25.0,25.0,25.0,40.0,0.0
2564,2026-09-01 08:20:27.138301,corridor_camera,675.0,cluster_2061304035_245647208,20.0,7,4.161250602108321,25.0,25.0,25.0,25.0,40.0,-0.25
2175,2026-09-01 08:20:23.727852,corridor_camera,25.0,cluster_245647168_3238255150_3495323634,5.0,2,28.85263626972679,5.0,5.0,5.0,0.0,70.0,0.25
2178,2026-09-01 08:20:23.736230,corridor_camera,30.0,cluster_245647168_3238255150_3495323634,5.0,3,14.4928114885988,5.0,5.0,5.0,5.0,75.0,0.0
2181,2026-09-01 08:20:23.744418,corridor_camera,35.0,cluster_245647168_3238255150_3495323634,10.0,3,19.33711588215083,5.0,5.0,5.0,5.0,25.0,0.25
2184,2026-09-01 08:20:23.752472,corridor_camera,40.0,cluster_245647168_3238255150_3495323634,10.0,3,3.054636360214402,10.0,5.0,5.0,5.0,25.0,0.25
2187,2026-09-01 08:20:23.760584,corridor_camera,45.0,cluster_245647168_3238255150_3495323634,15.0,5,14.624054213772265,10.0,10.0,5.0,5.0,25.0,0.5
2190,2026-09-01 08:20:23.769066,corridor_camera,50.0,cluster_245647168_3238255150_3495323634,20.0,5,2.185873975335587,15.0,10.0,10.0,5.0,25.0,0.75
2193,2026-09-01 08:20:23.778044,corridor_camera,55.0,cluster_245647168_3238255150_3495323634,25.0,8,16.937349800704606,20.0,15.0,10.0,10.0,5.0,0.75
2196,2026-09-01 08:20:23.787528,corridor_camera,60.0,cluster_245647168_3238255150_3495323634,35.0,9,7.265165619629351,25.0,20.0,15.0,10.0,5.0,1.25
2199,2026-09-01 08:20:23.796641,corridor_camera,65.0,cluster_245647168_3238255150_3495323634,40.0,10,6.097725750349576,35.0,25.0,20.0,15.0,10.0,1.25
2202,2026-09-01 08:20:23.806384,corridor_camera,70.0,cluster_245647168_3238255150_3495323634,45.0,12,3.2493578289718843,40.0,35.0,25.0,20.0,15.0,1.25
2205,2026-09-01 08:20:23.815979,corridor_camera,75.0,cluster_245647168_3238255150_3495323634,50.0,12,1.2911605280619047,45.0,40.0,35.0,25.0,30.0,1.25
2208,2026-09-01 08:20:23.825891,corridor_camera,80.0,cluster_245647168_3238255150_3495323634,60.0,15,6.677822020394989,50.0,45.0,40.0,35.0,45.0,1.25
2211,2026-09-01 08:20:23.837476,corridor_camera,85.0,cluster_245647168_3238255150_3495323634,70.0,17,6.073279126148881,60.0,50.0,45.0,40.0,50.0,1.5
2214,2026-09-01 08:20:23.849187,corridor_camera,90.0,cluster_245647168_3238255150_3495323634,75.0,21,6.9481398137941515,70.0,60.0,50.0,45.0,70.0,1.5
2217,2026-09-01 08:20:23.860694,corridor_camera,95.0,cluster_245647168_3238255150_3495323634,25.0,14,6.635099603717041,75.0,70.0,60.0,50.0,95.0,-1.25
2220,2026-09-01 08:20:23.872121,corridor_camera,100.0,cluster_245647168_3238255150_3495323634,25.0,11,17.819303870894775,25.0,75.0,70.0,60.0,110.0,-1.75
2223,2026-09-01 08:20:23.882845,corridor_camera,105.0,cluster_245647168_3238255150_3495323634,25.0,5,0.0,25.0,25.0,75.0,70.0,125.0,-2.25
2226,2026-09-01 08:20:23.894015,corridor_camera,110.0,cluster_245647168_3238255150_3495323634,25.0,6,6.957787350696699,25.0,25.0,25.0,75.0,130.0,-2.5
2229,2026-09-01 08:20:23.904415,corridor_camera,115.0,cluster_245647168_3238255150_3495323634,5.0,3,4.358948698847718,25.0,25.0,25.0,25.0,145.0,-1.0
2232,2026-09-01 08:20:23.914520,corridor_camera,120.0,cluster_245647168_3238255150_3495323634,5.0,5,25.617096047359784,5.0,25.0,25.0,25.0,150.0,-1.0
2235,2026-09-01 08:20:23.925674,corridor_camera,125.0,cluster_245647168_3238255150_3495323634,10.0,6,30.0874644311659,5.0,5.0,25.0,25.0,80.0,-0.75
2238,2026-09-01 08:20:23.936579,corridor_camera,130.0,cluster_245647168_3238255150_3495323634,15.0,8,15.891008065946084,10.0,5.0,5.0,25.0,75.0,-0.5
2241,2026-09-01 08:20:23.948056,corridor_camera,135.0,cluster_245647168_3238255150_3495323634,30.0,10,9.91638466378905,15.0,10.0,5.0,5.0,40.0,1.25
2244,2026-09-01 08:20:23.959897,corridor_camera,140.0,cluster_245647168_3238255150_3495323634,45.0,14,12.707053666680874,30.0,15.0,10.0,5.0,20.0,2.0
2247,2026-09-01 08:20:23.972882,corridor_camera,145.0,cluster_245647168_3238255150_3495323634,50.0,18,8.370081707036906,45.0,30.0,15.0,10.0,25.0,2.0
2250,2026-09-01 08:20:23.986530,corridor_camera,150.0,cluster_245647168_3238255150_3495323634,70.0,22,4.197703595172332,50.0,45.0,30.0,15.0,60.0,2.75
2253,2026-09-01 08:20:24.000007,corridor_camera,155.0,cluster_245647168_3238255150_3495323634,95.0,24,2.7363896990417182,70.0,50.0,45.0,30.0,85.0,3.25
2256,2026-09-01 08:20:24.014874,corridor_camera,160.0,cluster_245647168_3238255150_3495323634,110.0,26,3.7646979454268164,95.0,70.0,50.0,45.0,125.0,3.25
2259,2026-09-01 08:20:24.029038,corridor_camera,165.0,cluster_245647168_3238255150_3495323634,125.0,27,2.600715425787427,110.0,95.0,70.0,50.0,170.0,3.75
2262,2026-09-01 08:20:24.044484,corridor_camera,170.0,cluster_245647168_3238255150_3495323634,130.0,29,1.3569136949636489,125.0,110.0,95.0,70.0,205.0,3.0
2265,2026-09-01 08:20:24.061709,corridor_camera,175.0,cluster_245647168_3238255150_3495323634,145.0,33,2.734021691891265,130.0,125.0,110.0,95.0,230.0,2.5
2268,2026-09-01 08:20:24.077749,corridor_camera,180.0,cluster_245647168_3238255150_3495323634,150.0,36,1.905705377929798,145.0,130.0,125.0,110.0,245.0,2.0
2271,2026-09-01 08:20:24.095799,corridor_camera,185.0,cluster_245647168_3238255150_3495323634,80.0,31,3.859155223723669,150.0,145.0,130.0,125.0,255.0,-2.25
2274,2026-09-01 08:20:24.113697,corridor_camera,190.0,cluster_245647168_3238255150_3495323634,75.0,26,5.671113264215021,80.0,150.0,145.0,130.0,265.0,-2.75
2277,2026-09-01 08:20:24.132469,corridor_camera,195.0,cluster_245647168_3238255150_3495323634,40.0,24,11.926632040178879,75.0,80.0,150.0,145.0,265.0,-5.25
2280,2026-09-01 08:20:24.152023,corridor_camera,200.0,cluster_245647168_3238255150_3495323634,20.0,25,13.179107360581611,40.0,75.0,80.0,150.0,260.0,-6.5
2283,2026-09-01 08:20:24.171449,corridor_camera,205.0,cluster_245647168_3238255150_3495323634,25.0,27,13.558843173955756,20.0,40.0,75.0,80.0,265.0,-2.75
2286,2026-09-01 08:20:24.191062,corridor_camera,210.0,cluster_245647168_3238255150_3495323634,60.0,31,8.486532901918537,25.0,20.0,40.0,75.0,280.0,-0.75
2289,2026-09-01 08:20:24.211488,corridor_camera,215.0,cluster_245647168_3238255150_3495323634,85.0,34,6.1177853468467855,60.0,25.0,20.0,40.0,155.0,2.25
2292,2026-09-01 08:20:24.230827,corridor_camera,220.0,cluster_245647168_3238255150_3495323634,125.0,40,5.713829700444878,85.0,60.0,25.0,20.0,90.0,5.25
2295,2026-09-01 08:20:24.249333,corridor_camera,225.0,cluster_245647168_3238255150_3495323634,170.0,44,3.1752456723753943,125.0,85.0,60.0,25.0,55.0,7.25
2298,2026-09-01 08:20:24.268481,corridor_camera,230.0,cluster_245647168_3238255150_3495323634,205.0,46,0.49152761145296514,170.0,125.0,85.0,60.0,75.0,7.25
2301,2026-09-01 08:20:24.290136,corridor_camera,235.0,cluster_245647168_3238255150_3495323634,230.0,50,0.8497345561952939,205.0,170.0,125.0,85.0,80.0,7.25
2304,2026-09-01 08:20:24.312917,corridor_camera,240.0,cluster_245647168_3238255150_3495323634,245.0,52,0.5575154976620036,230.0,205.0,170.0,125.0,115.0,6.0
2307,2026-09-01 08:20:24.335948,corridor_camera,245.0,cluster_245647168_3238255150_3495323634,255.0,53,0.7664101674611788,245.0,230.0,205.0,170.0,135.0,4.25
2310,2026-09-01 08:20:24.359558,corridor_camera,250.0,cluster_245647168_3238255150_3495323634,265.0,54,0.8048199731339739,255.0,245.0,230.0,205.0,160.0,3.0
2313,2026-09-01 08:20:24.384299,corridor_camera,255.0,cluster_245647168_3238255150_3495323634,265.0,55,1.1697414581224161,265.0,255.0,245.0,230.0,195.0,1.75
2316,2026-09-01 08:20:24.409324,corridor_camera,260.0,cluster_245647168_3238255150_3495323634,260.0,55,0.14277422952133617,265.0,265.0,255.0,245.0,210.0,0.75
2319,2026-09-01 08:20:24.434429,corridor_camera,265.0,cluster_245647168_3238255150_3495323634,265.0,56,0.5034093489547974,260.0,265.0,265.0,255.0,215.0,0.5
2322,2026-09-01 08:20:24.460056,corridor_camera,270.0,cluster_245647168_3238255150_3495323634,280.0,58,0.40746145577499016,265.0,260.0,265.0,265.0,225.0,0.75
2325,2026-09-01 08:20:24.486170,corridor_camera,275.0,cluster_245647168_3238255150_3495323634,155.0,55,3.5234808357822196,280.0,265.0,260.0,265.0,235.0,-5.5
2328,2026-09-01 08:20:24.512318,corridor_camera,280.0,cluster_245647168_3238255150_3495323634,90.0,45,5.137055585354616,155.0,280.0,265.0,260.0,245.0,-8.5
2331,2026-09-01 08:20:24.538068,corridor_camera,285.0,cluster_245647168_3238255150_3495323634,55.0,37,10.401963303624214,90.0,155.0,280.0,265.0,250.0,-10.5
2334,2026-09-01 08:20:24.563622,corridor_camera,290.0,cluster_245647168_3238255150_3495323634,75.0,37,5.459225022979533,55.0,90.0,155.0,280.0,260.0,-10.25
2337,2026-09-01 08:20:24.588752,corridor_camera,295.0,cluster_245647168_3238255150_3495323634,80.0,36,4.013762284653239,75.0,55.0,90.0,155.0,265.0,-3.75
2340,2026-09-01 08:20:24.613266,corridor_camera,300.0,cluster_245647168_3238255150_3495323634,115.0,33,3.3499669930814324,80.0,75.0,55.0,90.0,275.0,1.25
2343,2026-09-01 08:20:24.639426,corridor_camera,305.0,cluster_245647168_3238255150_3495323634,135.0,35,2.196959942852701,115.0,80.0,75.0,55.0,160.0,4.0
2346,2026-09-01 08:20:24.665091,corridor_camera,310.0,cluster_245647168_3238255150_3495323634,160.0,41,4.007278100918274,135.0,115.0,80.0,75.0,90.0,4.25
2349,2026-09-01 08:20:24.691822,corridor_camera,315.0,cluster_245647168_3238255150_3495323634,195.0,43,1.9073298970206818,160.0,135.0,115.0,80.0,70.0,5.75
2352,2026-09-01 08:20:24.719215,corridor_camera,320.0,cluster_245647168_3238255150_3495323634,210.0,44,0.9694805426886708,195.0,160.0,135.0,115.0,70.0,4.75
2355,2026-09-01 08:20:24.746812,corridor_camera,325.0,cluster_245647168_3238255150_3495323634,215.0,45,0.12333021182533126,210.0,195.0,160.0,135.0,40.0,4.0
2358,2026-09-01 08:20:24.775202,corridor_camera,330.0,cluster_245647168_3238255150_3495323634,225.0,47,0.4933220458186608,215.0,210.0,195.0,160.0,80.0,3.25
2361,2026-09-01 08:20:24.804295,corridor_camera,335.0,cluster_245647168_3238255150_3495323634,235.0,49,0.9685819046973823,225.0,215.0,210.0,195.0,125.0,2.0
2364,2026-09-01 08:20:24.833958,corridor_camera,340.0,cluster_245647168_3238255150_3495323634,245.0,50,0.6941156728884603,235.0,225.0,215.0,210.0,155.0,1.75
2367,2026-09-01 08:20:24.863278,corridor_camera,345.0,cluster_245647168_3238255150_3495323634,250.0,51,0.013608496772606348,245.0,235.0,225.0,215.0,210.0,1.75
2370,2026-09-01 08:20:24.891976,corridor_camera,350.0,cluster_245647168_3238255150_3495323634,260.0,53,0.2725901847567266,250.0,245.0,235.0,225.0,225.0,1.75
2373,2026-09-01 08:20:24.924276,corridor_camera,355.0,cluster_245647168_3238255150_3495323634,265.0,54,0.027553142304954266,260.0,250.0,245.0,235.0,235.0,1.5
2376,2026-09-01 08:20:24.956747,corridor_camera,360.0,cluster_245647168_3238255150_3495323634,275.0,55,0.00026450438518778866,265.0,260.0,250.0,245.0,245.0,1.5
2379,2026-09-01 08:20:24.989394,corridor_camera,365.0,cluster_245647168_3238255150_3495323634,160.0,46,2.413597649821839,275.0,265.0,260.0,250.0,250.0,-4.5
2382,2026-09-01 08:20:25.022111,corridor_camera,370.0,cluster_245647168_3238255150_3495323634,90.0,38,4.2890903540519485,160.0,275.0,265.0,260.0,255.0,-8.5
2385,2026-09-01 08:20:25.055048,corridor_camera,375.0,cluster_245647168_3238255150_3495323634,70.0,32,8.22371987194187,90.0,160.0,275.0,265.0,255.0,-9.75
2388,2026-09-01 08:20:25.088465,corridor_camera,380.0,cluster_245647168_3238255150_3495323634,70.0,33,7.8533398930345815,70.0,90.0,160.0,275.0,260.0,-10.25
2391,2026-09-01 08:20:25.121016,corridor_camera,385.0,cluster_245647168_3238255150_3495323634,40.0,33,6.4279722437657405,70.0,70.0,90.0,160.0,260.0,-6.0
2394,2026-09-01 08:20:25.154297,corridor_camera,390.0,cluster_245647168_3238255150_3495323634,80.0,35,5.695918805897269,40.0,70.0,70.0,90.0,265.0,-0.5
2397,2026-09-01 08:20:25.188486,corridor_camera,395.0,cluster_245647168_3238255150_3495323634,125.0,39,3.296150192428047,80.0,40.0,70.0,70.0,160.0,2.75
2400,2026-09-01 08:20:25.223198,corridor_camera,400.0,cluster_245647168_3238255150_3495323634,155.0,43,3.426375975835646,125.0,80.0,40.0,70.0,115.0,4.25
2403,2026-09-01 08:20:25.257898,corridor_camera,405.0,cluster_245647168_3238255150_3495323634,210.0,46,1.489209194462616,155.0,125.0,80.0,40.0,55.0,8.5
2406,2026-09-01 08:20:25.293310,corridor_camera,410.0,cluster_245647168_3238255150_3495323634,225.0,47,0.10321260284651411,210.0,155.0,125.0,80.0,55.0,7.25
2409,2026-09-01 08:20:25.328780,corridor_camera,415.0,cluster_245647168_3238255150_3495323634,235.0,49,0.5635057544500462,225.0,210.0,155.0,125.0,55.0,5.5
2412,2026-09-01 08:20:25.363921,corridor_camera,420.0,cluster_245647168_3238255150_3495323634,245.0,50,0.4312379718273382,235.0,225.0,210.0,155.0,95.0,4.5
2415,2026-09-01 08:20:25.399756,corridor_camera,425.0,cluster_245647168_3238255150_3495323634,250.0,51,0.655060201700116,245.0,235.0,225.0,210.0,145.0,2.0
2418,2026-09-01 08:20:25.436418,corridor_camera,430.0,cluster_245647168_3238255150_3495323634,255.0,51,0.0,250.0,245.0,235.0,225.0,165.0,1.5
2421,2026-09-01 08:20:25.474108,corridor_camera,435.0,cluster_245647168_3238255150_3495323634,255.0,52,0.6425105014082761,255.0,250.0,245.0,235.0,200.0,1.0
2424,2026-09-01 08:20:25.510575,corridor_camera,440.0,cluster_245647168_3238255150_3495323634,260.0,52,0.0,255.0,255.0,250.0,245.0,235.0,0.75
2427,2026-09-01 08:20:25.547327,corridor_camera,445.0,cluster_245647168_3238255150_3495323634,260.0,53,0.7005737512136286,260.0,255.0,255.0,250.0,245.0,0.5
2430,2026-09-01 08:20:25.583596,corridor_camera,450.0,cluster_245647168_3238255150_3495323634,265.0,53,0.006026682544364822,260.0,260.0,255.0,255.0,245.0,0.5
2433,2026-09-01 08:20:25.619939,corridor_camera,455.0,cluster_245647168_3238255150_3495323634,160.0,49,2.4648543654776485,265.0,260.0,260.0,255.0,250.0,-4.75
2436,2026-09-01 08:20:25.657396,corridor_camera,460.0,cluster_245647168_3238255150_3495323634,115.0,43,4.512704247557801,160.0,265.0,260.0,260.0,250.0,-7.25
2439,2026-09-01 08:20:25.694164,corridor_camera,465.0,cluster_245647168_3238255150_3495323634,55.0,37,10.530456720770884,115.0,160.0,265.0,260.0,255.0,-10.25
2442,2026-09-01 08:20:25.729875,corridor_camera,470.0,cluster_245647168_3238255150_3495323634,55.0,36,9.717745547115511,55.0,115.0,160.0,265.0,255.0,-10.5
2445,2026-09-01 08:20:25.765317,corridor_camera,475.0,cluster_245647168_3238255150_3495323634,55.0,36,8.089756986860335,55.0,55.0,115.0,160.0,260.0,-5.25
2448,2026-09-01 08:20:25.816564,corridor_camera,480.0,cluster_245647168_3238255150_3495323634,95.0,36,2.860249749787461,55.0,55.0,55.0,115.0,260.0,-1.0
2451,2026-09-01 08:20:25.853778,corridor_camera,485.0,cluster_245647168_3238255150_3495323634,145.0,40,2.7947908259398084,95.0,55.0,55.0,55.0,135.0,4.5
2454,2026-09-01 08:20:25.894532,corridor_camera,490.0,cluster_245647168_3238255150_3495323634,165.0,42,1.628536533729325,145.0,95.0,55.0,55.0,75.0,5.5
2457,2026-09-01 08:20:25.930853,corridor_camera,495.0,cluster_245647168_3238255150_3495323634,200.0,47,0.27322624013188324,165.0,145.0,95.0,55.0,40.0,7.25
2460,2026-09-01 08:20:25.966943,corridor_camera,500.0,cluster_245647168_3238255150_3495323634,235.0,49,0.2149036460364444,200.0,165.0,145.0,95.0,25.0,7.0
2463,2026-09-01 08:20:26.002984,corridor_camera,505.0,cluster_245647168_3238255150_3495323634,245.0,49,0.003221343507548992,235.0,200.0,165.0,145.0,40.0,5.0
2466,2026-09-01 08:20:26.039000,corridor_camera,510.0,cluster_245647168_3238255150_3495323634,245.0,50,0.16058220833796677,245.0,235.0,200.0,165.0,70.0,4.0
2469,2026-09-01 08:20:26.075247,corridor_camera,515.0,cluster_245647168_3238255150_3495323634,250.0,50,0.0002569107086587701,245.0,245.0,235.0,200.0,95.0,2.5
2472,2026-09-01 08:20:26.112118,corridor_camera,520.0,cluster_245647168_3238255150_3495323634,250.0,51,0.13018313656214275,250.0,245.0,245.0,235.0,140.0,0.75
2475,2026-09-01 08:20:26.147990,corridor_camera,525.0,cluster_245647168_3238255150_3495323634,255.0,51,0.0,250.0,250.0,245.0,245.0,175.0,0.5
2478,2026-09-01 08:20:26.184098,corridor_camera,530.0,cluster_245647168_3238255150_3495323634,255.0,52,0.055075531951848625,255.0,250.0,250.0,245.0,185.0,0.5
2481,2026-09-01 08:20:26.219519,corridor_camera,535.0,cluster_245647168_3238255150_3495323634,260.0,52,0.0013771081369217276,255.0,255.0,250.0,250.0,200.0,0.5
2484,2026-09-01 08:20:26.254843,corridor_camera,540.0,cluster_245647168_3238255150_3495323634,260.0,53,0.13142313646324064,260.0,255.0,255.0,250.0,205.0,0.5
2487,2026-09-01 08:20:26.290582,corridor_camera,545.0,cluster_245647168_3238255150_3495323634,135.0,43,2.2562792498973607,260.0,260.0,255.0,255.0,210.0,-6.0
2490,2026-09-01 08:20:26.325526,corridor_camera,550.0,cluster_245647168_3238255150_3495323634,75.0,38,6.180942761921546,135.0,260.0,260.0,255.0,210.0,-9.0
2493,2026-09-01 08:20:26.358847,corridor_camera,555.0,cluster_245647168_3238255150_3495323634,40.0,24,6.38865394972768,75.0,135.0,260.0,260.0,210.0,-11.0
2496,2026-09-01 08:20:26.392487,corridor_camera,560.0,cluster_245647168_3238255150_3495323634,25.0,25,7.751777838490891,40.0,75.0,135.0,260.0,210.0,-11.75
2499,2026-09-01 08:20:26.426030,corridor_camera,565.0,cluster_245647168_3238255150_3495323634,40.0,26,6.081883527283927,25.0,40.0,75.0,135.0,210.0,-4.75
2502,2026-09-01 08:20:26.459420,corridor_camera,570.0,cluster_245647168_3238255150_3495323634,70.0,28,4.973559559356151,40.0,25.0,40.0,75.0,210.0,-0.25
2505,2026-09-01 08:20:26.492974,corridor_camera,575.0,cluster_245647168_3238255150_3495323634,95.0,31,2.174256869741107,70.0,40.0,25.0,40.0,140.0,2.75
2508,2026-09-01 08:20:26.526662,corridor_camera,580.0,cluster_245647168_3238255150_3495323634,140.0,35,2.7676433165133463,95.0,70.0,40.0,25.0,70.0,5.75
2511,2026-09-01 08:20:26.560497,corridor_camera,585.0,cluster_245647168_3238255150_3495323634,175.0,39,0.9040489115792185,140.0,95.0,70.0,40.0,35.0,6.75
2514,2026-09-01 08:20:26.594085,corridor_camera,590.0,cluster_245647168_3238255150_3495323634,185.0,40,1.270914268747891,175.0,140.0,95.0,70.0,50.0,5.75
2517,2026-09-01 08:20:26.627779,corridor_camera,595.0,cluster_245647168_3238255150_3495323634,200.0,41,0.22067347463509931,185.0,175.0,140.0,95.0,40.0,5.25
2520,2026-09-01 08:20:26.661128,corridor_camera,600.0,cluster_245647168_3238255150_3495323634,205.0,42,1.0466305731081977,200.0,185.0,175.0,140.0,65.0,3.25
2523,2026-09-01 08:20:26.693838,corridor_camera,605.0,cluster_245647168_3238255150_3495323634,210.0,42,8.93245448627013e-06,205.0,200.0,185.0,175.0,95.0,1.75
2526,2026-09-01 08:20:26.726476,corridor_camera,610.0,cluster_245647168_3238255150_3495323634,210.0,42,0.0,210.0,205.0,200.0,185.0,110.0,1.25
2529,2026-09-01 08:20:26.758784,corridor_camera,615.0,cluster_245647168_3238255150_3495323634,210.0,42,0.0,210.0,210.0,205.0,200.0,150.0,0.5
2532,2026-09-01 08:20:26.790661,corridor_camera,620.0,cluster_245647168_3238255150_3495323634,210.0,42,0.0,210.0,210.0,210.0,205.0,180.0,0.25
2535,2026-09-01 08:20:26.823100,corridor_camera,625.0,cluster_245647168_3238255150_3495323634,210.0,42,0.0,210.0,210.0,210.0,210.0,180.0,0.0
2538,2026-09-01 08:20:26.855846,corridor_camera,630.0,cluster_245647168_3238255150_3495323634,210.0,42,0.0,210.0,210.0,210.0,210.0,180.0,0.0
2541,2026-09-01 08:20:26.889180,corridor_camera,635.0,cluster_245647168_3238255150_3495323634,140.0,38,1.4652010913634035,210.0,210.0,210.0,210.0,180.0,-3.5
2544,2026-09-01 08:20:26.921607,corridor_camera,640.0,cluster_245647168_3238255150_3495323634,70.0,33,3.601870245205574,140.0,210.0,210.0,210.0,180.0,-7.0
2547,2026-09-01 08:20:26.953168,corridor_camera,645.0,cluster_245647168_3238255150_3495323634,35.0,27,10.63248742151562,70.0,140.0,210.0,210.0,180.0,-8.75
2550,2026-09-01 08:20:26.984131,corridor_camera,650.0,cluster_245647168_3238255150_3495323634,50.0,27,6.892722954624641,35.0,70.0,140.0,210.0,180.0,-8.0
2553,2026-09-01 08:20:27.014844,corridor_camera,655.0,cluster_245647168_3238255150_3495323634,40.0,26,6.197694662036544,50.0,35.0,70.0,140.0,180.0,-5.0
2556,2026-09-01 08:20:27.045279,corridor_camera,660.0,cluster_245647168_3238255150_3495323634,65.0,23,1.979739072228134,40.0,50.0,35.0,70.0,180.0,-0.25
2559,2026-09-01 08:20:27.076086,corridor_camera,665.0,cluster_245647168_3238255150_3495323634,95.0,30,2.382435142671523,65.0,40.0,50.0,35.0,90.0,3.0
2562,2026-09-01 08:20:27.107179,corridor_camera,670.0,cluster_245647168_3238255150_3495323634,110.0,33,0.7702943735494546,95.0,65.0,40.0,50.0,65.0,3.0
2565,2026-09-01 08:20:27.138301,corridor_camera,675.0,cluster_245647168_3238255150_3495323634,150.0,36,0.2090253452071744,110.0,95.0,65.0,40.0,0.0,5.5
2713,2026-09-01 08:20:29.888986,sancheti_camera,25.0,cluster_13546492148_1838721956,5.0,1,0.0,5.0,0.0,0.0,0.0,20.0,0.25
2716,2026-09-01 08:20:29.895901,sancheti_camera,30.0,cluster_13546492148_1838721956,5.0,1,0.0,5.0,5.0,0.0,0.0,25.0,0.25
2719,2026-09-01 08:20:29.903191,sancheti_camera,35.0,cluster_13546492148_1838721956,10.0,2,0.0021433552932196174,5.0,5.0,5.0,0.0,5.0,0.5
2722,2026-09-01 08:20:29.910208,sancheti_camera,40.0,cluster_13546492148_1838721956,10.0,2,0.0,10.0,5.0,5.0,5.0,5.0,0.25
2725,2026-09-01 08:20:29.917724,sancheti_camera,45.0,cluster_13546492148_1838721956,15.0,3,0.0,10.0,10.0,5.0,5.0,10.0,0.5
2728,2026-09-01 08:20:29.924966,sancheti_camera,50.0,cluster_13546492148_1838721956,5.0,1,0.0,15.0,10.0,10.0,5.0,10.0,0.0
2731,2026-09-01 08:20:29.932442,sancheti_camera,55.0,cluster_13546492148_1838721956,5.0,2,3.309111453907945,5.0,15.0,10.0,10.0,15.0,-0.25
2734,2026-09-01 08:20:29.939884,sancheti_camera,60.0,cluster_13546492148_1838721956,10.0,2,0.0,5.0,5.0,15.0,10.0,15.0,0.0
2737,2026-09-01 08:20:29.947415,sancheti_camera,65.0,cluster_13546492148_1838721956,15.0,3,0.112493793590505,10.0,5.0,5.0,15.0,15.0,0.0
2740,2026-09-01 08:20:29.955315,sancheti_camera,70.0,cluster_13546492148_1838721956,15.0,3,0.0,15.0,10.0,5.0,5.0,20.0,0.5
2743,2026-09-01 08:20:29.962944,sancheti_camera,75.0,cluster_13546492148_1838721956,15.0,4,0.1130639744106066,15.0,15.0,10.0,5.0,20.0,0.5
2746,2026-09-01 08:20:29.970818,sancheti_camera,80.0,cluster_13546492148_1838721956,15.0,5,2.1698412048895253,15.0,15.0,15.0,10.0,5.0,0.25
2749,2026-09-01 08:20:29.978559,sancheti_camera,85.0,cluster_13546492148_1838721956,20.0,5,0.2680229952743959,15.0,15.0,15.0,15.0,5.0,0.25
2752,2026-09-01 08:20:29.986924,sancheti_camera,90.0,cluster_13546492148_1838721956,25.0,6,0.12211968121625355,20.0,15.0,15.0,15.0,10.0,0.5
2755,2026-09-01 08:20:29.995011,sancheti_camera,95.0,cluster_13546492148_1838721956,5.0,1,0.0,25.0,20.0,15.0,15.0,25.0,-0.5
2758,2026-09-01 08:20:30.003027,sancheti_camera,100.0,cluster_13546492148_1838721956,5.0,1,0.0,5.0,25.0,20.0,15.0,35.0,-0.5
2761,2026-09-01 08:20:30.011170,sancheti_camera,105.0,cluster_13546492148_1838721956,10.0,2,0.0,5.0,5.0,25.0,20.0,35.0,-0.5
2764,2026-09-01 08:20:30.019517,sancheti_camera,110.0,cluster_13546492148_1838721956,10.0,2,0.0,10.0,5.0,5.0,25.0,35.0,-0.75
2767,2026-09-01 08:20:30.027991,sancheti_camera,115.0,cluster_13546492148_1838721956,15.0,3,0.0035036246957110963,10.0,10.0,5.0,5.0,35.0,0.5
2770,2026-09-01 08:20:30.036522,sancheti_camera,120.0,cluster_13546492148_1838721956,15.0,3,0.0,15.0,10.0,10.0,5.0,40.0,0.5
2773,2026-09-01 08:20:30.045222,sancheti_camera,125.0,cluster_13546492148_1838721956,15.0,4,14.576176783628762,15.0,15.0,10.0,10.0,10.0,0.25
2776,2026-09-01 08:20:30.054508,sancheti_camera,130.0,cluster_13546492148_1838721956,20.0,4,0.0007745082214687145,15.0,15.0,15.0,10.0,15.0,0.5
2779,2026-09-01 08:20:30.064150,sancheti_camera,135.0,cluster_13546492148_1838721956,20.0,5,6.032142290370906,20.0,15.0,15.0,15.0,15.0,0.25
2782,2026-09-01 08:20:30.074426,sancheti_camera,140.0,cluster_13546492148_1838721956,5.0,1,0.0,20.0,20.0,15.0,15.0,15.0,-0.5
2785,2026-09-01 08:20:30.085489,sancheti_camera,145.0,cluster_13546492148_1838721956,5.0,3,23.828988038380732,5.0,20.0,20.0,15.0,20.0,-0.5
2788,2026-09-01 08:20:30.096271,sancheti_camera,150.0,cluster_13546492148_1838721956,10.0,4,2.6914725969988553,5.0,5.0,20.0,20.0,20.0,-0.5
2791,2026-09-01 08:20:30.108648,sancheti_camera,155.0,cluster_13546492148_1838721956,25.0,5,0.0037117432887952394,10.0,5.0,5.0,20.0,20.0,0.25
2794,2026-09-01 08:20:30.121461,sancheti_camera,160.0,cluster_13546492148_1838721956,35.0,7,0.034820813477459946,25.0,10.0,5.0,5.0,20.0,1.5
2797,2026-09-01 08:20:30.135040,sancheti_camera,165.0,cluster_13546492148_1838721956,35.0,7,0.00017136167931465615,35.0,25.0,10.0,5.0,25.0,1.5
2800,2026-09-01 08:20:30.147878,sancheti_camera,170.0,cluster_13546492148_1838721956,35.0,7,0.0,35.0,35.0,25.0,10.0,5.0,1.25
2803,2026-09-01 08:20:30.161663,sancheti_camera,175.0,cluster_13546492148_1838721956,35.0,7,0.0,35.0,35.0,35.0,25.0,15.0,0.5
2806,2026-09-01 08:20:30.176174,sancheti_camera,180.0,cluster_13546492148_1838721956,40.0,8,6.320903311729196e-05,35.0,35.0,35.0,35.0,25.0,0.25
2809,2026-09-01 08:20:30.190886,sancheti_camera,185.0,cluster_13546492148_1838721956,10.0,5,11.526295644899585,40.0,35.0,35.0,35.0,25.0,-1.25
2812,2026-09-01 08:20:30.206284,sancheti_camera,190.0,cluster_13546492148_1838721956,15.0,5,8.474437260614309,10.0,40.0,35.0,35.0,30.0,-1.0
2815,2026-09-01 08:20:30.222283,sancheti_camera,195.0,cluster_13546492148_1838721956,15.0,4,10.469176216121353,15.0,10.0,40.0,35.0,35.0,-1.0
2818,2026-09-01 08:20:30.238411,sancheti_camera,200.0,cluster_13546492148_1838721956,15.0,3,0.0,15.0,15.0,10.0,40.0,35.0,-1.25
2821,2026-09-01 08:20:30.254635,sancheti_camera,205.0,cluster_13546492148_1838721956,20.0,5,9.639054867721775,15.0,15.0,15.0,10.0,35.0,0.5
2824,2026-09-01 08:20:30.271504,sancheti_camera,210.0,cluster_13546492148_1838721956,20.0,4,0.0,20.0,15.0,15.0,15.0,35.0,0.25
2827,2026-09-01 08:20:30.288964,sancheti_camera,215.0,cluster_13546492148_1838721956,20.0,4,0.0,20.0,20.0,15.0,15.0,5.0,0.25
2830,2026-09-01 08:20:30.306865,sancheti_camera,220.0,cluster_13546492148_1838721956,20.0,4,0.0,20.0,20.0,20.0,15.0,10.0,0.25
2833,2026-09-01 08:20:30.325492,sancheti_camera,225.0,cluster_13546492148_1838721956,25.0,5,0.00887885746508466,20.0,20.0,20.0,20.0,10.0,0.25
2836,2026-09-01 08:20:30.345093,sancheti_camera,230.0,cluster_13546492148_1838721956,5.0,4,6.4947036395141176,25.0,20.0,20.0,20.0,10.0,-0.75
2839,2026-09-01 08:20:30.365637,sancheti_camera,235.0,cluster_13546492148_1838721956,15.0,6,6.566628555690952,5.0,25.0,20.0,20.0,10.0,-0.25
2842,2026-09-01 08:20:30.387859,sancheti_camera,240.0,cluster_13546492148_1838721956,25.0,6,4.870469632562775,15.0,5.0,25.0,20.0,10.0,0.25
2845,2026-09-01 08:20:30.410144,sancheti_camera,245.0,cluster_13546492148_1838721956,25.0,5,0.031901735234832675,25.0,15.0,5.0,25.0,10.0,0.0
2848,2026-09-01 08:20:30.433043,sancheti_camera,250.0,cluster_13546492148_1838721956,30.0,7,1.0998043415876777,25.0,25.0,15.0,5.0,10.0,1.25
2851,2026-09-01 08:20:30.456151,sancheti_camera,255.0,cluster_13546492148_1838721956,35.0,7,0.008318970711261017,30.0,25.0,25.0,15.0,25.0,1.0
2854,2026-09-01 08:20:30.478369,sancheti_camera,260.0,cluster_13546492148_1838721956,35.0,7,2.9197771353893067e-05,35.0,30.0,25.0,25.0,20.0,0.5
2857,2026-09-01 08:20:30.498741,sancheti_camera,265.0,cluster_13546492148_1838721956,35.0,7,0.0,35.0,35.0,30.0,25.0,40.0,0.5
2860,2026-09-01 08:20:30.518302,sancheti_camera,270.0,cluster_13546492148_1838721956,35.0,7,0.0,35.0,35.0,35.0,30.0,45.0,0.25
2863,2026-09-01 08:20:30.536566,sancheti_camera,275.0,cluster_13546492148_1838721956,5.0,3,4.737229672458328,35.0,35.0,35.0,35.0,55.0,-1.5
2866,2026-09-01 08:20:30.553774,sancheti_camera,280.0,cluster_13546492148_1838721956,10.0,4,10.88942065592268,5.0,35.0,35.0,35.0,55.0,-1.25
2869,2026-09-01 08:20:30.570333,sancheti_camera,285.0,cluster_13546492148_1838721956,10.0,3,9.594093381517927,10.0,5.0,35.0,35.0,55.0,-1.25
2872,2026-09-01 08:20:30.586448,sancheti_camera,290.0,cluster_13546492148_1838721956,10.0,2,0.0,10.0,10.0,5.0,35.0,55.0,-1.25
2875,2026-09-01 08:20:30.602355,sancheti_camera,295.0,cluster_13546492148_1838721956,10.0,4,23.13745585288827,10.0,10.0,10.0,5.0,55.0,0.25
2878,2026-09-01 08:20:30.618664,sancheti_camera,300.0,cluster_13546492148_1838721956,10.0,3,14.12134926937243,10.0,10.0,10.0,10.0,55.0,0.0
2881,2026-09-01 08:20:30.634465,sancheti_camera,305.0,cluster_13546492148_1838721956,10.0,2,0.0,10.0,10.0,10.0,10.0,10.0,0.0
2884,2026-09-01 08:20:30.651077,sancheti_camera,310.0,cluster_13546492148_1838721956,10.0,2,0.0,10.0,10.0,10.0,10.0,10.0,0.0
2887,2026-09-01 08:20:30.668416,sancheti_camera,315.0,cluster_13546492148_1838721956,25.0,6,0.328618408173024,10.0,10.0,10.0,10.0,10.0,0.75
2890,2026-09-01 08:20:30.686763,sancheti_camera,320.0,cluster_13546492148_1838721956,20.0,7,3.501161366046891,25.0,10.0,10.0,10.0,15.0,0.5
2893,2026-09-01 08:20:30.707480,sancheti_camera,325.0,cluster_13546492148_1838721956,40.0,10,5.319948779431094,20.0,25.0,10.0,10.0,15.0,1.5
2896,2026-09-01 08:20:30.729702,sancheti_camera,330.0,cluster_13546492148_1838721956,45.0,11,0.6455544122404631,40.0,20.0,25.0,10.0,15.0,1.75
2899,2026-09-01 08:20:30.753234,sancheti_camera,335.0,cluster_13546492148_1838721956,55.0,11,0.003060788019560357,45.0,40.0,20.0,25.0,20.0,1.5
2902,2026-09-01 08:20:30.777617,sancheti_camera,340.0,cluster_13546492148_1838721956,55.0,11,0.0,55.0,45.0,40.0,20.0,20.0,1.75
2905,2026-09-01 08:20:30.802219,sancheti_camera,345.0,cluster_13546492148_1838721956,55.0,11,0.0,55.0,55.0,45.0,40.0,25.0,0.75
2908,2026-09-01 08:20:30.826052,sancheti_camera,350.0,cluster_13546492148_1838721956,55.0,11,0.0,55.0,55.0,55.0,45.0,10.0,0.5
2911,2026-09-01 08:20:30.849213,sancheti_camera,355.0,cluster_13546492148_1838721956,55.0,11,0.0,55.0,55.0,55.0,55.0,15.0,0.0
2914,2026-09-01 08:20:30.872114,sancheti_camera,360.0,cluster_13546492148_1838721956,55.0,12,1.4986842735760526,55.0,55.0,55.0,55.0,30.0,0.0
2917,2026-09-01 08:20:30.893196,sancheti_camera,365.0,cluster_13546492148_1838721956,10.0,4,5.627047066228188,55.0,55.0,55.0,55.0,30.0,-2.25
2920,2026-09-01 08:20:30.912057,sancheti_camera,370.0,cluster_13546492148_1838721956,10.0,3,5.664117650595391,10.0,55.0,55.0,55.0,30.0,-2.25
2923,2026-09-01 08:20:30.929015,sancheti_camera,375.0,cluster_13546492148_1838721956,10.0,2,0.0,10.0,10.0,55.0,55.0,30.0,-2.25
2926,2026-09-01 08:20:30.945676,sancheti_camera,380.0,cluster_13546492148_1838721956,15.0,4,8.348668991730493,10.0,10.0,10.0,55.0,30.0,-2.0
2929,2026-09-01 08:20:30.962298,sancheti_camera,385.0,cluster_13546492148_1838721956,15.0,3,0.0,15.0,10.0,10.0,10.0,35.0,0.25
2932,2026-09-01 08:20:30.979395,sancheti_camera,390.0,cluster_13546492148_1838721956,15.0,3,0.0,15.0,15.0,10.0,10.0,40.0,0.25
2935,2026-09-01 08:20:30.996416,sancheti_camera,395.0,cluster_13546492148_1838721956,20.0,5,9.93253352307472,15.0,15.0,15.0,10.0,5.0,0.5
2938,2026-09-01 08:20:31.013951,sancheti_camera,400.0,cluster_13546492148_1838721956,20.0,4,4.6693320074903595e-05,20.0,15.0,15.0,15.0,10.0,0.25
2941,2026-09-01 08:20:31.031770,sancheti_camera,405.0,cluster_13546492148_1838721956,25.0,6,1.8057263429474308,20.0,20.0,15.0,15.0,15.0,0.5
2944,2026-09-01 08:20:31.051523,sancheti_camera,410.0,cluster_13546492148_1838721956,10.0,5,6.2171211492158935,25.0,20.0,20.0,15.0,15.0,-0.25
2947,2026-09-01 08:20:31.072659,sancheti_camera,415.0,cluster_13546492148_1838721956,15.0,6,8.12515127123792,10.0,25.0,20.0,20.0,15.0,-0.25
2950,2026-09-01 08:20:31.094563,sancheti_camera,420.0,cluster_13546492148_1838721956,30.0,6,0.061216614343160926,15.0,10.0,25.0,20.0,20.0,0.5
2953,2026-09-01 08:20:31.118116,sancheti_camera,425.0,cluster_13546492148_1838721956,30.0,7,5.096395008467428,30.0,15.0,10.0,25.0,20.0,0.25
2956,2026-09-01 08:20:31.141757,sancheti_camera,430.0,cluster_13546492148_1838721956,30.0,6,0.0,30.0,30.0,15.0,10.0,20.0,1.0
2959,2026-09-01 08:20:31.164110,sancheti_camera,435.0,cluster_13546492148_1838721956,30.0,6,0.0,30.0,30.0,30.0,15.0,30.0,0.75
2962,2026-09-01 08:20:31.186534,sancheti_camera,440.0,cluster_13546492148_1838721956,30.0,6,0.0,30.0,30.0,30.0,30.0,10.0,0.0
2965,2026-09-01 08:20:31.207962,sancheti_camera,445.0,cluster_13546492148_1838721956,35.0,7,0.02599388123773852,30.0,30.0,30.0,30.0,15.0,0.25
2968,2026-09-01 08:20:31.228227,sancheti_camera,450.0,cluster_13546492148_1838721956,40.0,8,0.00015400181951419578,35.0,30.0,30.0,30.0,25.0,0.5
2971,2026-09-01 08:20:31.246548,sancheti_camera,455.0,cluster_13546492148_1838721956,5.0,4,10.348305096028325,40.0,35.0,30.0,30.0,30.0,-1.25
2974,2026-09-01 08:20:31.263070,sancheti_camera,460.0,cluster_13546492148_1838721956,10.0,3,8.986925142954274,5.0,40.0,35.0,30.0,35.0,-1.0
2977,2026-09-01 08:20:31.279083,sancheti_camera,465.0,cluster_13546492148_1838721956,15.0,6,17.83395179724449,10.0,5.0,40.0,35.0,40.0,-1.0
2980,2026-09-01 08:20:31.294612,sancheti_camera,470.0,cluster_13546492148_1838721956,15.0,3,0.0,15.0,10.0,5.0,40.0,45.0,-1.25
2983,2026-09-01 08:20:31.310623,sancheti_camera,475.0,cluster_13546492148_1838721956,15.0,4,0.10421934441142267,15.0,15.0,10.0,5.0,45.0,0.5
2986,2026-09-01 08:20:31.326173,sancheti_camera,480.0,cluster_13546492148_1838721956,20.0,5,9.728439783454226,15.0,15.0,15.0,10.0,45.0,0.5
2989,2026-09-01 08:20:31.342079,sancheti_camera,485.0,cluster_13546492148_1838721956,20.0,4,0.0,20.0,15.0,15.0,15.0,5.0,0.25
2992,2026-09-01 08:20:31.358358,sancheti_camera,490.0,cluster_13546492148_1838721956,20.0,5,0.15524479044157974,20.0,20.0,15.0,15.0,5.0,0.25
2995,2026-09-01 08:20:31.374530,sancheti_camera,495.0,cluster_13546492148_1838721956,30.0,6,0.04039851633728619,20.0,20.0,20.0,15.0,10.0,0.75
2998,2026-09-01 08:20:31.393415,sancheti_camera,500.0,cluster_13546492148_1838721956,10.0,4,2.322407727879022,30.0,20.0,20.0,20.0,15.0,-0.5
3001,2026-09-01 08:20:31.411743,sancheti_camera,505.0,cluster_13546492148_1838721956,15.0,4,2.6296749277012488,10.0,30.0,20.0,20.0,15.0,-0.25
3004,2026-09-01 08:20:31.429930,sancheti_camera,510.0,cluster_13546492148_1838721956,25.0,6,0.2532489595095343,15.0,10.0,30.0,20.0,20.0,0.25
3007,2026-09-01 08:20:31.454193,sancheti_camera,515.0,cluster_13546492148_1838721956,30.0,8,0.3646811213208435,25.0,15.0,10.0,30.0,20.0,0.0
3010,2026-09-01 08:20:31.475721,sancheti_camera,520.0,cluster_13546492148_1838721956,35.0,8,0.5117848506001027,30.0,25.0,15.0,10.0,20.0,1.25
3013,2026-09-01 08:20:31.494649,sancheti_camera,525.0,cluster_13546492148_1838721956,40.0,10,6.42473652790641,35.0,30.0,25.0,15.0,25.0,1.25
3016,2026-09-01 08:20:31.512659,sancheti_camera,530.0,cluster_13546492148_1838721956,45.0,9,0.002995342617979674,40.0,35.0,30.0,25.0,5.0,1.0
3019,2026-09-01 08:20:31.529014,sancheti_camera,535.0,cluster_13546492148_1838721956,45.0,9,0.0,45.0,40.0,35.0,30.0,5.0,0.75
3022,2026-09-01 08:20:31.544249,sancheti_camera,540.0,cluster_13546492148_1838721956,45.0,9,0.0,45.0,45.0,40.0,35.0,10.0,0.5
3025,2026-09-01 08:20:31.557991,sancheti_camera,545.0,cluster_13546492148_1838721956,5.0,2,6.902131027847381,45.0,45.0,45.0,40.0,15.0,-1.75
3028,2026-09-01 08:20:31.570515,sancheti_camera,550.0,cluster_13546492148_1838721956,5.0,4,15.69629197061296,5.0,45.0,45.0,45.0,20.0,-2.0
3031,2026-09-01 08:20:31.581922,sancheti_camera,555.0,cluster_13546492148_1838721956,10.0,3,10.736912915923389,5.0,5.0,45.0,45.0,25.0,-1.75
3034,2026-09-01 08:20:31.594182,sancheti_camera,560.0,cluster_13546492148_1838721956,15.0,4,7.277765643444258,10.0,5.0,5.0,45.0,20.0,-1.5
3037,2026-09-01 08:20:31.606834,sancheti_camera,565.0,cluster_13546492148_1838721956,15.0,4,11.347594895560778,15.0,10.0,5.0,5.0,30.0,0.5
3040,2026-09-01 08:20:31.620239,sancheti_camera,570.0,cluster_13546492148_1838721956,20.0,5,9.831210148713984,15.0,15.0,10.0,5.0,30.0,0.75
3043,2026-09-01 08:20:31.632860,sancheti_camera,575.0,cluster_13546492148_1838721956,20.0,4,0.0,20.0,15.0,15.0,10.0,0.0,0.5
3046,2026-09-01 08:20:31.646162,sancheti_camera,580.0,cluster_13546492148_1838721956,20.0,4,0.0,20.0,20.0,15.0,15.0,0.0,0.25
3049,2026-09-01 08:20:31.658821,sancheti_camera,585.0,cluster_13546492148_1838721956,25.0,5,0.0006049086721814077,20.0,20.0,20.0,15.0,0.0,0.5
3052,2026-09-01 08:20:31.671702,sancheti_camera,590.0,cluster_13546492148_1838721956,5.0,1,0.0,25.0,20.0,20.0,20.0,0.0,-0.75
3055,2026-09-01 08:20:31.685627,sancheti_camera,595.0,cluster_13546492148_1838721956,5.0,2,1.3380500478772908,5.0,25.0,20.0,20.0,0.0,-0.75
3058,2026-09-01 08:20:31.699048,sancheti_camera,600.0,cluster_13546492148_1838721956,10.0,3,3.8978817525613714,5.0,5.0,25.0,20.0,0.0,-0.5
3061,2026-09-01 08:20:31.712779,sancheti_camera,605.0,cluster_13546492148_1838721956,15.0,4,2.657203507912579,10.0,5.0,5.0,25.0,0.0,-0.5
3064,2026-09-01 08:20:31.726632,sancheti_camera,610.0,cluster_13546492148_1838721956,20.0,4,0.010867095789096858,15.0,10.0,5.0,5.0,0.0,0.75
3067,2026-09-01 08:20:31.739860,sancheti_camera,615.0,cluster_13546492148_1838721956,25.0,5,0.049987763625896735,20.0,15.0,10.0,5.0,0.0,1.0
3070,2026-09-01 08:20:31.752206,sancheti_camera,620.0,cluster_13546492148_1838721956,20.0,6,0.24400977576922334,25.0,20.0,15.0,10.0,0.0,0.5
3073,2026-09-01 08:20:31.763071,sancheti_camera,625.0,cluster_13546492148_1838721956,30.0,6,0.0013858324064095684,20.0,25.0,20.0,15.0,0.0,0.75
3076,2026-09-01 08:20:31.773137,sancheti_camera,630.0,cluster_13546492148_1838721956,30.0,6,0.0,30.0,20.0,25.0,20.0,0.0,0.5
3079,2026-09-01 08:20:31.780756,sancheti_camera,635.0,cluster_13546492148_1838721956,0.0,0,0.0,30.0,30.0,20.0,25.0,0.0,-1.25
3082,2026-09-01 08:20:31.788739,sancheti_camera,640.0,cluster_13546492148_1838721956,0.0,0,0.0,0.0,30.0,30.0,20.0,0.0,-1.0
3085,2026-09-01 08:20:31.796231,sancheti_camera,645.0,cluster_13546492148_1838721956,0.0,0,0.0,0.0,0.0,30.0,30.0,0.0,-1.5
3088,2026-09-01 08:20:31.804029,sancheti_camera,650.0,cluster_13546492148_1838721956,0.0,0,0.0,0.0,0.0,0.0,30.0,0.0,-1.5
3091,2026-09-01 08:20:31.811145,sancheti_camera,655.0,cluster_13546492148_1838721956,0.0,0,0.0,0.0,0.0,0.0,0.0,0.0,0.0
3094,2026-09-01 08:20:31.818548,sancheti_camera,660.0,cluster_13546492148_1838721956,0.0,0,0.0,0.0,0.0,0.0,0.0,0.0,0.0
3097,2026-09-01 08:20:31.825876,sancheti_camera,665.0,cluster_13546492148_1838721956,0.0,0,0.0,0.0,0.0,0.0,0.0,0.0,0.0
3100,2026-09-01 08:20:31.833247,sancheti_camera,670.0,cluster_13546492148_1838721956,0.0,0,0.0,0.0,0.0,0.0,0.0,0.0,0.0
3103,2026-09-01 08:20:31.840396,sancheti_camera,675.0,cluster_13546492148_1838721956,0.0,0,0.0,0.0,0.0,0.0,0.0,0.0,0.0
2714,2026-09-01 08:20:29.888988,sancheti_camera,25.0,cluster_2061304035_245647208,0.0,0,0.0,0.0,0.0,0.0,0.0,0.0,0.0
2717,2026-09-01 08:20:29.895903,sancheti_camera,30.0,cluster_2061304035_245647208,0.0,0,0.0,0.0,0.0,0.0,0.0,0.0,0.0
2720,2026-09-01 08:20:29.903192,sancheti_camera,35.0,cluster_2061304035_245647208,0.0,1,57.29755402263254,0.0,0.0,0.0,0.0,0.0,0.0
2723,2026-09-01 08:20:29.910209,sancheti_camera,40.0,cluster_2061304035_245647208,5.0,1,0.0037904505990920567,0.0,0.0,0.0,0.0,0.0,0.25
2726,2026-09-01 08:20:29.917725,sancheti_camera,45.0,cluster_2061304035_245647208,5.0,2,20.084912137886437,5.0,0.0,0.0,0.0,5.0,0.25
2729,2026-09-01 08:20:29.924968,sancheti_camera,50.0,cluster_2061304035_245647208,0.0,0,0.0,5.0,5.0,0.0,0.0,5.0,0.0
2732,2026-09-01 08:20:29.932444,sancheti_camera,55.0,cluster_2061304035_245647208,0.0,0,0.0,0.0,5.0,5.0,0.0,30.0,0.0
2735,2026-09-01 08:20:29.939886,sancheti_camera,60.0,cluster_2061304035_245647208,0.0,0,0.0,0.0,0.0,5.0,5.0,40.0,-0.25
2738,2026-09-01 08:20:29.947417,sancheti_camera,65.0,cluster_2061304035_245647208,0.0,0,0.0,0.0,0.0,0.0,5.0,45.0,-0.25
2741,2026-09-01 08:20:29.955317,sancheti_camera,70.0,cluster_2061304035_245647208,0.0,0,0.0,0.0,0.0,0.0,0.0,50.0,0.0
2744,2026-09-01 08:20:29.962946,sancheti_camera,75.0,cluster_2061304035_245647208,0.0,0,0.0,0.0,0.0,0.0,0.0,50.0,0.0
2747,2026-09-01 08:20:29.970820,sancheti_camera,80.0,cluster_2061304035_245647208,0.0,0,0.0,0.0,0.0,0.0,0.0,0.0,0.0
2750,2026-09-01 08:20:29.978561,sancheti_camera,85.0,cluster_2061304035_245647208,0.0,0,0.0,0.0,0.0,0.0,0.0,0.0,0.0
2753,2026-09-01 08:20:29.986926,sancheti_camera,90.0,cluster_2061304035_245647208,0.0,0,0.0,0.0,0.0,0.0,0.0,0.0,0.0
2756,2026-09-01 08:20:29.995013,sancheti_camera,95.0,cluster_2061304035_245647208,0.0,0,0.0,0.0,0.0,0.0,0.0,0.0,0.0
2759,2026-09-01 08:20:30.003028,sancheti_camera,100.0,cluster_2061304035_245647208,0.0,1,6.7331540466559385,0.0,0.0,0.0,0.0,0.0,0.0
2762,2026-09-01 08:20:30.011172,sancheti_camera,105.0,cluster_2061304035_245647208,5.0,1,0.0,0.0,0.0,0.0,0.0,0.0,0.25
2765,2026-09-01 08:20:30.019518,sancheti_camera,110.0,cluster_2061304035_245647208,5.0,7,11.832659728149457,5.0,0.0,0.0,0.0,0.0,0.25
2768,2026-09-01 08:20:30.027993,sancheti_camera,115.0,cluster_2061304035_245647208,30.0,8,3.0977551676801607,5.0,5.0,0.0,0.0,0.0,1.5
2771,2026-09-01 08:20:30.036523,sancheti_camera,120.0,cluster_2061304035_245647208,40.0,9,0.24757255730392372,30.0,5.0,5.0,0.0,10.0,2.0
2774,2026-09-01 08:20:30.045224,sancheti_camera,125.0,cluster_2061304035_245647208,45.0,10,0.8279623781685995,40.0,30.0,5.0,5.0,20.0,2.0
2777,2026-09-01 08:20:30.054509,sancheti_camera,130.0,cluster_2061304035_245647208,50.0,10,0.004914302541881438,45.0,40.0,30.0,5.0,20.0,2.25
2780,2026-09-01 08:20:30.064152,sancheti_camera,135.0,cluster_2061304035_245647208,50.0,11,0.15203715637590687,50.0,45.0,40.0,30.0,30.0,1.0
2783,2026-09-01 08:20:30.074427,sancheti_camera,140.0,cluster_2061304035_245647208,0.0,3,15.553802109026982,50.0,50.0,45.0,40.0,35.0,-2.0
2786,2026-09-01 08:20:30.085491,sancheti_camera,145.0,cluster_2061304035_245647208,0.0,0,0.0,0.0,50.0,50.0,45.0,70.0,-2.25
2789,2026-09-01 08:20:30.096273,sancheti_camera,150.0,cluster_2061304035_245647208,0.0,0,0.0,0.0,0.0,50.0,50.0,95.0,-2.5
2792,2026-09-01 08:20:30.108649,sancheti_camera,155.0,cluster_2061304035_245647208,0.0,1,47.718656217330135,0.0,0.0,0.0,50.0,125.0,-2.5
2795,2026-09-01 08:20:30.121464,sancheti_camera,160.0,cluster_2061304035_245647208,0.0,0,0.0,0.0,0.0,0.0,0.0,130.0,0.0
2798,2026-09-01 08:20:30.135042,sancheti_camera,165.0,cluster_2061304035_245647208,0.0,1,49.827501214765014,0.0,0.0,0.0,0.0,140.0,0.0
2801,2026-09-01 08:20:30.147881,sancheti_camera,170.0,cluster_2061304035_245647208,0.0,0,0.0,0.0,0.0,0.0,0.0,10.0,0.0
2804,2026-09-01 08:20:30.161665,sancheti_camera,175.0,cluster_2061304035_245647208,0.0,1,58.71254696521908,0.0,0.0,0.0,0.0,0.0,0.0
2807,2026-09-01 08:20:30.176175,sancheti_camera,180.0,cluster_2061304035_245647208,10.0,4,7.890624022329909,0.0,0.0,0.0,0.0,0.0,0.5
2810,2026-09-01 08:20:30.190889,sancheti_camera,185.0,cluster_2061304035_245647208,20.0,4,0.001512514877648093,10.0,0.0,0.0,0.0,0.0,1.0
2813,2026-09-01 08:20:30.206287,sancheti_camera,190.0,cluster_2061304035_245647208,20.0,7,3.878856675706196,20.0,10.0,0.0,0.0,0.0,1.0
2816,2026-09-01 08:20:30.222285,sancheti_camera,195.0,cluster_2061304035_245647208,30.0,7,0.26161187299741456,20.0,20.0,10.0,0.0,0.0,1.5
2819,2026-09-01 08:20:30.238413,sancheti_camera,200.0,cluster_2061304035_245647208,35.0,14,5.387932466484047,30.0,20.0,20.0,10.0,0.0,1.25
2822,2026-09-01 08:20:30.254637,sancheti_camera,205.0,cluster_2061304035_245647208,70.0,22,3.2488668869322335,35.0,30.0,20.0,20.0,0.0,2.5
2825,2026-09-01 08:20:30.271506,sancheti_camera,210.0,cluster_2061304035_245647208,95.0,25,1.377455801150444,70.0,35.0,30.0,20.0,5.0,3.75
2828,2026-09-01 08:20:30.288967,sancheti_camera,215.0,cluster_2061304035_245647208,125.0,27,0.06866086343709951,95.0,70.0,35.0,30.0,15.0,4.75
2831,2026-09-01 08:20:30.306868,sancheti_camera,220.0,cluster_2061304035_245647208,130.0,29,0.770968299454642,125.0,95.0,70.0,35.0,15.0,4.75
2834,2026-09-01 08:20:30.325494,sancheti_camera,225.0,cluster_2061304035_245647208,140.0,30,0.11295308173998403,130.0,125.0,95.0,70.0,25.0,3.5
2837,2026-09-01 08:20:30.345096,sancheti_camera,230.0,cluster_2061304035_245647208,10.0,19,6.656159652094852,140.0,130.0,125.0,95.0,30.0,-4.25
2840,2026-09-01 08:20:30.365640,sancheti_camera,235.0,cluster_2061304035_245647208,0.0,10,23.781151297501406,10.0,140.0,130.0,125.0,55.0,-6.25
2843,2026-09-01 08:20:30.387861,sancheti_camera,240.0,cluster_2061304035_245647208,0.0,6,26.170084077449122,0.0,10.0,140.0,130.0,80.0,-6.5
2846,2026-09-01 08:20:30.410146,sancheti_camera,245.0,cluster_2061304035_245647208,0.0,8,33.455123081742016,0.0,0.0,10.0,140.0,90.0,-7.0
2849,2026-09-01 08:20:30.433047,sancheti_camera,250.0,cluster_2061304035_245647208,0.0,4,42.05537613430789,0.0,0.0,0.0,10.0,90.0,-0.5
2852,2026-09-01 08:20:30.456154,sancheti_camera,255.0,cluster_2061304035_245647208,0.0,5,48.11093209031199,0.0,0.0,0.0,0.0,90.0,0.0
2855,2026-09-01 08:20:30.478373,sancheti_camera,260.0,cluster_2061304035_245647208,0.0,4,48.53733570884645,0.0,0.0,0.0,0.0,0.0,0.0
2858,2026-09-01 08:20:30.498744,sancheti_camera,265.0,cluster_2061304035_245647208,0.0,1,57.903724803571585,0.0,0.0,0.0,0.0,0.0,0.0
2861,2026-09-01 08:20:30.518305,sancheti_camera,270.0,cluster_2061304035_245647208,5.0,3,18.498302654825302,0.0,0.0,0.0,0.0,0.0,0.25
2864,2026-09-01 08:20:30.536568,sancheti_camera,275.0,cluster_2061304035_245647208,15.0,3,0.07290656544754542,5.0,0.0,0.0,0.0,0.0,0.75
2867,2026-09-01 08:20:30.553777,sancheti_camera,280.0,cluster_2061304035_245647208,15.0,6,9.91052018906442,15.0,5.0,0.0,0.0,0.0,0.75
2870,2026-09-01 08:20:30.570335,sancheti_camera,285.0,cluster_2061304035_245647208,25.0,6,0.17865265325532023,15.0,15.0,5.0,0.0,0.0,1.25
2873,2026-09-01 08:20:30.586450,sancheti_camera,290.0,cluster_2061304035_245647208,30.0,12,4.2278531198492235,25.0,15.0,15.0,5.0,0.0,1.25
2876,2026-09-01 08:20:30.602357,sancheti_camera,295.0,cluster_2061304035_245647208,55.0,15,1.388136292076489,30.0,25.0,15.0,15.0,0.0,2.0
2879,2026-09-01 08:20:30.618667,sancheti_camera,300.0,cluster_2061304035_245647208,80.0,18,0.2260182632027237,55.0,30.0,25.0,15.0,5.0,3.25
2882,2026-09-01 08:20:30.634467,sancheti_camera,305.0,cluster_2061304035_245647208,90.0,18,0.0015023725531931175,80.0,55.0,30.0,25.0,15.0,3.25
2885,2026-09-01 08:20:30.651079,sancheti_camera,310.0,cluster_2061304035_245647208,90.0,18,1.0533188973687332e-05,90.0,80.0,55.0,30.0,20.0,3.0
2888,2026-09-01 08:20:30.668418,sancheti_camera,315.0,cluster_2061304035_245647208,90.0,18,0.0,90.0,90.0,80.0,55.0,25.0,1.75
2891,2026-09-01 08:20:30.686766,sancheti_camera,320.0,cluster_2061304035_245647208,0.0,11,11.539872512270453,90.0,90.0,90.0,80.0,30.0,-4.0
2894,2026-09-01 08:20:30.707483,sancheti_camera,325.0,cluster_2061304035_245647208,0.0,7,25.025125943752318,0.0,90.0,90.0,90.0,55.0,-4.5
2897,2026-09-01 08:20:30.729703,sancheti_camera,330.0,cluster_2061304035_245647208,0.0,6,31.688712276803674,0.0,0.0,90.0,90.0,95.0,-4.5
2900,2026-09-01 08:20:30.753237,sancheti_camera,335.0,cluster_2061304035_245647208,0.0,8,38.679562671367854,0.0,0.0,0.0,90.0,120.0,-4.5
2903,2026-09-01 08:20:30.777618,sancheti_camera,340.0,cluster_2061304035_245647208,0.0,6,44.603110710205584,0.0,0.0,0.0,0.0,130.0,0.0
2906,2026-09-01 08:20:30.802222,sancheti_camera,345.0,cluster_2061304035_245647208,0.0,4,50.997226284112664,0.0,0.0,0.0,0.0,135.0,0.0
2909,2026-09-01 08:20:30.826055,sancheti_camera,350.0,cluster_2061304035_245647208,0.0,1,55.809792285735874,0.0,0.0,0.0,0.0,0.0,0.0
2912,2026-09-01 08:20:30.849214,sancheti_camera,355.0,cluster_2061304035_245647208,0.0,1,51.59001041760212,0.0,0.0,0.0,0.0,0.0,0.0
2915,2026-09-01 08:20:30.872116,sancheti_camera,360.0,cluster_2061304035_245647208,5.0,3,14.676509905845476,0.0,0.0,0.0,0.0,0.0,0.25
2918,2026-09-01 08:20:30.893198,sancheti_camera,365.0,cluster_2061304035_245647208,15.0,4,14.85428584800472,5.0,0.0,0.0,0.0,0.0,0.75
2921,2026-09-01 08:20:30.912060,sancheti_camera,370.0,cluster_2061304035_245647208,20.0,6,3.443389978162501,15.0,5.0,0.0,0.0,0.0,1.0
2924,2026-09-01 08:20:30.929016,sancheti_camera,375.0,cluster_2061304035_245647208,25.0,6,0.7505160498686406,20.0,15.0,5.0,0.0,0.0,1.25
2927,2026-09-01 08:20:30.945677,sancheti_camera,380.0,cluster_2061304035_245647208,30.0,15,8.85742727649647,25.0,20.0,15.0,5.0,0.0,1.25
2930,2026-09-01 08:20:30.962298,sancheti_camera,385.0,cluster_2061304035_245647208,55.0,19,1.8023936674309287,30.0,25.0,20.0,15.0,0.0,2.0
2933,2026-09-01 08:20:30.979397,sancheti_camera,390.0,cluster_2061304035_245647208,95.0,24,1.0848801044205205,55.0,30.0,25.0,20.0,10.0,3.75
2936,2026-09-01 08:20:30.996418,sancheti_camera,395.0,cluster_2061304035_245647208,120.0,25,0.2028654850304313,95.0,55.0,30.0,25.0,20.0,4.75
2939,2026-09-01 08:20:31.013952,sancheti_camera,400.0,cluster_2061304035_245647208,130.0,27,0.02441816433042481,120.0,95.0,55.0,30.0,20.0,5.0
2942,2026-09-01 08:20:31.031773,sancheti_camera,405.0,cluster_2061304035_245647208,135.0,27,9.77595771999382e-05,130.0,120.0,95.0,55.0,25.0,4.0
2945,2026-09-01 08:20:31.051525,sancheti_camera,410.0,cluster_2061304035_245647208,0.0,12,7.626912673274065,135.0,130.0,120.0,95.0,25.0,-4.75
2948,2026-09-01 08:20:31.072662,sancheti_camera,415.0,cluster_2061304035_245647208,0.0,10,20.798030530105034,0.0,135.0,130.0,120.0,50.0,-6.0
2951,2026-09-01 08:20:31.094567,sancheti_camera,420.0,cluster_2061304035_245647208,0.0,6,31.332841434213385,0.0,0.0,135.0,130.0,80.0,-6.5
2954,2026-09-01 08:20:31.118120,sancheti_camera,425.0,cluster_2061304035_245647208,0.0,6,39.590396084803096,0.0,0.0,0.0,135.0,115.0,-6.75
2957,2026-09-01 08:20:31.141759,sancheti_camera,430.0,cluster_2061304035_245647208,0.0,5,47.295857260460274,0.0,0.0,0.0,0.0,120.0,0.0
2960,2026-09-01 08:20:31.164113,sancheti_camera,435.0,cluster_2061304035_245647208,0.0,4,51.58490389462831,0.0,0.0,0.0,0.0,125.0,0.0
2963,2026-09-01 08:20:31.186538,sancheti_camera,440.0,cluster_2061304035_245647208,0.0,3,51.415035956857906,0.0,0.0,0.0,0.0,0.0,0.0
2966,2026-09-01 08:20:31.207963,sancheti_camera,445.0,cluster_2061304035_245647208,0.0,2,36.103632608926425,0.0,0.0,0.0,0.0,0.0,0.0
2969,2026-09-01 08:20:31.228231,sancheti_camera,450.0,cluster_2061304035_245647208,10.0,5,17.9129057267052,0.0,0.0,0.0,0.0,0.0,0.5
2972,2026-09-01 08:20:31.246551,sancheti_camera,455.0,cluster_2061304035_245647208,20.0,5,0.9276975575616161,10.0,0.0,0.0,0.0,0.0,1.0
2975,2026-09-01 08:20:31.263074,sancheti_camera,460.0,cluster_2061304035_245647208,20.0,5,1.4739476496188426,20.0,10.0,0.0,0.0,0.0,1.0
2978,2026-09-01 08:20:31.279086,sancheti_camera,465.0,cluster_2061304035_245647208,25.0,5,0.0,20.0,20.0,10.0,0.0,0.0,1.25
2981,2026-09-01 08:20:31.294614,sancheti_camera,470.0,cluster_2061304035_245647208,25.0,13,10.55641281912802,25.0,20.0,20.0,10.0,0.0,0.75
2984,2026-09-01 08:20:31.310625,sancheti_camera,475.0,cluster_2061304035_245647208,50.0,17,2.5902902150573697,25.0,25.0,20.0,20.0,0.0,1.5
2987,2026-09-01 08:20:31.326176,sancheti_camera,480.0,cluster_2061304035_245647208,80.0,24,1.337311879746826,50.0,25.0,25.0,20.0,0.0,3.0
2990,2026-09-01 08:20:31.342082,sancheti_camera,485.0,cluster_2061304035_245647208,115.0,26,0.36557054782684956,80.0,50.0,25.0,25.0,5.0,4.5
2993,2026-09-01 08:20:31.358360,sancheti_camera,490.0,cluster_2061304035_245647208,120.0,27,0.5726008803315076,115.0,80.0,50.0,25.0,5.0,4.75
2996,2026-09-01 08:20:31.374534,sancheti_camera,495.0,cluster_2061304035_245647208,125.0,28,0.6559053521256102,120.0,115.0,80.0,50.0,10.0,3.75
2999,2026-09-01 08:20:31.393416,sancheti_camera,500.0,cluster_2061304035_245647208,0.0,19,8.819673413310161,125.0,120.0,115.0,80.0,20.0,-4.0
3002,2026-09-01 08:20:31.411746,sancheti_camera,505.0,cluster_2061304035_245647208,0.0,10,21.57350260651545,0.0,125.0,120.0,115.0,40.0,-5.75
3005,2026-09-01 08:20:31.429931,sancheti_camera,510.0,cluster_2061304035_245647208,0.0,6,29.15396353264987,0.0,0.0,125.0,120.0,60.0,-6.0
3008,2026-09-01 08:20:31.454201,sancheti_camera,515.0,cluster_2061304035_245647208,0.0,8,37.2000548461954,0.0,0.0,0.0,125.0,90.0,-6.25
3011,2026-09-01 08:20:31.475725,sancheti_camera,520.0,cluster_2061304035_245647208,0.0,1,47.755670829060655,0.0,0.0,0.0,0.0,110.0,0.0
3014,2026-09-01 08:20:31.494652,sancheti_camera,525.0,cluster_2061304035_245647208,0.0,0,0.0,0.0,0.0,0.0,0.0,115.0,0.0
3017,2026-09-01 08:20:31.512663,sancheti_camera,530.0,cluster_2061304035_245647208,0.0,1,59.87628550581588,0.0,0.0,0.0,0.0,0.0,0.0
3020,2026-09-01 08:20:31.529017,sancheti_camera,535.0,cluster_2061304035_245647208,0.0,0,0.0,0.0,0.0,0.0,0.0,0.0,0.0
3023,2026-09-01 08:20:31.544251,sancheti_camera,540.0,cluster_2061304035_245647208,0.0,1,20.38279685166543,0.0,0.0,0.0,0.0,0.0,0.0
3026,2026-09-01 08:20:31.557994,sancheti_camera,545.0,cluster_2061304035_245647208,5.0,1,0.0,0.0,0.0,0.0,0.0,0.0,0.25
3029,2026-09-01 08:20:31.570519,sancheti_camera,550.0,cluster_2061304035_245647208,5.0,2,0.20840090311178266,5.0,0.0,0.0,0.0,0.0,0.25
3032,2026-09-01 08:20:31.581925,sancheti_camera,555.0,cluster_2061304035_245647208,10.0,2,0.0,5.0,5.0,0.0,0.0,0.0,0.5
3035,2026-09-01 08:20:31.594183,sancheti_camera,560.0,cluster_2061304035_245647208,20.0,8,10.760900450033601,10.0,5.0,5.0,0.0,0.0,1.0
3038,2026-09-01 08:20:31.606836,sancheti_camera,565.0,cluster_2061304035_245647208,40.0,12,1.8612836994855002,20.0,10.0,5.0,5.0,0.0,1.75
3041,2026-09-01 08:20:31.620243,sancheti_camera,570.0,cluster_2061304035_245647208,60.0,18,2.4760903181873406,40.0,20.0,10.0,5.0,10.0,2.75
3044,2026-09-01 08:20:31.632861,sancheti_camera,575.0,cluster_2061304035_245647208,90.0,21,0.1719319397879119,60.0,40.0,20.0,10.0,10.0,4.0
3047,2026-09-01 08:20:31.646165,sancheti_camera,580.0,cluster_2061304035_245647208,110.0,23,0.05340969185810789,90.0,60.0,40.0,20.0,10.0,4.5
3050,2026-09-01 08:20:31.658822,sancheti_camera,585.0,cluster_2061304035_245647208,115.0,23,0.00022583309119451298,110.0,90.0,60.0,40.0,10.0,3.75
3053,2026-09-01 08:20:31.671706,sancheti_camera,590.0,cluster_2061304035_245647208,0.0,13,9.513859814223917,115.0,110.0,90.0,60.0,10.0,-3.0
3056,2026-09-01 08:20:31.685629,sancheti_camera,595.0,cluster_2061304035_245647208,0.0,6,20.356575182501366,0.0,115.0,110.0,90.0,40.0,-4.5
3059,2026-09-01 08:20:31.699050,sancheti_camera,600.0,cluster_2061304035_245647208,0.0,5,34.602101611264594,0.0,0.0,115.0,110.0,35.0,-5.5
3062,2026-09-01 08:20:31.712782,sancheti_camera,605.0,cluster_2061304035_245647208,0.0,2,49.44198903353457,0.0,0.0,0.0,115.0,40.0,-5.75
3065,2026-09-01 08:20:31.726635,sancheti_camera,610.0,cluster_2061304035_245647208,0.0,0,0.0,0.0,0.0,0.0,0.0,40.0,0.0
3068,2026-09-01 08:20:31.739863,sancheti_camera,615.0,cluster_2061304035_245647208,0.0,0,0.0,0.0,0.0,0.0,0.0,40.0,0.0
3071,2026-09-01 08:20:31.752209,sancheti_camera,620.0,cluster_2061304035_245647208,0.0,0,0.0,0.0,0.0,0.0,0.0,0.0,0.0
3074,2026-09-01 08:20:31.763074,sancheti_camera,625.0,cluster_2061304035_245647208,0.0,1,36.90207270710281,0.0,0.0,0.0,0.0,0.0,0.0
3077,2026-09-01 08:20:31.773138,sancheti_camera,630.0,cluster_2061304035_245647208,10.0,2,0.001976670009844731,0.0,0.0,0.0,0.0,0.0,0.5
3080,2026-09-01 08:20:31.780758,sancheti_camera,635.0,cluster_2061304035_245647208,10.0,2,0.0,10.0,0.0,0.0,0.0,0.0,0.5
3083,2026-09-01 08:20:31.788740,sancheti_camera,640.0,cluster_2061304035_245647208,10.0,2,0.0,10.0,10.0,0.0,0.0,0.0,0.5
3086,2026-09-01 08:20:31.796240,sancheti_camera,645.0,cluster_2061304035_245647208,10.0,2,0.0,10.0,10.0,10.0,0.0,0.0,0.5
3089,2026-09-01 08:20:31.804031,sancheti_camera,650.0,cluster_2061304035_245647208,10.0,8,3.600341451710647,10.0,10.0,10.0,10.0,0.0,0.0
3092,2026-09-01 08:20:31.811147,sancheti_camera,655.0,cluster_2061304035_245647208,40.0,8,0.017804638106074733,10.0,10.0,10.0,10.0,0.0,1.5
3095,2026-09-01 08:20:31.818550,sancheti_camera,660.0,cluster_2061304035_245647208,35.0,8,0.29117423086956,40.0,10.0,10.0,10.0,0.0,1.25
3098,2026-09-01 08:20:31.825878,sancheti_camera,665.0,cluster_2061304035_245647208,40.0,8,3.0572736069898614e-05,35.0,40.0,10.0,10.0,0.0,1.5
3101,2026-09-01 08:20:31.833248,sancheti_camera,670.0,cluster_2061304035_245647208,40.0,8,0.0,40.0,35.0,40.0,10.0,0.0,1.5
3104,2026-09-01 08:20:31.840398,sancheti_camera,675.0,cluster_2061304035_245647208,40.0,8,0.0,40.0,40.0,35.0,40.0,0.0,0.0
2715,2026-09-01 08:20:29.888989,sancheti_camera,25.0,cluster_245647168_3238255150_3495323634,0.0,0,0.0,0.0,0.0,0.0,0.0,0.0,0.0
2718,2026-09-01 08:20:29.895904,sancheti_camera,30.0,cluster_245647168_3238255150_3495323634,0.0,0,0.0,0.0,0.0,0.0,0.0,0.0,0.0
2721,2026-09-01 08:20:29.903192,sancheti_camera,35.0,cluster_245647168_3238255150_3495323634,0.0,0,0.0,0.0,0.0,0.0,0.0,0.0,0.0
2724,2026-09-01 08:20:29.910209,sancheti_camera,40.0,cluster_245647168_3238255150_3495323634,0.0,0,0.0,0.0,0.0,0.0,0.0,0.0,0.0
2727,2026-09-01 08:20:29.917726,sancheti_camera,45.0,cluster_245647168_3238255150_3495323634,0.0,0,0.0,0.0,0.0,0.0,0.0,0.0,0.0
2730,2026-09-01 08:20:29.924969,sancheti_camera,50.0,cluster_245647168_3238255150_3495323634,0.0,0,0.0,0.0,0.0,0.0,0.0,0.0,0.0
2733,2026-09-01 08:20:29.932444,sancheti_camera,55.0,cluster_245647168_3238255150_3495323634,0.0,0,0.0,0.0,0.0,0.0,0.0,0.0,0.0
2736,2026-09-01 08:20:29.939886,sancheti_camera,60.0,cluster_245647168_3238255150_3495323634,0.0,0,0.0,0.0,0.0,0.0,0.0,0.0,0.0
2739,2026-09-01 08:20:29.947417,sancheti_camera,65.0,cluster_245647168_3238255150_3495323634,0.0,0,0.0,0.0,0.0,0.0,0.0,0.0,0.0
2742,2026-09-01 08:20:29.955317,sancheti_camera,70.0,cluster_245647168_3238255150_3495323634,0.0,0,0.0,0.0,0.0,0.0,0.0,0.0,0.0
2745,2026-09-01 08:20:29.962946,sancheti_camera,75.0,cluster_245647168_3238255150_3495323634,0.0,0,0.0,0.0,0.0,0.0,0.0,0.0,0.0
2748,2026-09-01 08:20:29.970820,sancheti_camera,80.0,cluster_245647168_3238255150_3495323634,0.0,0,0.0,0.0,0.0,0.0,0.0,0.0,0.0
2751,2026-09-01 08:20:29.978561,sancheti_camera,85.0,cluster_245647168_3238255150_3495323634,0.0,0,0.0,0.0,0.0,0.0,0.0,0.0,0.0
2754,2026-09-01 08:20:29.986926,sancheti_camera,90.0,cluster_245647168_3238255150_3495323634,0.0,0,0.0,0.0,0.0,0.0,0.0,0.0,0.0
2757,2026-09-01 08:20:29.995013,sancheti_camera,95.0,cluster_245647168_3238255150_3495323634,0.0,0,0.0,0.0,0.0,0.0,0.0,0.0,0.0
2760,2026-09-01 08:20:30.003028,sancheti_camera,100.0,cluster_245647168_3238255150_3495323634,0.0,0,0.0,0.0,0.0,0.0,0.0,0.0,0.0
2763,2026-09-01 08:20:30.011172,sancheti_camera,105.0,cluster_245647168_3238255150_3495323634,0.0,0,0.0,0.0,0.0,0.0,0.0,0.0,0.0
2766,2026-09-01 08:20:30.019518,sancheti_camera,110.0,cluster_245647168_3238255150_3495323634,0.0,0,0.0,0.0,0.0,0.0,0.0,0.0,0.0
2769,2026-09-01 08:20:30.027993,sancheti_camera,115.0,cluster_245647168_3238255150_3495323634,0.0,0,0.0,0.0,0.0,0.0,0.0,0.0,0.0
2772,2026-09-01 08:20:30.036523,sancheti_camera,120.0,cluster_245647168_3238255150_3495323634,0.0,0,0.0,0.0,0.0,0.0,0.0,0.0,0.0
2775,2026-09-01 08:20:30.045224,sancheti_camera,125.0,cluster_245647168_3238255150_3495323634,0.0,0,0.0,0.0,0.0,0.0,0.0,0.0,0.0
2778,2026-09-01 08:20:30.054509,sancheti_camera,130.0,cluster_245647168_3238255150_3495323634,0.0,0,0.0,0.0,0.0,0.0,0.0,0.0,0.0
2781,2026-09-01 08:20:30.064152,sancheti_camera,135.0,cluster_245647168_3238255150_3495323634,0.0,0,0.0,0.0,0.0,0.0,0.0,0.0,0.0
2784,2026-09-01 08:20:30.074427,sancheti_camera,140.0,cluster_245647168_3238255150_3495323634,0.0,0,0.0,0.0,0.0,0.0,0.0,0.0,0.0
2787,2026-09-01 08:20:30.085491,sancheti_camera,145.0,cluster_245647168_3238255150_3495323634,0.0,0,0.0,0.0,0.0,0.0,0.0,0.0,0.0
2790,2026-09-01 08:20:30.096273,sancheti_camera,150.0,cluster_245647168_3238255150_3495323634,0.0,0,0.0,0.0,0.0,0.0,0.0,0.0,0.0
2793,2026-09-01 08:20:30.108649,sancheti_camera,155.0,cluster_245647168_3238255150_3495323634,0.0,0,0.0,0.0,0.0,0.0,0.0,0.0,0.0
2796,2026-09-01 08:20:30.121464,sancheti_camera,160.0,cluster_245647168_3238255150_3495323634,0.0,0,0.0,0.0,0.0,0.0,0.0,0.0,0.0
2799,2026-09-01 08:20:30.135042,sancheti_camera,165.0,cluster_245647168_3238255150_3495323634,0.0,0,0.0,0.0,0.0,0.0,0.0,0.0,0.0
2802,2026-09-01 08:20:30.147881,sancheti_camera,170.0,cluster_245647168_3238255150_3495323634,0.0,0,0.0,0.0,0.0,0.0,0.0,0.0,0.0
2805,2026-09-01 08:20:30.161665,sancheti_camera,175.0,cluster_245647168_3238255150_3495323634,0.0,0,0.0,0.0,0.0,0.0,0.0,0.0,0.0
2808,2026-09-01 08:20:30.176176,sancheti_camera,180.0,cluster_245647168_3238255150_3495323634,0.0,0,0.0,0.0,0.0,0.0,0.0,0.0,0.0
2811,2026-09-01 08:20:30.190889,sancheti_camera,185.0,cluster_245647168_3238255150_3495323634,0.0,0,0.0,0.0,0.0,0.0,0.0,0.0,0.0
2814,2026-09-01 08:20:30.206287,sancheti_camera,190.0,cluster_245647168_3238255150_3495323634,0.0,0,0.0,0.0,0.0,0.0,0.0,0.0,0.0
2817,2026-09-01 08:20:30.222286,sancheti_camera,195.0,cluster_245647168_3238255150_3495323634,0.0,0,0.0,0.0,0.0,0.0,0.0,0.0,0.0
2820,2026-09-01 08:20:30.238414,sancheti_camera,200.0,cluster_245647168_3238255150_3495323634,0.0,0,0.0,0.0,0.0,0.0,0.0,0.0,0.0
2823,2026-09-01 08:20:30.254638,sancheti_camera,205.0,cluster_245647168_3238255150_3495323634,0.0,0,0.0,0.0,0.0,0.0,0.0,0.0,0.0
2826,2026-09-01 08:20:30.271506,sancheti_camera,210.0,cluster_245647168_3238255150_3495323634,0.0,0,0.0,0.0,0.0,0.0,0.0,0.0,0.0
2829,2026-09-01 08:20:30.288967,sancheti_camera,215.0,cluster_245647168_3238255150_3495323634,0.0,0,0.0,0.0,0.0,0.0,0.0,0.0,0.0
2832,2026-09-01 08:20:30.306868,sancheti_camera,220.0,cluster_245647168_3238255150_3495323634,0.0,0,0.0,0.0,0.0,0.0,0.0,0.0,0.0
2835,2026-09-01 08:20:30.325494,sancheti_camera,225.0,cluster_245647168_3238255150_3495323634,0.0,0,0.0,0.0,0.0,0.0,0.0,0.0,0.0
2838,2026-09-01 08:20:30.345097,sancheti_camera,230.0,cluster_245647168_3238255150_3495323634,0.0,0,0.0,0.0,0.0,0.0,0.0,0.0,0.0
2841,2026-09-01 08:20:30.365641,sancheti_camera,235.0,cluster_245647168_3238255150_3495323634,0.0,0,0.0,0.0,0.0,0.0,0.0,0.0,0.0
2844,2026-09-01 08:20:30.387862,sancheti_camera,240.0,cluster_245647168_3238255150_3495323634,0.0,0,0.0,0.0,0.0,0.0,0.0,0.0,0.0
2847,2026-09-01 08:20:30.410147,sancheti_camera,245.0,cluster_245647168_3238255150_3495323634,0.0,0,0.0,0.0,0.0,0.0,0.0,0.0,0.0
2850,2026-09-01 08:20:30.433047,sancheti_camera,250.0,cluster_245647168_3238255150_3495323634,0.0,0,0.0,0.0,0.0,0.0,0.0,0.0,0.0
2853,2026-09-01 08:20:30.456155,sancheti_camera,255.0,cluster_245647168_3238255150_3495323634,0.0,0,0.0,0.0,0.0,0.0,0.0,0.0,0.0
2856,2026-09-01 08:20:30.478374,sancheti_camera,260.0,cluster_245647168_3238255150_3495323634,0.0,0,0.0,0.0,0.0,0.0,0.0,0.0,0.0
2859,2026-09-01 08:20:30.498744,sancheti_camera,265.0,cluster_245647168_3238255150_3495323634,0.0,0,0.0,0.0,0.0,0.0,0.0,0.0,0.0
2862,2026-09-01 08:20:30.518305,sancheti_camera,270.0,cluster_245647168_3238255150_3495323634,0.0,0,0.0,0.0,0.0,0.0,0.0,0.0,0.0
2865,2026-09-01 08:20:30.536569,sancheti_camera,275.0,cluster_245647168_3238255150_3495323634,0.0,0,0.0,0.0,0.0,0.0,0.0,0.0,0.0
2868,2026-09-01 08:20:30.553777,sancheti_camera,280.0,cluster_245647168_3238255150_3495323634,0.0,0,0.0,0.0,0.0,0.0,0.0,0.0,0.0
2871,2026-09-01 08:20:30.570336,sancheti_camera,285.0,cluster_245647168_3238255150_3495323634,0.0,0,0.0,0.0,0.0,0.0,0.0,0.0,0.0
2874,2026-09-01 08:20:30.586451,sancheti_camera,290.0,cluster_245647168_3238255150_3495323634,0.0,0,0.0,0.0,0.0,0.0,0.0,0.0,0.0
2877,2026-09-01 08:20:30.602357,sancheti_camera,295.0,cluster_245647168_3238255150_3495323634,0.0,0,0.0,0.0,0.0,0.0,0.0,0.0,0.0
2880,2026-09-01 08:20:30.618667,sancheti_camera,300.0,cluster_245647168_3238255150_3495323634,0.0,0,0.0,0.0,0.0,0.0,0.0,0.0,0.0
2883,2026-09-01 08:20:30.634467,sancheti_camera,305.0,cluster_245647168_3238255150_3495323634,0.0,0,0.0,0.0,0.0,0.0,0.0,0.0,0.0
2886,2026-09-01 08:20:30.651079,sancheti_camera,310.0,cluster_245647168_3238255150_3495323634,0.0,0,0.0,0.0,0.0,0.0,0.0,0.0,0.0
2889,2026-09-01 08:20:30.668418,sancheti_camera,315.0,cluster_245647168_3238255150_3495323634,0.0,0,0.0,0.0,0.0,0.0,0.0,0.0,0.0
2892,2026-09-01 08:20:30.686767,sancheti_camera,320.0,cluster_245647168_3238255150_3495323634,0.0,0,0.0,0.0,0.0,0.0,0.0,0.0,0.0
2895,2026-09-01 08:20:30.707483,sancheti_camera,325.0,cluster_245647168_3238255150_3495323634,0.0,0,0.0,0.0,0.0,0.0,0.0,0.0,0.0
2898,2026-09-01 08:20:30.729704,sancheti_camera,330.0,cluster_245647168_3238255150_3495323634,0.0,0,0.0,0.0,0.0,0.0,0.0,0.0,0.0
2901,2026-09-01 08:20:30.753237,sancheti_camera,335.0,cluster_245647168_3238255150_3495323634,0.0,0,0.0,0.0,0.0,0.0,0.0,0.0,0.0
2904,2026-09-01 08:20:30.777618,sancheti_camera,340.0,cluster_245647168_3238255150_3495323634,0.0,0,0.0,0.0,0.0,0.0,0.0,0.0,0.0
2907,2026-09-01 08:20:30.802222,sancheti_camera,345.0,cluster_245647168_3238255150_3495323634,0.0,0,0.0,0.0,0.0,0.0,0.0,0.0,0.0
2910,2026-09-01 08:20:30.826055,sancheti_camera,350.0,cluster_245647168_3238255150_3495323634,0.0,0,0.0,0.0,0.0,0.0,0.0,0.0,0.0
2913,2026-09-01 08:20:30.849215,sancheti_camera,355.0,cluster_245647168_3238255150_3495323634,0.0,0,0.0,0.0,0.0,0.0,0.0,0.0,0.0
2916,2026-09-01 08:20:30.872116,sancheti_camera,360.0,cluster_245647168_3238255150_3495323634,0.0,0,0.0,0.0,0.0,0.0,0.0,0.0,0.0
2919,2026-09-01 08:20:30.893198,sancheti_camera,365.0,cluster_245647168_3238255150_3495323634,0.0,0,0.0,0.0,0.0,0.0,0.0,0.0,0.0
2922,2026-09-01 08:20:30.912060,sancheti_camera,370.0,cluster_245647168_3238255150_3495323634,0.0,0,0.0,0.0,0.0,0.0,0.0,0.0,0.0
2925,2026-09-01 08:20:30.929017,sancheti_camera,375.0,cluster_245647168_3238255150_3495323634,0.0,0,0.0,0.0,0.0,0.0,0.0,0.0,0.0
2928,2026-09-01 08:20:30.945677,sancheti_camera,380.0,cluster_245647168_3238255150_3495323634,0.0,0,0.0,0.0,0.0,0.0,0.0,0.0,0.0
2931,2026-09-01 08:20:30.962299,sancheti_camera,385.0,cluster_245647168_3238255150_3495323634,0.0,0,0.0,0.0,0.0,0.0,0.0,0.0,0.0
2934,2026-09-01 08:20:30.979397,sancheti_camera,390.0,cluster_245647168_3238255150_3495323634,0.0,0,0.0,0.0,0.0,0.0,0.0,0.0,0.0
2937,2026-09-01 08:20:30.996419,sancheti_camera,395.0,cluster_245647168_3238255150_3495323634,0.0,0,0.0,0.0,0.0,0.0,0.0,0.0,0.0
2940,2026-09-01 08:20:31.013953,sancheti_camera,400.0,cluster_245647168_3238255150_3495323634,0.0,0,0.0,0.0,0.0,0.0,0.0,0.0,0.0
2943,2026-09-01 08:20:31.031773,sancheti_camera,405.0,cluster_245647168_3238255150_3495323634,0.0,0,0.0,0.0,0.0,0.0,0.0,0.0,0.0
2946,2026-09-01 08:20:31.051526,sancheti_camera,410.0,cluster_245647168_3238255150_3495323634,0.0,0,0.0,0.0,0.0,0.0,0.0,0.0,0.0
2949,2026-09-01 08:20:31.072662,sancheti_camera,415.0,cluster_245647168_3238255150_3495323634,0.0,0,0.0,0.0,0.0,0.0,0.0,0.0,0.0
2952,2026-09-01 08:20:31.094567,sancheti_camera,420.0,cluster_245647168_3238255150_3495323634,0.0,0,0.0,0.0,0.0,0.0,0.0,0.0,0.0
2955,2026-09-01 08:20:31.118120,sancheti_camera,425.0,cluster_245647168_3238255150_3495323634,0.0,0,0.0,0.0,0.0,0.0,0.0,0.0,0.0
2958,2026-09-01 08:20:31.141760,sancheti_camera,430.0,cluster_245647168_3238255150_3495323634,0.0,0,0.0,0.0,0.0,0.0,0.0,0.0,0.0
2961,2026-09-01 08:20:31.164113,sancheti_camera,435.0,cluster_245647168_3238255150_3495323634,0.0,0,0.0,0.0,0.0,0.0,0.0,0.0,0.0
2964,2026-09-01 08:20:31.186538,sancheti_camera,440.0,cluster_245647168_3238255150_3495323634,0.0,0,0.0,0.0,0.0,0.0,0.0,0.0,0.0
2967,2026-09-01 08:20:31.207964,sancheti_camera,445.0,cluster_245647168_3238255150_3495323634,0.0,0,0.0,0.0,0.0,0.0,0.0,0.0,0.0
2970,2026-09-01 08:20:31.228231,sancheti_camera,450.0,cluster_245647168_3238255150_3495323634,0.0,0,0.0,0.0,0.0,0.0,0.0,0.0,0.0
2973,2026-09-01 08:20:31.246551,sancheti_camera,455.0,cluster_245647168_3238255150_3495323634,0.0,0,0.0,0.0,0.0,0.0,0.0,0.0,0.0
2976,2026-09-01 08:20:31.263074,sancheti_camera,460.0,cluster_245647168_3238255150_3495323634,0.0,0,0.0,0.0,0.0,0.0,0.0,0.0,0.0
2979,2026-09-01 08:20:31.279086,sancheti_camera,465.0,cluster_245647168_3238255150_3495323634,0.0,0,0.0,0.0,0.0,0.0,0.0,0.0,0.0
2982,2026-09-01 08:20:31.294615,sancheti_camera,470.0,cluster_245647168_3238255150_3495323634,0.0,0,0.0,0.0,0.0,0.0,0.0,0.0,0.0
2985,2026-09-01 08:20:31.310626,sancheti_camera,475.0,cluster_245647168_3238255150_3495323634,0.0,0,0.0,0.0,0.0,0.0,0.0,0.0,0.0
2988,2026-09-01 08:20:31.326176,sancheti_camera,480.0,cluster_245647168_3238255150_3495323634,0.0,0,0.0,0.0,0.0,0.0,0.0,0.0,0.0
2991,2026-09-01 08:20:31.342083,sancheti_camera,485.0,cluster_245647168_3238255150_3495323634,0.0,0,0.0,0.0,0.0,0.0,0.0,0.0,0.0
2994,2026-09-01 08:20:31.358360,sancheti_camera,490.0,cluster_245647168_3238255150_3495323634,0.0,0,0.0,0.0,0.0,0.0,0.0,0.0,0.0
2997,2026-09-01 08:20:31.374534,sancheti_camera,495.0,cluster_245647168_3238255150_3495323634,0.0,0,0.0,0.0,0.0,0.0,0.0,0.0,0.0
3000,2026-09-01 08:20:31.393417,sancheti_camera,500.0,cluster_245647168_3238255150_3495323634,0.0,0,0.0,0.0,0.0,0.0,0.0,0.0,0.0
3003,2026-09-01 08:20:31.411746,sancheti_camera,505.0,cluster_245647168_3238255150_3495323634,0.0,0,0.0,0.0,0.0,0.0,0.0,0.0,0.0
3006,2026-09-01 08:20:31.429932,sancheti_camera,510.0,cluster_245647168_3238255150_3495323634,0.0,0,0.0,0.0,0.0,0.0,0.0,0.0,0.0
3009,2026-09-01 08:20:31.454202,sancheti_camera,515.0,cluster_245647168_3238255150_3495323634,0.0,0,0.0,0.0,0.0,0.0,0.0,0.0,0.0
3012,2026-09-01 08:20:31.475725,sancheti_camera,520.0,cluster_245647168_3238255150_3495323634,0.0,0,0.0,0.0,0.0,0.0,0.0,0.0,0.0
3015,2026-09-01 08:20:31.494653,sancheti_camera,525.0,cluster_245647168_3238255150_3495323634,0.0,0,0.0,0.0,0.0,0.0,0.0,0.0,0.0
3018,2026-09-01 08:20:31.512664,sancheti_camera,530.0,cluster_245647168_3238255150_3495323634,0.0,0,0.0,0.0,0.0,0.0,0.0,0.0,0.0
3021,2026-09-01 08:20:31.529017,sancheti_camera,535.0,cluster_245647168_3238255150_3495323634,0.0,0,0.0,0.0,0.0,0.0,0.0,0.0,0.0
3024,2026-09-01 08:20:31.544252,sancheti_camera,540.0,cluster_245647168_3238255150_3495323634,0.0,0,0.0,0.0,0.0,0.0,0.0,0.0,0.0
3027,2026-09-01 08:20:31.557994,sancheti_camera,545.0,cluster_245647168_3238255150_3495323634,0.0,0,0.0,0.0,0.0,0.0,0.0,0.0,0.0
3030,2026-09-01 08:20:31.570519,sancheti_camera,550.0,cluster_245647168_3238255150_3495323634,0.0,0,0.0,0.0,0.0,0.0,0.0,0.0,0.0
3033,2026-09-01 08:20:31.581925,sancheti_camera,555.0,cluster_245647168_3238255150_3495323634,0.0,0,0.0,0.0,0.0,0.0,0.0,0.0,0.0
3036,2026-09-01 08:20:31.594184,sancheti_camera,560.0,cluster_245647168_3238255150_3495323634,0.0,0,0.0,0.0,0.0,0.0,0.0,0.0,0.0
3039,2026-09-01 08:20:31.606836,sancheti_camera,565.0,cluster_245647168_3238255150_3495323634,0.0,0,0.0,0.0,0.0,0.0,0.0,0.0,0.0
3042,2026-09-01 08:20:31.620244,sancheti_camera,570.0,cluster_245647168_3238255150_3495323634,0.0,0,0.0,0.0,0.0,0.0,0.0,0.0,0.0
3045,2026-09-01 08:20:31.632862,sancheti_camera,575.0,cluster_245647168_3238255150_3495323634,0.0,0,0.0,0.0,0.0,0.0,0.0,0.0,0.0
3048,2026-09-01 08:20:31.646166,sancheti_camera,580.0,cluster_245647168_3238255150_3495323634,0.0,0,0.0,0.0,0.0,0.0,0.0,0.0,0.0
3051,2026-09-01 08:20:31.658823,sancheti_camera,585.0,cluster_245647168_3238255150_3495323634,0.0,0,0.0,0.0,0.0,0.0,0.0,0.0,0.0
3054,2026-09-01 08:20:31.671706,sancheti_camera,590.0,cluster_245647168_3238255150_3495323634,0.0,0,0.0,0.0,0.0,0.0,0.0,0.0,0.0
3057,2026-09-01 08:20:31.685630,sancheti_camera,595.0,cluster_245647168_3238255150_3495323634,0.0,0,0.0,0.0,0.0,0.0,0.0,0.0,0.0
3060,2026-09-01 08:20:31.699050,sancheti_camera,600.0,cluster_245647168_3238255150_3495323634,0.0,0,0.0,0.0,0.0,0.0,0.0,0.0,0.0
3063,2026-09-01 08:20:31.712783,sancheti_camera,605.0,cluster_245647168_3238255150_3495323634,0.0,0,0.0,0.0,0.0,0.0,0.0,0.0,0.0
3066,2026-09-01 08:20:31.726635,sancheti_camera,610.0,cluster_245647168_3238255150_3495323634,0.0,0,0.0,0.0,0.0,0.0,0.0,0.0,0.0
3069,2026-09-01 08:20:31.739863,sancheti_camera,615.0,cluster_245647168_3238255150_3495323634,0.0,0,0.0,0.0,0.0,0.0,0.0,0.0,0.0
3072,2026-09-01 08:20:31.752209,sancheti_camera,620.0,cluster_245647168_3238255150_3495323634,0.0,0,0.0,0.0,0.0,0.0,0.0,0.0,0.0
3075,2026-09-01 08:20:31.763074,sancheti_camera,625.0,cluster_245647168_3238255150_3495323634,0.0,0,0.0,0.0,0.0,0.0,0.0,0.0,0.0
3078,2026-09-01 08:20:31.773138,sancheti_camera,630.0,cluster_245647168_3238255150_3495323634,0.0,0,0.0,0.0,0.0,0.0,0.0,0.0,0.0
3081,2026-09-01 08:20:31.780758,sancheti_camera,635.0,cluster_245647168_3238255150_3495323634,0.0,0,0.0,0.0,0.0,0.0,0.0,0.0,0.0
3084,2026-09-01 08:20:31.788740,sancheti_camera,640.0,cluster_245647168_3238255150_3495323634,0.0,0,0.0,0.0,0.0,0.0,0.0,0.0,0.0
3087,2026-09-01 08:20:31.796240,sancheti_camera,645.0,cluster_245647168_3238255150_3495323634,0.0,0,0.0,0.0,0.0,0.0,0.0,0.0,0.0
3090,2026-09-01 08:20:31.804032,sancheti_camera,650.0,cluster_245647168_3238255150_3495323634,0.0,0,0.0,0.0,0.0,0.0,0.0,0.0,0.0
3093,2026-09-01 08:20:31.811148,sancheti_camera,655.0,cluster_245647168_3238255150_3495323634,0.0,0,0.0,0.0,0.0,0.0,0.0,0.0,0.0
3096,2026-09-01 08:20:31.818550,sancheti_camera,660.0,cluster_245647168_3238255150_3495323634,0.0,0,0.0,0.0,0.0,0.0,0.0,0.0,0.0
3099,2026-09-01 08:20:31.825879,sancheti_camera,665.0,cluster_245647168_3238255150_3495323634,0.0,0,0.0,0.0,0.0,0.0,0.0,0.0,0.0
3102,2026-09-01 08:20:31.833248,sancheti_camera,670.0,cluster_245647168_3238255150_3495323634,0.0,0,0.0,0.0,0.0,0.0,0.0,0.0,0.0
3105,2026-09-01 08:20:31.840398,sancheti_camera,675.0,cluster_245647168_3238255150_3495323634,0.0,0,0.0,0.0,0.0,0.0,0.0,0.0,0.0
1093,2026-09-01 08:20:19.985965,sancheti_congestion,25.0,cluster_13546492148_1838721956,0.0,0,0.0,0.0,0.0,0.0,0.0,0.0,0.0
1096,2026-09-01 08:20:19.990749,sancheti_congestion,30.0,cluster_13546492148_1838721956,0.0,0,0.0,0.0,0.0,0.0,0.0,0.0,0.0
1099,2026-09-01 08:20:19.994718,sancheti_congestion,35.0,cluster_13546492148_1838721956,0.0,0,0.0,0.0,0.0,0.0,0.0,0.0,0.0
1102,2026-09-01 08:20:19.999695,sancheti_congestion,40.0,cluster_13546492148_1838721956,0.0,0,0.0,0.0,0.0,0.0,0.0,5.0,0.0
1105,2026-09-01 08:20:20.003449,sancheti_congestion,45.0,cluster_13546492148_1838721956,0.0,0,0.0,0.0,0.0,0.0,0.0,5.0,0.0
1108,2026-09-01 08:20:20.007817,sancheti_congestion,50.0,cluster_13546492148_1838721956,0.0,0,0.0,0.0,0.0,0.0,0.0,5.0,0.0
1111,2026-09-01 08:20:20.011957,sancheti_congestion,55.0,cluster_13546492148_1838721956,0.0,0,0.0,0.0,0.0,0.0,0.0,10.0,0.0
1114,2026-09-01 08:20:20.016680,sancheti_congestion,60.0,cluster_13546492148_1838721956,0.0,0,0.0,0.0,0.0,0.0,0.0,10.0,0.0
1117,2026-09-01 08:20:20.020420,sancheti_congestion,65.0,cluster_13546492148_1838721956,0.0,0,0.0,0.0,0.0,0.0,0.0,10.0,0.0
1120,2026-09-01 08:20:20.025117,sancheti_congestion,70.0,cluster_13546492148_1838721956,0.0,0,0.0,0.0,0.0,0.0,0.0,10.0,0.0
1123,2026-09-01 08:20:20.029768,sancheti_congestion,75.0,cluster_13546492148_1838721956,0.0,0,0.0,0.0,0.0,0.0,0.0,10.0,0.0
1126,2026-09-01 08:20:20.034342,sancheti_congestion,80.0,cluster_13546492148_1838721956,0.0,0,0.0,0.0,0.0,0.0,0.0,5.0,0.0
1129,2026-09-01 08:20:20.038445,sancheti_congestion,85.0,cluster_13546492148_1838721956,0.0,0,0.0,0.0,0.0,0.0,0.0,5.0,0.0
1132,2026-09-01 08:20:20.042635,sancheti_congestion,90.0,cluster_13546492148_1838721956,0.0,0,0.0,0.0,0.0,0.0,0.0,5.0,0.0
1135,2026-09-01 08:20:20.047255,sancheti_congestion,95.0,cluster_13546492148_1838721956,0.0,1,16.598891326329294,0.0,0.0,0.0,0.0,10.0,0.0
1138,2026-09-01 08:20:20.051813,sancheti_congestion,100.0,cluster_13546492148_1838721956,5.0,1,0.012035031477080665,0.0,0.0,0.0,0.0,10.0,0.25
1141,2026-09-01 08:20:20.056540,sancheti_congestion,105.0,cluster_13546492148_1838721956,5.0,1,0.0,5.0,0.0,0.0,0.0,15.0,0.25
1144,2026-09-01 08:20:20.061448,sancheti_congestion,110.0,cluster_13546492148_1838721956,5.0,1,0.0,5.0,5.0,0.0,0.0,20.0,0.25
1147,2026-09-01 08:20:20.066721,sancheti_congestion,115.0,cluster_13546492148_1838721956,10.0,2,0.0324510101147635,5.0,5.0,5.0,0.0,20.0,0.5
1150,2026-09-01 08:20:20.071388,sancheti_congestion,120.0,cluster_13546492148_1838721956,10.0,2,0.0,10.0,5.0,5.0,5.0,20.0,0.25
1153,2026-09-01 08:20:20.076488,sancheti_congestion,125.0,cluster_13546492148_1838721956,10.0,2,0.0,10.0,10.0,5.0,5.0,5.0,0.25
1156,2026-09-01 08:20:20.082227,sancheti_congestion,130.0,cluster_13546492148_1838721956,10.0,2,0.0,10.0,10.0,10.0,5.0,5.0,0.25
1159,2026-09-01 08:20:20.086985,sancheti_congestion,135.0,cluster_13546492148_1838721956,10.0,3,1.0308918115713286,10.0,10.0,10.0,10.0,5.0,0.0
1162,2026-09-01 08:20:20.092237,sancheti_congestion,140.0,cluster_13546492148_1838721956,5.0,1,0.0055337033988068635,10.0,10.0,10.0,10.0,5.0,-0.25
1165,2026-09-01 08:20:20.097557,sancheti_congestion,145.0,cluster_13546492148_1838721956,5.0,1,0.0,5.0,10.0,10.0,10.0,10.0,-0.25
1168,2026-09-01 08:20:20.102759,sancheti_congestion,150.0,cluster_13546492148_1838721956,5.0,2,12.524186420589793,5.0,5.0,10.0,10.0,10.0,-0.25
1171,2026-09-01 08:20:20.108938,sancheti_congestion,155.0,cluster_13546492148_1838721956,10.0,2,0.0007659841049096551,5.0,5.0,5.0,10.0,10.0,0.0
1174,2026-09-01 08:20:20.115496,sancheti_congestion,160.0,cluster_13546492148_1838721956,10.0,2,0.0,10.0,5.0,5.0,5.0,10.0,0.25
1177,2026-09-01 08:20:20.121988,sancheti_congestion,165.0,cluster_13546492148_1838721956,15.0,4,0.2753836403089493,10.0,10.0,5.0,5.0,10.0,0.5
1180,2026-09-01 08:20:20.128624,sancheti_congestion,170.0,cluster_13546492148_1838721956,20.0,4,9.71338623214982e-05,15.0,10.0,10.0,5.0,0.0,0.75
1183,2026-09-01 08:20:20.135129,sancheti_congestion,175.0,cluster_13546492148_1838721956,20.0,4,0.0,20.0,15.0,10.0,10.0,0.0,0.5
1186,2026-09-01 08:20:20.140743,sancheti_congestion,180.0,cluster_13546492148_1838721956,20.0,4,9.003803953806168e-05,20.0,20.0,15.0,10.0,10.0,0.5
1189,2026-09-01 08:20:20.146626,sancheti_congestion,185.0,cluster_13546492148_1838721956,5.0,1,0.007387667881046349,20.0,20.0,20.0,15.0,15.0,-0.5
1192,2026-09-01 08:20:20.151926,sancheti_congestion,190.0,cluster_13546492148_1838721956,5.0,1,0.0,5.0,20.0,20.0,20.0,15.0,-0.75
1195,2026-09-01 08:20:20.158377,sancheti_congestion,195.0,cluster_13546492148_1838721956,5.0,1,0.0,5.0,5.0,20.0,20.0,20.0,-0.75
1198,2026-09-01 08:20:20.164136,sancheti_congestion,200.0,cluster_13546492148_1838721956,5.0,1,0.0,5.0,5.0,5.0,20.0,25.0,-0.75
1201,2026-09-01 08:20:20.174021,sancheti_congestion,205.0,cluster_13546492148_1838721956,10.0,2,0.09940990357659481,5.0,5.0,5.0,5.0,25.0,0.25
1204,2026-09-01 08:20:20.180975,sancheti_congestion,210.0,cluster_13546492148_1838721956,10.0,2,0.0,10.0,5.0,5.0,5.0,25.0,0.25
1207,2026-09-01 08:20:20.187971,sancheti_congestion,215.0,cluster_13546492148_1838721956,10.0,2,0.0,10.0,10.0,5.0,5.0,0.0,0.25
1210,2026-09-01 08:20:20.194801,sancheti_congestion,220.0,cluster_13546492148_1838721956,10.0,2,0.0,10.0,10.0,10.0,5.0,5.0,0.25
1213,2026-09-01 08:20:20.201794,sancheti_congestion,225.0,cluster_13546492148_1838721956,10.0,2,0.0,10.0,10.0,10.0,10.0,5.0,0.0
1216,2026-09-01 08:20:20.208261,sancheti_congestion,230.0,cluster_13546492148_1838721956,0.0,0,0.0,10.0,10.0,10.0,10.0,5.0,-0.5
1219,2026-09-01 08:20:20.215099,sancheti_congestion,235.0,cluster_13546492148_1838721956,0.0,1,7.547034684047573,0.0,10.0,10.0,10.0,10.0,-0.5
1222,2026-09-01 08:20:20.221739,sancheti_congestion,240.0,cluster_13546492148_1838721956,10.0,2,0.12001294184080377,0.0,0.0,10.0,10.0,10.0,0.0
1225,2026-09-01 08:20:20.228458,sancheti_congestion,245.0,cluster_13546492148_1838721956,15.0,3,0.03871483189761015,10.0,0.0,0.0,10.0,10.0,0.25
1228,2026-09-01 08:20:20.235947,sancheti_congestion,250.0,cluster_13546492148_1838721956,15.0,4,1.5472774784226213,15.0,10.0,0.0,0.0,10.0,0.75
1231,2026-09-01 08:20:20.243077,sancheti_congestion,255.0,cluster_13546492148_1838721956,20.0,4,0.05878855110646207,15.0,15.0,10.0,0.0,10.0,1.0
1234,2026-09-01 08:20:20.250177,sancheti_congestion,260.0,cluster_13546492148_1838721956,25.0,5,0.02782269237850345,20.0,15.0,15.0,10.0,5.0,0.75
1237,2026-09-01 08:20:20.256876,sancheti_congestion,265.0,cluster_13546492148_1838721956,25.0,5,0.0,25.0,20.0,15.0,15.0,10.0,0.5
1240,2026-09-01 08:20:20.263735,sancheti_congestion,270.0,cluster_13546492148_1838721956,25.0,5,0.0,25.0,25.0,20.0,15.0,15.0,0.5
1243,2026-09-01 08:20:20.270371,sancheti_congestion,275.0,cluster_13546492148_1838721956,0.0,1,16.4576485822965,25.0,25.0,25.0,20.0,20.0,-1.0
1246,2026-09-01 08:20:20.277229,sancheti_congestion,280.0,cluster_13546492148_1838721956,5.0,1,0.3300990598519426,0.0,25.0,25.0,25.0,20.0,-1.0
1249,2026-09-01 08:20:20.284255,sancheti_congestion,285.0,cluster_13546492148_1838721956,5.0,1,0.0,5.0,0.0,25.0,25.0,20.0,-1.0
1252,2026-09-01 08:20:20.291005,sancheti_congestion,290.0,cluster_13546492148_1838721956,5.0,1,0.0,5.0,5.0,0.0,25.0,20.0,-1.0
1255,2026-09-01 08:20:20.297452,sancheti_congestion,295.0,cluster_13546492148_1838721956,10.0,2,0.0014868330156256294,5.0,5.0,5.0,0.0,25.0,0.5
1258,2026-09-01 08:20:20.304453,sancheti_congestion,300.0,cluster_13546492148_1838721956,10.0,2,0.0,10.0,5.0,5.0,5.0,25.0,0.25
1261,2026-09-01 08:20:20.311441,sancheti_congestion,305.0,cluster_13546492148_1838721956,10.0,2,0.0,10.0,10.0,5.0,5.0,0.0,0.25
1264,2026-09-01 08:20:20.319301,sancheti_congestion,310.0,cluster_13546492148_1838721956,10.0,2,0.0,10.0,10.0,10.0,5.0,0.0,0.25
1267,2026-09-01 08:20:20.327115,sancheti_congestion,315.0,cluster_13546492148_1838721956,10.0,3,3.8942286548901666,10.0,10.0,10.0,10.0,0.0,0.0
1270,2026-09-01 08:20:20.335828,sancheti_congestion,320.0,cluster_13546492148_1838721956,5.0,2,12.244460177050097,10.0,10.0,10.0,10.0,0.0,-0.25
1273,2026-09-01 08:20:20.344060,sancheti_congestion,325.0,cluster_13546492148_1838721956,10.0,2,0.0,5.0,10.0,10.0,10.0,5.0,0.0
1276,2026-09-01 08:20:20.352744,sancheti_congestion,330.0,cluster_13546492148_1838721956,15.0,4,0.5044899782193448,10.0,5.0,10.0,10.0,5.0,0.25
1279,2026-09-01 08:20:20.360794,sancheti_congestion,335.0,cluster_13546492148_1838721956,20.0,4,0.036336291685826555,15.0,10.0,5.0,10.0,5.0,0.5
1282,2026-09-01 08:20:20.369638,sancheti_congestion,340.0,cluster_13546492148_1838721956,20.0,4,0.0001111044307411684,20.0,15.0,10.0,5.0,5.0,0.75
1285,2026-09-01 08:20:20.377592,sancheti_congestion,345.0,cluster_13546492148_1838721956,20.0,4,0.0,20.0,20.0,15.0,10.0,5.0,0.5
1288,2026-09-01 08:20:20.385909,sancheti_congestion,350.0,cluster_13546492148_1838721956,20.0,4,0.0,20.0,20.0,20.0,15.0,0.0,0.25
1291,2026-09-01 08:20:20.393314,sancheti_congestion,355.0,cluster_13546492148_1838721956,25.0,5,0.044043419594297896,20.0,20.0,20.0,20.0,0.0,0.25
1294,2026-09-01 08:20:20.400666,sancheti_congestion,360.0,cluster_13546492148_1838721956,25.0,5,0.0,25.0,20.0,20.0,20.0,0.0,0.25
1297,2026-09-01 08:20:20.407325,sancheti_congestion,365.0,cluster_13546492148_1838721956,0.0,0,0.0,25.0,25.0,20.0,20.0,5.0,-1.0
1300,2026-09-01 08:20:20.414197,sancheti_congestion,370.0,cluster_13546492148_1838721956,0.0,1,48.09510247640694,0.0,25.0,25.0,20.0,5.0,-1.0
1303,2026-09-01 08:20:20.420607,sancheti_congestion,375.0,cluster_13546492148_1838721956,0.0,0,0.0,0.0,0.0,25.0,25.0,10.0,-1.25
1306,2026-09-01 08:20:20.426839,sancheti_congestion,380.0,cluster_13546492148_1838721956,0.0,0,0.0,0.0,0.0,0.0,25.0,10.0,-1.25
1309,2026-09-01 08:20:20.433409,sancheti_congestion,385.0,cluster_13546492148_1838721956,5.0,1,0.002014176076371626,0.0,0.0,0.0,0.0,15.0,0.25
1312,2026-09-01 08:20:20.439637,sancheti_congestion,390.0,cluster_13546492148_1838721956,5.0,1,0.0,5.0,0.0,0.0,0.0,15.0,0.25
1315,2026-09-01 08:20:20.446018,sancheti_congestion,395.0,cluster_13546492148_1838721956,5.0,2,34.199726996865444,5.0,5.0,0.0,0.0,0.0,0.25
1318,2026-09-01 08:20:20.453093,sancheti_congestion,400.0,cluster_13546492148_1838721956,5.0,1,0.0,5.0,5.0,5.0,0.0,0.0,0.25
1321,2026-09-01 08:20:20.462960,sancheti_congestion,405.0,cluster_13546492148_1838721956,5.0,2,11.20607447524555,5.0,5.0,5.0,5.0,0.0,0.0
1324,2026-09-01 08:20:20.469470,sancheti_congestion,410.0,cluster_13546492148_1838721956,0.0,0,0.0,5.0,5.0,5.0,5.0,5.0,-0.25
1327,2026-09-01 08:20:20.475508,sancheti_congestion,415.0,cluster_13546492148_1838721956,0.0,1,65.0333630871616,0.0,5.0,5.0,5.0,10.0,-0.25
1330,2026-09-01 08:20:20.482227,sancheti_congestion,420.0,cluster_13546492148_1838721956,0.0,0,0.0,0.0,0.0,5.0,5.0,10.0,-0.25
1333,2026-09-01 08:20:20.488852,sancheti_congestion,425.0,cluster_13546492148_1838721956,5.0,1,0.04336519910261208,0.0,0.0,0.0,5.0,10.0,0.0
1336,2026-09-01 08:20:20.495377,sancheti_congestion,430.0,cluster_13546492148_1838721956,5.0,2,11.220297278369816,5.0,0.0,0.0,0.0,10.0,0.25
1339,2026-09-01 08:20:20.502769,sancheti_congestion,435.0,cluster_13546492148_1838721956,10.0,2,0.03565066496319143,5.0,5.0,0.0,0.0,10.0,0.5
1342,2026-09-01 08:20:20.509372,sancheti_congestion,440.0,cluster_13546492148_1838721956,10.0,3,0.9397066208288409,10.0,5.0,5.0,0.0,0.0,0.5
1345,2026-09-01 08:20:20.516294,sancheti_congestion,445.0,cluster_13546492148_1838721956,15.0,3,0.00032493265646577415,10.0,10.0,5.0,5.0,0.0,0.5
1348,2026-09-01 08:20:20.523073,sancheti_congestion,450.0,cluster_13546492148_1838721956,15.0,3,0.0,15.0,10.0,10.0,5.0,5.0,0.5
1351,2026-09-01 08:20:20.529346,sancheti_congestion,455.0,cluster_13546492148_1838721956,0.0,0,0.0,15.0,15.0,10.0,10.0,5.0,-0.5
1354,2026-09-01 08:20:20.535919,sancheti_congestion,460.0,cluster_13546492148_1838721956,0.0,0,0.0,0.0,15.0,15.0,10.0,10.0,-0.5
1357,2026-09-01 08:20:20.542165,sancheti_congestion,465.0,cluster_13546492148_1838721956,0.0,0,0.0,0.0,0.0,15.0,15.0,10.0,-0.75
1360,2026-09-01 08:20:20.549112,sancheti_congestion,470.0,cluster_13546492148_1838721956,5.0,1,0.02908199317808453,0.0,0.0,0.0,15.0,10.0,-0.5
1363,2026-09-01 08:20:20.556224,sancheti_congestion,475.0,cluster_13546492148_1838721956,10.0,2,0.018387536529054904,5.0,0.0,0.0,0.0,15.0,0.5
1366,2026-09-01 08:20:20.562711,sancheti_congestion,480.0,cluster_13546492148_1838721956,10.0,2,0.0,10.0,5.0,0.0,0.0,20.0,0.5
1369,2026-09-01 08:20:20.569228,sancheti_congestion,485.0,cluster_13546492148_1838721956,10.0,2,0.0,10.0,10.0,5.0,0.0,0.0,0.5
1372,2026-09-01 08:20:20.575216,sancheti_congestion,490.0,cluster_13546492148_1838721956,10.0,2,0.0,10.0,10.0,10.0,5.0,0.0,0.25
1375,2026-09-01 08:20:20.581455,sancheti_congestion,495.0,cluster_13546492148_1838721956,10.0,2,0.0,10.0,10.0,10.0,10.0,0.0,0.0
1378,2026-09-01 08:20:20.586586,sancheti_congestion,500.0,cluster_13546492148_1838721956,0.0,0,0.0,10.0,10.0,10.0,10.0,0.0,-0.5
1381,2026-09-01 08:20:20.591092,sancheti_congestion,505.0,cluster_13546492148_1838721956,0.0,0,0.0,0.0,10.0,10.0,10.0,0.0,-0.5
1384,2026-09-01 08:20:20.595831,sancheti_congestion,510.0,cluster_13546492148_1838721956,5.0,1,0.2230931763647058,0.0,0.0,10.0,10.0,10.0,-0.25
1387,2026-09-01 08:20:20.600731,sancheti_congestion,515.0,cluster_13546492148_1838721956,5.0,1,0.0,5.0,0.0,0.0,10.0,10.0,-0.25
1390,2026-09-01 08:20:20.605010,sancheti_congestion,520.0,cluster_13546492148_1838721956,10.0,2,0.004012495552972511,5.0,5.0,0.0,0.0,10.0,0.5
1393,2026-09-01 08:20:20.609706,sancheti_congestion,525.0,cluster_13546492148_1838721956,10.0,2,0.0,10.0,5.0,5.0,0.0,10.0,0.5
1396,2026-09-01 08:20:20.614366,sancheti_congestion,530.0,cluster_13546492148_1838721956,10.0,3,0.19553450346542164,10.0,10.0,5.0,5.0,0.0,0.25
1399,2026-09-01 08:20:20.618885,sancheti_congestion,535.0,cluster_13546492148_1838721956,15.0,4,0.6029447869846161,10.0,10.0,10.0,5.0,0.0,0.5
1402,2026-09-01 08:20:20.623072,sancheti_congestion,540.0,cluster_13546492148_1838721956,20.0,4,0.0,15.0,10.0,10.0,10.0,0.0,0.5
1405,2026-09-01 08:20:20.627440,sancheti_congestion,545.0,cluster_13546492148_1838721956,0.0,1,20.844560886646946,20.0,15.0,10.0,10.0,5.0,-0.5
1408,2026-09-01 08:20:20.632101,sancheti_congestion,550.0,cluster_13546492148_1838721956,0.0,0,0.0,0.0,20.0,15.0,10.0,5.0,-0.5
1411,2026-09-01 08:20:20.636255,sancheti_congestion,555.0,cluster_13546492148_1838721956,0.0,0,0.0,0.0,0.0,20.0,15.0,5.0,-0.75
1414,2026-09-01 08:20:20.640567,sancheti_congestion,560.0,cluster_13546492148_1838721956,0.0,0,0.0,0.0,0.0,0.0,20.0,10.0,-1.0
1417,2026-09-01 08:20:20.645278,sancheti_congestion,565.0,cluster_13546492148_1838721956,0.0,2,12.598877212870505,0.0,0.0,0.0,0.0,15.0,0.0
1420,2026-09-01 08:20:20.650130,sancheti_congestion,570.0,cluster_13546492148_1838721956,10.0,2,0.005827329031477201,0.0,0.0,0.0,0.0,15.0,0.5
1423,2026-09-01 08:20:20.654515,sancheti_congestion,575.0,cluster_13546492148_1838721956,10.0,2,0.0,10.0,0.0,0.0,0.0,0.0,0.5
1426,2026-09-01 08:20:20.659646,sancheti_congestion,580.0,cluster_13546492148_1838721956,10.0,2,0.0,10.0,10.0,0.0,0.0,0.0,0.5
1429,2026-09-01 08:20:20.665404,sancheti_congestion,585.0,cluster_13546492148_1838721956,10.0,2,0.0,10.0,10.0,10.0,0.0,0.0,0.5
1432,2026-09-01 08:20:20.670880,sancheti_congestion,590.0,cluster_13546492148_1838721956,0.0,0,0.0,10.0,10.0,10.0,10.0,0.0,-0.5
1435,2026-09-01 08:20:20.676228,sancheti_congestion,595.0,cluster_13546492148_1838721956,0.0,0,0.0,0.0,10.0,10.0,10.0,0.0,-0.5
1438,2026-09-01 08:20:20.682560,sancheti_congestion,600.0,cluster_13546492148_1838721956,0.0,0,0.0,0.0,0.0,10.0,10.0,5.0,-0.5
1441,2026-09-01 08:20:20.688673,sancheti_congestion,605.0,cluster_13546492148_1838721956,5.0,1,0.0014743572919519326,0.0,0.0,0.0,10.0,5.0,-0.25
1444,2026-09-01 08:20:20.699367,sancheti_congestion,610.0,cluster_13546492148_1838721956,5.0,1,0.0,5.0,0.0,0.0,0.0,5.0,0.25
1447,2026-09-01 08:20:20.705559,sancheti_congestion,615.0,cluster_13546492148_1838721956,5.0,2,2.6831924014506283,5.0,5.0,0.0,0.0,5.0,0.25
1450,2026-09-01 08:20:20.711800,sancheti_congestion,620.0,cluster_13546492148_1838721956,10.0,3,9.225109451825647,5.0,5.0,5.0,0.0,0.0,0.5
1453,2026-09-01 08:20:20.718302,sancheti_congestion,625.0,cluster_13546492148_1838721956,15.0,3,0.003135909340625895,10.0,5.0,5.0,5.0,5.0,0.5
1456,2026-09-01 08:20:20.724299,sancheti_congestion,630.0,cluster_13546492148_1838721956,15.0,3,0.0,15.0,10.0,5.0,5.0,5.0,0.5
1459,2026-09-01 08:20:20.730084,sancheti_congestion,635.0,cluster_13546492148_1838721956,0.0,0,0.0,15.0,15.0,10.0,5.0,5.0,-0.25
1462,2026-09-01 08:20:20.735768,sancheti_congestion,640.0,cluster_13546492148_1838721956,0.0,0,0.0,0.0,15.0,15.0,10.0,5.0,-0.5
1465,2026-09-01 08:20:20.741941,sancheti_congestion,645.0,cluster_13546492148_1838721956,0.0,0,0.0,0.0,0.0,15.0,15.0,5.0,-0.75
1468,2026-09-01 08:20:20.747997,sancheti_congestion,650.0,cluster_13546492148_1838721956,0.0,0,0.0,0.0,0.0,0.0,15.0,5.0,-0.75
1471,2026-09-01 08:20:20.753849,sancheti_congestion,655.0,cluster_13546492148_1838721956,0.0,1,0.3884594478880142,0.0,0.0,0.0,0.0,5.0,0.0
1474,2026-09-01 08:20:20.759400,sancheti_congestion,660.0,cluster_13546492148_1838721956,5.0,1,0.0004723560812459436,0.0,0.0,0.0,0.0,5.0,0.25
1477,2026-09-01 08:20:20.766085,sancheti_congestion,665.0,cluster_13546492148_1838721956,5.0,1,0.0,5.0,0.0,0.0,0.0,0.0,0.25
1480,2026-09-01 08:20:20.772220,sancheti_congestion,670.0,cluster_13546492148_1838721956,5.0,1,0.0,5.0,5.0,0.0,0.0,0.0,0.25
1483,2026-09-01 08:20:20.778043,sancheti_congestion,675.0,cluster_13546492148_1838721956,5.0,1,0.0,5.0,5.0,5.0,0.0,0.0,0.25
1486,2026-09-01 08:20:20.784660,sancheti_congestion,680.0,cluster_13546492148_1838721956,0.0,1,3.756712995939137,5.0,5.0,5.0,5.0,5.0,-0.25
1489,2026-09-01 08:20:20.790666,sancheti_congestion,685.0,cluster_13546492148_1838721956,5.0,1,0.0064571101849682615,0.0,5.0,5.0,5.0,10.0,0.0
1492,2026-09-01 08:20:20.796623,sancheti_congestion,690.0,cluster_13546492148_1838721956,5.0,1,0.0,5.0,0.0,5.0,5.0,15.0,0.0
1495,2026-09-01 08:20:20.803238,sancheti_congestion,695.0,cluster_13546492148_1838721956,5.0,1,0.0,5.0,5.0,0.0,5.0,15.0,0.0
1498,2026-09-01 08:20:20.809954,sancheti_congestion,700.0,cluster_13546492148_1838721956,5.0,1,0.0,5.0,5.0,5.0,0.0,15.0,0.25
1501,2026-09-01 08:20:20.816455,sancheti_congestion,705.0,cluster_13546492148_1838721956,5.0,1,0.0,5.0,5.0,5.0,5.0,15.0,0.0
1504,2026-09-01 08:20:20.822805,sancheti_congestion,710.0,cluster_13546492148_1838721956,5.0,1,0.0,5.0,5.0,5.0,5.0,5.0,0.0
1507,2026-09-01 08:20:20.829037,sancheti_congestion,715.0,cluster_13546492148_1838721956,5.0,1,0.0,5.0,5.0,5.0,5.0,5.0,0.0
1510,2026-09-01 08:20:20.835158,sancheti_congestion,720.0,cluster_13546492148_1838721956,5.0,1,0.0,5.0,5.0,5.0,5.0,10.0,0.0
1513,2026-09-01 08:20:20.841200,sancheti_congestion,725.0,cluster_13546492148_1838721956,0.0,0,0.0,5.0,5.0,5.0,5.0,10.0,-0.25
1516,2026-09-01 08:20:20.847758,sancheti_congestion,730.0,cluster_13546492148_1838721956,0.0,0,0.0,0.0,5.0,5.0,5.0,10.0,-0.25
1519,2026-09-01 08:20:20.854005,sancheti_congestion,735.0,cluster_13546492148_1838721956,0.0,1,1.3450991322540902,0.0,0.0,5.0,5.0,15.0,-0.25
1522,2026-09-01 08:20:20.860152,sancheti_congestion,740.0,cluster_13546492148_1838721956,5.0,1,0.0,0.0,0.0,0.0,5.0,15.0,0.0
1525,2026-09-01 08:20:20.866594,sancheti_congestion,745.0,cluster_13546492148_1838721956,10.0,2,0.005137465763597203,5.0,0.0,0.0,0.0,20.0,0.5
1528,2026-09-01 08:20:20.872390,sancheti_congestion,750.0,cluster_13546492148_1838721956,15.0,3,0.0506116249795695,10.0,5.0,0.0,0.0,20.0,0.75
1531,2026-09-01 08:20:20.878080,sancheti_congestion,755.0,cluster_13546492148_1838721956,15.0,3,0.0,15.0,10.0,5.0,0.0,0.0,0.75
1534,2026-09-01 08:20:20.884419,sancheti_congestion,760.0,cluster_13546492148_1838721956,15.0,3,0.0,15.0,15.0,10.0,5.0,0.0,0.5
1537,2026-09-01 08:20:20.890507,sancheti_congestion,765.0,cluster_13546492148_1838721956,15.0,4,0.9602738417686911,15.0,15.0,15.0,10.0,0.0,0.25
1540,2026-09-01 08:20:20.896146,sancheti_congestion,770.0,cluster_13546492148_1838721956,5.0,1,0.0,15.0,15.0,15.0,15.0,0.0,-0.5
1543,2026-09-01 08:20:20.901863,sancheti_congestion,775.0,cluster_13546492148_1838721956,5.0,2,10.557753197230053,5.0,15.0,15.0,15.0,5.0,-0.5
1546,2026-09-01 08:20:20.908489,sancheti_congestion,780.0,cluster_13546492148_1838721956,10.0,2,0.002700510555850742,5.0,5.0,15.0,15.0,10.0,-0.25
1549,2026-09-01 08:20:20.915399,sancheti_congestion,785.0,cluster_13546492148_1838721956,10.0,2,0.0,10.0,5.0,5.0,15.0,10.0,-0.25
1552,2026-09-01 08:20:20.922107,sancheti_congestion,790.0,cluster_13546492148_1838721956,10.0,3,11.893621101847634,10.0,10.0,5.0,5.0,10.0,0.25
1555,2026-09-01 08:20:20.928785,sancheti_congestion,795.0,cluster_13546492148_1838721956,15.0,3,0.0061533330376396115,10.0,10.0,10.0,5.0,10.0,0.5
1558,2026-09-01 08:20:20.935703,sancheti_congestion,800.0,cluster_13546492148_1838721956,15.0,3,0.0,15.0,10.0,10.0,10.0,5.0,0.25
1561,2026-09-01 08:20:20.942517,sancheti_congestion,805.0,cluster_13546492148_1838721956,20.0,4,0.07699686596401858,15.0,15.0,10.0,10.0,10.0,0.5
1564,2026-09-01 08:20:20.953346,sancheti_congestion,810.0,cluster_13546492148_1838721956,20.0,4,0.0,20.0,15.0,15.0,10.0,15.0,0.5
1567,2026-09-01 08:20:20.960893,sancheti_congestion,815.0,cluster_13546492148_1838721956,0.0,1,20.204335328352542,20.0,20.0,15.0,15.0,15.0,-0.75
1570,2026-09-01 08:20:20.967844,sancheti_congestion,820.0,cluster_13546492148_1838721956,0.0,0,0.0,0.0,20.0,20.0,15.0,15.0,-0.75
1573,2026-09-01 08:20:20.974769,sancheti_congestion,825.0,cluster_13546492148_1838721956,0.0,1,64.4756322564293,0.0,0.0,20.0,20.0,15.0,-1.0
1576,2026-09-01 08:20:20.981520,sancheti_congestion,830.0,cluster_13546492148_1838721956,0.0,0,0.0,0.0,0.0,0.0,20.0,15.0,-1.0
1579,2026-09-01 08:20:20.988419,sancheti_congestion,835.0,cluster_13546492148_1838721956,5.0,2,0.5493047950861695,0.0,0.0,0.0,0.0,15.0,0.25
1582,2026-09-01 08:20:20.995643,sancheti_congestion,840.0,cluster_13546492148_1838721956,10.0,2,0.0,5.0,0.0,0.0,0.0,15.0,0.5
1585,2026-09-01 08:20:21.002785,sancheti_congestion,845.0,cluster_13546492148_1838721956,10.0,2,0.0,10.0,5.0,0.0,0.0,0.0,0.5
1588,2026-09-01 08:20:21.009632,sancheti_congestion,850.0,cluster_13546492148_1838721956,10.0,2,0.0,10.0,10.0,5.0,0.0,0.0,0.5
1591,2026-09-01 08:20:21.017095,sancheti_congestion,855.0,cluster_13546492148_1838721956,10.0,3,6.208516103743563,10.0,10.0,10.0,5.0,0.0,0.25
1594,2026-09-01 08:20:21.024273,sancheti_congestion,860.0,cluster_13546492148_1838721956,5.0,2,15.896473899552788,10.0,10.0,10.0,10.0,0.0,-0.25
1597,2026-09-01 08:20:21.030909,sancheti_congestion,865.0,cluster_13546492148_1838721956,10.0,3,5.423889461845787,5.0,10.0,10.0,10.0,5.0,0.0
1600,2026-09-01 08:20:21.038118,sancheti_congestion,870.0,cluster_13546492148_1838721956,15.0,3,0.010075534241705254,10.0,5.0,10.0,10.0,10.0,0.25
1603,2026-09-01 08:20:21.046963,sancheti_congestion,875.0,cluster_13546492148_1838721956,15.0,3,0.0,15.0,10.0,5.0,10.0,10.0,0.25
1606,2026-09-01 08:20:21.061104,sancheti_congestion,880.0,cluster_13546492148_1838721956,15.0,3,0.0,15.0,15.0,10.0,5.0,10.0,0.5
1609,2026-09-01 08:20:21.074541,sancheti_congestion,885.0,cluster_13546492148_1838721956,15.0,3,0.0,15.0,15.0,15.0,10.0,10.0,0.25
1612,2026-09-01 08:20:21.083785,sancheti_congestion,890.0,cluster_13546492148_1838721956,15.0,3,0.0,15.0,15.0,15.0,15.0,0.0,0.0
1615,2026-09-01 08:20:21.091295,sancheti_congestion,895.0,cluster_13546492148_1838721956,15.0,3,0.0,15.0,15.0,15.0,15.0,0.0,0.0
1618,2026-09-01 08:20:21.098193,sancheti_congestion,900.0,cluster_13546492148_1838721956,15.0,3,0.0,15.0,15.0,15.0,15.0,0.0,0.0
1621,2026-09-01 08:20:21.107254,sancheti_congestion,905.0,cluster_13546492148_1838721956,0.0,0,0.0,15.0,15.0,15.0,15.0,0.0,-0.75
1624,2026-09-01 08:20:21.115718,sancheti_congestion,910.0,cluster_13546492148_1838721956,0.0,0,0.0,0.0,15.0,15.0,15.0,5.0,-0.75
1627,2026-09-01 08:20:21.123798,sancheti_congestion,915.0,cluster_13546492148_1838721956,0.0,0,0.0,0.0,0.0,15.0,15.0,5.0,-0.75
1630,2026-09-01 08:20:21.131805,sancheti_congestion,920.0,cluster_13546492148_1838721956,0.0,0,0.0,0.0,0.0,0.0,15.0,5.0,-0.75
1633,2026-09-01 08:20:21.139924,sancheti_congestion,925.0,cluster_13546492148_1838721956,5.0,2,1.4070877271565543,0.0,0.0,0.0,0.0,5.0,0.25
1636,2026-09-01 08:20:21.147699,sancheti_congestion,930.0,cluster_13546492148_1838721956,10.0,2,0.00034802339294135544,5.0,0.0,0.0,0.0,5.0,0.5
1639,2026-09-01 08:20:21.155739,sancheti_congestion,935.0,cluster_13546492148_1838721956,10.0,2,0.0,10.0,5.0,0.0,0.0,0.0,0.5
1642,2026-09-01 08:20:21.162780,sancheti_congestion,940.0,cluster_13546492148_1838721956,10.0,2,0.0,10.0,10.0,5.0,0.0,0.0,0.5
1645,2026-09-01 08:20:21.170858,sancheti_congestion,945.0,cluster_13546492148_1838721956,10.0,2,0.0,10.0,10.0,10.0,5.0,0.0,0.25
1648,2026-09-01 08:20:21.178094,sancheti_congestion,950.0,cluster_13546492148_1838721956,0.0,0,0.0,10.0,10.0,10.0,10.0,0.0,-0.5
1651,2026-09-01 08:20:21.186375,sancheti_congestion,955.0,cluster_13546492148_1838721956,0.0,0,0.0,0.0,10.0,10.0,10.0,5.0,-0.5
1654,2026-09-01 08:20:21.194431,sancheti_congestion,960.0,cluster_13546492148_1838721956,0.0,0,0.0,0.0,0.0,10.0,10.0,10.0,-0.5
1657,2026-09-01 08:20:21.203267,sancheti_congestion,965.0,cluster_13546492148_1838721956,0.0,1,16.363302894315094,0.0,0.0,0.0,10.0,10.0,-0.5
1660,2026-09-01 08:20:21.211438,sancheti_congestion,970.0,cluster_13546492148_1838721956,5.0,1,0.0,0.0,0.0,0.0,0.0,10.0,0.25
1663,2026-09-01 08:20:21.220015,sancheti_congestion,975.0,cluster_13546492148_1838721956,5.0,1,0.0,5.0,0.0,0.0,0.0,10.0,0.25
1666,2026-09-01 08:20:21.227978,sancheti_congestion,980.0,cluster_13546492148_1838721956,5.0,1,0.0,5.0,5.0,0.0,0.0,10.0,0.25
1669,2026-09-01 08:20:21.236029,sancheti_congestion,985.0,cluster_13546492148_1838721956,5.0,1,0.0,5.0,5.0,5.0,0.0,10.0,0.25
1672,2026-09-01 08:20:21.243219,sancheti_congestion,990.0,cluster_13546492148_1838721956,5.0,1,0.0,5.0,5.0,5.0,5.0,20.0,0.0
1675,2026-09-01 08:20:21.250669,sancheti_congestion,995.0,cluster_13546492148_1838721956,0.0,0,0.0,5.0,5.0,5.0,5.0,25.0,-0.25
1678,2026-09-01 08:20:21.257641,sancheti_congestion,1000.0,cluster_13546492148_1838721956,0.0,0,0.0,0.0,5.0,5.0,5.0,25.0,-0.25
1681,2026-09-01 08:20:21.264378,sancheti_congestion,1005.0,cluster_13546492148_1838721956,0.0,0,0.0,0.0,0.0,5.0,5.0,25.0,-0.25
1684,2026-09-01 08:20:21.275815,sancheti_congestion,1010.0,cluster_13546492148_1838721956,0.0,0,0.0,0.0,0.0,0.0,5.0,25.0,-0.25
1687,2026-09-01 08:20:21.283800,sancheti_congestion,1015.0,cluster_13546492148_1838721956,5.0,2,6.374381719246288,0.0,0.0,0.0,0.0,25.0,0.25
1690,2026-09-01 08:20:21.291161,sancheti_congestion,1020.0,cluster_13546492148_1838721956,10.0,2,0.0006603612336622085,5.0,0.0,0.0,0.0,25.0,0.5
1693,2026-09-01 08:20:21.298694,sancheti_congestion,1025.0,cluster_13546492148_1838721956,10.0,2,0.0,10.0,5.0,0.0,0.0,0.0,0.5
1696,2026-09-01 08:20:21.306238,sancheti_congestion,1030.0,cluster_13546492148_1838721956,10.0,2,0.0,10.0,10.0,5.0,0.0,0.0,0.5
1699,2026-09-01 08:20:21.313513,sancheti_congestion,1035.0,cluster_13546492148_1838721956,10.0,4,6.811754084008876,10.0,10.0,10.0,5.0,0.0,0.25
1702,2026-09-01 08:20:21.321239,sancheti_congestion,1040.0,cluster_13546492148_1838721956,10.0,2,0.01929255056945255,10.0,10.0,10.0,10.0,0.0,0.0
1705,2026-09-01 08:20:21.328452,sancheti_congestion,1045.0,cluster_13546492148_1838721956,10.0,4,1.9472543747119633,10.0,10.0,10.0,10.0,5.0,0.0
1708,2026-09-01 08:20:21.336489,sancheti_congestion,1050.0,cluster_13546492148_1838721956,20.0,4,0.0004938236072784154,10.0,10.0,10.0,10.0,5.0,0.5
1711,2026-09-01 08:20:21.344541,sancheti_congestion,1055.0,cluster_13546492148_1838721956,25.0,5,0.00028572877686788996,20.0,10.0,10.0,10.0,5.0,0.75
1714,2026-09-01 08:20:21.353289,sancheti_congestion,1060.0,cluster_13546492148_1838721956,25.0,5,0.0,25.0,20.0,10.0,10.0,5.0,0.75
1717,2026-09-01 08:20:21.361061,sancheti_congestion,1065.0,cluster_13546492148_1838721956,25.0,5,0.0,25.0,25.0,20.0,10.0,5.0,0.75
1720,2026-09-01 08:20:21.369265,sancheti_congestion,1070.0,cluster_13546492148_1838721956,25.0,5,0.0,25.0,25.0,25.0,20.0,0.0,0.25
1723,2026-09-01 08:20:21.376858,sancheti_congestion,1075.0,cluster_13546492148_1838721956,25.0,5,0.0,25.0,25.0,25.0,25.0,0.0,0.0
1726,2026-09-01 08:20:21.385651,sancheti_congestion,1080.0,cluster_13546492148_1838721956,25.0,5,0.0,25.0,25.0,25.0,25.0,0.0,0.0
1729,2026-09-01 08:20:21.393232,sancheti_congestion,1085.0,cluster_13546492148_1838721956,0.0,2,19.91488343141572,25.0,25.0,25.0,25.0,0.0,-1.25
1732,2026-09-01 08:20:21.401372,sancheti_congestion,1090.0,cluster_13546492148_1838721956,0.0,1,41.44284576637972,0.0,25.0,25.0,25.0,0.0,-1.25
1735,2026-09-01 08:20:21.408700,sancheti_congestion,1095.0,cluster_13546492148_1838721956,0.0,0,0.0,0.0,0.0,25.0,25.0,0.0,-1.25
1738,2026-09-01 08:20:21.415451,sancheti_congestion,1100.0,cluster_13546492148_1838721956,0.0,0,0.0,0.0,0.0,0.0,25.0,0.0,-1.25
1741,2026-09-01 08:20:21.422298,sancheti_congestion,1105.0,cluster_13546492148_1838721956,5.0,1,0.08730989410752256,0.0,0.0,0.0,0.0,0.0,0.25
1744,2026-09-01 08:20:21.429376,sancheti_congestion,1110.0,cluster_13546492148_1838721956,5.0,1,0.0,5.0,0.0,0.0,0.0,0.0,0.25
1747,2026-09-01 08:20:21.437201,sancheti_congestion,1115.0,cluster_13546492148_1838721956,5.0,1,0.0,5.0,5.0,0.0,0.0,0.0,0.25
1750,2026-09-01 08:20:21.444495,sancheti_congestion,1120.0,cluster_13546492148_1838721956,5.0,1,0.0,5.0,5.0,5.0,0.0,0.0,0.25
1753,2026-09-01 08:20:21.451854,sancheti_congestion,1125.0,cluster_13546492148_1838721956,5.0,1,0.0,5.0,5.0,5.0,5.0,0.0,0.0
1756,2026-09-01 08:20:21.458609,sancheti_congestion,1130.0,cluster_13546492148_1838721956,0.0,0,0.0,5.0,5.0,5.0,5.0,0.0,-0.25
1759,2026-09-01 08:20:21.465970,sancheti_congestion,1135.0,cluster_13546492148_1838721956,0.0,0,0.0,0.0,5.0,5.0,5.0,0.0,-0.25
1762,2026-09-01 08:20:21.472641,sancheti_congestion,1140.0,cluster_13546492148_1838721956,0.0,0,0.0,0.0,0.0,5.0,5.0,5.0,-0.25
1765,2026-09-01 08:20:21.479554,sancheti_congestion,1145.0,cluster_13546492148_1838721956,0.0,0,0.0,0.0,0.0,0.0,5.0,5.0,-0.25
1768,2026-09-01 08:20:21.486478,sancheti_congestion,1150.0,cluster_13546492148_1838721956,0.0,0,0.0,0.0,0.0,0.0,0.0,5.0,0.0
1771,2026-09-01 08:20:21.493435,sancheti_congestion,1155.0,cluster_13546492148_1838721956,0.0,0,0.0,0.0,0.0,0.0,0.0,10.0,0.0
1774,2026-09-01 08:20:21.501002,sancheti_congestion,1160.0,cluster_13546492148_1838721956,0.0,0,0.0,0.0,0.0,0.0,0.0,5.0,0.0
1777,2026-09-01 08:20:21.508102,sancheti_congestion,1165.0,cluster_13546492148_1838721956,0.0,0,0.0,0.0,0.0,0.0,0.0,10.0,0.0
1780,2026-09-01 08:20:21.515042,sancheti_congestion,1170.0,cluster_13546492148_1838721956,0.0,0,0.0,0.0,0.0,0.0,0.0,10.0,0.0
1783,2026-09-01 08:20:21.522884,sancheti_congestion,1175.0,cluster_13546492148_1838721956,0.0,0,0.0,0.0,0.0,0.0,0.0,10.0,0.0
1786,2026-09-01 08:20:21.529426,sancheti_congestion,1180.0,cluster_13546492148_1838721956,0.0,0,0.0,0.0,0.0,0.0,0.0,10.0,0.0
1789,2026-09-01 08:20:21.536078,sancheti_congestion,1185.0,cluster_13546492148_1838721956,0.0,0,0.0,0.0,0.0,0.0,0.0,10.0,0.0
1792,2026-09-01 08:20:21.543387,sancheti_congestion,1190.0,cluster_13546492148_1838721956,0.0,0,0.0,0.0,0.0,0.0,0.0,10.0,0.0
1795,2026-09-01 08:20:21.551033,sancheti_congestion,1195.0,cluster_13546492148_1838721956,0.0,1,0.47602839076822057,0.0,0.0,0.0,0.0,10.0,0.0
1798,2026-09-01 08:20:21.557609,sancheti_congestion,1200.0,cluster_13546492148_1838721956,5.0,1,0.0,0.0,0.0,0.0,0.0,15.0,0.25
1801,2026-09-01 08:20:21.564374,sancheti_congestion,1205.0,cluster_13546492148_1838721956,5.0,1,0.0,5.0,0.0,0.0,0.0,0.0,0.25
1804,2026-09-01 08:20:21.574936,sancheti_congestion,1210.0,cluster_13546492148_1838721956,5.0,1,0.0,5.0,5.0,0.0,0.0,0.0,0.25
1807,2026-09-01 08:20:21.581793,sancheti_congestion,1215.0,cluster_13546492148_1838721956,10.0,3,0.15388261257462868,5.0,5.0,5.0,0.0,0.0,0.5
1810,2026-09-01 08:20:21.588966,sancheti_congestion,1220.0,cluster_13546492148_1838721956,5.0,1,0.0,10.0,5.0,5.0,5.0,0.0,0.0
1813,2026-09-01 08:20:21.595843,sancheti_congestion,1225.0,cluster_13546492148_1838721956,10.0,2,0.0006790283499415232,5.0,10.0,5.0,5.0,5.0,0.25
1816,2026-09-01 08:20:21.603222,sancheti_congestion,1230.0,cluster_13546492148_1838721956,10.0,2,0.0,10.0,5.0,10.0,5.0,5.0,0.25
1819,2026-09-01 08:20:21.610064,sancheti_congestion,1235.0,cluster_13546492148_1838721956,10.0,2,0.0,10.0,10.0,5.0,10.0,5.0,0.0
1822,2026-09-01 08:20:21.616822,sancheti_congestion,1240.0,cluster_13546492148_1838721956,10.0,2,0.0,10.0,10.0,10.0,5.0,5.0,0.25
1825,2026-09-01 08:20:21.623022,sancheti_congestion,1245.0,cluster_13546492148_1838721956,10.0,2,0.0,10.0,10.0,10.0,10.0,5.0,0.0
1828,2026-09-01 08:20:21.629555,sancheti_congestion,1250.0,cluster_13546492148_1838721956,10.0,2,0.0,10.0,10.0,10.0,10.0,0.0,0.0
1831,2026-09-01 08:20:21.636695,sancheti_congestion,1255.0,cluster_13546492148_1838721956,10.0,2,0.0,10.0,10.0,10.0,10.0,0.0,0.0
1834,2026-09-01 08:20:21.643746,sancheti_congestion,1260.0,cluster_13546492148_1838721956,15.0,4,7.775429926977779,10.0,10.0,10.0,10.0,5.0,0.25
1837,2026-09-01 08:20:21.651073,sancheti_congestion,1265.0,cluster_13546492148_1838721956,0.0,0,0.0,15.0,10.0,10.0,10.0,5.0,-0.5
1840,2026-09-01 08:20:21.657639,sancheti_congestion,1270.0,cluster_13546492148_1838721956,0.0,0,0.0,0.0,15.0,10.0,10.0,5.0,-0.5
1843,2026-09-01 08:20:21.664306,sancheti_congestion,1275.0,cluster_13546492148_1838721956,0.0,1,71.45324612051215,0.0,0.0,15.0,10.0,10.0,-0.5
1846,2026-09-01 08:20:21.671143,sancheti_congestion,1280.0,cluster_13546492148_1838721956,0.0,0,0.0,0.0,0.0,0.0,15.0,10.0,-0.75
1849,2026-09-01 08:20:21.677826,sancheti_congestion,1285.0,cluster_13546492148_1838721956,5.0,1,0.002995795063000714,0.0,0.0,0.0,0.0,10.0,0.25
1852,2026-09-01 08:20:21.685141,sancheti_congestion,1290.0,cluster_13546492148_1838721956,5.0,1,0.0,5.0,0.0,0.0,0.0,10.0,0.25
1855,2026-09-01 08:20:21.692195,sancheti_congestion,1295.0,cluster_13546492148_1838721956,5.0,1,0.0,5.0,5.0,0.0,0.0,0.0,0.25
1858,2026-09-01 08:20:21.699186,sancheti_congestion,1300.0,cluster_13546492148_1838721956,5.0,1,0.0,5.0,5.0,5.0,0.0,0.0,0.25
1861,2026-09-01 08:20:21.706052,sancheti_congestion,1305.0,cluster_13546492148_1838721956,5.0,1,0.0,5.0,5.0,5.0,5.0,0.0,0.0
1864,2026-09-01 08:20:21.712432,sancheti_congestion,1310.0,cluster_13546492148_1838721956,0.0,0,0.0,5.0,5.0,5.0,5.0,0.0,-0.25
1867,2026-09-01 08:20:21.719437,sancheti_congestion,1315.0,cluster_13546492148_1838721956,0.0,0,0.0,0.0,5.0,5.0,5.0,5.0,-0.25
1870,2026-09-01 08:20:21.726330,sancheti_congestion,1320.0,cluster_13546492148_1838721956,5.0,1,0.01122555520940134,0.0,0.0,5.0,5.0,10.0,0.0
1873,2026-09-01 08:20:21.734177,sancheti_congestion,1325.0,cluster_13546492148_1838721956,5.0,1,0.0,5.0,0.0,0.0,5.0,10.0,0.0
1876,2026-09-01 08:20:21.741862,sancheti_congestion,1330.0,cluster_13546492148_1838721956,5.0,2,0.8470358983288753,5.0,5.0,0.0,0.0,10.0,0.25
1879,2026-09-01 08:20:21.749193,sancheti_congestion,1335.0,cluster_13546492148_1838721956,10.0,2,0.01677206545572982,5.0,5.0,5.0,0.0,10.0,0.5
1882,2026-09-01 08:20:21.756526,sancheti_congestion,1340.0,cluster_13546492148_1838721956,10.0,2,0.0,10.0,5.0,5.0,5.0,0.0,0.25
1885,2026-09-01 08:20:21.763097,sancheti_congestion,1345.0,cluster_13546492148_1838721956,10.0,2,0.0,10.0,10.0,5.0,5.0,0.0,0.25
1888,2026-09-01 08:20:21.769901,sancheti_congestion,1350.0,cluster_13546492148_1838721956,10.0,2,0.0,10.0,10.0,10.0,5.0,5.0,0.25
1891,2026-09-01 08:20:21.776537,sancheti_congestion,1355.0,cluster_13546492148_1838721956,0.0,0,0.0,10.0,10.0,10.0,10.0,5.0,-0.5
1894,2026-09-01 08:20:21.783068,sancheti_congestion,1360.0,cluster_13546492148_1838721956,0.0,0,0.0,0.0,10.0,10.0,10.0,5.0,-0.5
1897,2026-09-01 08:20:21.789592,sancheti_congestion,1365.0,cluster_13546492148_1838721956,0.0,0,0.0,0.0,0.0,10.0,10.0,10.0,-0.5
1900,2026-09-01 08:20:21.796147,sancheti_congestion,1370.0,cluster_13546492148_1838721956,0.0,0,0.0,0.0,0.0,0.0,10.0,10.0,-0.5
1903,2026-09-01 08:20:21.802741,sancheti_congestion,1375.0,cluster_13546492148_1838721956,5.0,2,0.47988041440572826,0.0,0.0,0.0,0.0,10.0,0.25
1906,2026-09-01 08:20:21.809702,sancheti_congestion,1380.0,cluster_13546492148_1838721956,10.0,2,0.00032660585587055275,5.0,0.0,0.0,0.0,15.0,0.5
1909,2026-09-01 08:20:21.817043,sancheti_congestion,1385.0,cluster_13546492148_1838721956,10.0,2,0.0,10.0,5.0,0.0,0.0,0.0,0.5
1912,2026-09-01 08:20:21.824274,sancheti_congestion,1390.0,cluster_13546492148_1838721956,10.0,2,0.0,10.0,10.0,5.0,0.0,0.0,0.5
1915,2026-09-01 08:20:21.831055,sancheti_congestion,1395.0,cluster_13546492148_1838721956,10.0,2,0.0,10.0,10.0,10.0,5.0,5.0,0.25
1094,2026-09-01 08:20:19.985968,sancheti_congestion,25.0,cluster_2061304035_245647208,0.0,0,0.0,0.0,0.0,0.0,0.0,0.0,0.0
1097,2026-09-01 08:20:19.990750,sancheti_congestion,30.0,cluster_2061304035_245647208,0.0,0,0.0,0.0,0.0,0.0,0.0,0.0,0.0
1100,2026-09-01 08:20:19.994720,sancheti_congestion,35.0,cluster_2061304035_245647208,0.0,0,0.0,0.0,0.0,0.0,0.0,0.0,0.0
1103,2026-09-01 08:20:19.999697,sancheti_congestion,40.0,cluster_2061304035_245647208,0.0,0,0.0,0.0,0.0,0.0,0.0,0.0,0.0
1106,2026-09-01 08:20:20.003450,sancheti_congestion,45.0,cluster_2061304035_245647208,0.0,0,0.0,0.0,0.0,0.0,0.0,0.0,0.0
1109,2026-09-01 08:20:20.007818,sancheti_congestion,50.0,cluster_2061304035_245647208,0.0,0,0.0,0.0,0.0,0.0,0.0,0.0,0.0
1112,2026-09-01 08:20:20.011961,sancheti_congestion,55.0,cluster_2061304035_245647208,0.0,0,0.0,0.0,0.0,0.0,0.0,0.0,0.0
1115,2026-09-01 08:20:20.016681,sancheti_congestion,60.0,cluster_2061304035_245647208,0.0,0,0.0,0.0,0.0,0.0,0.0,0.0,0.0
1118,2026-09-01 08:20:20.020421,sancheti_congestion,65.0,cluster_2061304035_245647208,0.0,0,0.0,0.0,0.0,0.0,0.0,0.0,0.0
1121,2026-09-01 08:20:20.025118,sancheti_congestion,70.0,cluster_2061304035_245647208,0.0,0,0.0,0.0,0.0,0.0,0.0,0.0,0.0
1124,2026-09-01 08:20:20.029771,sancheti_congestion,75.0,cluster_2061304035_245647208,0.0,0,0.0,0.0,0.0,0.0,0.0,0.0,0.0
1127,2026-09-01 08:20:20.034344,sancheti_congestion,80.0,cluster_2061304035_245647208,0.0,0,0.0,0.0,0.0,0.0,0.0,0.0,0.0
1130,2026-09-01 08:20:20.038445,sancheti_congestion,85.0,cluster_2061304035_245647208,0.0,0,0.0,0.0,0.0,0.0,0.0,0.0,0.0
1133,2026-09-01 08:20:20.042636,sancheti_congestion,90.0,cluster_2061304035_245647208,0.0,0,0.0,0.0,0.0,0.0,0.0,0.0,0.0
1136,2026-09-01 08:20:20.047258,sancheti_congestion,95.0,cluster_2061304035_245647208,0.0,0,0.0,0.0,0.0,0.0,0.0,0.0,0.0
1139,2026-09-01 08:20:20.051815,sancheti_congestion,100.0,cluster_2061304035_245647208,0.0,0,0.0,0.0,0.0,0.0,0.0,0.0,0.0
1142,2026-09-01 08:20:20.056542,sancheti_congestion,105.0,cluster_2061304035_245647208,0.0,0,0.0,0.0,0.0,0.0,0.0,0.0,0.0
1145,2026-09-01 08:20:20.061451,sancheti_congestion,110.0,cluster_2061304035_245647208,0.0,0,0.0,0.0,0.0,0.0,0.0,0.0,0.0
1148,2026-09-01 08:20:20.066722,sancheti_congestion,115.0,cluster_2061304035_245647208,0.0,0,0.0,0.0,0.0,0.0,0.0,0.0,0.0
1151,2026-09-01 08:20:20.071390,sancheti_congestion,120.0,cluster_2061304035_245647208,0.0,0,0.0,0.0,0.0,0.0,0.0,0.0,0.0
1154,2026-09-01 08:20:20.076489,sancheti_congestion,125.0,cluster_2061304035_245647208,0.0,0,0.0,0.0,0.0,0.0,0.0,0.0,0.0
1157,2026-09-01 08:20:20.082230,sancheti_congestion,130.0,cluster_2061304035_245647208,0.0,0,0.0,0.0,0.0,0.0,0.0,0.0,0.0
1160,2026-09-01 08:20:20.086988,sancheti_congestion,135.0,cluster_2061304035_245647208,0.0,0,0.0,0.0,0.0,0.0,0.0,0.0,0.0
1163,2026-09-01 08:20:20.092238,sancheti_congestion,140.0,cluster_2061304035_245647208,0.0,0,0.0,0.0,0.0,0.0,0.0,10.0,0.0
1166,2026-09-01 08:20:20.097559,sancheti_congestion,145.0,cluster_2061304035_245647208,0.0,0,0.0,0.0,0.0,0.0,0.0,15.0,0.0
1169,2026-09-01 08:20:20.102761,sancheti_congestion,150.0,cluster_2061304035_245647208,0.0,1,60.981086505127934,0.0,0.0,0.0,0.0,15.0,0.0
1172,2026-09-01 08:20:20.108938,sancheti_congestion,155.0,cluster_2061304035_245647208,0.0,1,21.163468976899274,0.0,0.0,0.0,0.0,15.0,0.0
1175,2026-09-01 08:20:20.115500,sancheti_congestion,160.0,cluster_2061304035_245647208,0.0,2,17.738057191803893,0.0,0.0,0.0,0.0,15.0,0.0
1178,2026-09-01 08:20:20.121989,sancheti_congestion,165.0,cluster_2061304035_245647208,0.0,0,0.0,0.0,0.0,0.0,0.0,20.0,0.0
1181,2026-09-01 08:20:20.128627,sancheti_congestion,170.0,cluster_2061304035_245647208,0.0,0,0.0,0.0,0.0,0.0,0.0,0.0,0.0
1184,2026-09-01 08:20:20.135131,sancheti_congestion,175.0,cluster_2061304035_245647208,0.0,0,0.0,0.0,0.0,0.0,0.0,0.0,0.0
1187,2026-09-01 08:20:20.140745,sancheti_congestion,180.0,cluster_2061304035_245647208,0.0,0,0.0,0.0,0.0,0.0,0.0,0.0,0.0
1190,2026-09-01 08:20:20.146630,sancheti_congestion,185.0,cluster_2061304035_245647208,0.0,0,0.0,0.0,0.0,0.0,0.0,0.0,0.0
1193,2026-09-01 08:20:20.151928,sancheti_congestion,190.0,cluster_2061304035_245647208,0.0,0,0.0,0.0,0.0,0.0,0.0,0.0,0.0
1196,2026-09-01 08:20:20.158378,sancheti_congestion,195.0,cluster_2061304035_245647208,0.0,3,52.745560333990106,0.0,0.0,0.0,0.0,0.0,0.0
1199,2026-09-01 08:20:20.164137,sancheti_congestion,200.0,cluster_2061304035_245647208,10.0,4,21.52664360749946,0.0,0.0,0.0,0.0,0.0,0.5
1202,2026-09-01 08:20:20.174023,sancheti_congestion,205.0,cluster_2061304035_245647208,15.0,3,0.001177624450571752,10.0,0.0,0.0,0.0,0.0,0.75
1205,2026-09-01 08:20:20.180977,sancheti_congestion,210.0,cluster_2061304035_245647208,15.0,3,0.004750394986342685,15.0,10.0,0.0,0.0,0.0,0.75
1208,2026-09-01 08:20:20.187972,sancheti_congestion,215.0,cluster_2061304035_245647208,15.0,3,0.0,15.0,15.0,10.0,0.0,0.0,0.75
1211,2026-09-01 08:20:20.194802,sancheti_congestion,220.0,cluster_2061304035_245647208,15.0,4,13.893875455681561,15.0,15.0,15.0,10.0,0.0,0.25
1214,2026-09-01 08:20:20.201795,sancheti_congestion,225.0,cluster_2061304035_245647208,20.0,4,0.017711622462611695,15.0,15.0,15.0,15.0,0.0,0.25
1217,2026-09-01 08:20:20.208262,sancheti_congestion,230.0,cluster_2061304035_245647208,0.0,0,0.0,20.0,15.0,15.0,15.0,5.0,-0.75
1220,2026-09-01 08:20:20.215101,sancheti_congestion,235.0,cluster_2061304035_245647208,0.0,0,0.0,0.0,20.0,15.0,15.0,10.0,-0.75
1223,2026-09-01 08:20:20.221740,sancheti_congestion,240.0,cluster_2061304035_245647208,0.0,2,81.04623628585489,0.0,0.0,20.0,15.0,10.0,-0.75
1226,2026-09-01 08:20:20.228460,sancheti_congestion,245.0,cluster_2061304035_245647208,0.0,1,33.67107473586958,0.0,0.0,0.0,20.0,10.0,-1.0
1229,2026-09-01 08:20:20.235949,sancheti_congestion,250.0,cluster_2061304035_245647208,0.0,1,22.895161668120046,0.0,0.0,0.0,0.0,10.0,0.0
1232,2026-09-01 08:20:20.243078,sancheti_congestion,255.0,cluster_2061304035_245647208,0.0,1,35.76129118540135,0.0,0.0,0.0,0.0,15.0,0.0
1235,2026-09-01 08:20:20.250178,sancheti_congestion,260.0,cluster_2061304035_245647208,0.0,0,0.0,0.0,0.0,0.0,0.0,5.0,0.0
1238,2026-09-01 08:20:20.256877,sancheti_congestion,265.0,cluster_2061304035_245647208,0.0,0,0.0,0.0,0.0,0.0,0.0,5.0,0.0
1241,2026-09-01 08:20:20.263737,sancheti_congestion,270.0,cluster_2061304035_245647208,0.0,0,0.0,0.0,0.0,0.0,0.0,5.0,0.0
1244,2026-09-01 08:20:20.270372,sancheti_congestion,275.0,cluster_2061304035_245647208,0.0,0,0.0,0.0,0.0,0.0,0.0,5.0,0.0
1247,2026-09-01 08:20:20.277231,sancheti_congestion,280.0,cluster_2061304035_245647208,0.0,0,0.0,0.0,0.0,0.0,0.0,5.0,0.0
1250,2026-09-01 08:20:20.284259,sancheti_congestion,285.0,cluster_2061304035_245647208,0.0,2,56.08666308446564,0.0,0.0,0.0,0.0,5.0,0.0
1253,2026-09-01 08:20:20.291006,sancheti_congestion,290.0,cluster_2061304035_245647208,5.0,4,22.886446572064184,0.0,0.0,0.0,0.0,5.0,0.25
1256,2026-09-01 08:20:20.297454,sancheti_congestion,295.0,cluster_2061304035_245647208,10.0,2,0.00048673380173495993,5.0,0.0,0.0,0.0,5.0,0.5
1259,2026-09-01 08:20:20.304456,sancheti_congestion,300.0,cluster_2061304035_245647208,10.0,2,0.0,10.0,5.0,0.0,0.0,5.0,0.5
1262,2026-09-01 08:20:20.311442,sancheti_congestion,305.0,cluster_2061304035_245647208,10.0,2,0.0,10.0,10.0,5.0,0.0,0.0,0.5
1265,2026-09-01 08:20:20.319303,sancheti_congestion,310.0,cluster_2061304035_245647208,10.0,3,10.111044870971686,10.0,10.0,10.0,5.0,0.0,0.25
1268,2026-09-01 08:20:20.327117,sancheti_congestion,315.0,cluster_2061304035_245647208,15.0,4,14.833346360174524,10.0,10.0,10.0,10.0,0.0,0.25
1271,2026-09-01 08:20:20.335830,sancheti_congestion,320.0,cluster_2061304035_245647208,5.0,1,0.03803838673149766,15.0,10.0,10.0,10.0,5.0,-0.25
1274,2026-09-01 08:20:20.344062,sancheti_congestion,325.0,cluster_2061304035_245647208,5.0,1,0.0,5.0,15.0,10.0,10.0,20.0,-0.25
1277,2026-09-01 08:20:20.352746,sancheti_congestion,330.0,cluster_2061304035_245647208,5.0,3,44.322392951269684,5.0,5.0,15.0,10.0,20.0,-0.25
1280,2026-09-01 08:20:20.360796,sancheti_congestion,335.0,cluster_2061304035_245647208,5.0,2,18.849577578885363,5.0,5.0,5.0,15.0,20.0,-0.5
1283,2026-09-01 08:20:20.369641,sancheti_congestion,340.0,cluster_2061304035_245647208,5.0,1,0.0,5.0,5.0,5.0,5.0,20.0,0.0
1286,2026-09-01 08:20:20.377595,sancheti_congestion,345.0,cluster_2061304035_245647208,5.0,2,18.784228028851548,5.0,5.0,5.0,5.0,20.0,0.0
1289,2026-09-01 08:20:20.385911,sancheti_congestion,350.0,cluster_2061304035_245647208,5.0,1,0.0,5.0,5.0,5.0,5.0,0.0,0.0
1292,2026-09-01 08:20:20.393315,sancheti_congestion,355.0,cluster_2061304035_245647208,5.0,1,0.0,5.0,5.0,5.0,5.0,0.0,0.0
1295,2026-09-01 08:20:20.400669,sancheti_congestion,360.0,cluster_2061304035_245647208,5.0,1,0.0,5.0,5.0,5.0,5.0,0.0,0.0
1298,2026-09-01 08:20:20.407326,sancheti_congestion,365.0,cluster_2061304035_245647208,0.0,0,0.0,5.0,5.0,5.0,5.0,0.0,-0.25
1301,2026-09-01 08:20:20.414200,sancheti_congestion,370.0,cluster_2061304035_245647208,0.0,0,0.0,0.0,5.0,5.0,5.0,0.0,-0.25
1304,2026-09-01 08:20:20.420609,sancheti_congestion,375.0,cluster_2061304035_245647208,0.0,3,55.636274548028055,0.0,0.0,5.0,5.0,0.0,-0.25
1307,2026-09-01 08:20:20.426839,sancheti_congestion,380.0,cluster_2061304035_245647208,5.0,5,12.923579346265916,0.0,0.0,0.0,5.0,0.0,0.0
1310,2026-09-01 08:20:20.433412,sancheti_congestion,385.0,cluster_2061304035_245647208,20.0,5,1.2596207612554386,5.0,0.0,0.0,0.0,0.0,1.0
1313,2026-09-01 08:20:20.439638,sancheti_congestion,390.0,cluster_2061304035_245647208,20.0,5,7.256098522462214,20.0,5.0,0.0,0.0,0.0,1.0
1316,2026-09-01 08:20:20.446021,sancheti_congestion,395.0,cluster_2061304035_245647208,20.0,4,0.0,20.0,20.0,5.0,0.0,0.0,1.0
1319,2026-09-01 08:20:20.453095,sancheti_congestion,400.0,cluster_2061304035_245647208,20.0,5,10.35963555312338,20.0,20.0,20.0,5.0,0.0,0.75
1322,2026-09-01 08:20:20.462961,sancheti_congestion,405.0,cluster_2061304035_245647208,20.0,5,8.683503111072131,20.0,20.0,20.0,20.0,0.0,0.0
1325,2026-09-01 08:20:20.469472,sancheti_congestion,410.0,cluster_2061304035_245647208,0.0,1,19.360792656780887,20.0,20.0,20.0,20.0,5.0,-1.0
1328,2026-09-01 08:20:20.475509,sancheti_congestion,415.0,cluster_2061304035_245647208,0.0,0,0.0,0.0,20.0,20.0,20.0,10.0,-1.0
1331,2026-09-01 08:20:20.482228,sancheti_congestion,420.0,cluster_2061304035_245647208,0.0,1,62.23999787880527,0.0,0.0,20.0,20.0,10.0,-1.0
1334,2026-09-01 08:20:20.488854,sancheti_congestion,425.0,cluster_2061304035_245647208,0.0,1,37.93702650951961,0.0,0.0,0.0,20.0,10.0,-1.0
1337,2026-09-01 08:20:20.495379,sancheti_congestion,430.0,cluster_2061304035_245647208,0.0,0,0.0,0.0,0.0,0.0,0.0,10.0,0.0
1340,2026-09-01 08:20:20.502771,sancheti_congestion,435.0,cluster_2061304035_245647208,0.0,2,32.357549782513885,0.0,0.0,0.0,0.0,10.0,0.0
1343,2026-09-01 08:20:20.509374,sancheti_congestion,440.0,cluster_2061304035_245647208,0.0,1,24.17339519388026,0.0,0.0,0.0,0.0,0.0,0.0
1346,2026-09-01 08:20:20.516296,sancheti_congestion,445.0,cluster_2061304035_245647208,0.0,0,0.0,0.0,0.0,0.0,0.0,0.0,0.0
1349,2026-09-01 08:20:20.523074,sancheti_congestion,450.0,cluster_2061304035_245647208,0.0,1,60.527542776836476,0.0,0.0,0.0,0.0,0.0,0.0
1352,2026-09-01 08:20:20.529347,sancheti_congestion,455.0,cluster_2061304035_245647208,0.0,0,0.0,0.0,0.0,0.0,0.0,0.0,0.0
1355,2026-09-01 08:20:20.535921,sancheti_congestion,460.0,cluster_2061304035_245647208,0.0,0,0.0,0.0,0.0,0.0,0.0,0.0,0.0
1358,2026-09-01 08:20:20.542166,sancheti_congestion,465.0,cluster_2061304035_245647208,0.0,2,52.25947226407985,0.0,0.0,0.0,0.0,0.0,0.0
1361,2026-09-01 08:20:20.549113,sancheti_congestion,470.0,cluster_2061304035_245647208,5.0,3,22.526620080190803,0.0,0.0,0.0,0.0,0.0,0.25
1364,2026-09-01 08:20:20.556225,sancheti_congestion,475.0,cluster_2061304035_245647208,10.0,2,0.02182116060007271,5.0,0.0,0.0,0.0,0.0,0.5
1367,2026-09-01 08:20:20.562712,sancheti_congestion,480.0,cluster_2061304035_245647208,10.0,2,0.0,10.0,5.0,0.0,0.0,0.0,0.5
1370,2026-09-01 08:20:20.569230,sancheti_congestion,485.0,cluster_2061304035_245647208,10.0,2,0.0,10.0,10.0,5.0,0.0,0.0,0.5
1373,2026-09-01 08:20:20.575218,sancheti_congestion,490.0,cluster_2061304035_245647208,10.0,2,0.0,10.0,10.0,10.0,5.0,0.0,0.25
1376,2026-09-01 08:20:20.581456,sancheti_congestion,495.0,cluster_2061304035_245647208,10.0,2,0.0,10.0,10.0,10.0,10.0,0.0,0.0
1379,2026-09-01 08:20:20.586588,sancheti_congestion,500.0,cluster_2061304035_245647208,0.0,0,0.0,10.0,10.0,10.0,10.0,5.0,-0.5
1382,2026-09-01 08:20:20.591093,sancheti_congestion,505.0,cluster_2061304035_245647208,0.0,0,0.0,0.0,10.0,10.0,10.0,20.0,-0.5
1385,2026-09-01 08:20:20.595834,sancheti_congestion,510.0,cluster_2061304035_245647208,0.0,1,82.63525474477542,0.0,0.0,10.0,10.0,20.0,-0.5
1388,2026-09-01 08:20:20.600733,sancheti_congestion,515.0,cluster_2061304035_245647208,0.0,1,17.199001542302288,0.0,0.0,0.0,10.0,25.0,-0.5
1391,2026-09-01 08:20:20.605011,sancheti_congestion,520.0,cluster_2061304035_245647208,0.0,0,0.0,0.0,0.0,0.0,0.0,25.0,0.0
1394,2026-09-01 08:20:20.609706,sancheti_congestion,525.0,cluster_2061304035_245647208,0.0,1,27.05584136588421,0.0,0.0,0.0,0.0,30.0,0.0
1397,2026-09-01 08:20:20.614368,sancheti_congestion,530.0,cluster_2061304035_245647208,0.0,1,65.48400061334345,0.0,0.0,0.0,0.0,0.0,0.0
1400,2026-09-01 08:20:20.618886,sancheti_congestion,535.0,cluster_2061304035_245647208,0.0,0,0.0,0.0,0.0,0.0,0.0,0.0,0.0
1403,2026-09-01 08:20:20.623073,sancheti_congestion,540.0,cluster_2061304035_245647208,0.0,0,0.0,0.0,0.0,0.0,0.0,0.0,0.0
1406,2026-09-01 08:20:20.627442,sancheti_congestion,545.0,cluster_2061304035_245647208,0.0,0,0.0,0.0,0.0,0.0,0.0,0.0,0.0
1409,2026-09-01 08:20:20.632103,sancheti_congestion,550.0,cluster_2061304035_245647208,0.0,0,0.0,0.0,0.0,0.0,0.0,0.0,0.0
1412,2026-09-01 08:20:20.636257,sancheti_congestion,555.0,cluster_2061304035_245647208,0.0,2,55.6622688905394,0.0,0.0,0.0,0.0,0.0,0.0
1415,2026-09-01 08:20:20.640569,sancheti_congestion,560.0,cluster_2061304035_245647208,5.0,4,10.65348019193193,0.0,0.0,0.0,0.0,0.0,0.25
1418,2026-09-01 08:20:20.645281,sancheti_congestion,565.0,cluster_2061304035_245647208,20.0,5,5.3585188085788085,5.0,0.0,0.0,0.0,0.0,1.0
1421,2026-09-01 08:20:20.650133,sancheti_congestion,570.0,cluster_2061304035_245647208,20.0,5,0.6383051702866412,20.0,5.0,0.0,0.0,0.0,1.0
1424,2026-09-01 08:20:20.654516,sancheti_congestion,575.0,cluster_2061304035_245647208,25.0,5,0.0002580495241879172,20.0,20.0,5.0,0.0,0.0,1.25
1427,2026-09-01 08:20:20.659647,sancheti_congestion,580.0,cluster_2061304035_245647208,25.0,6,3.357087277039505,25.0,20.0,20.0,5.0,0.0,1.0
1430,2026-09-01 08:20:20.665405,sancheti_congestion,585.0,cluster_2061304035_245647208,30.0,7,0.9139773108948976,25.0,25.0,20.0,20.0,0.0,0.5
1433,2026-09-01 08:20:20.670881,sancheti_congestion,590.0,cluster_2061304035_245647208,0.0,3,26.88292829920923,30.0,25.0,25.0,20.0,5.0,-1.0
1436,2026-09-01 08:20:20.676229,sancheti_congestion,595.0,cluster_2061304035_245647208,0.0,0,0.0,0.0,30.0,25.0,25.0,5.0,-1.25
1439,2026-09-01 08:20:20.682561,sancheti_congestion,600.0,cluster_2061304035_245647208,0.0,1,58.86046525241832,0.0,0.0,30.0,25.0,5.0,-1.25
1442,2026-09-01 08:20:20.688674,sancheti_congestion,605.0,cluster_2061304035_245647208,0.0,1,15.342137380467438,0.0,0.0,0.0,30.0,5.0,-1.5
1445,2026-09-01 08:20:20.699368,sancheti_congestion,610.0,cluster_2061304035_245647208,0.0,0,0.0,0.0,0.0,0.0,0.0,5.0,0.0
1448,2026-09-01 08:20:20.705560,sancheti_congestion,615.0,cluster_2061304035_245647208,0.0,0,0.0,0.0,0.0,0.0,0.0,5.0,0.0
1451,2026-09-01 08:20:20.711801,sancheti_congestion,620.0,cluster_2061304035_245647208,0.0,0,0.0,0.0,0.0,0.0,0.0,5.0,0.0
1454,2026-09-01 08:20:20.718303,sancheti_congestion,625.0,cluster_2061304035_245647208,0.0,0,0.0,0.0,0.0,0.0,0.0,5.0,0.0
1457,2026-09-01 08:20:20.724300,sancheti_congestion,630.0,cluster_2061304035_245647208,0.0,0,0.0,0.0,0.0,0.0,0.0,5.0,0.0
1460,2026-09-01 08:20:20.730086,sancheti_congestion,635.0,cluster_2061304035_245647208,0.0,1,34.39723510062708,0.0,0.0,0.0,0.0,5.0,0.0
1463,2026-09-01 08:20:20.735770,sancheti_congestion,640.0,cluster_2061304035_245647208,0.0,0,0.0,0.0,0.0,0.0,0.0,5.0,0.0
1466,2026-09-01 08:20:20.741943,sancheti_congestion,645.0,cluster_2061304035_245647208,0.0,2,55.47352395633812,0.0,0.0,0.0,0.0,5.0,0.0
1469,2026-09-01 08:20:20.747998,sancheti_congestion,650.0,cluster_2061304035_245647208,5.0,2,12.062193602016901,0.0,0.0,0.0,0.0,5.0,0.25
1472,2026-09-01 08:20:20.753850,sancheti_congestion,655.0,cluster_2061304035_245647208,5.0,1,0.0,5.0,0.0,0.0,0.0,5.0,0.25
1475,2026-09-01 08:20:20.759402,sancheti_congestion,660.0,cluster_2061304035_245647208,5.0,1,0.0003709745751498647,5.0,5.0,0.0,0.0,5.0,0.25
1478,2026-09-01 08:20:20.766088,sancheti_congestion,665.0,cluster_2061304035_245647208,5.0,1,0.0,5.0,5.0,5.0,0.0,0.0,0.25
1481,2026-09-01 08:20:20.772221,sancheti_congestion,670.0,cluster_2061304035_245647208,5.0,2,42.39721052403563,5.0,5.0,5.0,5.0,0.0,0.0
1484,2026-09-01 08:20:20.778045,sancheti_congestion,675.0,cluster_2061304035_245647208,5.0,2,2.2268213588581527,5.0,5.0,5.0,5.0,0.0,0.0
1487,2026-09-01 08:20:20.784661,sancheti_congestion,680.0,cluster_2061304035_245647208,5.0,1,0.0004185608421578936,5.0,5.0,5.0,5.0,5.0,0.0
1490,2026-09-01 08:20:20.790668,sancheti_congestion,685.0,cluster_2061304035_245647208,5.0,1,0.0,5.0,5.0,5.0,5.0,5.0,0.0
1493,2026-09-01 08:20:20.796625,sancheti_congestion,690.0,cluster_2061304035_245647208,5.0,1,0.0,5.0,5.0,5.0,5.0,5.0,0.0
1496,2026-09-01 08:20:20.803241,sancheti_congestion,695.0,cluster_2061304035_245647208,5.0,2,8.951354375528723,5.0,5.0,5.0,5.0,5.0,0.0
1499,2026-09-01 08:20:20.809955,sancheti_congestion,700.0,cluster_2061304035_245647208,5.0,1,0.0,5.0,5.0,5.0,5.0,20.0,0.0
1502,2026-09-01 08:20:20.816456,sancheti_congestion,705.0,cluster_2061304035_245647208,5.0,1,0.0,5.0,5.0,5.0,5.0,20.0,0.0
1505,2026-09-01 08:20:20.822806,sancheti_congestion,710.0,cluster_2061304035_245647208,5.0,1,0.0,5.0,5.0,5.0,5.0,0.0,0.0
1508,2026-09-01 08:20:20.829039,sancheti_congestion,715.0,cluster_2061304035_245647208,5.0,1,0.0,5.0,5.0,5.0,5.0,0.0,0.0
1511,2026-09-01 08:20:20.835160,sancheti_congestion,720.0,cluster_2061304035_245647208,5.0,1,0.0,5.0,5.0,5.0,5.0,0.0,0.0
1514,2026-09-01 08:20:20.841201,sancheti_congestion,725.0,cluster_2061304035_245647208,0.0,0,0.0,5.0,5.0,5.0,5.0,0.0,-0.25
1517,2026-09-01 08:20:20.847759,sancheti_congestion,730.0,cluster_2061304035_245647208,0.0,0,0.0,0.0,5.0,5.0,5.0,0.0,-0.25
1520,2026-09-01 08:20:20.854006,sancheti_congestion,735.0,cluster_2061304035_245647208,0.0,1,61.03891281782021,0.0,0.0,5.0,5.0,0.0,-0.25
1523,2026-09-01 08:20:20.860153,sancheti_congestion,740.0,cluster_2061304035_245647208,5.0,2,26.445951451060765,0.0,0.0,0.0,5.0,0.0,0.0
1526,2026-09-01 08:20:20.866595,sancheti_congestion,745.0,cluster_2061304035_245647208,5.0,1,0.0,5.0,0.0,0.0,0.0,0.0,0.25
1529,2026-09-01 08:20:20.872391,sancheti_congestion,750.0,cluster_2061304035_245647208,5.0,2,25.05051440607874,5.0,5.0,0.0,0.0,0.0,0.25
1532,2026-09-01 08:20:20.878081,sancheti_congestion,755.0,cluster_2061304035_245647208,5.0,3,5.454781429386884,5.0,5.0,5.0,0.0,0.0,0.25
1535,2026-09-01 08:20:20.884421,sancheti_congestion,760.0,cluster_2061304035_245647208,20.0,4,0.046744027743483345,5.0,5.0,5.0,5.0,0.0,0.75
1538,2026-09-01 08:20:20.890508,sancheti_congestion,765.0,cluster_2061304035_245647208,20.0,5,11.676083648642033,20.0,5.0,5.0,5.0,0.0,0.75
1541,2026-09-01 08:20:20.896147,sancheti_congestion,770.0,cluster_2061304035_245647208,0.0,1,15.088984765712961,20.0,20.0,5.0,5.0,5.0,-0.25
1544,2026-09-01 08:20:20.901865,sancheti_congestion,775.0,cluster_2061304035_245647208,0.0,0,0.0,0.0,20.0,20.0,5.0,10.0,-0.25
1547,2026-09-01 08:20:20.908490,sancheti_congestion,780.0,cluster_2061304035_245647208,0.0,2,75.46686198270515,0.0,0.0,20.0,20.0,15.0,-1.0
1550,2026-09-01 08:20:20.915400,sancheti_congestion,785.0,cluster_2061304035_245647208,0.0,1,34.218372475728444,0.0,0.0,0.0,20.0,20.0,-1.0
1553,2026-09-01 08:20:20.922107,sancheti_congestion,790.0,cluster_2061304035_245647208,0.0,0,0.0,0.0,0.0,0.0,0.0,25.0,0.0
1556,2026-09-01 08:20:20.928786,sancheti_congestion,795.0,cluster_2061304035_245647208,0.0,0,0.0,0.0,0.0,0.0,0.0,25.0,0.0
1559,2026-09-01 08:20:20.935704,sancheti_congestion,800.0,cluster_2061304035_245647208,0.0,0,0.0,0.0,0.0,0.0,0.0,0.0,0.0
1562,2026-09-01 08:20:20.942518,sancheti_congestion,805.0,cluster_2061304035_245647208,0.0,0,0.0,0.0,0.0,0.0,0.0,0.0,0.0
1565,2026-09-01 08:20:20.953348,sancheti_congestion,810.0,cluster_2061304035_245647208,0.0,0,0.0,0.0,0.0,0.0,0.0,0.0,0.0
1568,2026-09-01 08:20:20.960896,sancheti_congestion,815.0,cluster_2061304035_245647208,0.0,0,0.0,0.0,0.0,0.0,0.0,0.0,0.0
1571,2026-09-01 08:20:20.967846,sancheti_congestion,820.0,cluster_2061304035_245647208,0.0,0,0.0,0.0,0.0,0.0,0.0,0.0,0.0
1574,2026-09-01 08:20:20.974769,sancheti_congestion,825.0,cluster_2061304035_245647208,0.0,2,51.42700948791125,0.0,0.0,0.0,0.0,0.0,0.0
1577,2026-09-01 08:20:20.981521,sancheti_congestion,830.0,cluster_2061304035_245647208,5.0,3,23.757002912772585,0.0,0.0,0.0,0.0,0.0,0.25
1580,2026-09-01 08:20:20.988421,sancheti_congestion,835.0,cluster_2061304035_245647208,10.0,6,8.78462490698099,5.0,0.0,0.0,0.0,0.0,0.5
1583,2026-09-01 08:20:20.995643,sancheti_congestion,840.0,cluster_2061304035_245647208,15.0,6,9.603718945841633,10.0,5.0,0.0,0.0,0.0,0.75
1586,2026-09-01 08:20:21.002786,sancheti_congestion,845.0,cluster_2061304035_245647208,20.0,5,2.2710759472432684,15.0,10.0,5.0,0.0,0.0,1.0
1589,2026-09-01 08:20:21.009632,sancheti_congestion,850.0,cluster_2061304035_245647208,25.0,5,0.0,20.0,15.0,10.0,5.0,0.0,1.0
1592,2026-09-01 08:20:21.017096,sancheti_congestion,855.0,cluster_2061304035_245647208,25.0,5,0.0,25.0,20.0,15.0,10.0,0.0,0.75
1595,2026-09-01 08:20:21.024273,sancheti_congestion,860.0,cluster_2061304035_245647208,0.0,2,12.065726585517591,25.0,25.0,20.0,15.0,5.0,-0.75
1598,2026-09-01 08:20:21.030910,sancheti_congestion,865.0,cluster_2061304035_245647208,0.0,0,0.0,0.0,25.0,25.0,20.0,5.0,-1.0
1601,2026-09-01 08:20:21.038119,sancheti_congestion,870.0,cluster_2061304035_245647208,0.0,1,56.383517875911885,0.0,0.0,25.0,25.0,5.0,-1.25
1604,2026-09-01 08:20:21.046966,sancheti_congestion,875.0,cluster_2061304035_245647208,0.0,2,22.94526458850098,0.0,0.0,0.0,25.0,5.0,-1.25
1607,2026-09-01 08:20:21.061108,sancheti_congestion,880.0,cluster_2061304035_245647208,0.0,0,0.0,0.0,0.0,0.0,0.0,5.0,0.0
1610,2026-09-01 08:20:21.074542,sancheti_congestion,885.0,cluster_2061304035_245647208,0.0,0,0.0,0.0,0.0,0.0,0.0,5.0,0.0
1613,2026-09-01 08:20:21.083788,sancheti_congestion,890.0,cluster_2061304035_245647208,0.0,0,0.0,0.0,0.0,0.0,0.0,0.0,0.0
1616,2026-09-01 08:20:21.091297,sancheti_congestion,895.0,cluster_2061304035_245647208,0.0,0,0.0,0.0,0.0,0.0,0.0,0.0,0.0
1619,2026-09-01 08:20:21.098197,sancheti_congestion,900.0,cluster_2061304035_245647208,0.0,0,0.0,0.0,0.0,0.0,0.0,0.0,0.0
1622,2026-09-01 08:20:21.107256,sancheti_congestion,905.0,cluster_2061304035_245647208,0.0,0,0.0,0.0,0.0,0.0,0.0,0.0,0.0
1625,2026-09-01 08:20:21.115722,sancheti_congestion,910.0,cluster_2061304035_245647208,0.0,0,0.0,0.0,0.0,0.0,0.0,0.0,0.0
1628,2026-09-01 08:20:21.123801,sancheti_congestion,915.0,cluster_2061304035_245647208,0.0,2,47.30939275550625,0.0,0.0,0.0,0.0,0.0,0.0
1631,2026-09-01 08:20:21.131806,sancheti_congestion,920.0,cluster_2061304035_245647208,5.0,3,25.45318923446304,0.0,0.0,0.0,0.0,0.0,0.25
1634,2026-09-01 08:20:21.139926,sancheti_congestion,925.0,cluster_2061304035_245647208,5.0,1,0.0,5.0,0.0,0.0,0.0,0.0,0.25
1637,2026-09-01 08:20:21.147702,sancheti_congestion,930.0,cluster_2061304035_245647208,5.0,2,15.15529760847866,5.0,5.0,0.0,0.0,0.0,0.25
1640,2026-09-01 08:20:21.155741,sancheti_congestion,935.0,cluster_2061304035_245647208,5.0,1,0.0,5.0,5.0,5.0,0.0,0.0,0.25
1643,2026-09-01 08:20:21.162782,sancheti_congestion,940.0,cluster_2061304035_245647208,5.0,1,0.0,5.0,5.0,5.0,5.0,0.0,0.0
1646,2026-09-01 08:20:21.170861,sancheti_congestion,945.0,cluster_2061304035_245647208,5.0,1,0.0,5.0,5.0,5.0,5.0,0.0,0.0
1649,2026-09-01 08:20:21.178098,sancheti_congestion,950.0,cluster_2061304035_245647208,0.0,0,0.0,5.0,5.0,5.0,5.0,0.0,-0.25
1652,2026-09-01 08:20:21.186377,sancheti_congestion,955.0,cluster_2061304035_245647208,0.0,0,0.0,0.0,5.0,5.0,5.0,5.0,-0.25
1655,2026-09-01 08:20:21.194433,sancheti_congestion,960.0,cluster_2061304035_245647208,0.0,1,95.43977654608368,0.0,0.0,5.0,5.0,5.0,-0.25
1658,2026-09-01 08:20:21.203269,sancheti_congestion,965.0,cluster_2061304035_245647208,0.0,0,0.0,0.0,0.0,0.0,5.0,5.0,-0.25
1661,2026-09-01 08:20:21.211440,sancheti_congestion,970.0,cluster_2061304035_245647208,0.0,0,0.0,0.0,0.0,0.0,0.0,5.0,0.0
1664,2026-09-01 08:20:21.220017,sancheti_congestion,975.0,cluster_2061304035_245647208,0.0,0,0.0,0.0,0.0,0.0,0.0,5.0,0.0
1667,2026-09-01 08:20:21.227982,sancheti_congestion,980.0,cluster_2061304035_245647208,0.0,0,0.0,0.0,0.0,0.0,0.0,0.0,0.0
1670,2026-09-01 08:20:21.236031,sancheti_congestion,985.0,cluster_2061304035_245647208,0.0,0,0.0,0.0,0.0,0.0,0.0,0.0,0.0
1673,2026-09-01 08:20:21.243220,sancheti_congestion,990.0,cluster_2061304035_245647208,0.0,0,0.0,0.0,0.0,0.0,0.0,0.0,0.0
1676,2026-09-01 08:20:21.250672,sancheti_congestion,995.0,cluster_2061304035_245647208,0.0,0,0.0,0.0,0.0,0.0,0.0,5.0,0.0
1679,2026-09-01 08:20:21.257642,sancheti_congestion,1000.0,cluster_2061304035_245647208,0.0,0,0.0,0.0,0.0,0.0,0.0,5.0,0.0
1682,2026-09-01 08:20:21.264380,sancheti_congestion,1005.0,cluster_2061304035_245647208,0.0,1,61.59306823199884,0.0,0.0,0.0,0.0,5.0,0.0
1685,2026-09-01 08:20:21.275815,sancheti_congestion,1010.0,cluster_2061304035_245647208,0.0,1,11.04897017412069,0.0,0.0,0.0,0.0,5.0,0.0
1688,2026-09-01 08:20:21.283801,sancheti_congestion,1015.0,cluster_2061304035_245647208,5.0,1,0.00038859582774382323,0.0,0.0,0.0,0.0,5.0,0.25
1691,2026-09-01 08:20:21.291162,sancheti_congestion,1020.0,cluster_2061304035_245647208,5.0,1,0.0,5.0,0.0,0.0,0.0,5.0,0.25
1694,2026-09-01 08:20:21.298698,sancheti_congestion,1025.0,cluster_2061304035_245647208,5.0,1,0.0,5.0,5.0,0.0,0.0,0.0,0.25
1697,2026-09-01 08:20:21.306239,sancheti_congestion,1030.0,cluster_2061304035_245647208,5.0,1,0.0,5.0,5.0,5.0,0.0,0.0,0.25
1700,2026-09-01 08:20:21.313515,sancheti_congestion,1035.0,cluster_2061304035_245647208,5.0,1,0.0,5.0,5.0,5.0,5.0,0.0,0.0
1703,2026-09-01 08:20:21.321242,sancheti_congestion,1040.0,cluster_2061304035_245647208,0.0,0,0.0,5.0,5.0,5.0,5.0,10.0,-0.25
1706,2026-09-01 08:20:21.328453,sancheti_congestion,1045.0,cluster_2061304035_245647208,0.0,0,0.0,0.0,5.0,5.0,5.0,35.0,-0.25
1709,2026-09-01 08:20:21.336491,sancheti_congestion,1050.0,cluster_2061304035_245647208,0.0,3,85.9282735621584,0.0,0.0,5.0,5.0,45.0,-0.25
1712,2026-09-01 08:20:21.344544,sancheti_congestion,1055.0,cluster_2061304035_245647208,5.0,3,25.068596024770283,0.0,0.0,0.0,5.0,45.0,0.0
1715,2026-09-01 08:20:21.353291,sancheti_congestion,1060.0,cluster_2061304035_245647208,5.0,1,0.0,5.0,0.0,0.0,0.0,50.0,0.25
1718,2026-09-01 08:20:21.361064,sancheti_congestion,1065.0,cluster_2061304035_245647208,5.0,1,0.0,5.0,5.0,0.0,0.0,50.0,0.25
1721,2026-09-01 08:20:21.369267,sancheti_congestion,1070.0,cluster_2061304035_245647208,5.0,1,0.0,5.0,5.0,5.0,0.0,0.0,0.25
1724,2026-09-01 08:20:21.376858,sancheti_congestion,1075.0,cluster_2061304035_245647208,5.0,1,0.0,5.0,5.0,5.0,5.0,0.0,0.0
1727,2026-09-01 08:20:21.385654,sancheti_congestion,1080.0,cluster_2061304035_245647208,5.0,1,0.0,5.0,5.0,5.0,5.0,0.0,0.0
1730,2026-09-01 08:20:21.393233,sancheti_congestion,1085.0,cluster_2061304035_245647208,0.0,0,0.0,5.0,5.0,5.0,5.0,0.0,-0.25
1733,2026-09-01 08:20:21.401375,sancheti_congestion,1090.0,cluster_2061304035_245647208,0.0,0,0.0,0.0,5.0,5.0,5.0,0.0,-0.25
1736,2026-09-01 08:20:21.408701,sancheti_congestion,1095.0,cluster_2061304035_245647208,0.0,3,51.80536751495421,0.0,0.0,5.0,5.0,0.0,-0.25
1739,2026-09-01 08:20:21.415455,sancheti_congestion,1100.0,cluster_2061304035_245647208,10.0,7,22.410996282847858,0.0,0.0,0.0,5.0,0.0,0.25
1742,2026-09-01 08:20:21.422299,sancheti_congestion,1105.0,cluster_2061304035_245647208,35.0,9,0.508003947997783,10.0,0.0,0.0,0.0,0.0,1.75
1745,2026-09-01 08:20:21.429380,sancheti_congestion,1110.0,cluster_2061304035_245647208,45.0,9,0.00028715530373197776,35.0,10.0,0.0,0.0,0.0,2.25
1748,2026-09-01 08:20:21.437203,sancheti_congestion,1115.0,cluster_2061304035_245647208,45.0,10,3.450345275875465,45.0,35.0,10.0,0.0,0.0,2.25
1751,2026-09-01 08:20:21.444496,sancheti_congestion,1120.0,cluster_2061304035_245647208,50.0,10,0.0032524416461093887,45.0,45.0,35.0,10.0,0.0,2.0
1754,2026-09-01 08:20:21.451856,sancheti_congestion,1125.0,cluster_2061304035_245647208,50.0,10,0.0,50.0,45.0,45.0,35.0,0.0,0.75
1757,2026-09-01 08:20:21.458610,sancheti_congestion,1130.0,cluster_2061304035_245647208,0.0,4,11.633125642708167,50.0,50.0,45.0,45.0,5.0,-2.25
1760,2026-09-01 08:20:21.465971,sancheti_congestion,1135.0,cluster_2061304035_245647208,0.0,2,24.449515644499904,0.0,50.0,50.0,45.0,5.0,-2.25
1763,2026-09-01 08:20:21.472642,sancheti_congestion,1140.0,cluster_2061304035_245647208,0.0,1,49.60812563207541,0.0,0.0,50.0,50.0,5.0,-2.5
1766,2026-09-01 08:20:21.479557,sancheti_congestion,1145.0,cluster_2061304035_245647208,0.0,2,24.591175289216075,0.0,0.0,0.0,50.0,5.0,-2.5
1769,2026-09-01 08:20:21.486479,sancheti_congestion,1150.0,cluster_2061304035_245647208,0.0,0,0.0,0.0,0.0,0.0,0.0,5.0,0.0
1772,2026-09-01 08:20:21.493436,sancheti_congestion,1155.0,cluster_2061304035_245647208,0.0,1,34.62057413981201,0.0,0.0,0.0,0.0,5.0,0.0
1775,2026-09-01 08:20:21.501005,sancheti_congestion,1160.0,cluster_2061304035_245647208,0.0,0,0.0,0.0,0.0,0.0,0.0,0.0,0.0
1778,2026-09-01 08:20:21.508103,sancheti_congestion,1165.0,cluster_2061304035_245647208,0.0,0,0.0,0.0,0.0,0.0,0.0,0.0,0.0
1781,2026-09-01 08:20:21.515044,sancheti_congestion,1170.0,cluster_2061304035_245647208,0.0,0,0.0,0.0,0.0,0.0,0.0,0.0,0.0
1784,2026-09-01 08:20:21.522885,sancheti_congestion,1175.0,cluster_2061304035_245647208,0.0,0,0.0,0.0,0.0,0.0,0.0,0.0,0.0
1787,2026-09-01 08:20:21.529429,sancheti_congestion,1180.0,cluster_2061304035_245647208,0.0,0,0.0,0.0,0.0,0.0,0.0,0.0,0.0
1790,2026-09-01 08:20:21.536080,sancheti_congestion,1185.0,cluster_2061304035_245647208,0.0,1,10.601926254040835,0.0,0.0,0.0,0.0,0.0,0.0
1793,2026-09-01 08:20:21.543388,sancheti_congestion,1190.0,cluster_2061304035_245647208,5.0,2,33.240782351793335,0.0,0.0,0.0,0.0,0.0,0.25
1796,2026-09-01 08:20:21.551037,sancheti_congestion,1195.0,cluster_2061304035_245647208,5.0,2,35.26195397297206,5.0,0.0,0.0,0.0,0.0,0.25
1799,2026-09-01 08:20:21.557609,sancheti_congestion,1200.0,cluster_2061304035_245647208,5.0,3,16.73912369803694,5.0,5.0,0.0,0.0,0.0,0.25
1802,2026-09-01 08:20:21.564375,sancheti_congestion,1205.0,cluster_2061304035_245647208,5.0,1,0.0,5.0,5.0,5.0,0.0,0.0,0.25
1805,2026-09-01 08:20:21.574938,sancheti_congestion,1210.0,cluster_2061304035_245647208,5.0,1,0.0,5.0,5.0,5.0,5.0,0.0,0.0
1808,2026-09-01 08:20:21.581794,sancheti_congestion,1215.0,cluster_2061304035_245647208,5.0,2,2.6795538452322907,5.0,5.0,5.0,5.0,0.0,0.0
1811,2026-09-01 08:20:21.588967,sancheti_congestion,1220.0,cluster_2061304035_245647208,0.0,0,0.0,5.0,5.0,5.0,5.0,0.0,-0.25
1814,2026-09-01 08:20:21.595844,sancheti_congestion,1225.0,cluster_2061304035_245647208,0.0,0,0.0,0.0,5.0,5.0,5.0,10.0,-0.25
1817,2026-09-01 08:20:21.603224,sancheti_congestion,1230.0,cluster_2061304035_245647208,0.0,2,56.7850380169951,0.0,0.0,5.0,5.0,15.0,-0.25
1820,2026-09-01 08:20:21.610065,sancheti_congestion,1235.0,cluster_2061304035_245647208,0.0,0,0.0,0.0,0.0,0.0,5.0,20.0,-0.25
1823,2026-09-01 08:20:21.616824,sancheti_congestion,1240.0,cluster_2061304035_245647208,0.0,0,0.0,0.0,0.0,0.0,0.0,20.0,0.0
1826,2026-09-01 08:20:21.623024,sancheti_congestion,1245.0,cluster_2061304035_245647208,0.0,0,0.0,0.0,0.0,0.0,0.0,20.0,0.0
1829,2026-09-01 08:20:21.629556,sancheti_congestion,1250.0,cluster_2061304035_245647208,0.0,0,0.0,0.0,0.0,0.0,0.0,0.0,0.0
1832,2026-09-01 08:20:21.636696,sancheti_congestion,1255.0,cluster_2061304035_245647208,0.0,0,0.0,0.0,0.0,0.0,0.0,0.0,0.0
1835,2026-09-01 08:20:21.643747,sancheti_congestion,1260.0,cluster_2061304035_245647208,0.0,0,0.0,0.0,0.0,0.0,0.0,0.0,0.0
1838,2026-09-01 08:20:21.651074,sancheti_congestion,1265.0,cluster_2061304035_245647208,0.0,0,0.0,0.0,0.0,0.0,0.0,0.0,0.0
1841,2026-09-01 08:20:21.657639,sancheti_congestion,1270.0,cluster_2061304035_245647208,0.0,0,0.0,0.0,0.0,0.0,0.0,0.0,0.0
1844,2026-09-01 08:20:21.664309,sancheti_congestion,1275.0,cluster_2061304035_245647208,0.0,1,66.94857785090564,0.0,0.0,0.0,0.0,0.0,0.0
1847,2026-09-01 08:20:21.671145,sancheti_congestion,1280.0,cluster_2061304035_245647208,0.0,2,16.7352823467613,0.0,0.0,0.0,0.0,0.0,0.0
1850,2026-09-01 08:20:21.677827,sancheti_congestion,1285.0,cluster_2061304035_245647208,10.0,3,12.836815648826672,0.0,0.0,0.0,0.0,0.0,0.5
1853,2026-09-01 08:20:21.685142,sancheti_congestion,1290.0,cluster_2061304035_245647208,15.0,3,0.02776580155265508,10.0,0.0,0.0,0.0,0.0,0.75
1856,2026-09-01 08:20:21.692195,sancheti_congestion,1295.0,cluster_2061304035_245647208,20.0,4,0.06740627882170111,15.0,10.0,0.0,0.0,0.0,1.0
1859,2026-09-01 08:20:21.699187,sancheti_congestion,1300.0,cluster_2061304035_245647208,20.0,4,0.0,20.0,15.0,10.0,0.0,0.0,1.0
1862,2026-09-01 08:20:21.706053,sancheti_congestion,1305.0,cluster_2061304035_245647208,20.0,4,0.0,20.0,20.0,15.0,10.0,0.0,0.5
1865,2026-09-01 08:20:21.712433,sancheti_congestion,1310.0,cluster_2061304035_245647208,0.0,1,14.224654944495475,20.0,20.0,20.0,15.0,5.0,-0.75
1868,2026-09-01 08:20:21.719438,sancheti_congestion,1315.0,cluster_2061304035_245647208,0.0,0,0.0,0.0,20.0,20.0,20.0,10.0,-1.0
1871,2026-09-01 08:20:21.726331,sancheti_congestion,1320.0,cluster_2061304035_245647208,0.0,1,61.377158056436144,0.0,0.0,20.0,20.0,15.0,-1.0
1874,2026-09-01 08:20:21.734179,sancheti_congestion,1325.0,cluster_2061304035_245647208,0.0,2,57.56629160776166,0.0,0.0,0.0,20.0,15.0,-1.0
1877,2026-09-01 08:20:21.741863,sancheti_congestion,1330.0,cluster_2061304035_245647208,0.0,0,0.0,0.0,0.0,0.0,0.0,15.0,0.0
1880,2026-09-01 08:20:21.749194,sancheti_congestion,1335.0,cluster_2061304035_245647208,0.0,1,30.557547207848778,0.0,0.0,0.0,0.0,15.0,0.0
1883,2026-09-01 08:20:21.756527,sancheti_congestion,1340.0,cluster_2061304035_245647208,0.0,0,0.0,0.0,0.0,0.0,0.0,0.0,0.0
1886,2026-09-01 08:20:21.763098,sancheti_congestion,1345.0,cluster_2061304035_245647208,0.0,0,0.0,0.0,0.0,0.0,0.0,0.0,0.0
1889,2026-09-01 08:20:21.769902,sancheti_congestion,1350.0,cluster_2061304035_245647208,0.0,1,66.95604487633601,0.0,0.0,0.0,0.0,0.0,0.0
1892,2026-09-01 08:20:21.776538,sancheti_congestion,1355.0,cluster_2061304035_245647208,0.0,0,0.0,0.0,0.0,0.0,0.0,0.0,0.0
1895,2026-09-01 08:20:21.783069,sancheti_congestion,1360.0,cluster_2061304035_245647208,0.0,0,0.0,0.0,0.0,0.0,0.0,0.0,0.0
1898,2026-09-01 08:20:21.789592,sancheti_congestion,1365.0,cluster_2061304035_245647208,0.0,2,55.03981685417377,0.0,0.0,0.0,0.0,0.0,0.0
1901,2026-09-01 08:20:21.796149,sancheti_congestion,1370.0,cluster_2061304035_245647208,5.0,2,10.282150315867522,0.0,0.0,0.0,0.0,0.0,0.25
1904,2026-09-01 08:20:21.802742,sancheti_congestion,1375.0,cluster_2061304035_245647208,10.0,3,16.198149165040736,5.0,0.0,0.0,0.0,0.0,0.5
1907,2026-09-01 08:20:21.809703,sancheti_congestion,1380.0,cluster_2061304035_245647208,15.0,3,0.0017530840684031068,10.0,5.0,0.0,0.0,0.0,0.75
1910,2026-09-01 08:20:21.817044,sancheti_congestion,1385.0,cluster_2061304035_245647208,15.0,3,0.0,15.0,10.0,5.0,0.0,0.0,0.75
1913,2026-09-01 08:20:21.824274,sancheti_congestion,1390.0,cluster_2061304035_245647208,15.0,3,0.0,15.0,15.0,10.0,5.0,0.0,0.5
1916,2026-09-01 08:20:21.831057,sancheti_congestion,1395.0,cluster_2061304035_245647208,15.0,3,0.0,15.0,15.0,15.0,10.0,0.0,0.25
1095,2026-09-01 08:20:19.985968,sancheti_congestion,25.0,cluster_245647168_3238255150_3495323634,0.0,0,0.0,0.0,0.0,0.0,0.0,10.0,0.0
1098,2026-09-01 08:20:19.990751,sancheti_congestion,30.0,cluster_245647168_3238255150_3495323634,0.0,0,0.0,0.0,0.0,0.0,0.0,10.0,0.0
1101,2026-09-01 08:20:19.994720,sancheti_congestion,35.0,cluster_245647168_3238255150_3495323634,0.0,0,0.0,0.0,0.0,0.0,0.0,15.0,0.0
1104,2026-09-01 08:20:19.999697,sancheti_congestion,40.0,cluster_245647168_3238255150_3495323634,0.0,0,0.0,0.0,0.0,0.0,0.0,20.0,0.0
1107,2026-09-01 08:20:20.003450,sancheti_congestion,45.0,cluster_245647168_3238255150_3495323634,0.0,0,0.0,0.0,0.0,0.0,0.0,20.0,0.0
1110,2026-09-01 08:20:20.007818,sancheti_congestion,50.0,cluster_245647168_3238255150_3495323634,0.0,1,47.60214992448228,0.0,0.0,0.0,0.0,20.0,0.0
1113,2026-09-01 08:20:20.011961,sancheti_congestion,55.0,cluster_245647168_3238255150_3495323634,0.0,1,45.0932695743092,0.0,0.0,0.0,0.0,10.0,0.0
1116,2026-09-01 08:20:20.016681,sancheti_congestion,60.0,cluster_245647168_3238255150_3495323634,0.0,1,49.732475960079064,0.0,0.0,0.0,0.0,10.0,0.0
1119,2026-09-01 08:20:20.020421,sancheti_congestion,65.0,cluster_245647168_3238255150_3495323634,5.0,1,0.16376555255072225,0.0,0.0,0.0,0.0,10.0,0.25
1122,2026-09-01 08:20:20.025119,sancheti_congestion,70.0,cluster_245647168_3238255150_3495323634,5.0,1,0.0,5.0,0.0,0.0,0.0,10.0,0.25
1125,2026-09-01 08:20:20.029772,sancheti_congestion,75.0,cluster_245647168_3238255150_3495323634,5.0,1,0.0,5.0,5.0,0.0,0.0,5.0,0.25
1128,2026-09-01 08:20:20.034344,sancheti_congestion,80.0,cluster_245647168_3238255150_3495323634,5.0,3,18.104311702054364,5.0,5.0,5.0,0.0,5.0,0.25
1131,2026-09-01 08:20:20.038446,sancheti_congestion,85.0,cluster_245647168_3238255150_3495323634,10.0,4,17.041574003345843,5.0,5.0,5.0,5.0,5.0,0.25
1134,2026-09-01 08:20:20.042636,sancheti_congestion,90.0,cluster_245647168_3238255150_3495323634,10.0,4,6.519896360780699,10.0,5.0,5.0,5.0,5.0,0.25
1137,2026-09-01 08:20:20.047258,sancheti_congestion,95.0,cluster_245647168_3238255150_3495323634,15.0,4,9.456329244852954,10.0,10.0,5.0,5.0,10.0,0.5
1140,2026-09-01 08:20:20.051815,sancheti_congestion,100.0,cluster_245647168_3238255150_3495323634,20.0,4,0.029450529627607865,15.0,10.0,10.0,5.0,15.0,0.75
1143,2026-09-01 08:20:20.056542,sancheti_congestion,105.0,cluster_245647168_3238255150_3495323634,20.0,4,0.0,20.0,15.0,10.0,10.0,15.0,0.5
1146,2026-09-01 08:20:20.061451,sancheti_congestion,110.0,cluster_245647168_3238255150_3495323634,20.0,4,0.0,20.0,20.0,15.0,10.0,25.0,0.5
1149,2026-09-01 08:20:20.066723,sancheti_congestion,115.0,cluster_245647168_3238255150_3495323634,10.0,2,0.0,20.0,20.0,20.0,15.0,50.0,-0.25
1152,2026-09-01 08:20:20.071390,sancheti_congestion,120.0,cluster_245647168_3238255150_3495323634,10.0,2,0.0,10.0,20.0,20.0,20.0,60.0,-0.5
1155,2026-09-01 08:20:20.076490,sancheti_congestion,125.0,cluster_245647168_3238255150_3495323634,10.0,2,0.0,10.0,10.0,20.0,20.0,5.0,-0.5
1158,2026-09-01 08:20:20.082230,sancheti_congestion,130.0,cluster_245647168_3238255150_3495323634,10.0,2,0.0,10.0,10.0,10.0,20.0,5.0,-0.5
1161,2026-09-01 08:20:20.086988,sancheti_congestion,135.0,cluster_245647168_3238255150_3495323634,5.0,2,16.680128994961784,10.0,10.0,10.0,10.0,5.0,-0.25
1164,2026-09-01 08:20:20.092238,sancheti_congestion,140.0,cluster_245647168_3238255150_3495323634,5.0,1,0.019460593976868237,5.0,10.0,10.0,10.0,5.0,-0.25
1167,2026-09-01 08:20:20.097560,sancheti_congestion,145.0,cluster_245647168_3238255150_3495323634,5.0,1,0.0,5.0,5.0,10.0,10.0,10.0,-0.25
1170,2026-09-01 08:20:20.102761,sancheti_congestion,150.0,cluster_245647168_3238255150_3495323634,5.0,3,29.359603761556002,5.0,5.0,5.0,10.0,10.0,-0.25
1173,2026-09-01 08:20:20.108939,sancheti_congestion,155.0,cluster_245647168_3238255150_3495323634,10.0,3,0.5595389427122489,5.0,5.0,5.0,5.0,15.0,0.25
1176,2026-09-01 08:20:20.115501,sancheti_congestion,160.0,cluster_245647168_3238255150_3495323634,15.0,4,11.009517540071604,10.0,5.0,5.0,5.0,25.0,0.5
1179,2026-09-01 08:20:20.121990,sancheti_congestion,165.0,cluster_245647168_3238255150_3495323634,15.0,8,34.667510842179894,15.0,10.0,5.0,5.0,20.0,0.5
1182,2026-09-01 08:20:20.128627,sancheti_congestion,170.0,cluster_245647168_3238255150_3495323634,25.0,12,21.51082521443533,15.0,15.0,10.0,5.0,20.0,1.0
1185,2026-09-01 08:20:20.135131,sancheti_congestion,175.0,cluster_245647168_3238255150_3495323634,50.0,13,11.352627757934671,25.0,15.0,15.0,10.0,30.0,2.0
1188,2026-09-01 08:20:20.140745,sancheti_congestion,180.0,cluster_245647168_3238255150_3495323634,60.0,13,0.8411222352242614,50.0,25.0,15.0,15.0,30.0,2.25
1191,2026-09-01 08:20:20.146630,sancheti_congestion,185.0,cluster_245647168_3238255150_3495323634,5.0,8,8.897926646948417,60.0,50.0,25.0,15.0,35.0,-0.5
1194,2026-09-01 08:20:20.151928,sancheti_congestion,190.0,cluster_245647168_3238255150_3495323634,5.0,2,14.18351547549668,5.0,60.0,50.0,25.0,40.0,-1.0
1197,2026-09-01 08:20:20.158378,sancheti_congestion,195.0,cluster_245647168_3238255150_3495323634,5.0,2,34.33814871422109,5.0,5.0,60.0,50.0,50.0,-2.25
1200,2026-09-01 08:20:20.164137,sancheti_congestion,200.0,cluster_245647168_3238255150_3495323634,5.0,2,5.612859622107627,5.0,5.0,5.0,60.0,55.0,-2.75
1203,2026-09-01 08:20:20.174023,sancheti_congestion,205.0,cluster_245647168_3238255150_3495323634,10.0,3,19.012978892190862,5.0,5.0,5.0,5.0,60.0,0.25
1206,2026-09-01 08:20:20.180977,sancheti_congestion,210.0,cluster_245647168_3238255150_3495323634,10.0,4,26.784462992820178,10.0,5.0,5.0,5.0,70.0,0.25
1209,2026-09-01 08:20:20.187972,sancheti_congestion,215.0,cluster_245647168_3238255150_3495323634,15.0,5,14.185442232666434,10.0,10.0,5.0,5.0,25.0,0.5
1212,2026-09-01 08:20:20.194802,sancheti_congestion,220.0,cluster_245647168_3238255150_3495323634,25.0,5,0.014188623883777098,15.0,10.0,10.0,5.0,20.0,1.0
1215,2026-09-01 08:20:20.201796,sancheti_congestion,225.0,cluster_245647168_3238255150_3495323634,20.0,4,0.0,25.0,15.0,10.0,10.0,20.0,0.5
1218,2026-09-01 08:20:20.208262,sancheti_congestion,230.0,cluster_245647168_3238255150_3495323634,20.0,6,7.4224645407425704,20.0,25.0,15.0,10.0,20.0,0.5
1221,2026-09-01 08:20:20.215101,sancheti_congestion,235.0,cluster_245647168_3238255150_3495323634,30.0,6,0.006047296226394389,20.0,20.0,25.0,15.0,5.0,0.75
1224,2026-09-01 08:20:20.221740,sancheti_congestion,240.0,cluster_245647168_3238255150_3495323634,30.0,7,1.2725269602521323,30.0,20.0,20.0,25.0,10.0,0.25
1227,2026-09-01 08:20:20.228460,sancheti_congestion,245.0,cluster_245647168_3238255150_3495323634,35.0,8,0.21544583875465032,30.0,30.0,20.0,20.0,20.0,0.75
1230,2026-09-01 08:20:20.235949,sancheti_congestion,250.0,cluster_245647168_3238255150_3495323634,40.0,10,4.385365389463048,35.0,30.0,30.0,20.0,40.0,1.0
1233,2026-09-01 08:20:20.243079,sancheti_congestion,255.0,cluster_245647168_3238255150_3495323634,50.0,11,3.662814438834406,40.0,35.0,30.0,30.0,30.0,1.0
1236,2026-09-01 08:20:20.250179,sancheti_congestion,260.0,cluster_245647168_3238255150_3495323634,55.0,13,8.990495712740799,50.0,40.0,35.0,30.0,60.0,1.25
1239,2026-09-01 08:20:20.256877,sancheti_congestion,265.0,cluster_245647168_3238255150_3495323634,60.0,16,12.395645427916428,55.0,50.0,40.0,35.0,75.0,1.25
1242,2026-09-01 08:20:20.263738,sancheti_congestion,270.0,cluster_245647168_3238255150_3495323634,70.0,17,3.588241820895512,60.0,55.0,50.0,40.0,75.0,1.5
1245,2026-09-01 08:20:20.270372,sancheti_congestion,275.0,cluster_245647168_3238255150_3495323634,25.0,12,14.295723432978418,70.0,60.0,55.0,50.0,75.0,-1.25
1248,2026-09-01 08:20:20.277231,sancheti_congestion,280.0,cluster_245647168_3238255150_3495323634,20.0,6,8.083514001298855,25.0,70.0,60.0,55.0,80.0,-1.75
1251,2026-09-01 08:20:20.284259,sancheti_congestion,285.0,cluster_245647168_3238255150_3495323634,20.0,5,15.05940912456103,20.0,25.0,70.0,60.0,85.0,-2.0
1254,2026-09-01 08:20:20.291006,sancheti_congestion,290.0,cluster_245647168_3238255150_3495323634,20.0,5,1.7827472552752492,20.0,20.0,25.0,70.0,100.0,-2.5
1257,2026-09-01 08:20:20.297455,sancheti_congestion,295.0,cluster_245647168_3238255150_3495323634,5.0,7,22.10879392781483,20.0,20.0,20.0,25.0,120.0,-1.0
1260,2026-09-01 08:20:20.304456,sancheti_congestion,300.0,cluster_245647168_3238255150_3495323634,10.0,7,28.219823944324414,5.0,20.0,20.0,20.0,135.0,-0.5
1263,2026-09-01 08:20:20.311442,sancheti_congestion,305.0,cluster_245647168_3238255150_3495323634,20.0,9,20.586504700809137,10.0,5.0,20.0,20.0,50.0,0.0
1266,2026-09-01 08:20:20.319303,sancheti_congestion,310.0,cluster_245647168_3238255150_3495323634,40.0,10,6.591294645043423,20.0,10.0,5.0,20.0,20.0,1.0
1269,2026-09-01 08:20:20.327117,sancheti_congestion,315.0,cluster_245647168_3238255150_3495323634,30.0,13,17.27874009873883,40.0,20.0,10.0,5.0,15.0,1.25
1272,2026-09-01 08:20:20.335830,sancheti_congestion,320.0,cluster_245647168_3238255150_3495323634,60.0,16,6.310592286557342,30.0,40.0,20.0,10.0,25.0,2.5
1275,2026-09-01 08:20:20.344062,sancheti_congestion,325.0,cluster_245647168_3238255150_3495323634,75.0,15,0.016703057140082474,60.0,30.0,40.0,20.0,15.0,2.75
1278,2026-09-01 08:20:20.352746,sancheti_congestion,330.0,cluster_245647168_3238255150_3495323634,75.0,15,0.0,75.0,60.0,30.0,40.0,15.0,1.75
1281,2026-09-01 08:20:20.360796,sancheti_congestion,335.0,cluster_245647168_3238255150_3495323634,75.0,18,7.997578524598876,75.0,75.0,60.0,30.0,20.0,2.25
1284,2026-09-01 08:20:20.369641,sancheti_congestion,340.0,cluster_245647168_3238255150_3495323634,80.0,17,0.5276870801639811,75.0,75.0,75.0,60.0,20.0,1.0
1287,2026-09-01 08:20:20.377595,sancheti_congestion,345.0,cluster_245647168_3238255150_3495323634,85.0,20,5.3198339862746735,80.0,75.0,75.0,75.0,20.0,0.5
1290,2026-09-01 08:20:20.385911,sancheti_congestion,350.0,cluster_245647168_3238255150_3495323634,100.0,25,6.609863511452975,85.0,80.0,75.0,75.0,20.0,1.25
1293,2026-09-01 08:20:20.393315,sancheti_congestion,355.0,cluster_245647168_3238255150_3495323634,120.0,27,3.8682326803740272,100.0,85.0,80.0,75.0,25.0,2.25
1296,2026-09-01 08:20:20.400669,sancheti_congestion,360.0,cluster_245647168_3238255150_3495323634,135.0,28,1.4506106756861916,120.0,100.0,85.0,80.0,25.0,2.75
1299,2026-09-01 08:20:20.407326,sancheti_congestion,365.0,cluster_245647168_3238255150_3495323634,50.0,22,6.44762556355827,135.0,120.0,100.0,85.0,30.0,-1.75
1302,2026-09-01 08:20:20.414200,sancheti_congestion,370.0,cluster_245647168_3238255150_3495323634,20.0,15,15.075769326212194,50.0,135.0,120.0,100.0,30.0,-4.0
1305,2026-09-01 08:20:20.420610,sancheti_congestion,375.0,cluster_245647168_3238255150_3495323634,15.0,6,9.24072792659266,20.0,50.0,135.0,120.0,35.0,-5.25
1308,2026-09-01 08:20:20.426840,sancheti_congestion,380.0,cluster_245647168_3238255150_3495323634,25.0,6,0.24866781105115915,15.0,20.0,50.0,135.0,45.0,-5.5
1311,2026-09-01 08:20:20.433412,sancheti_congestion,385.0,cluster_245647168_3238255150_3495323634,15.0,5,14.397367430936718,25.0,15.0,20.0,50.0,55.0,-1.75
1314,2026-09-01 08:20:20.439638,sancheti_congestion,390.0,cluster_245647168_3238255150_3495323634,15.0,4,0.24031895690421332,15.0,25.0,15.0,20.0,60.0,-0.25
1317,2026-09-01 08:20:20.446021,sancheti_congestion,395.0,cluster_245647168_3238255150_3495323634,20.0,4,0.0,15.0,15.0,25.0,15.0,0.0,0.25
1320,2026-09-01 08:20:20.453095,sancheti_congestion,400.0,cluster_245647168_3238255150_3495323634,20.0,4,0.0,20.0,15.0,15.0,25.0,0.0,-0.25
1323,2026-09-01 08:20:20.462961,sancheti_congestion,405.0,cluster_245647168_3238255150_3495323634,20.0,4,0.0,20.0,20.0,15.0,15.0,5.0,0.25
1326,2026-09-01 08:20:20.469473,sancheti_congestion,410.0,cluster_245647168_3238255150_3495323634,20.0,5,10.209721321582682,20.0,20.0,20.0,15.0,5.0,0.25
1329,2026-09-01 08:20:20.475509,sancheti_congestion,415.0,cluster_245647168_3238255150_3495323634,25.0,5,0.008474942365306378,20.0,20.0,20.0,20.0,10.0,0.25
1332,2026-09-01 08:20:20.482228,sancheti_congestion,420.0,cluster_245647168_3238255150_3495323634,25.0,6,7.711025585964709,25.0,20.0,20.0,20.0,10.0,0.25
1335,2026-09-01 08:20:20.488854,sancheti_congestion,425.0,cluster_245647168_3238255150_3495323634,30.0,8,13.083534870417457,25.0,25.0,20.0,20.0,10.0,0.5
1338,2026-09-01 08:20:20.495379,sancheti_congestion,430.0,cluster_245647168_3238255150_3495323634,30.0,7,2.2139984112120663,30.0,25.0,25.0,20.0,15.0,0.5
1341,2026-09-01 08:20:20.502771,sancheti_congestion,435.0,cluster_245647168_3238255150_3495323634,35.0,10,15.092603447204862,30.0,30.0,25.0,25.0,15.0,0.5
1344,2026-09-01 08:20:20.509374,sancheti_congestion,440.0,cluster_245647168_3238255150_3495323634,45.0,13,13.10296570144273,35.0,30.0,30.0,25.0,15.0,1.0
1347,2026-09-01 08:20:20.516296,sancheti_congestion,445.0,cluster_245647168_3238255150_3495323634,55.0,16,10.229351822384913,45.0,35.0,30.0,30.0,15.0,1.25
1350,2026-09-01 08:20:20.523074,sancheti_congestion,450.0,cluster_245647168_3238255150_3495323634,60.0,18,7.799859326571342,55.0,45.0,35.0,30.0,15.0,1.5
1353,2026-09-01 08:20:20.529347,sancheti_congestion,455.0,cluster_245647168_3238255150_3495323634,0.0,11,11.576279842745828,60.0,55.0,45.0,35.0,35.0,-1.75
1356,2026-09-01 08:20:20.535921,sancheti_congestion,460.0,cluster_245647168_3238255150_3495323634,0.0,6,25.1868549587591,0.0,60.0,55.0,45.0,30.0,-2.25
1359,2026-09-01 08:20:20.542167,sancheti_congestion,465.0,cluster_245647168_3238255150_3495323634,5.0,2,44.65744636067617,0.0,0.0,60.0,55.0,35.0,-2.5
1362,2026-09-01 08:20:20.549113,sancheti_congestion,470.0,cluster_245647168_3238255150_3495323634,5.0,2,9.482779699685173,5.0,0.0,0.0,60.0,40.0,-2.75
1365,2026-09-01 08:20:20.556225,sancheti_congestion,475.0,cluster_245647168_3238255150_3495323634,10.0,2,0.004738353960839161,5.0,5.0,0.0,0.0,50.0,0.5
1368,2026-09-01 08:20:20.562713,sancheti_congestion,480.0,cluster_245647168_3238255150_3495323634,10.0,3,30.524862714700998,10.0,5.0,5.0,0.0,65.0,0.5
1371,2026-09-01 08:20:20.569230,sancheti_congestion,485.0,cluster_245647168_3238255150_3495323634,10.0,3,4.414191526381896,10.0,10.0,5.0,5.0,15.0,0.25
1374,2026-09-01 08:20:20.575218,sancheti_congestion,490.0,cluster_245647168_3238255150_3495323634,15.0,4,13.629810508455657,10.0,10.0,10.0,5.0,15.0,0.5
1377,2026-09-01 08:20:20.581456,sancheti_congestion,495.0,cluster_245647168_3238255150_3495323634,15.0,3,0.0,15.0,10.0,10.0,10.0,15.0,0.25
1380,2026-09-01 08:20:20.586588,sancheti_congestion,500.0,cluster_245647168_3238255150_3495323634,15.0,3,0.0,15.0,15.0,10.0,10.0,15.0,0.25
1383,2026-09-01 08:20:20.591093,sancheti_congestion,505.0,cluster_245647168_3238255150_3495323634,15.0,3,0.0,15.0,15.0,15.0,10.0,10.0,0.25
1386,2026-09-01 08:20:20.595834,sancheti_congestion,510.0,cluster_245647168_3238255150_3495323634,15.0,7,23.116607940856955,15.0,15.0,15.0,15.0,10.0,0.0
1389,2026-09-01 08:20:20.600733,sancheti_congestion,515.0,cluster_245647168_3238255150_3495323634,35.0,8,9.06438966616146,15.0,15.0,15.0,15.0,20.0,1.0
1392,2026-09-01 08:20:20.605012,sancheti_congestion,520.0,cluster_245647168_3238255150_3495323634,30.0,8,3.923117068953579,35.0,15.0,15.0,15.0,25.0,0.75
1395,2026-09-01 08:20:20.609707,sancheti_congestion,525.0,cluster_245647168_3238255150_3495323634,35.0,8,3.316091149311157,30.0,35.0,15.0,15.0,30.0,1.0
1398,2026-09-01 08:20:20.614369,sancheti_congestion,530.0,cluster_245647168_3238255150_3495323634,40.0,11,12.781432754102187,35.0,30.0,35.0,15.0,30.0,1.25
1401,2026-09-01 08:20:20.618887,sancheti_congestion,535.0,cluster_245647168_3238255150_3495323634,50.0,14,9.62315860563674,40.0,35.0,30.0,35.0,30.0,0.75
1404,2026-09-01 08:20:20.623073,sancheti_congestion,540.0,cluster_245647168_3238255150_3495323634,65.0,15,3.926428622577999,50.0,40.0,35.0,30.0,40.0,1.75
1407,2026-09-01 08:20:20.627443,sancheti_congestion,545.0,cluster_245647168_3238255150_3495323634,15.0,9,10.228655691742485,65.0,50.0,40.0,35.0,40.0,-1.0
1410,2026-09-01 08:20:20.632103,sancheti_congestion,550.0,cluster_245647168_3238255150_3495323634,15.0,5,13.028719255157917,15.0,65.0,50.0,40.0,45.0,-1.25
1413,2026-09-01 08:20:20.636257,sancheti_congestion,555.0,cluster_245647168_3238255150_3495323634,15.0,4,16.96798239787084,15.0,15.0,65.0,50.0,60.0,-1.75
1416,2026-09-01 08:20:20.640569,sancheti_congestion,560.0,cluster_245647168_3238255150_3495323634,15.0,4,4.394558439409998,15.0,15.0,15.0,65.0,60.0,-2.5
1419,2026-09-01 08:20:20.645282,sancheti_congestion,565.0,cluster_245647168_3238255150_3495323634,10.0,3,20.928785601431034,15.0,15.0,15.0,15.0,70.0,-0.25
1422,2026-09-01 08:20:20.650133,sancheti_congestion,570.0,cluster_245647168_3238255150_3495323634,10.0,5,21.358971524605334,10.0,15.0,15.0,15.0,75.0,-0.25
1425,2026-09-01 08:20:20.654517,sancheti_congestion,575.0,cluster_245647168_3238255150_3495323634,20.0,8,20.839173956623174,10.0,10.0,15.0,15.0,15.0,0.25
1428,2026-09-01 08:20:20.659647,sancheti_congestion,580.0,cluster_245647168_3238255150_3495323634,25.0,7,4.185795152887505,20.0,10.0,10.0,15.0,15.0,0.5
1431,2026-09-01 08:20:20.665405,sancheti_congestion,585.0,cluster_245647168_3238255150_3495323634,30.0,6,0.00027614501522885116,25.0,20.0,10.0,10.0,15.0,1.0
1434,2026-09-01 08:20:20.670881,sancheti_congestion,590.0,cluster_245647168_3238255150_3495323634,30.0,6,0.0,30.0,25.0,20.0,10.0,15.0,1.0
1437,2026-09-01 08:20:20.676230,sancheti_congestion,595.0,cluster_245647168_3238255150_3495323634,30.0,8,9.47061287036213,30.0,30.0,25.0,20.0,10.0,0.5
1440,2026-09-01 08:20:20.682562,sancheti_congestion,600.0,cluster_245647168_3238255150_3495323634,40.0,8,0.0018213412359395762,30.0,30.0,30.0,25.0,10.0,0.75
1443,2026-09-01 08:20:20.688674,sancheti_congestion,605.0,cluster_245647168_3238255150_3495323634,40.0,10,10.484081505256135,40.0,30.0,30.0,30.0,10.0,0.5
1446,2026-09-01 08:20:20.699369,sancheti_congestion,610.0,cluster_245647168_3238255150_3495323634,45.0,12,4.035458897164559,40.0,40.0,30.0,30.0,20.0,0.75
1449,2026-09-01 08:20:20.705560,sancheti_congestion,615.0,cluster_245647168_3238255150_3495323634,60.0,12,0.0011588170894470163,45.0,40.0,40.0,30.0,30.0,1.5
1452,2026-09-01 08:20:20.711801,sancheti_congestion,620.0,cluster_245647168_3238255150_3495323634,60.0,13,2.464904151022878,60.0,45.0,40.0,40.0,45.0,1.0
1455,2026-09-01 08:20:20.718304,sancheti_congestion,625.0,cluster_245647168_3238255150_3495323634,70.0,14,0.021486511200597858,60.0,60.0,45.0,40.0,55.0,1.5
1458,2026-09-01 08:20:20.724300,sancheti_congestion,630.0,cluster_245647168_3238255150_3495323634,75.0,15,0.00817811736332313,70.0,60.0,60.0,45.0,55.0,1.5
1461,2026-09-01 08:20:20.730086,sancheti_congestion,635.0,cluster_245647168_3238255150_3495323634,15.0,9,8.041056452513297,75.0,70.0,60.0,60.0,55.0,-2.25
1464,2026-09-01 08:20:20.735770,sancheti_congestion,640.0,cluster_245647168_3238255150_3495323634,15.0,4,13.3356300949941,15.0,75.0,70.0,60.0,65.0,-2.25
1467,2026-09-01 08:20:20.741943,sancheti_congestion,645.0,cluster_245647168_3238255150_3495323634,15.0,4,17.967081111866985,15.0,15.0,75.0,70.0,70.0,-2.75
1470,2026-09-01 08:20:20.747998,sancheti_congestion,650.0,cluster_245647168_3238255150_3495323634,15.0,5,13.005199782867878,15.0,15.0,15.0,75.0,75.0,-3.0
1473,2026-09-01 08:20:20.753851,sancheti_congestion,655.0,cluster_245647168_3238255150_3495323634,10.0,4,5.886128242924566,15.0,15.0,15.0,15.0,80.0,-0.25
1476,2026-09-01 08:20:20.759402,sancheti_congestion,660.0,cluster_245647168_3238255150_3495323634,10.0,3,27.31207121186877,10.0,15.0,15.0,15.0,85.0,-0.25
1479,2026-09-01 08:20:20.766089,sancheti_congestion,665.0,cluster_245647168_3238255150_3495323634,10.0,5,26.28664738611354,10.0,10.0,15.0,15.0,10.0,-0.25
1482,2026-09-01 08:20:20.772222,sancheti_congestion,670.0,cluster_245647168_3238255150_3495323634,20.0,7,16.45522307922372,10.0,10.0,10.0,15.0,15.0,0.25
1485,2026-09-01 08:20:20.778045,sancheti_congestion,675.0,cluster_245647168_3238255150_3495323634,30.0,10,15.97457128526165,20.0,10.0,10.0,10.0,15.0,1.0
1488,2026-09-01 08:20:20.784662,sancheti_congestion,680.0,cluster_245647168_3238255150_3495323634,45.0,11,1.3803866012066395,30.0,20.0,10.0,10.0,15.0,1.75
1491,2026-09-01 08:20:20.790668,sancheti_congestion,685.0,cluster_245647168_3238255150_3495323634,55.0,11,0.00026558530348272147,45.0,30.0,20.0,10.0,10.0,2.25
1494,2026-09-01 08:20:20.796626,sancheti_congestion,690.0,cluster_245647168_3238255150_3495323634,55.0,13,9.00991037811699,55.0,45.0,30.0,20.0,10.0,1.75
1497,2026-09-01 08:20:20.803241,sancheti_congestion,695.0,cluster_245647168_3238255150_3495323634,55.0,14,3.319223767503207,55.0,55.0,45.0,30.0,20.0,1.25
1500,2026-09-01 08:20:20.809955,sancheti_congestion,700.0,cluster_245647168_3238255150_3495323634,65.0,14,4.653139828423644,55.0,55.0,55.0,45.0,20.0,1.0
1503,2026-09-01 08:20:20.816457,sancheti_congestion,705.0,cluster_245647168_3238255150_3495323634,70.0,15,0.807704559283326,65.0,55.0,55.0,55.0,20.0,0.75
1506,2026-09-01 08:20:20.822806,sancheti_congestion,710.0,cluster_245647168_3238255150_3495323634,75.0,17,7.477059127069607,70.0,65.0,55.0,55.0,20.0,1.0
1509,2026-09-01 08:20:20.829039,sancheti_congestion,715.0,cluster_245647168_3238255150_3495323634,80.0,17,0.15019115666433563,75.0,70.0,65.0,55.0,25.0,1.25
1512,2026-09-01 08:20:20.835160,sancheti_congestion,720.0,cluster_245647168_3238255150_3495323634,85.0,18,2.561291302344122,80.0,75.0,70.0,65.0,25.0,1.0
1515,2026-09-01 08:20:20.841201,sancheti_congestion,725.0,cluster_245647168_3238255150_3495323634,10.0,13,12.090263447996367,85.0,80.0,75.0,70.0,30.0,-3.0
1518,2026-09-01 08:20:20.847759,sancheti_congestion,730.0,cluster_245647168_3238255150_3495323634,15.0,8,17.77450819305811,10.0,85.0,80.0,75.0,40.0,-3.0
1521,2026-09-01 08:20:20.854006,sancheti_congestion,735.0,cluster_245647168_3238255150_3495323634,15.0,3,0.0,15.0,10.0,85.0,80.0,50.0,-3.25
1524,2026-09-01 08:20:20.860154,sancheti_congestion,740.0,cluster_245647168_3238255150_3495323634,15.0,4,10.918657441726806,15.0,15.0,10.0,85.0,50.0,-3.5
1527,2026-09-01 08:20:20.866596,sancheti_congestion,745.0,cluster_245647168_3238255150_3495323634,10.0,5,29.381835025297995,15.0,15.0,15.0,10.0,65.0,0.0
1530,2026-09-01 08:20:20.872392,sancheti_congestion,750.0,cluster_245647168_3238255150_3495323634,10.0,4,3.967327369193374,10.0,15.0,15.0,15.0,75.0,-0.25
1533,2026-09-01 08:20:20.878082,sancheti_congestion,755.0,cluster_245647168_3238255150_3495323634,20.0,4,0.001492081123100577,10.0,10.0,15.0,15.0,0.0,0.25
1536,2026-09-01 08:20:20.884421,sancheti_congestion,760.0,cluster_245647168_3238255150_3495323634,20.0,5,2.2470567463666016,20.0,10.0,10.0,15.0,10.0,0.25
1539,2026-09-01 08:20:20.890508,sancheti_congestion,765.0,cluster_245647168_3238255150_3495323634,20.0,4,0.007577199525439767,20.0,20.0,10.0,10.0,5.0,0.5
1542,2026-09-01 08:20:20.896147,sancheti_congestion,770.0,cluster_245647168_3238255150_3495323634,20.0,5,8.023199002100721,20.0,20.0,20.0,10.0,5.0,0.5
1545,2026-09-01 08:20:20.901865,sancheti_congestion,775.0,cluster_245647168_3238255150_3495323634,25.0,5,0.0403673686057979,20.0,20.0,20.0,20.0,5.0,0.25
1548,2026-09-01 08:20:20.908490,sancheti_congestion,780.0,cluster_245647168_3238255150_3495323634,25.0,8,29.378408898166143,25.0,20.0,20.0,20.0,15.0,0.25
1551,2026-09-01 08:20:20.915400,sancheti_congestion,785.0,cluster_245647168_3238255150_3495323634,30.0,10,13.381838162063929,25.0,25.0,20.0,20.0,20.0,0.5
1554,2026-09-01 08:20:20.922108,sancheti_congestion,790.0,cluster_245647168_3238255150_3495323634,40.0,10,4.723297975955892,30.0,25.0,25.0,20.0,25.0,1.0
1557,2026-09-01 08:20:20.928786,sancheti_congestion,795.0,cluster_245647168_3238255150_3495323634,50.0,11,7.318189364044025,40.0,30.0,25.0,25.0,20.0,1.25
1560,2026-09-01 08:20:20.935704,sancheti_congestion,800.0,cluster_245647168_3238255150_3495323634,50.0,15,13.998665176594345,50.0,40.0,30.0,25.0,15.0,1.25
1563,2026-09-01 08:20:20.942518,sancheti_congestion,805.0,cluster_245647168_3238255150_3495323634,65.0,16,7.121642630911889,50.0,50.0,40.0,30.0,15.0,1.75
1566,2026-09-01 08:20:20.953348,sancheti_congestion,810.0,cluster_245647168_3238255150_3495323634,75.0,17,2.7945261526602314,65.0,50.0,50.0,40.0,15.0,1.75
1569,2026-09-01 08:20:20.960896,sancheti_congestion,815.0,cluster_245647168_3238255150_3495323634,0.0,11,11.234240032572988,75.0,65.0,50.0,50.0,20.0,-2.5
1572,2026-09-01 08:20:20.967846,sancheti_congestion,820.0,cluster_245647168_3238255150_3495323634,10.0,6,22.479451868176046,0.0,75.0,65.0,50.0,35.0,-2.0
1575,2026-09-01 08:20:20.974770,sancheti_congestion,825.0,cluster_245647168_3238255150_3495323634,5.0,1,0.0,10.0,0.0,75.0,65.0,45.0,-3.0
1578,2026-09-01 08:20:20.981521,sancheti_congestion,830.0,cluster_245647168_3238255150_3495323634,5.0,1,0.0,5.0,10.0,0.0,75.0,45.0,-3.5
1581,2026-09-01 08:20:20.988421,sancheti_congestion,835.0,cluster_245647168_3238255150_3495323634,5.0,3,25.587373370679515,5.0,5.0,10.0,0.0,55.0,0.25
1584,2026-09-01 08:20:20.995644,sancheti_congestion,840.0,cluster_245647168_3238255150_3495323634,15.0,4,18.854620528258557,5.0,5.0,5.0,10.0,70.0,0.25
1587,2026-09-01 08:20:21.002787,sancheti_congestion,845.0,cluster_245647168_3238255150_3495323634,20.0,5,7.627190226012897,15.0,5.0,5.0,5.0,10.0,0.75
1590,2026-09-01 08:20:21.009633,sancheti_congestion,850.0,cluster_245647168_3238255150_3495323634,25.0,5,0.024732713571233474,20.0,15.0,5.0,5.0,5.0,1.0
1593,2026-09-01 08:20:21.017096,sancheti_congestion,855.0,cluster_245647168_3238255150_3495323634,20.0,4,0.0,25.0,20.0,15.0,5.0,5.0,0.75
1596,2026-09-01 08:20:21.024274,sancheti_congestion,860.0,cluster_245647168_3238255150_3495323634,15.0,3,0.0,20.0,25.0,20.0,15.0,5.0,0.0
1599,2026-09-01 08:20:21.030910,sancheti_congestion,865.0,cluster_245647168_3238255150_3495323634,15.0,4,18.095110911019546,15.0,20.0,25.0,20.0,5.0,-0.25
1602,2026-09-01 08:20:21.038119,sancheti_congestion,870.0,cluster_245647168_3238255150_3495323634,15.0,5,16.258358462612467,15.0,15.0,20.0,25.0,10.0,-0.5
1605,2026-09-01 08:20:21.046967,sancheti_congestion,875.0,cluster_245647168_3238255150_3495323634,20.0,8,25.051211649618903,15.0,15.0,15.0,20.0,25.0,0.0
1608,2026-09-01 08:20:21.061108,sancheti_congestion,880.0,cluster_245647168_3238255150_3495323634,35.0,9,5.050518329740982,20.0,15.0,15.0,15.0,40.0,1.0
1611,2026-09-01 08:20:21.074542,sancheti_congestion,885.0,cluster_245647168_3238255150_3495323634,45.0,12,11.5291271506699,35.0,20.0,15.0,15.0,45.0,1.5
1614,2026-09-01 08:20:21.083788,sancheti_congestion,890.0,cluster_245647168_3238255150_3495323634,45.0,14,11.074336072229137,45.0,35.0,20.0,15.0,50.0,1.5
1617,2026-09-01 08:20:21.091297,sancheti_congestion,895.0,cluster_245647168_3238255150_3495323634,55.0,16,7.679222997159141,45.0,45.0,35.0,20.0,60.0,1.75
1620,2026-09-01 08:20:21.098197,sancheti_congestion,900.0,cluster_245647168_3238255150_3495323634,70.0,16,0.6405891461529959,55.0,45.0,45.0,35.0,60.0,1.75
1623,2026-09-01 08:20:21.107257,sancheti_congestion,905.0,cluster_245647168_3238255150_3495323634,10.0,8,7.96902848066021,70.0,55.0,45.0,45.0,70.0,-1.75
1626,2026-09-01 08:20:21.115723,sancheti_congestion,910.0,cluster_245647168_3238255150_3495323634,5.0,4,29.230489810724936,10.0,70.0,55.0,45.0,85.0,-2.0
1629,2026-09-01 08:20:21.123801,sancheti_congestion,915.0,cluster_245647168_3238255150_3495323634,5.0,3,35.34522203980001,5.0,10.0,70.0,55.0,90.0,-2.5
1632,2026-09-01 08:20:21.131807,sancheti_congestion,920.0,cluster_245647168_3238255150_3495323634,5.0,3,34.11164145270865,5.0,5.0,10.0,70.0,95.0,-3.25
1635,2026-09-01 08:20:21.139927,sancheti_congestion,925.0,cluster_245647168_3238255150_3495323634,5.0,3,20.15922765366642,5.0,5.0,5.0,10.0,105.0,-0.25
1638,2026-09-01 08:20:21.147702,sancheti_congestion,930.0,cluster_245647168_3238255150_3495323634,10.0,7,36.96955262756035,5.0,5.0,5.0,5.0,100.0,0.25
1641,2026-09-01 08:20:21.155742,sancheti_congestion,935.0,cluster_245647168_3238255150_3495323634,25.0,9,20.827438968581784,10.0,5.0,5.0,5.0,25.0,1.0
1644,2026-09-01 08:20:21.162783,sancheti_congestion,940.0,cluster_245647168_3238255150_3495323634,40.0,10,4.983500742373675,25.0,10.0,5.0,5.0,15.0,1.75
1647,2026-09-01 08:20:21.170861,sancheti_congestion,945.0,cluster_245647168_3238255150_3495323634,45.0,11,9.788998139509735,40.0,25.0,10.0,5.0,5.0,2.0
1650,2026-09-01 08:20:21.178098,sancheti_congestion,950.0,cluster_245647168_3238255150_3495323634,50.0,12,1.538206556531654,45.0,40.0,25.0,10.0,10.0,2.0
1653,2026-09-01 08:20:21.186377,sancheti_congestion,955.0,cluster_245647168_3238255150_3495323634,60.0,14,7.481661158802496,50.0,45.0,40.0,25.0,15.0,1.75
1656,2026-09-01 08:20:21.194434,sancheti_congestion,960.0,cluster_245647168_3238255150_3495323634,60.0,16,9.298435254484321,60.0,50.0,45.0,40.0,20.0,1.0
1659,2026-09-01 08:20:21.203269,sancheti_congestion,965.0,cluster_245647168_3238255150_3495323634,70.0,17,2.6101524923492696,60.0,60.0,50.0,45.0,25.0,1.25
1662,2026-09-01 08:20:21.211441,sancheti_congestion,970.0,cluster_245647168_3238255150_3495323634,85.0,18,2.5414354781872253,70.0,60.0,60.0,50.0,30.0,1.75
1665,2026-09-01 08:20:21.220017,sancheti_congestion,975.0,cluster_245647168_3238255150_3495323634,90.0,19,1.4532949061274272,85.0,70.0,60.0,60.0,25.0,1.5
1668,2026-09-01 08:20:21.227982,sancheti_congestion,980.0,cluster_245647168_3238255150_3495323634,95.0,21,3.695361562544345,90.0,85.0,70.0,60.0,25.0,1.75
1671,2026-09-01 08:20:21.236032,sancheti_congestion,985.0,cluster_245647168_3238255150_3495323634,105.0,22,2.454415683495983,95.0,90.0,85.0,70.0,25.0,1.75
1674,2026-09-01 08:20:21.243220,sancheti_congestion,990.0,cluster_245647168_3238255150_3495323634,100.0,24,4.469273987815467,105.0,95.0,90.0,85.0,30.0,0.75
1677,2026-09-01 08:20:21.250673,sancheti_congestion,995.0,cluster_245647168_3238255150_3495323634,25.0,17,6.481854167688017,100.0,105.0,95.0,90.0,45.0,-3.25
1680,2026-09-01 08:20:21.257642,sancheti_congestion,1000.0,cluster_245647168_3238255150_3495323634,15.0,12,8.838619909676103,25.0,100.0,105.0,95.0,55.0,-4.0
1683,2026-09-01 08:20:21.264380,sancheti_congestion,1005.0,cluster_245647168_3238255150_3495323634,5.0,5,27.411848535942397,15.0,25.0,100.0,105.0,55.0,-5.0
1686,2026-09-01 08:20:21.275816,sancheti_congestion,1010.0,cluster_245647168_3238255150_3495323634,10.0,6,15.37220989180487,5.0,15.0,25.0,100.0,60.0,-4.5
1689,2026-09-01 08:20:21.283801,sancheti_congestion,1015.0,cluster_245647168_3238255150_3495323634,15.0,5,18.99354969441998,10.0,5.0,15.0,25.0,65.0,-0.5
1692,2026-09-01 08:20:21.291163,sancheti_congestion,1020.0,cluster_245647168_3238255150_3495323634,20.0,6,14.599865996533731,15.0,10.0,5.0,15.0,70.0,0.25
1695,2026-09-01 08:20:21.298698,sancheti_congestion,1025.0,cluster_245647168_3238255150_3495323634,25.0,6,0.8266551037476167,20.0,15.0,10.0,5.0,25.0,1.0
1698,2026-09-01 08:20:21.306240,sancheti_congestion,1030.0,cluster_245647168_3238255150_3495323634,30.0,6,0.000836561922110643,25.0,20.0,15.0,10.0,10.0,1.0
1701,2026-09-01 08:20:21.313515,sancheti_congestion,1035.0,cluster_245647168_3238255150_3495323634,25.0,5,0.0,30.0,25.0,20.0,15.0,5.0,0.5
1704,2026-09-01 08:20:21.321243,sancheti_congestion,1040.0,cluster_245647168_3238255150_3495323634,25.0,6,9.245535319027923,25.0,30.0,25.0,20.0,10.0,0.25
1707,2026-09-01 08:20:21.328453,sancheti_congestion,1045.0,cluster_245647168_3238255150_3495323634,25.0,6,0.6659189151956637,25.0,25.0,30.0,25.0,10.0,0.0
1710,2026-09-01 08:20:21.336491,sancheti_congestion,1050.0,cluster_245647168_3238255150_3495323634,30.0,10,11.514901740871883,25.0,25.0,25.0,30.0,10.0,0.0
1713,2026-09-01 08:20:21.344544,sancheti_congestion,1055.0,cluster_245647168_3238255150_3495323634,45.0,11,6.309843803977208,30.0,25.0,25.0,25.0,15.0,1.0
1716,2026-09-01 08:20:21.353291,sancheti_congestion,1060.0,cluster_245647168_3238255150_3495323634,55.0,12,5.035693424461088,45.0,30.0,25.0,25.0,25.0,1.5
1719,2026-09-01 08:20:21.361064,sancheti_congestion,1065.0,cluster_245647168_3238255150_3495323634,55.0,12,0.06906456505203264,55.0,45.0,30.0,25.0,35.0,1.5
1722,2026-09-01 08:20:21.369268,sancheti_congestion,1070.0,cluster_245647168_3238255150_3495323634,60.0,14,8.187490858491634,55.0,55.0,45.0,30.0,35.0,1.5
1725,2026-09-01 08:20:21.376859,sancheti_congestion,1075.0,cluster_245647168_3238255150_3495323634,65.0,14,0.026328615940693408,60.0,55.0,55.0,45.0,35.0,1.0
1728,2026-09-01 08:20:21.385654,sancheti_congestion,1080.0,cluster_245647168_3238255150_3495323634,70.0,14,0.00021804868593994448,65.0,60.0,55.0,55.0,40.0,0.75
1731,2026-09-01 08:20:21.393233,sancheti_congestion,1085.0,cluster_245647168_3238255150_3495323634,25.0,10,13.519555267443952,70.0,65.0,60.0,55.0,45.0,-1.5
1734,2026-09-01 08:20:21.401375,sancheti_congestion,1090.0,cluster_245647168_3238255150_3495323634,10.0,6,15.88482598892137,25.0,70.0,65.0,60.0,55.0,-2.5
1737,2026-09-01 08:20:21.408702,sancheti_congestion,1095.0,cluster_245647168_3238255150_3495323634,5.0,3,11.514379413866761,10.0,25.0,70.0,65.0,80.0,-3.0
1740,2026-09-01 08:20:21.415456,sancheti_congestion,1100.0,cluster_245647168_3238255150_3495323634,10.0,3,0.4406190858456948,5.0,10.0,25.0,70.0,95.0,-3.0
1743,2026-09-01 08:20:21.422299,sancheti_congestion,1105.0,cluster_245647168_3238255150_3495323634,10.0,3,5.113172367845331,10.0,5.0,10.0,25.0,105.0,-0.75
1746,2026-09-01 08:20:21.429380,sancheti_congestion,1110.0,cluster_245647168_3238255150_3495323634,10.0,5,29.527667326372846,10.0,10.0,5.0,10.0,115.0,0.0
1749,2026-09-01 08:20:21.437204,sancheti_congestion,1115.0,cluster_245647168_3238255150_3495323634,15.0,5,5.714551785701482,10.0,10.0,10.0,5.0,35.0,0.5
1752,2026-09-01 08:20:21.444497,sancheti_congestion,1120.0,cluster_245647168_3238255150_3495323634,25.0,7,8.106977678556873,15.0,10.0,10.0,10.0,35.0,0.75
1755,2026-09-01 08:20:21.451856,sancheti_congestion,1125.0,cluster_245647168_3238255150_3495323634,35.0,7,0.024446276465579193,25.0,15.0,10.0,10.0,30.0,1.25
1758,2026-09-01 08:20:21.458610,sancheti_congestion,1130.0,cluster_245647168_3238255150_3495323634,35.0,7,0.0,35.0,25.0,15.0,10.0,35.0,1.25
1761,2026-09-01 08:20:21.465971,sancheti_congestion,1135.0,cluster_245647168_3238255150_3495323634,35.0,9,6.310383635071468,35.0,35.0,25.0,15.0,25.0,1.0
1764,2026-09-01 08:20:21.472642,sancheti_congestion,1140.0,cluster_245647168_3238255150_3495323634,40.0,10,5.6643465905889405,35.0,35.0,35.0,25.0,25.0,0.75
1767,2026-09-01 08:20:21.479557,sancheti_congestion,1145.0,cluster_245647168_3238255150_3495323634,45.0,13,13.273975515684874,40.0,35.0,35.0,35.0,25.0,0.5
1770,2026-09-01 08:20:21.486480,sancheti_congestion,1150.0,cluster_245647168_3238255150_3495323634,55.0,16,8.727135368693263,45.0,40.0,35.0,35.0,25.0,1.0
1773,2026-09-01 08:20:21.493436,sancheti_congestion,1155.0,cluster_245647168_3238255150_3495323634,80.0,21,9.91304954812042,55.0,45.0,40.0,35.0,20.0,2.25
1776,2026-09-01 08:20:21.501005,sancheti_congestion,1160.0,cluster_245647168_3238255150_3495323634,95.0,22,3.9220012823625146,80.0,55.0,45.0,40.0,15.0,2.75
1779,2026-09-01 08:20:21.508103,sancheti_congestion,1165.0,cluster_245647168_3238255150_3495323634,105.0,24,4.17945994168061,95.0,80.0,55.0,45.0,20.0,3.0
1782,2026-09-01 08:20:21.515044,sancheti_congestion,1170.0,cluster_245647168_3238255150_3495323634,115.0,25,1.8207012636214064,105.0,95.0,80.0,55.0,25.0,3.0
1785,2026-09-01 08:20:21.522885,sancheti_congestion,1175.0,cluster_245647168_3238255150_3495323634,35.0,18,4.460468801781138,115.0,105.0,95.0,80.0,25.0,-2.25
1788,2026-09-01 08:20:21.529429,sancheti_congestion,1180.0,cluster_245647168_3238255150_3495323634,35.0,14,10.810833438856479,35.0,115.0,105.0,95.0,20.0,-3.0
1791,2026-09-01 08:20:21.536080,sancheti_congestion,1185.0,cluster_245647168_3238255150_3495323634,30.0,9,5.359973242827958,35.0,35.0,115.0,105.0,20.0,-3.75
1794,2026-09-01 08:20:21.543388,sancheti_congestion,1190.0,cluster_245647168_3238255150_3495323634,35.0,8,0.048706539640009226,30.0,35.0,35.0,115.0,25.0,-4.0
1797,2026-09-01 08:20:21.551037,sancheti_congestion,1195.0,cluster_245647168_3238255150_3495323634,25.0,7,3.690958985983203,35.0,30.0,35.0,35.0,35.0,-0.5
1800,2026-09-01 08:20:21.557610,sancheti_congestion,1200.0,cluster_245647168_3238255150_3495323634,25.0,5,0.0,25.0,35.0,30.0,35.0,40.0,-0.5
1803,2026-09-01 08:20:21.564376,sancheti_congestion,1205.0,cluster_245647168_3238255150_3495323634,25.0,5,0.0,25.0,25.0,35.0,30.0,0.0,-0.25
1806,2026-09-01 08:20:21.574938,sancheti_congestion,1210.0,cluster_245647168_3238255150_3495323634,25.0,5,0.0,25.0,25.0,25.0,35.0,0.0,-0.5
1809,2026-09-01 08:20:21.581795,sancheti_congestion,1215.0,cluster_245647168_3238255150_3495323634,20.0,4,0.0,25.0,25.0,25.0,25.0,0.0,-0.25
1812,2026-09-01 08:20:21.588967,sancheti_congestion,1220.0,cluster_245647168_3238255150_3495323634,15.0,5,26.24082040556756,20.0,25.0,25.0,25.0,0.0,-0.5
1815,2026-09-01 08:20:21.595844,sancheti_congestion,1225.0,cluster_245647168_3238255150_3495323634,20.0,5,0.8039663815825713,15.0,20.0,25.0,25.0,0.0,-0.25
1818,2026-09-01 08:20:21.603224,sancheti_congestion,1230.0,cluster_245647168_3238255150_3495323634,25.0,5,0.0006591394465496088,20.0,15.0,20.0,25.0,0.0,0.0
1821,2026-09-01 08:20:21.610066,sancheti_congestion,1235.0,cluster_245647168_3238255150_3495323634,25.0,5,0.0,25.0,20.0,15.0,20.0,5.0,0.25
1824,2026-09-01 08:20:21.616824,sancheti_congestion,1240.0,cluster_245647168_3238255150_3495323634,20.0,4,0.0,25.0,25.0,20.0,15.0,5.0,0.25
1827,2026-09-01 08:20:21.623024,sancheti_congestion,1245.0,cluster_245647168_3238255150_3495323634,20.0,5,14.373013026150458,20.0,25.0,25.0,20.0,10.0,0.0
1830,2026-09-01 08:20:21.629556,sancheti_congestion,1250.0,cluster_245647168_3238255150_3495323634,25.0,7,12.927143843601863,20.0,20.0,25.0,25.0,15.0,0.0
1833,2026-09-01 08:20:21.636696,sancheti_congestion,1255.0,cluster_245647168_3238255150_3495323634,35.0,9,8.78163572700959,25.0,20.0,20.0,25.0,15.0,0.5
1836,2026-09-01 08:20:21.643748,sancheti_congestion,1260.0,cluster_245647168_3238255150_3495323634,40.0,9,7.246450689527849,35.0,25.0,20.0,20.0,25.0,1.0
1839,2026-09-01 08:20:21.651075,sancheti_congestion,1265.0,cluster_245647168_3238255150_3495323634,0.0,5,27.683176765924888,40.0,35.0,25.0,20.0,30.0,-1.0
1842,2026-09-01 08:20:21.657640,sancheti_congestion,1270.0,cluster_245647168_3238255150_3495323634,0.0,1,40.3582698716624,0.0,40.0,35.0,25.0,40.0,-1.25
1845,2026-09-01 08:20:21.664309,sancheti_congestion,1275.0,cluster_245647168_3238255150_3495323634,0.0,0,0.0,0.0,0.0,40.0,35.0,55.0,-1.75
1848,2026-09-01 08:20:21.671145,sancheti_congestion,1280.0,cluster_245647168_3238255150_3495323634,0.0,0,0.0,0.0,0.0,0.0,40.0,75.0,-2.0
1851,2026-09-01 08:20:21.677828,sancheti_congestion,1285.0,cluster_245647168_3238255150_3495323634,0.0,1,89.69195940597642,0.0,0.0,0.0,0.0,80.0,0.0
1854,2026-09-01 08:20:21.685143,sancheti_congestion,1290.0,cluster_245647168_3238255150_3495323634,0.0,1,27.663001555517006,0.0,0.0,0.0,0.0,80.0,0.0
1857,2026-09-01 08:20:21.692195,sancheti_congestion,1295.0,cluster_245647168_3238255150_3495323634,5.0,2,20.388494441161114,0.0,0.0,0.0,0.0,20.0,0.25
1860,2026-09-01 08:20:21.699188,sancheti_congestion,1300.0,cluster_245647168_3238255150_3495323634,5.0,2,15.694336416024214,5.0,0.0,0.0,0.0,10.0,0.25
1863,2026-09-01 08:20:21.706053,sancheti_congestion,1305.0,cluster_245647168_3238255150_3495323634,10.0,3,11.90409247225846,5.0,5.0,0.0,0.0,10.0,0.5
1866,2026-09-01 08:20:21.712434,sancheti_congestion,1310.0,cluster_245647168_3238255150_3495323634,15.0,3,0.015081419052493238,10.0,5.0,5.0,0.0,10.0,0.75
1869,2026-09-01 08:20:21.719439,sancheti_congestion,1315.0,cluster_245647168_3238255150_3495323634,15.0,5,16.74686376398677,15.0,10.0,5.0,5.0,15.0,0.5
1872,2026-09-01 08:20:21.726332,sancheti_congestion,1320.0,cluster_245647168_3238255150_3495323634,25.0,6,4.249316217917704,15.0,15.0,10.0,5.0,15.0,1.0
1875,2026-09-01 08:20:21.734179,sancheti_congestion,1325.0,cluster_245647168_3238255150_3495323634,30.0,11,23.599218734498727,25.0,15.0,15.0,10.0,25.0,1.0
1878,2026-09-01 08:20:21.741863,sancheti_congestion,1330.0,cluster_245647168_3238255150_3495323634,40.0,13,9.708610725438865,30.0,25.0,15.0,15.0,30.0,1.25
1881,2026-09-01 08:20:21.749194,sancheti_congestion,1335.0,cluster_245647168_3238255150_3495323634,55.0,15,8.673289009840845,40.0,30.0,25.0,15.0,30.0,2.0
1884,2026-09-01 08:20:21.756527,sancheti_congestion,1340.0,cluster_245647168_3238255150_3495323634,75.0,17,6.058403389639743,55.0,40.0,30.0,25.0,30.0,2.5
1887,2026-09-01 08:20:21.763098,sancheti_congestion,1345.0,cluster_245647168_3238255150_3495323634,80.0,17,0.0865835609840832,75.0,55.0,40.0,30.0,30.0,2.5
1890,2026-09-01 08:20:21.769902,sancheti_congestion,1350.0,cluster_245647168_3238255150_3495323634,80.0,18,2.89686241360197,80.0,75.0,55.0,40.0,40.0,2.0
1893,2026-09-01 08:20:21.776538,sancheti_congestion,1355.0,cluster_245647168_3238255150_3495323634,20.0,11,4.320982578041598,80.0,80.0,75.0,55.0,40.0,-1.75
1896,2026-09-01 08:20:21.783069,sancheti_congestion,1360.0,cluster_245647168_3238255150_3495323634,10.0,5,6.935507337718094,20.0,80.0,80.0,75.0,40.0,-3.25
1899,2026-09-01 08:20:21.789593,sancheti_congestion,1365.0,cluster_245647168_3238255150_3495323634,10.0,3,17.349406317550688,10.0,20.0,80.0,80.0,40.0,-3.5
1902,2026-09-01 08:20:21.796149,sancheti_congestion,1370.0,cluster_245647168_3238255150_3495323634,10.0,4,14.622123978883375,10.0,10.0,20.0,80.0,45.0,-3.5
1905,2026-09-01 08:20:21.802742,sancheti_congestion,1375.0,cluster_245647168_3238255150_3495323634,15.0,5,25.74504540027916,10.0,10.0,10.0,20.0,50.0,-0.25
1908,2026-09-01 08:20:21.809703,sancheti_congestion,1380.0,cluster_245647168_3238255150_3495323634,15.0,6,17.465289317831278,15.0,10.0,10.0,10.0,50.0,0.25
1911,2026-09-01 08:20:21.817044,sancheti_congestion,1385.0,cluster_245647168_3238255150_3495323634,25.0,7,8.032324688952851,15.0,15.0,10.0,10.0,0.0,0.75
1914,2026-09-01 08:20:21.824275,sancheti_congestion,1390.0,cluster_245647168_3238255150_3495323634,30.0,7,0.05899349250692874,25.0,15.0,15.0,10.0,0.0,1.0
1917,2026-09-01 08:20:21.831057,sancheti_congestion,1395.0,cluster_245647168_3238255150_3495323634,30.0,6,0.0,30.0,25.0,15.0,15.0,5.0,0.75
13,2026-09-01 08:20:17.574911,sancheti_smoke,25.0,cluster_13546492148_1838721956,0.0,0,0.0,0.0,0.0,0.0,0.0,0.0,0.0
16,2026-09-01 08:20:17.578679,sancheti_smoke,30.0,cluster_13546492148_1838721956,0.0,0,0.0,0.0,0.0,0.0,0.0,0.0,0.0
19,2026-09-01 08:20:17.582504,sancheti_smoke,35.0,cluster_13546492148_1838721956,0.0,0,0.0,0.0,0.0,0.0,0.0,0.0,0.0
22,2026-09-01 08:20:17.586187,sancheti_smoke,40.0,cluster_13546492148_1838721956,0.0,0,0.0,0.0,0.0,0.0,0.0,0.0,0.0
25,2026-09-01 08:20:17.589927,sancheti_smoke,45.0,cluster_13546492148_1838721956,0.0,0,0.0,0.0,0.0,0.0,0.0,0.0,0.0
28,2026-09-01 08:20:17.594362,sancheti_smoke,50.0,cluster_13546492148_1838721956,0.0,0,0.0,0.0,0.0,0.0,0.0,0.0,0.0
31,2026-09-01 08:20:17.597906,sancheti_smoke,55.0,cluster_13546492148_1838721956,0.0,0,0.0,0.0,0.0,0.0,0.0,0.0,0.0
34,2026-09-01 08:20:17.601204,sancheti_smoke,60.0,cluster_13546492148_1838721956,0.0,0,0.0,0.0,0.0,0.0,0.0,0.0,0.0
37,2026-09-01 08:20:17.604523,sancheti_smoke,65.0,cluster_13546492148_1838721956,0.0,0,0.0,0.0,0.0,0.0,0.0,0.0,0.0
40,2026-09-01 08:20:17.607784,sancheti_smoke,70.0,cluster_13546492148_1838721956,0.0,0,0.0,0.0,0.0,0.0,0.0,0.0,0.0
43,2026-09-01 08:20:17.611564,sancheti_smoke,75.0,cluster_13546492148_1838721956,0.0,0,0.0,0.0,0.0,0.0,0.0,0.0,0.0
46,2026-09-01 08:20:17.615277,sancheti_smoke,80.0,cluster_13546492148_1838721956,0.0,0,0.0,0.0,0.0,0.0,0.0,0.0,0.0
49,2026-09-01 08:20:17.618992,sancheti_smoke,85.0,cluster_13546492148_1838721956,0.0,0,0.0,0.0,0.0,0.0,0.0,0.0,0.0
52,2026-09-01 08:20:17.622493,sancheti_smoke,90.0,cluster_13546492148_1838721956,0.0,0,0.0,0.0,0.0,0.0,0.0,0.0,0.0
55,2026-09-01 08:20:17.625990,sancheti_smoke,95.0,cluster_13546492148_1838721956,0.0,0,0.0,0.0,0.0,0.0,0.0,0.0,0.0
58,2026-09-01 08:20:17.629643,sancheti_smoke,100.0,cluster_13546492148_1838721956,0.0,0,0.0,0.0,0.0,0.0,0.0,0.0,0.0
61,2026-09-01 08:20:17.633076,sancheti_smoke,105.0,cluster_13546492148_1838721956,0.0,0,0.0,0.0,0.0,0.0,0.0,0.0,0.0
64,2026-09-01 08:20:17.636410,sancheti_smoke,110.0,cluster_13546492148_1838721956,0.0,0,0.0,0.0,0.0,0.0,0.0,0.0,0.0
67,2026-09-01 08:20:17.639755,sancheti_smoke,115.0,cluster_13546492148_1838721956,0.0,0,0.0,0.0,0.0,0.0,0.0,0.0,0.0
70,2026-09-01 08:20:17.643206,sancheti_smoke,120.0,cluster_13546492148_1838721956,0.0,0,0.0,0.0,0.0,0.0,0.0,0.0,0.0
73,2026-09-01 08:20:17.647006,sancheti_smoke,125.0,cluster_13546492148_1838721956,0.0,0,0.0,0.0,0.0,0.0,0.0,0.0,0.0
76,2026-09-01 08:20:17.650638,sancheti_smoke,130.0,cluster_13546492148_1838721956,0.0,0,0.0,0.0,0.0,0.0,0.0,0.0,0.0
79,2026-09-01 08:20:17.653881,sancheti_smoke,135.0,cluster_13546492148_1838721956,0.0,0,0.0,0.0,0.0,0.0,0.0,0.0,0.0
82,2026-09-01 08:20:17.657228,sancheti_smoke,140.0,cluster_13546492148_1838721956,0.0,0,0.0,0.0,0.0,0.0,0.0,0.0,0.0
85,2026-09-01 08:20:17.660835,sancheti_smoke,145.0,cluster_13546492148_1838721956,0.0,0,0.0,0.0,0.0,0.0,0.0,5.0,0.0
88,2026-09-01 08:20:17.664470,sancheti_smoke,150.0,cluster_13546492148_1838721956,0.0,0,0.0,0.0,0.0,0.0,0.0,5.0,0.0
91,2026-09-01 08:20:17.667865,sancheti_smoke,155.0,cluster_13546492148_1838721956,0.0,0,0.0,0.0,0.0,0.0,0.0,5.0,0.0
94,2026-09-01 08:20:17.671392,sancheti_smoke,160.0,cluster_13546492148_1838721956,0.0,0,0.0,0.0,0.0,0.0,0.0,5.0,0.0
97,2026-09-01 08:20:17.675225,sancheti_smoke,165.0,cluster_13546492148_1838721956,0.0,0,0.0,0.0,0.0,0.0,0.0,5.0,0.0
100,2026-09-01 08:20:17.679299,sancheti_smoke,170.0,cluster_13546492148_1838721956,0.0,0,0.0,0.0,0.0,0.0,0.0,0.0,0.0
103,2026-09-01 08:20:17.683232,sancheti_smoke,175.0,cluster_13546492148_1838721956,0.0,0,0.0,0.0,0.0,0.0,0.0,0.0,0.0
106,2026-09-01 08:20:17.687076,sancheti_smoke,180.0,cluster_13546492148_1838721956,0.0,0,0.0,0.0,0.0,0.0,0.0,0.0,0.0
109,2026-09-01 08:20:17.691127,sancheti_smoke,185.0,cluster_13546492148_1838721956,0.0,0,0.0,0.0,0.0,0.0,0.0,0.0,0.0
112,2026-09-01 08:20:17.695044,sancheti_smoke,190.0,cluster_13546492148_1838721956,0.0,0,0.0,0.0,0.0,0.0,0.0,0.0,0.0
115,2026-09-01 08:20:17.699024,sancheti_smoke,195.0,cluster_13546492148_1838721956,0.0,0,0.0,0.0,0.0,0.0,0.0,5.0,0.0
118,2026-09-01 08:20:17.702626,sancheti_smoke,200.0,cluster_13546492148_1838721956,0.0,0,0.0,0.0,0.0,0.0,0.0,5.0,0.0
121,2026-09-01 08:20:17.706741,sancheti_smoke,205.0,cluster_13546492148_1838721956,5.0,1,0.1728925340066272,0.0,0.0,0.0,0.0,5.0,0.25
124,2026-09-01 08:20:17.710902,sancheti_smoke,210.0,cluster_13546492148_1838721956,5.0,1,0.0,5.0,0.0,0.0,0.0,5.0,0.25
127,2026-09-01 08:20:17.715123,sancheti_smoke,215.0,cluster_13546492148_1838721956,5.0,1,0.0,5.0,5.0,0.0,0.0,0.0,0.25
130,2026-09-01 08:20:17.719376,sancheti_smoke,220.0,cluster_13546492148_1838721956,5.0,1,0.0,5.0,5.0,5.0,0.0,0.0,0.25
133,2026-09-01 08:20:17.723272,sancheti_smoke,225.0,cluster_13546492148_1838721956,5.0,1,0.0,5.0,5.0,5.0,5.0,0.0,0.0
136,2026-09-01 08:20:17.727261,sancheti_smoke,230.0,cluster_13546492148_1838721956,0.0,0,0.0,5.0,5.0,5.0,5.0,0.0,-0.25
139,2026-09-01 08:20:17.731160,sancheti_smoke,235.0,cluster_13546492148_1838721956,0.0,0,0.0,0.0,5.0,5.0,5.0,0.0,-0.25
142,2026-09-01 08:20:17.734902,sancheti_smoke,240.0,cluster_13546492148_1838721956,0.0,0,0.0,0.0,0.0,5.0,5.0,0.0,-0.25
145,2026-09-01 08:20:17.738756,sancheti_smoke,245.0,cluster_13546492148_1838721956,0.0,0,0.0,0.0,0.0,0.0,5.0,0.0,-0.25
148,2026-09-01 08:20:17.742639,sancheti_smoke,250.0,cluster_13546492148_1838721956,0.0,1,0.7380582095508988,0.0,0.0,0.0,0.0,0.0,0.0
151,2026-09-01 08:20:17.746684,sancheti_smoke,255.0,cluster_13546492148_1838721956,5.0,1,0.0003814995949793697,0.0,0.0,0.0,0.0,0.0,0.25
154,2026-09-01 08:20:17.750485,sancheti_smoke,260.0,cluster_13546492148_1838721956,5.0,1,0.0,5.0,0.0,0.0,0.0,0.0,0.25
157,2026-09-01 08:20:17.753822,sancheti_smoke,265.0,cluster_13546492148_1838721956,5.0,1,0.0,5.0,5.0,0.0,0.0,5.0,0.25
160,2026-09-01 08:20:17.757333,sancheti_smoke,270.0,cluster_13546492148_1838721956,5.0,1,0.0,5.0,5.0,5.0,0.0,5.0,0.25
163,2026-09-01 08:20:17.761258,sancheti_smoke,275.0,cluster_13546492148_1838721956,0.0,0,0.0,5.0,5.0,5.0,5.0,5.0,-0.25
166,2026-09-01 08:20:17.765180,sancheti_smoke,280.0,cluster_13546492148_1838721956,0.0,0,0.0,0.0,5.0,5.0,5.0,5.0,-0.25
169,2026-09-01 08:20:17.768700,sancheti_smoke,285.0,cluster_13546492148_1838721956,0.0,0,0.0,0.0,0.0,5.0,5.0,5.0,-0.25
172,2026-09-01 08:20:17.772238,sancheti_smoke,290.0,cluster_13546492148_1838721956,0.0,0,0.0,0.0,0.0,0.0,5.0,5.0,-0.25
175,2026-09-01 08:20:17.775882,sancheti_smoke,295.0,cluster_13546492148_1838721956,0.0,0,0.0,0.0,0.0,0.0,0.0,5.0,0.0
178,2026-09-01 08:20:17.779951,sancheti_smoke,300.0,cluster_13546492148_1838721956,0.0,0,0.0,0.0,0.0,0.0,0.0,5.0,0.0
181,2026-09-01 08:20:17.783713,sancheti_smoke,305.0,cluster_13546492148_1838721956,0.0,0,0.0,0.0,0.0,0.0,0.0,0.0,0.0
184,2026-09-01 08:20:17.787270,sancheti_smoke,310.0,cluster_13546492148_1838721956,0.0,0,0.0,0.0,0.0,0.0,0.0,0.0,0.0
187,2026-09-01 08:20:17.791053,sancheti_smoke,315.0,cluster_13546492148_1838721956,0.0,0,0.0,0.0,0.0,0.0,0.0,0.0,0.0
190,2026-09-01 08:20:17.794913,sancheti_smoke,320.0,cluster_13546492148_1838721956,0.0,0,0.0,0.0,0.0,0.0,0.0,0.0,0.0
193,2026-09-01 08:20:17.798863,sancheti_smoke,325.0,cluster_13546492148_1838721956,5.0,1,0.09039673259819841,0.0,0.0,0.0,0.0,0.0,0.25
196,2026-09-01 08:20:17.802655,sancheti_smoke,330.0,cluster_13546492148_1838721956,5.0,1,0.0,5.0,0.0,0.0,0.0,0.0,0.25
199,2026-09-01 08:20:17.806584,sancheti_smoke,335.0,cluster_13546492148_1838721956,5.0,1,0.0,5.0,5.0,0.0,0.0,0.0,0.25
202,2026-09-01 08:20:17.810544,sancheti_smoke,340.0,cluster_13546492148_1838721956,5.0,1,0.0,5.0,5.0,5.0,0.0,0.0,0.25
205,2026-09-01 08:20:17.814519,sancheti_smoke,345.0,cluster_13546492148_1838721956,5.0,1,0.0,5.0,5.0,5.0,5.0,0.0,0.0
208,2026-09-01 08:20:17.818435,sancheti_smoke,350.0,cluster_13546492148_1838721956,5.0,1,0.0,5.0,5.0,5.0,5.0,0.0,0.0
211,2026-09-01 08:20:17.822187,sancheti_smoke,355.0,cluster_13546492148_1838721956,5.0,1,0.0,5.0,5.0,5.0,5.0,0.0,0.0
214,2026-09-01 08:20:17.826081,sancheti_smoke,360.0,cluster_13546492148_1838721956,5.0,1,0.0,5.0,5.0,5.0,5.0,0.0,0.0
217,2026-09-01 08:20:17.829971,sancheti_smoke,365.0,cluster_13546492148_1838721956,0.0,0,0.0,5.0,5.0,5.0,5.0,0.0,-0.25
220,2026-09-01 08:20:17.833508,sancheti_smoke,370.0,cluster_13546492148_1838721956,0.0,0,0.0,0.0,5.0,5.0,5.0,0.0,-0.25
223,2026-09-01 08:20:17.836890,sancheti_smoke,375.0,cluster_13546492148_1838721956,0.0,0,0.0,0.0,0.0,5.0,5.0,0.0,-0.25
226,2026-09-01 08:20:17.840341,sancheti_smoke,380.0,cluster_13546492148_1838721956,0.0,0,0.0,0.0,0.0,0.0,5.0,0.0,-0.25
229,2026-09-01 08:20:17.844113,sancheti_smoke,385.0,cluster_13546492148_1838721956,0.0,0,0.0,0.0,0.0,0.0,0.0,0.0,0.0
232,2026-09-01 08:20:17.847637,sancheti_smoke,390.0,cluster_13546492148_1838721956,0.0,0,0.0,0.0,0.0,0.0,0.0,0.0,0.0
235,2026-09-01 08:20:17.850854,sancheti_smoke,395.0,cluster_13546492148_1838721956,0.0,0,0.0,0.0,0.0,0.0,0.0,0.0,0.0
238,2026-09-01 08:20:17.854222,sancheti_smoke,400.0,cluster_13546492148_1838721956,0.0,0,0.0,0.0,0.0,0.0,0.0,0.0,0.0
241,2026-09-01 08:20:17.857780,sancheti_smoke,405.0,cluster_13546492148_1838721956,0.0,0,0.0,0.0,0.0,0.0,0.0,0.0,0.0
244,2026-09-01 08:20:17.861621,sancheti_smoke,410.0,cluster_13546492148_1838721956,0.0,0,0.0,0.0,0.0,0.0,0.0,0.0,0.0
247,2026-09-01 08:20:17.865184,sancheti_smoke,415.0,cluster_13546492148_1838721956,0.0,0,0.0,0.0,0.0,0.0,0.0,0.0,0.0
250,2026-09-01 08:20:17.868577,sancheti_smoke,420.0,cluster_13546492148_1838721956,0.0,0,0.0,0.0,0.0,0.0,0.0,0.0,0.0
253,2026-09-01 08:20:17.871954,sancheti_smoke,425.0,cluster_13546492148_1838721956,0.0,0,0.0,0.0,0.0,0.0,0.0,0.0,0.0
256,2026-09-01 08:20:17.875394,sancheti_smoke,430.0,cluster_13546492148_1838721956,0.0,0,0.0,0.0,0.0,0.0,0.0,0.0,0.0
259,2026-09-01 08:20:17.879057,sancheti_smoke,435.0,cluster_13546492148_1838721956,0.0,0,0.0,0.0,0.0,0.0,0.0,0.0,0.0
262,2026-09-01 08:20:17.882429,sancheti_smoke,440.0,cluster_13546492148_1838721956,0.0,0,0.0,0.0,0.0,0.0,0.0,0.0,0.0
265,2026-09-01 08:20:17.885746,sancheti_smoke,445.0,cluster_13546492148_1838721956,0.0,0,0.0,0.0,0.0,0.0,0.0,0.0,0.0
268,2026-09-01 08:20:17.889032,sancheti_smoke,450.0,cluster_13546492148_1838721956,0.0,0,0.0,0.0,0.0,0.0,0.0,0.0,0.0
271,2026-09-01 08:20:17.892321,sancheti_smoke,455.0,cluster_13546492148_1838721956,0.0,0,0.0,0.0,0.0,0.0,0.0,0.0,0.0
274,2026-09-01 08:20:17.895777,sancheti_smoke,460.0,cluster_13546492148_1838721956,0.0,0,0.0,0.0,0.0,0.0,0.0,0.0,0.0
277,2026-09-01 08:20:17.899179,sancheti_smoke,465.0,cluster_13546492148_1838721956,0.0,0,0.0,0.0,0.0,0.0,0.0,0.0,0.0
280,2026-09-01 08:20:17.902430,sancheti_smoke,470.0,cluster_13546492148_1838721956,0.0,0,0.0,0.0,0.0,0.0,0.0,0.0,0.0
283,2026-09-01 08:20:17.906237,sancheti_smoke,475.0,cluster_13546492148_1838721956,0.0,0,0.0,0.0,0.0,0.0,0.0,0.0,0.0
286,2026-09-01 08:20:17.909853,sancheti_smoke,480.0,cluster_13546492148_1838721956,0.0,0,0.0,0.0,0.0,0.0,0.0,0.0,0.0
289,2026-09-01 08:20:17.913147,sancheti_smoke,485.0,cluster_13546492148_1838721956,0.0,0,0.0,0.0,0.0,0.0,0.0,0.0,0.0
292,2026-09-01 08:20:17.916232,sancheti_smoke,490.0,cluster_13546492148_1838721956,0.0,0,0.0,0.0,0.0,0.0,0.0,0.0,0.0
295,2026-09-01 08:20:17.919300,sancheti_smoke,495.0,cluster_13546492148_1838721956,0.0,0,0.0,0.0,0.0,0.0,0.0,0.0,0.0
298,2026-09-01 08:20:17.922675,sancheti_smoke,500.0,cluster_13546492148_1838721956,0.0,0,0.0,0.0,0.0,0.0,0.0,0.0,0.0
301,2026-09-01 08:20:17.926022,sancheti_smoke,505.0,cluster_13546492148_1838721956,0.0,0,0.0,0.0,0.0,0.0,0.0,0.0,0.0
304,2026-09-01 08:20:17.929529,sancheti_smoke,510.0,cluster_13546492148_1838721956,0.0,0,0.0,0.0,0.0,0.0,0.0,0.0,0.0
307,2026-09-01 08:20:17.932717,sancheti_smoke,515.0,cluster_13546492148_1838721956,0.0,0,0.0,0.0,0.0,0.0,0.0,0.0,0.0
310,2026-09-01 08:20:17.935782,sancheti_smoke,520.0,cluster_13546492148_1838721956,0.0,0,0.0,0.0,0.0,0.0,0.0,0.0,0.0
313,2026-09-01 08:20:17.939110,sancheti_smoke,525.0,cluster_13546492148_1838721956,0.0,0,0.0,0.0,0.0,0.0,0.0,0.0,0.0
316,2026-09-01 08:20:17.942404,sancheti_smoke,530.0,cluster_13546492148_1838721956,0.0,0,0.0,0.0,0.0,0.0,0.0,0.0,0.0
319,2026-09-01 08:20:17.945883,sancheti_smoke,535.0,cluster_13546492148_1838721956,0.0,0,0.0,0.0,0.0,0.0,0.0,0.0,0.0
322,2026-09-01 08:20:17.949157,sancheti_smoke,540.0,cluster_13546492148_1838721956,0.0,0,0.0,0.0,0.0,0.0,0.0,0.0,0.0
325,2026-09-01 08:20:17.952348,sancheti_smoke,545.0,cluster_13546492148_1838721956,0.0,0,0.0,0.0,0.0,0.0,0.0,0.0,0.0
328,2026-09-01 08:20:17.955578,sancheti_smoke,550.0,cluster_13546492148_1838721956,0.0,0,0.0,0.0,0.0,0.0,0.0,0.0,0.0
331,2026-09-01 08:20:17.958812,sancheti_smoke,555.0,cluster_13546492148_1838721956,0.0,0,0.0,0.0,0.0,0.0,0.0,0.0,0.0
334,2026-09-01 08:20:17.962180,sancheti_smoke,560.0,cluster_13546492148_1838721956,0.0,0,0.0,0.0,0.0,0.0,0.0,0.0,0.0
337,2026-09-01 08:20:17.965455,sancheti_smoke,565.0,cluster_13546492148_1838721956,0.0,0,0.0,0.0,0.0,0.0,0.0,0.0,0.0
340,2026-09-01 08:20:17.968541,sancheti_smoke,570.0,cluster_13546492148_1838721956,0.0,0,0.0,0.0,0.0,0.0,0.0,0.0,0.0
343,2026-09-01 08:20:17.971822,sancheti_smoke,575.0,cluster_13546492148_1838721956,0.0,0,0.0,0.0,0.0,0.0,0.0,0.0,0.0
346,2026-09-01 08:20:17.975174,sancheti_smoke,580.0,cluster_13546492148_1838721956,0.0,0,0.0,0.0,0.0,0.0,0.0,0.0,0.0
349,2026-09-01 08:20:17.978544,sancheti_smoke,585.0,cluster_13546492148_1838721956,0.0,0,0.0,0.0,0.0,0.0,0.0,0.0,0.0
352,2026-09-01 08:20:17.981783,sancheti_smoke,590.0,cluster_13546492148_1838721956,0.0,0,0.0,0.0,0.0,0.0,0.0,0.0,0.0
355,2026-09-01 08:20:17.985169,sancheti_smoke,595.0,cluster_13546492148_1838721956,0.0,0,0.0,0.0,0.0,0.0,0.0,0.0,0.0
358,2026-09-01 08:20:17.988336,sancheti_smoke,600.0,cluster_13546492148_1838721956,0.0,0,0.0,0.0,0.0,0.0,0.0,0.0,0.0
361,2026-09-01 08:20:17.991536,sancheti_smoke,605.0,cluster_13546492148_1838721956,0.0,0,0.0,0.0,0.0,0.0,0.0,0.0,0.0
364,2026-09-01 08:20:17.994876,sancheti_smoke,610.0,cluster_13546492148_1838721956,0.0,0,0.0,0.0,0.0,0.0,0.0,0.0,0.0
367,2026-09-01 08:20:17.998205,sancheti_smoke,615.0,cluster_13546492148_1838721956,0.0,0,0.0,0.0,0.0,0.0,0.0,0.0,0.0
370,2026-09-01 08:20:18.001501,sancheti_smoke,620.0,cluster_13546492148_1838721956,0.0,0,0.0,0.0,0.0,0.0,0.0,0.0,0.0
373,2026-09-01 08:20:18.004532,sancheti_smoke,625.0,cluster_13546492148_1838721956,0.0,0,0.0,0.0,0.0,0.0,0.0,0.0,0.0
376,2026-09-01 08:20:18.007726,sancheti_smoke,630.0,cluster_13546492148_1838721956,0.0,0,0.0,0.0,0.0,0.0,0.0,0.0,0.0
379,2026-09-01 08:20:18.011199,sancheti_smoke,635.0,cluster_13546492148_1838721956,0.0,0,0.0,0.0,0.0,0.0,0.0,0.0,0.0
382,2026-09-01 08:20:18.014333,sancheti_smoke,640.0,cluster_13546492148_1838721956,0.0,0,0.0,0.0,0.0,0.0,0.0,0.0,0.0
385,2026-09-01 08:20:18.017527,sancheti_smoke,645.0,cluster_13546492148_1838721956,0.0,0,0.0,0.0,0.0,0.0,0.0,0.0,0.0
388,2026-09-01 08:20:18.020535,sancheti_smoke,650.0,cluster_13546492148_1838721956,0.0,0,0.0,0.0,0.0,0.0,0.0,0.0,0.0
391,2026-09-01 08:20:18.023807,sancheti_smoke,655.0,cluster_13546492148_1838721956,0.0,0,0.0,0.0,0.0,0.0,0.0,0.0,0.0
394,2026-09-01 08:20:18.027134,sancheti_smoke,660.0,cluster_13546492148_1838721956,0.0,0,0.0,0.0,0.0,0.0,0.0,0.0,0.0
397,2026-09-01 08:20:18.030516,sancheti_smoke,665.0,cluster_13546492148_1838721956,0.0,0,0.0,0.0,0.0,0.0,0.0,0.0,0.0
400,2026-09-01 08:20:18.033662,sancheti_smoke,670.0,cluster_13546492148_1838721956,0.0,0,0.0,0.0,0.0,0.0,0.0,0.0,0.0
403,2026-09-01 08:20:18.036700,sancheti_smoke,675.0,cluster_13546492148_1838721956,0.0,0,0.0,0.0,0.0,0.0,0.0,0.0,0.0
406,2026-09-01 08:20:18.039932,sancheti_smoke,680.0,cluster_13546492148_1838721956,0.0,0,0.0,0.0,0.0,0.0,0.0,0.0,0.0
409,2026-09-01 08:20:18.043219,sancheti_smoke,685.0,cluster_13546492148_1838721956,0.0,0,0.0,0.0,0.0,0.0,0.0,0.0,0.0
412,2026-09-01 08:20:18.046672,sancheti_smoke,690.0,cluster_13546492148_1838721956,0.0,0,0.0,0.0,0.0,0.0,0.0,0.0,0.0
415,2026-09-01 08:20:18.050008,sancheti_smoke,695.0,cluster_13546492148_1838721956,0.0,0,0.0,0.0,0.0,0.0,0.0,0.0,0.0
418,2026-09-01 08:20:18.053175,sancheti_smoke,700.0,cluster_13546492148_1838721956,0.0,0,0.0,0.0,0.0,0.0,0.0,0.0,0.0
421,2026-09-01 08:20:18.056393,sancheti_smoke,705.0,cluster_13546492148_1838721956,0.0,0,0.0,0.0,0.0,0.0,0.0,0.0,0.0
424,2026-09-01 08:20:18.059529,sancheti_smoke,710.0,cluster_13546492148_1838721956,0.0,0,0.0,0.0,0.0,0.0,0.0,0.0,0.0
427,2026-09-01 08:20:18.062791,sancheti_smoke,715.0,cluster_13546492148_1838721956,0.0,0,0.0,0.0,0.0,0.0,0.0,0.0,0.0
430,2026-09-01 08:20:18.065932,sancheti_smoke,720.0,cluster_13546492148_1838721956,0.0,0,0.0,0.0,0.0,0.0,0.0,0.0,0.0
433,2026-09-01 08:20:18.069019,sancheti_smoke,725.0,cluster_13546492148_1838721956,0.0,0,0.0,0.0,0.0,0.0,0.0,0.0,0.0
436,2026-09-01 08:20:18.072231,sancheti_smoke,730.0,cluster_13546492148_1838721956,0.0,0,0.0,0.0,0.0,0.0,0.0,0.0,0.0
439,2026-09-01 08:20:18.075343,sancheti_smoke,735.0,cluster_13546492148_1838721956,0.0,0,0.0,0.0,0.0,0.0,0.0,0.0,0.0
442,2026-09-01 08:20:18.078633,sancheti_smoke,740.0,cluster_13546492148_1838721956,0.0,0,0.0,0.0,0.0,0.0,0.0,0.0,0.0
445,2026-09-01 08:20:18.081725,sancheti_smoke,745.0,cluster_13546492148_1838721956,0.0,0,0.0,0.0,0.0,0.0,0.0,0.0,0.0
448,2026-09-01 08:20:18.084553,sancheti_smoke,750.0,cluster_13546492148_1838721956,0.0,0,0.0,0.0,0.0,0.0,0.0,0.0,0.0
451,2026-09-01 08:20:18.087402,sancheti_smoke,755.0,cluster_13546492148_1838721956,0.0,0,0.0,0.0,0.0,0.0,0.0,0.0,0.0
454,2026-09-01 08:20:18.090476,sancheti_smoke,760.0,cluster_13546492148_1838721956,0.0,0,0.0,0.0,0.0,0.0,0.0,0.0,0.0
457,2026-09-01 08:20:18.093896,sancheti_smoke,765.0,cluster_13546492148_1838721956,0.0,0,0.0,0.0,0.0,0.0,0.0,0.0,0.0
460,2026-09-01 08:20:18.097080,sancheti_smoke,770.0,cluster_13546492148_1838721956,0.0,0,0.0,0.0,0.0,0.0,0.0,0.0,0.0
463,2026-09-01 08:20:18.099970,sancheti_smoke,775.0,cluster_13546492148_1838721956,0.0,0,0.0,0.0,0.0,0.0,0.0,0.0,0.0
466,2026-09-01 08:20:18.102828,sancheti_smoke,780.0,cluster_13546492148_1838721956,0.0,0,0.0,0.0,0.0,0.0,0.0,0.0,0.0
469,2026-09-01 08:20:18.105696,sancheti_smoke,785.0,cluster_13546492148_1838721956,0.0,0,0.0,0.0,0.0,0.0,0.0,0.0,0.0
472,2026-09-01 08:20:18.108686,sancheti_smoke,790.0,cluster_13546492148_1838721956,0.0,0,0.0,0.0,0.0,0.0,0.0,0.0,0.0
475,2026-09-01 08:20:18.112686,sancheti_smoke,795.0,cluster_13546492148_1838721956,0.0,0,0.0,0.0,0.0,0.0,0.0,0.0,0.0
478,2026-09-01 08:20:18.115868,sancheti_smoke,800.0,cluster_13546492148_1838721956,0.0,0,0.0,0.0,0.0,0.0,0.0,0.0,0.0
481,2026-09-01 08:20:18.119067,sancheti_smoke,805.0,cluster_13546492148_1838721956,0.0,0,0.0,0.0,0.0,0.0,0.0,0.0,0.0
484,2026-09-01 08:20:18.122389,sancheti_smoke,810.0,cluster_13546492148_1838721956,0.0,0,0.0,0.0,0.0,0.0,0.0,0.0,0.0
487,2026-09-01 08:20:18.125614,sancheti_smoke,815.0,cluster_13546492148_1838721956,0.0,0,0.0,0.0,0.0,0.0,0.0,0.0,0.0
490,2026-09-01 08:20:18.128919,sancheti_smoke,820.0,cluster_13546492148_1838721956,0.0,0,0.0,0.0,0.0,0.0,0.0,0.0,0.0
493,2026-09-01 08:20:18.132144,sancheti_smoke,825.0,cluster_13546492148_1838721956,0.0,0,0.0,0.0,0.0,0.0,0.0,0.0,0.0
496,2026-09-01 08:20:18.135365,sancheti_smoke,830.0,cluster_13546492148_1838721956,0.0,0,0.0,0.0,0.0,0.0,0.0,0.0,0.0
499,2026-09-01 08:20:18.138527,sancheti_smoke,835.0,cluster_13546492148_1838721956,0.0,0,0.0,0.0,0.0,0.0,0.0,0.0,0.0
502,2026-09-01 08:20:18.141792,sancheti_smoke,840.0,cluster_13546492148_1838721956,0.0,0,0.0,0.0,0.0,0.0,0.0,0.0,0.0
505,2026-09-01 08:20:18.145173,sancheti_smoke,845.0,cluster_13546492148_1838721956,0.0,0,0.0,0.0,0.0,0.0,0.0,0.0,0.0
508,2026-09-01 08:20:18.148335,sancheti_smoke,850.0,cluster_13546492148_1838721956,0.0,0,0.0,0.0,0.0,0.0,0.0,0.0,0.0
511,2026-09-01 08:20:18.151429,sancheti_smoke,855.0,cluster_13546492148_1838721956,0.0,0,0.0,0.0,0.0,0.0,0.0,0.0,0.0
514,2026-09-01 08:20:18.154489,sancheti_smoke,860.0,cluster_13546492148_1838721956,0.0,0,0.0,0.0,0.0,0.0,0.0,0.0,0.0
517,2026-09-01 08:20:18.157715,sancheti_smoke,865.0,cluster_13546492148_1838721956,0.0,0,0.0,0.0,0.0,0.0,0.0,0.0,0.0
520,2026-09-01 08:20:18.161058,sancheti_smoke,870.0,cluster_13546492148_1838721956,0.0,0,0.0,0.0,0.0,0.0,0.0,0.0,0.0
523,2026-09-01 08:20:18.164458,sancheti_smoke,875.0,cluster_13546492148_1838721956,0.0,0,0.0,0.0,0.0,0.0,0.0,0.0,0.0
526,2026-09-01 08:20:18.167726,sancheti_smoke,880.0,cluster_13546492148_1838721956,0.0,0,0.0,0.0,0.0,0.0,0.0,0.0,0.0
529,2026-09-01 08:20:18.170725,sancheti_smoke,885.0,cluster_13546492148_1838721956,0.0,0,0.0,0.0,0.0,0.0,0.0,0.0,0.0
532,2026-09-01 08:20:18.173950,sancheti_smoke,890.0,cluster_13546492148_1838721956,0.0,0,0.0,0.0,0.0,0.0,0.0,0.0,0.0
535,2026-09-01 08:20:18.177251,sancheti_smoke,895.0,cluster_13546492148_1838721956,0.0,0,0.0,0.0,0.0,0.0,0.0,0.0,0.0
538,2026-09-01 08:20:18.180467,sancheti_smoke,900.0,cluster_13546492148_1838721956,0.0,0,0.0,0.0,0.0,0.0,0.0,0.0,0.0
541,2026-09-01 08:20:18.183816,sancheti_smoke,905.0,cluster_13546492148_1838721956,0.0,0,0.0,0.0,0.0,0.0,0.0,0.0,0.0
544,2026-09-01 08:20:18.186986,sancheti_smoke,910.0,cluster_13546492148_1838721956,0.0,0,0.0,0.0,0.0,0.0,0.0,0.0,0.0
547,2026-09-01 08:20:18.190244,sancheti_smoke,915.0,cluster_13546492148_1838721956,0.0,0,0.0,0.0,0.0,0.0,0.0,0.0,0.0
550,2026-09-01 08:20:18.193312,sancheti_smoke,920.0,cluster_13546492148_1838721956,0.0,0,0.0,0.0,0.0,0.0,0.0,0.0,0.0
553,2026-09-01 08:20:18.196304,sancheti_smoke,925.0,cluster_13546492148_1838721956,0.0,0,0.0,0.0,0.0,0.0,0.0,0.0,0.0
556,2026-09-01 08:20:18.199600,sancheti_smoke,930.0,cluster_13546492148_1838721956,0.0,0,0.0,0.0,0.0,0.0,0.0,0.0,0.0
559,2026-09-01 08:20:18.202745,sancheti_smoke,935.0,cluster_13546492148_1838721956,0.0,0,0.0,0.0,0.0,0.0,0.0,0.0,0.0
562,2026-09-01 08:20:18.205920,sancheti_smoke,940.0,cluster_13546492148_1838721956,0.0,0,0.0,0.0,0.0,0.0,0.0,0.0,0.0
565,2026-09-01 08:20:18.209222,sancheti_smoke,945.0,cluster_13546492148_1838721956,0.0,0,0.0,0.0,0.0,0.0,0.0,0.0,0.0
568,2026-09-01 08:20:18.212254,sancheti_smoke,950.0,cluster_13546492148_1838721956,0.0,0,0.0,0.0,0.0,0.0,0.0,0.0,0.0
571,2026-09-01 08:20:18.215353,sancheti_smoke,955.0,cluster_13546492148_1838721956,0.0,0,0.0,0.0,0.0,0.0,0.0,0.0,0.0
574,2026-09-01 08:20:18.218431,sancheti_smoke,960.0,cluster_13546492148_1838721956,0.0,0,0.0,0.0,0.0,0.0,0.0,0.0,0.0
577,2026-09-01 08:20:18.221527,sancheti_smoke,965.0,cluster_13546492148_1838721956,0.0,0,0.0,0.0,0.0,0.0,0.0,0.0,0.0
580,2026-09-01 08:20:18.224570,sancheti_smoke,970.0,cluster_13546492148_1838721956,0.0,0,0.0,0.0,0.0,0.0,0.0,0.0,0.0
583,2026-09-01 08:20:18.227615,sancheti_smoke,975.0,cluster_13546492148_1838721956,0.0,0,0.0,0.0,0.0,0.0,0.0,0.0,0.0
586,2026-09-01 08:20:18.230791,sancheti_smoke,980.0,cluster_13546492148_1838721956,0.0,0,0.0,0.0,0.0,0.0,0.0,0.0,0.0
589,2026-09-01 08:20:18.233836,sancheti_smoke,985.0,cluster_13546492148_1838721956,0.0,0,0.0,0.0,0.0,0.0,0.0,0.0,0.0
592,2026-09-01 08:20:18.236968,sancheti_smoke,990.0,cluster_13546492148_1838721956,0.0,0,0.0,0.0,0.0,0.0,0.0,0.0,0.0
595,2026-09-01 08:20:18.240081,sancheti_smoke,995.0,cluster_13546492148_1838721956,0.0,0,0.0,0.0,0.0,0.0,0.0,0.0,0.0
598,2026-09-01 08:20:18.243237,sancheti_smoke,1000.0,cluster_13546492148_1838721956,0.0,0,0.0,0.0,0.0,0.0,0.0,0.0,0.0
601,2026-09-01 08:20:18.246341,sancheti_smoke,1005.0,cluster_13546492148_1838721956,0.0,0,0.0,0.0,0.0,0.0,0.0,0.0,0.0
604,2026-09-01 08:20:18.249477,sancheti_smoke,1010.0,cluster_13546492148_1838721956,0.0,0,0.0,0.0,0.0,0.0,0.0,0.0,0.0
607,2026-09-01 08:20:18.252556,sancheti_smoke,1015.0,cluster_13546492148_1838721956,0.0,0,0.0,0.0,0.0,0.0,0.0,0.0,0.0
610,2026-09-01 08:20:18.255598,sancheti_smoke,1020.0,cluster_13546492148_1838721956,0.0,0,0.0,0.0,0.0,0.0,0.0,0.0,0.0
613,2026-09-01 08:20:18.258709,sancheti_smoke,1025.0,cluster_13546492148_1838721956,0.0,0,0.0,0.0,0.0,0.0,0.0,0.0,0.0
616,2026-09-01 08:20:18.261709,sancheti_smoke,1030.0,cluster_13546492148_1838721956,0.0,0,0.0,0.0,0.0,0.0,0.0,0.0,0.0
619,2026-09-01 08:20:18.264841,sancheti_smoke,1035.0,cluster_13546492148_1838721956,0.0,0,0.0,0.0,0.0,0.0,0.0,0.0,0.0
622,2026-09-01 08:20:18.267968,sancheti_smoke,1040.0,cluster_13546492148_1838721956,0.0,0,0.0,0.0,0.0,0.0,0.0,0.0,0.0
625,2026-09-01 08:20:18.270989,sancheti_smoke,1045.0,cluster_13546492148_1838721956,0.0,0,0.0,0.0,0.0,0.0,0.0,0.0,0.0
628,2026-09-01 08:20:18.273997,sancheti_smoke,1050.0,cluster_13546492148_1838721956,0.0,0,0.0,0.0,0.0,0.0,0.0,0.0,0.0
631,2026-09-01 08:20:18.276978,sancheti_smoke,1055.0,cluster_13546492148_1838721956,0.0,0,0.0,0.0,0.0,0.0,0.0,0.0,0.0
634,2026-09-01 08:20:18.280107,sancheti_smoke,1060.0,cluster_13546492148_1838721956,0.0,0,0.0,0.0,0.0,0.0,0.0,0.0,0.0
637,2026-09-01 08:20:18.283004,sancheti_smoke,1065.0,cluster_13546492148_1838721956,0.0,0,0.0,0.0,0.0,0.0,0.0,0.0,0.0
640,2026-09-01 08:20:18.285976,sancheti_smoke,1070.0,cluster_13546492148_1838721956,0.0,0,0.0,0.0,0.0,0.0,0.0,0.0,0.0
643,2026-09-01 08:20:18.289144,sancheti_smoke,1075.0,cluster_13546492148_1838721956,0.0,0,0.0,0.0,0.0,0.0,0.0,0.0,0.0
646,2026-09-01 08:20:18.292220,sancheti_smoke,1080.0,cluster_13546492148_1838721956,0.0,0,0.0,0.0,0.0,0.0,0.0,0.0,0.0
649,2026-09-01 08:20:18.295397,sancheti_smoke,1085.0,cluster_13546492148_1838721956,0.0,0,0.0,0.0,0.0,0.0,0.0,0.0,0.0
652,2026-09-01 08:20:18.298657,sancheti_smoke,1090.0,cluster_13546492148_1838721956,0.0,0,0.0,0.0,0.0,0.0,0.0,0.0,0.0
655,2026-09-01 08:20:18.301835,sancheti_smoke,1095.0,cluster_13546492148_1838721956,0.0,0,0.0,0.0,0.0,0.0,0.0,0.0,0.0
658,2026-09-01 08:20:18.305093,sancheti_smoke,1100.0,cluster_13546492148_1838721956,0.0,0,0.0,0.0,0.0,0.0,0.0,0.0,0.0
661,2026-09-01 08:20:18.308307,sancheti_smoke,1105.0,cluster_13546492148_1838721956,0.0,0,0.0,0.0,0.0,0.0,0.0,0.0,0.0
664,2026-09-01 08:20:18.311823,sancheti_smoke,1110.0,cluster_13546492148_1838721956,0.0,0,0.0,0.0,0.0,0.0,0.0,0.0,0.0
667,2026-09-01 08:20:18.314915,sancheti_smoke,1115.0,cluster_13546492148_1838721956,0.0,0,0.0,0.0,0.0,0.0,0.0,0.0,0.0
670,2026-09-01 08:20:18.318058,sancheti_smoke,1120.0,cluster_13546492148_1838721956,0.0,0,0.0,0.0,0.0,0.0,0.0,0.0,0.0
673,2026-09-01 08:20:18.321088,sancheti_smoke,1125.0,cluster_13546492148_1838721956,0.0,0,0.0,0.0,0.0,0.0,0.0,0.0,0.0
676,2026-09-01 08:20:18.324136,sancheti_smoke,1130.0,cluster_13546492148_1838721956,0.0,0,0.0,0.0,0.0,0.0,0.0,0.0,0.0
679,2026-09-01 08:20:18.327208,sancheti_smoke,1135.0,cluster_13546492148_1838721956,0.0,0,0.0,0.0,0.0,0.0,0.0,0.0,0.0
682,2026-09-01 08:20:18.330404,sancheti_smoke,1140.0,cluster_13546492148_1838721956,0.0,0,0.0,0.0,0.0,0.0,0.0,0.0,0.0
685,2026-09-01 08:20:18.333513,sancheti_smoke,1145.0,cluster_13546492148_1838721956,0.0,0,0.0,0.0,0.0,0.0,0.0,0.0,0.0
688,2026-09-01 08:20:18.336600,sancheti_smoke,1150.0,cluster_13546492148_1838721956,0.0,0,0.0,0.0,0.0,0.0,0.0,0.0,0.0
691,2026-09-01 08:20:18.339770,sancheti_smoke,1155.0,cluster_13546492148_1838721956,0.0,0,0.0,0.0,0.0,0.0,0.0,0.0,0.0
694,2026-09-01 08:20:18.342929,sancheti_smoke,1160.0,cluster_13546492148_1838721956,0.0,0,0.0,0.0,0.0,0.0,0.0,0.0,0.0
697,2026-09-01 08:20:18.346070,sancheti_smoke,1165.0,cluster_13546492148_1838721956,0.0,0,0.0,0.0,0.0,0.0,0.0,0.0,0.0
700,2026-09-01 08:20:18.349163,sancheti_smoke,1170.0,cluster_13546492148_1838721956,0.0,0,0.0,0.0,0.0,0.0,0.0,0.0,0.0
703,2026-09-01 08:20:18.352124,sancheti_smoke,1175.0,cluster_13546492148_1838721956,0.0,0,0.0,0.0,0.0,0.0,0.0,0.0,0.0
706,2026-09-01 08:20:18.355168,sancheti_smoke,1180.0,cluster_13546492148_1838721956,0.0,0,0.0,0.0,0.0,0.0,0.0,0.0,0.0
709,2026-09-01 08:20:18.358097,sancheti_smoke,1185.0,cluster_13546492148_1838721956,0.0,0,0.0,0.0,0.0,0.0,0.0,0.0,0.0
712,2026-09-01 08:20:18.361282,sancheti_smoke,1190.0,cluster_13546492148_1838721956,0.0,0,0.0,0.0,0.0,0.0,0.0,0.0,0.0
715,2026-09-01 08:20:18.364320,sancheti_smoke,1195.0,cluster_13546492148_1838721956,0.0,0,0.0,0.0,0.0,0.0,0.0,0.0,0.0
718,2026-09-01 08:20:18.367364,sancheti_smoke,1200.0,cluster_13546492148_1838721956,0.0,0,0.0,0.0,0.0,0.0,0.0,0.0,0.0
721,2026-09-01 08:20:18.370348,sancheti_smoke,1205.0,cluster_13546492148_1838721956,0.0,0,0.0,0.0,0.0,0.0,0.0,0.0,0.0
724,2026-09-01 08:20:18.373337,sancheti_smoke,1210.0,cluster_13546492148_1838721956,0.0,0,0.0,0.0,0.0,0.0,0.0,0.0,0.0
727,2026-09-01 08:20:18.376433,sancheti_smoke,1215.0,cluster_13546492148_1838721956,0.0,0,0.0,0.0,0.0,0.0,0.0,0.0,0.0
730,2026-09-01 08:20:18.379551,sancheti_smoke,1220.0,cluster_13546492148_1838721956,0.0,0,0.0,0.0,0.0,0.0,0.0,0.0,0.0
733,2026-09-01 08:20:18.382636,sancheti_smoke,1225.0,cluster_13546492148_1838721956,0.0,0,0.0,0.0,0.0,0.0,0.0,0.0,0.0
736,2026-09-01 08:20:18.385674,sancheti_smoke,1230.0,cluster_13546492148_1838721956,0.0,0,0.0,0.0,0.0,0.0,0.0,0.0,0.0
739,2026-09-01 08:20:18.388722,sancheti_smoke,1235.0,cluster_13546492148_1838721956,0.0,0,0.0,0.0,0.0,0.0,0.0,0.0,0.0
742,2026-09-01 08:20:18.391798,sancheti_smoke,1240.0,cluster_13546492148_1838721956,0.0,0,0.0,0.0,0.0,0.0,0.0,0.0,0.0
745,2026-09-01 08:20:18.394940,sancheti_smoke,1245.0,cluster_13546492148_1838721956,0.0,0,0.0,0.0,0.0,0.0,0.0,0.0,0.0
748,2026-09-01 08:20:18.398068,sancheti_smoke,1250.0,cluster_13546492148_1838721956,0.0,0,0.0,0.0,0.0,0.0,0.0,0.0,0.0
751,2026-09-01 08:20:18.401189,sancheti_smoke,1255.0,cluster_13546492148_1838721956,0.0,0,0.0,0.0,0.0,0.0,0.0,0.0,0.0
754,2026-09-01 08:20:18.404233,sancheti_smoke,1260.0,cluster_13546492148_1838721956,0.0,0,0.0,0.0,0.0,0.0,0.0,0.0,0.0
757,2026-09-01 08:20:18.407250,sancheti_smoke,1265.0,cluster_13546492148_1838721956,0.0,0,0.0,0.0,0.0,0.0,0.0,0.0,0.0
760,2026-09-01 08:20:18.410201,sancheti_smoke,1270.0,cluster_13546492148_1838721956,0.0,0,0.0,0.0,0.0,0.0,0.0,0.0,0.0
763,2026-09-01 08:20:18.413204,sancheti_smoke,1275.0,cluster_13546492148_1838721956,0.0,0,0.0,0.0,0.0,0.0,0.0,0.0,0.0
766,2026-09-01 08:20:18.415983,sancheti_smoke,1280.0,cluster_13546492148_1838721956,0.0,0,0.0,0.0,0.0,0.0,0.0,0.0,0.0
769,2026-09-01 08:20:18.418930,sancheti_smoke,1285.0,cluster_13546492148_1838721956,0.0,0,0.0,0.0,0.0,0.0,0.0,0.0,0.0
772,2026-09-01 08:20:18.421802,sancheti_smoke,1290.0,cluster_13546492148_1838721956,0.0,0,0.0,0.0,0.0,0.0,0.0,0.0,0.0
775,2026-09-01 08:20:18.424719,sancheti_smoke,1295.0,cluster_13546492148_1838721956,0.0,0,0.0,0.0,0.0,0.0,0.0,0.0,0.0
778,2026-09-01 08:20:18.427854,sancheti_smoke,1300.0,cluster_13546492148_1838721956,0.0,0,0.0,0.0,0.0,0.0,0.0,0.0,0.0
781,2026-09-01 08:20:18.430887,sancheti_smoke,1305.0,cluster_13546492148_1838721956,0.0,0,0.0,0.0,0.0,0.0,0.0,0.0,0.0
784,2026-09-01 08:20:18.433809,sancheti_smoke,1310.0,cluster_13546492148_1838721956,0.0,0,0.0,0.0,0.0,0.0,0.0,0.0,0.0
787,2026-09-01 08:20:18.436652,sancheti_smoke,1315.0,cluster_13546492148_1838721956,0.0,0,0.0,0.0,0.0,0.0,0.0,0.0,0.0
790,2026-09-01 08:20:18.439603,sancheti_smoke,1320.0,cluster_13546492148_1838721956,0.0,0,0.0,0.0,0.0,0.0,0.0,0.0,0.0
793,2026-09-01 08:20:18.442656,sancheti_smoke,1325.0,cluster_13546492148_1838721956,0.0,0,0.0,0.0,0.0,0.0,0.0,0.0,0.0
796,2026-09-01 08:20:18.446095,sancheti_smoke,1330.0,cluster_13546492148_1838721956,0.0,0,0.0,0.0,0.0,0.0,0.0,0.0,0.0
799,2026-09-01 08:20:18.449292,sancheti_smoke,1335.0,cluster_13546492148_1838721956,0.0,0,0.0,0.0,0.0,0.0,0.0,0.0,0.0
802,2026-09-01 08:20:18.452236,sancheti_smoke,1340.0,cluster_13546492148_1838721956,0.0,0,0.0,0.0,0.0,0.0,0.0,0.0,0.0
805,2026-09-01 08:20:18.455160,sancheti_smoke,1345.0,cluster_13546492148_1838721956,0.0,0,0.0,0.0,0.0,0.0,0.0,0.0,0.0
808,2026-09-01 08:20:18.458086,sancheti_smoke,1350.0,cluster_13546492148_1838721956,0.0,0,0.0,0.0,0.0,0.0,0.0,0.0,0.0
811,2026-09-01 08:20:18.461443,sancheti_smoke,1355.0,cluster_13546492148_1838721956,0.0,0,0.0,0.0,0.0,0.0,0.0,0.0,0.0
814,2026-09-01 08:20:18.464627,sancheti_smoke,1360.0,cluster_13546492148_1838721956,0.0,0,0.0,0.0,0.0,0.0,0.0,0.0,0.0
817,2026-09-01 08:20:18.467558,sancheti_smoke,1365.0,cluster_13546492148_1838721956,0.0,0,0.0,0.0,0.0,0.0,0.0,0.0,0.0
820,2026-09-01 08:20:18.470287,sancheti_smoke,1370.0,cluster_13546492148_1838721956,0.0,0,0.0,0.0,0.0,0.0,0.0,0.0,0.0
823,2026-09-01 08:20:18.472511,sancheti_smoke,1375.0,cluster_13546492148_1838721956,0.0,0,0.0,0.0,0.0,0.0,0.0,0.0,0.0
826,2026-09-01 08:20:18.475058,sancheti_smoke,1380.0,cluster_13546492148_1838721956,0.0,0,0.0,0.0,0.0,0.0,0.0,0.0,0.0
829,2026-09-01 08:20:18.478459,sancheti_smoke,1385.0,cluster_13546492148_1838721956,0.0,0,0.0,0.0,0.0,0.0,0.0,0.0,0.0
832,2026-09-01 08:20:18.481351,sancheti_smoke,1390.0,cluster_13546492148_1838721956,0.0,0,0.0,0.0,0.0,0.0,0.0,0.0,0.0
835,2026-09-01 08:20:18.484281,sancheti_smoke,1395.0,cluster_13546492148_1838721956,0.0,0,0.0,0.0,0.0,0.0,0.0,0.0,0.0
14,2026-09-01 08:20:17.574912,sancheti_smoke,25.0,cluster_2061304035_245647208,0.0,0,0.0,0.0,0.0,0.0,0.0,0.0,0.0
17,2026-09-01 08:20:17.578682,sancheti_smoke,30.0,cluster_2061304035_245647208,0.0,0,0.0,0.0,0.0,0.0,0.0,0.0,0.0
20,2026-09-01 08:20:17.582505,sancheti_smoke,35.0,cluster_2061304035_245647208,0.0,0,0.0,0.0,0.0,0.0,0.0,0.0,0.0
23,2026-09-01 08:20:17.586189,sancheti_smoke,40.0,cluster_2061304035_245647208,0.0,0,0.0,0.0,0.0,0.0,0.0,0.0,0.0
26,2026-09-01 08:20:17.589928,sancheti_smoke,45.0,cluster_2061304035_245647208,0.0,0,0.0,0.0,0.0,0.0,0.0,0.0,0.0
29,2026-09-01 08:20:17.594365,sancheti_smoke,50.0,cluster_2061304035_245647208,0.0,0,0.0,0.0,0.0,0.0,0.0,0.0,0.0
32,2026-09-01 08:20:17.597907,sancheti_smoke,55.0,cluster_2061304035_245647208,0.0,0,0.0,0.0,0.0,0.0,0.0,0.0,0.0
35,2026-09-01 08:20:17.601205,sancheti_smoke,60.0,cluster_2061304035_245647208,0.0,0,0.0,0.0,0.0,0.0,0.0,0.0,0.0
38,2026-09-01 08:20:17.604524,sancheti_smoke,65.0,cluster_2061304035_245647208,0.0,0,0.0,0.0,0.0,0.0,0.0,0.0,0.0
41,2026-09-01 08:20:17.607785,sancheti_smoke,70.0,cluster_2061304035_245647208,0.0,0,0.0,0.0,0.0,0.0,0.0,0.0,0.0
44,2026-09-01 08:20:17.611566,sancheti_smoke,75.0,cluster_2061304035_245647208,0.0,0,0.0,0.0,0.0,0.0,0.0,0.0,0.0
47,2026-09-01 08:20:17.615279,sancheti_smoke,80.0,cluster_2061304035_245647208,0.0,0,0.0,0.0,0.0,0.0,0.0,0.0,0.0
50,2026-09-01 08:20:17.618994,sancheti_smoke,85.0,cluster_2061304035_245647208,0.0,0,0.0,0.0,0.0,0.0,0.0,0.0,0.0
53,2026-09-01 08:20:17.622494,sancheti_smoke,90.0,cluster_2061304035_245647208,0.0,0,0.0,0.0,0.0,0.0,0.0,0.0,0.0
56,2026-09-01 08:20:17.625991,sancheti_smoke,95.0,cluster_2061304035_245647208,0.0,0,0.0,0.0,0.0,0.0,0.0,0.0,0.0
59,2026-09-01 08:20:17.629647,sancheti_smoke,100.0,cluster_2061304035_245647208,0.0,0,0.0,0.0,0.0,0.0,0.0,0.0,0.0
62,2026-09-01 08:20:17.633077,sancheti_smoke,105.0,cluster_2061304035_245647208,0.0,0,0.0,0.0,0.0,0.0,0.0,0.0,0.0
65,2026-09-01 08:20:17.636412,sancheti_smoke,110.0,cluster_2061304035_245647208,0.0,0,0.0,0.0,0.0,0.0,0.0,0.0,0.0
68,2026-09-01 08:20:17.639756,sancheti_smoke,115.0,cluster_2061304035_245647208,0.0,0,0.0,0.0,0.0,0.0,0.0,0.0,0.0
71,2026-09-01 08:20:17.643206,sancheti_smoke,120.0,cluster_2061304035_245647208,0.0,0,0.0,0.0,0.0,0.0,0.0,0.0,0.0
74,2026-09-01 08:20:17.647008,sancheti_smoke,125.0,cluster_2061304035_245647208,0.0,0,0.0,0.0,0.0,0.0,0.0,5.0,0.0
77,2026-09-01 08:20:17.650639,sancheti_smoke,130.0,cluster_2061304035_245647208,0.0,0,0.0,0.0,0.0,0.0,0.0,5.0,0.0
80,2026-09-01 08:20:17.653883,sancheti_smoke,135.0,cluster_2061304035_245647208,0.0,0,0.0,0.0,0.0,0.0,0.0,5.0,0.0
83,2026-09-01 08:20:17.657229,sancheti_smoke,140.0,cluster_2061304035_245647208,0.0,0,0.0,0.0,0.0,0.0,0.0,5.0,0.0
86,2026-09-01 08:20:17.660839,sancheti_smoke,145.0,cluster_2061304035_245647208,0.0,0,0.0,0.0,0.0,0.0,0.0,5.0,0.0
89,2026-09-01 08:20:17.664471,sancheti_smoke,150.0,cluster_2061304035_245647208,0.0,0,0.0,0.0,0.0,0.0,0.0,5.0,0.0
92,2026-09-01 08:20:17.667866,sancheti_smoke,155.0,cluster_2061304035_245647208,0.0,0,0.0,0.0,0.0,0.0,0.0,5.0,0.0
95,2026-09-01 08:20:17.671393,sancheti_smoke,160.0,cluster_2061304035_245647208,0.0,0,0.0,0.0,0.0,0.0,0.0,5.0,0.0
98,2026-09-01 08:20:17.675226,sancheti_smoke,165.0,cluster_2061304035_245647208,0.0,0,0.0,0.0,0.0,0.0,0.0,5.0,0.0
101,2026-09-01 08:20:17.679302,sancheti_smoke,170.0,cluster_2061304035_245647208,0.0,0,0.0,0.0,0.0,0.0,0.0,0.0,0.0
104,2026-09-01 08:20:17.683234,sancheti_smoke,175.0,cluster_2061304035_245647208,0.0,0,0.0,0.0,0.0,0.0,0.0,0.0,0.0
107,2026-09-01 08:20:17.687077,sancheti_smoke,180.0,cluster_2061304035_245647208,0.0,1,26.200329283884553,0.0,0.0,0.0,0.0,0.0,0.0
110,2026-09-01 08:20:17.691128,sancheti_smoke,185.0,cluster_2061304035_245647208,5.0,1,0.001293346407407935,0.0,0.0,0.0,0.0,0.0,0.25
113,2026-09-01 08:20:17.695046,sancheti_smoke,190.0,cluster_2061304035_245647208,5.0,1,0.0,5.0,0.0,0.0,0.0,0.0,0.25
116,2026-09-01 08:20:17.699026,sancheti_smoke,195.0,cluster_2061304035_245647208,5.0,1,0.0,5.0,5.0,0.0,0.0,0.0,0.25
119,2026-09-01 08:20:17.702627,sancheti_smoke,200.0,cluster_2061304035_245647208,5.0,1,0.0,5.0,5.0,5.0,0.0,0.0,0.25
122,2026-09-01 08:20:17.706742,sancheti_smoke,205.0,cluster_2061304035_245647208,5.0,1,0.0,5.0,5.0,5.0,5.0,0.0,0.0
125,2026-09-01 08:20:17.710905,sancheti_smoke,210.0,cluster_2061304035_245647208,5.0,1,0.0,5.0,5.0,5.0,5.0,0.0,0.0
128,2026-09-01 08:20:17.715125,sancheti_smoke,215.0,cluster_2061304035_245647208,5.0,1,0.0,5.0,5.0,5.0,5.0,0.0,0.0
131,2026-09-01 08:20:17.719377,sancheti_smoke,220.0,cluster_2061304035_245647208,5.0,1,0.0,5.0,5.0,5.0,5.0,0.0,0.0
134,2026-09-01 08:20:17.723273,sancheti_smoke,225.0,cluster_2061304035_245647208,5.0,1,0.0,5.0,5.0,5.0,5.0,0.0,0.0
137,2026-09-01 08:20:17.727264,sancheti_smoke,230.0,cluster_2061304035_245647208,0.0,0,0.0,5.0,5.0,5.0,5.0,5.0,-0.25
140,2026-09-01 08:20:17.731161,sancheti_smoke,235.0,cluster_2061304035_245647208,0.0,0,0.0,0.0,5.0,5.0,5.0,10.0,-0.25
143,2026-09-01 08:20:17.734903,sancheti_smoke,240.0,cluster_2061304035_245647208,0.0,1,90.7567089683375,0.0,0.0,5.0,5.0,10.0,-0.25
146,2026-09-01 08:20:17.738756,sancheti_smoke,245.0,cluster_2061304035_245647208,0.0,0,0.0,0.0,0.0,0.0,5.0,10.0,-0.25
149,2026-09-01 08:20:17.742639,sancheti_smoke,250.0,cluster_2061304035_245647208,0.0,0,0.0,0.0,0.0,0.0,0.0,10.0,0.0
152,2026-09-01 08:20:17.746686,sancheti_smoke,255.0,cluster_2061304035_245647208,0.0,0,0.0,0.0,0.0,0.0,0.0,10.0,0.0
155,2026-09-01 08:20:17.750487,sancheti_smoke,260.0,cluster_2061304035_245647208,0.0,0,0.0,0.0,0.0,0.0,0.0,0.0,0.0
158,2026-09-01 08:20:17.753824,sancheti_smoke,265.0,cluster_2061304035_245647208,0.0,0,0.0,0.0,0.0,0.0,0.0,0.0,0.0
161,2026-09-01 08:20:17.757334,sancheti_smoke,270.0,cluster_2061304035_245647208,0.0,0,0.0,0.0,0.0,0.0,0.0,0.0,0.0
164,2026-09-01 08:20:17.761259,sancheti_smoke,275.0,cluster_2061304035_245647208,0.0,0,0.0,0.0,0.0,0.0,0.0,0.0,0.0
167,2026-09-01 08:20:17.765182,sancheti_smoke,280.0,cluster_2061304035_245647208,0.0,0,0.0,0.0,0.0,0.0,0.0,0.0,0.0
170,2026-09-01 08:20:17.768701,sancheti_smoke,285.0,cluster_2061304035_245647208,0.0,1,47.41127563842702,0.0,0.0,0.0,0.0,0.0,0.0
173,2026-09-01 08:20:17.772239,sancheti_smoke,290.0,cluster_2061304035_245647208,5.0,2,14.867240531188356,0.0,0.0,0.0,0.0,0.0,0.25
176,2026-09-01 08:20:17.775883,sancheti_smoke,295.0,cluster_2061304035_245647208,10.0,2,0.027196970514111764,5.0,0.0,0.0,0.0,0.0,0.5
179,2026-09-01 08:20:17.779953,sancheti_smoke,300.0,cluster_2061304035_245647208,10.0,2,0.00019880098643557294,10.0,5.0,0.0,0.0,0.0,0.5
182,2026-09-01 08:20:17.783714,sancheti_smoke,305.0,cluster_2061304035_245647208,10.0,2,0.0,10.0,10.0,5.0,0.0,0.0,0.5
185,2026-09-01 08:20:17.787272,sancheti_smoke,310.0,cluster_2061304035_245647208,10.0,2,0.0,10.0,10.0,10.0,5.0,0.0,0.25
188,2026-09-01 08:20:17.791054,sancheti_smoke,315.0,cluster_2061304035_245647208,10.0,2,0.0,10.0,10.0,10.0,10.0,0.0,0.0
191,2026-09-01 08:20:17.794916,sancheti_smoke,320.0,cluster_2061304035_245647208,0.0,0,0.0,10.0,10.0,10.0,10.0,0.0,-0.5
194,2026-09-01 08:20:17.798865,sancheti_smoke,325.0,cluster_2061304035_245647208,0.0,0,0.0,0.0,10.0,10.0,10.0,5.0,-0.5
197,2026-09-01 08:20:17.802657,sancheti_smoke,330.0,cluster_2061304035_245647208,0.0,0,0.0,0.0,0.0,10.0,10.0,5.0,-0.5
200,2026-09-01 08:20:17.806585,sancheti_smoke,335.0,cluster_2061304035_245647208,0.0,0,0.0,0.0,0.0,0.0,10.0,5.0,-0.5
203,2026-09-01 08:20:17.810545,sancheti_smoke,340.0,cluster_2061304035_245647208,0.0,0,0.0,0.0,0.0,0.0,0.0,5.0,0.0
206,2026-09-01 08:20:17.814521,sancheti_smoke,345.0,cluster_2061304035_245647208,0.0,0,0.0,0.0,0.0,0.0,0.0,5.0,0.0
209,2026-09-01 08:20:17.818437,sancheti_smoke,350.0,cluster_2061304035_245647208,0.0,0,0.0,0.0,0.0,0.0,0.0,0.0,0.0
212,2026-09-01 08:20:17.822187,sancheti_smoke,355.0,cluster_2061304035_245647208,0.0,0,0.0,0.0,0.0,0.0,0.0,0.0,0.0
215,2026-09-01 08:20:17.826082,sancheti_smoke,360.0,cluster_2061304035_245647208,0.0,0,0.0,0.0,0.0,0.0,0.0,0.0,0.0
218,2026-09-01 08:20:17.829972,sancheti_smoke,365.0,cluster_2061304035_245647208,0.0,0,0.0,0.0,0.0,0.0,0.0,0.0,0.0
221,2026-09-01 08:20:17.833510,sancheti_smoke,370.0,cluster_2061304035_245647208,0.0,0,0.0,0.0,0.0,0.0,0.0,0.0,0.0
224,2026-09-01 08:20:17.836892,sancheti_smoke,375.0,cluster_2061304035_245647208,0.0,1,53.14664939933336,0.0,0.0,0.0,0.0,0.0,0.0
227,2026-09-01 08:20:17.840342,sancheti_smoke,380.0,cluster_2061304035_245647208,0.0,1,1.3337654646880648,0.0,0.0,0.0,0.0,0.0,0.0
230,2026-09-01 08:20:17.844114,sancheti_smoke,385.0,cluster_2061304035_245647208,5.0,1,0.0007259707244502276,0.0,0.0,0.0,0.0,0.0,0.25
233,2026-09-01 08:20:17.847639,sancheti_smoke,390.0,cluster_2061304035_245647208,5.0,1,0.0,5.0,0.0,0.0,0.0,0.0,0.25
236,2026-09-01 08:20:17.850855,sancheti_smoke,395.0,cluster_2061304035_245647208,5.0,1,0.0,5.0,5.0,0.0,0.0,0.0,0.25
239,2026-09-01 08:20:17.854223,sancheti_smoke,400.0,cluster_2061304035_245647208,5.0,1,0.0,5.0,5.0,5.0,0.0,0.0,0.25
242,2026-09-01 08:20:17.857780,sancheti_smoke,405.0,cluster_2061304035_245647208,5.0,1,0.0,5.0,5.0,5.0,5.0,0.0,0.0
245,2026-09-01 08:20:17.861624,sancheti_smoke,410.0,cluster_2061304035_245647208,0.0,0,0.0,5.0,5.0,5.0,5.0,0.0,-0.25
248,2026-09-01 08:20:17.865185,sancheti_smoke,415.0,cluster_2061304035_245647208,0.0,0,0.0,0.0,5.0,5.0,5.0,0.0,-0.25
251,2026-09-01 08:20:17.868578,sancheti_smoke,420.0,cluster_2061304035_245647208,0.0,0,0.0,0.0,0.0,5.0,5.0,0.0,-0.25
254,2026-09-01 08:20:17.871954,sancheti_smoke,425.0,cluster_2061304035_245647208,0.0,0,0.0,0.0,0.0,0.0,5.0,0.0,-0.25
257,2026-09-01 08:20:17.875394,sancheti_smoke,430.0,cluster_2061304035_245647208,0.0,0,0.0,0.0,0.0,0.0,0.0,0.0,0.0
260,2026-09-01 08:20:17.879060,sancheti_smoke,435.0,cluster_2061304035_245647208,0.0,0,0.0,0.0,0.0,0.0,0.0,0.0,0.0
263,2026-09-01 08:20:17.882430,sancheti_smoke,440.0,cluster_2061304035_245647208,0.0,0,0.0,0.0,0.0,0.0,0.0,0.0,0.0
266,2026-09-01 08:20:17.885747,sancheti_smoke,445.0,cluster_2061304035_245647208,0.0,0,0.0,0.0,0.0,0.0,0.0,0.0,0.0
269,2026-09-01 08:20:17.889033,sancheti_smoke,450.0,cluster_2061304035_245647208,0.0,0,0.0,0.0,0.0,0.0,0.0,0.0,0.0
272,2026-09-01 08:20:17.892322,sancheti_smoke,455.0,cluster_2061304035_245647208,0.0,0,0.0,0.0,0.0,0.0,0.0,0.0,0.0
275,2026-09-01 08:20:17.895779,sancheti_smoke,460.0,cluster_2061304035_245647208,0.0,0,0.0,0.0,0.0,0.0,0.0,0.0,0.0
278,2026-09-01 08:20:17.899180,sancheti_smoke,465.0,cluster_2061304035_245647208,0.0,0,0.0,0.0,0.0,0.0,0.0,0.0,0.0
281,2026-09-01 08:20:17.902431,sancheti_smoke,470.0,cluster_2061304035_245647208,0.0,0,0.0,0.0,0.0,0.0,0.0,0.0,0.0
284,2026-09-01 08:20:17.906238,sancheti_smoke,475.0,cluster_2061304035_245647208,0.0,1,67.74431593265707,0.0,0.0,0.0,0.0,0.0,0.0
287,2026-09-01 08:20:17.909854,sancheti_smoke,480.0,cluster_2061304035_245647208,0.0,0,0.0,0.0,0.0,0.0,0.0,0.0,0.0
290,2026-09-01 08:20:17.913149,sancheti_smoke,485.0,cluster_2061304035_245647208,0.0,0,0.0,0.0,0.0,0.0,0.0,0.0,0.0
293,2026-09-01 08:20:17.916233,sancheti_smoke,490.0,cluster_2061304035_245647208,0.0,0,0.0,0.0,0.0,0.0,0.0,0.0,0.0
296,2026-09-01 08:20:17.919301,sancheti_smoke,495.0,cluster_2061304035_245647208,0.0,0,0.0,0.0,0.0,0.0,0.0,0.0,0.0
299,2026-09-01 08:20:17.922675,sancheti_smoke,500.0,cluster_2061304035_245647208,0.0,0,0.0,0.0,0.0,0.0,0.0,0.0,0.0
302,2026-09-01 08:20:17.926023,sancheti_smoke,505.0,cluster_2061304035_245647208,0.0,0,0.0,0.0,0.0,0.0,0.0,0.0,0.0
305,2026-09-01 08:20:17.929531,sancheti_smoke,510.0,cluster_2061304035_245647208,0.0,0,0.0,0.0,0.0,0.0,0.0,0.0,0.0
308,2026-09-01 08:20:17.932719,sancheti_smoke,515.0,cluster_2061304035_245647208,0.0,0,0.0,0.0,0.0,0.0,0.0,0.0,0.0
311,2026-09-01 08:20:17.935783,sancheti_smoke,520.0,cluster_2061304035_245647208,0.0,0,0.0,0.0,0.0,0.0,0.0,0.0,0.0
314,2026-09-01 08:20:17.939110,sancheti_smoke,525.0,cluster_2061304035_245647208,0.0,0,0.0,0.0,0.0,0.0,0.0,0.0,0.0
317,2026-09-01 08:20:17.942405,sancheti_smoke,530.0,cluster_2061304035_245647208,0.0,0,0.0,0.0,0.0,0.0,0.0,0.0,0.0
320,2026-09-01 08:20:17.945886,sancheti_smoke,535.0,cluster_2061304035_245647208,0.0,0,0.0,0.0,0.0,0.0,0.0,0.0,0.0
323,2026-09-01 08:20:17.949159,sancheti_smoke,540.0,cluster_2061304035_245647208,0.0,0,0.0,0.0,0.0,0.0,0.0,0.0,0.0
326,2026-09-01 08:20:17.952349,sancheti_smoke,545.0,cluster_2061304035_245647208,0.0,0,0.0,0.0,0.0,0.0,0.0,0.0,0.0
329,2026-09-01 08:20:17.955578,sancheti_smoke,550.0,cluster_2061304035_245647208,0.0,0,0.0,0.0,0.0,0.0,0.0,0.0,0.0
332,2026-09-01 08:20:17.958812,sancheti_smoke,555.0,cluster_2061304035_245647208,0.0,0,0.0,0.0,0.0,0.0,0.0,0.0,0.0
335,2026-09-01 08:20:17.962184,sancheti_smoke,560.0,cluster_2061304035_245647208,0.0,0,0.0,0.0,0.0,0.0,0.0,0.0,0.0
338,2026-09-01 08:20:17.965456,sancheti_smoke,565.0,cluster_2061304035_245647208,0.0,0,0.0,0.0,0.0,0.0,0.0,0.0,0.0
341,2026-09-01 08:20:17.968542,sancheti_smoke,570.0,cluster_2061304035_245647208,0.0,0,0.0,0.0,0.0,0.0,0.0,0.0,0.0
344,2026-09-01 08:20:17.971823,sancheti_smoke,575.0,cluster_2061304035_245647208,0.0,0,0.0,0.0,0.0,0.0,0.0,0.0,0.0
347,2026-09-01 08:20:17.975174,sancheti_smoke,580.0,cluster_2061304035_245647208,0.0,0,0.0,0.0,0.0,0.0,0.0,0.0,0.0
350,2026-09-01 08:20:17.978547,sancheti_smoke,585.0,cluster_2061304035_245647208,0.0,0,0.0,0.0,0.0,0.0,0.0,0.0,0.0
353,2026-09-01 08:20:17.981784,sancheti_smoke,590.0,cluster_2061304035_245647208,0.0,0,0.0,0.0,0.0,0.0,0.0,0.0,0.0
356,2026-09-01 08:20:17.985170,sancheti_smoke,595.0,cluster_2061304035_245647208,0.0,0,0.0,0.0,0.0,0.0,0.0,0.0,0.0
359,2026-09-01 08:20:17.988337,sancheti_smoke,600.0,cluster_2061304035_245647208,0.0,0,0.0,0.0,0.0,0.0,0.0,0.0,0.0
362,2026-09-01 08:20:17.991537,sancheti_smoke,605.0,cluster_2061304035_245647208,0.0,0,0.0,0.0,0.0,0.0,0.0,0.0,0.0
365,2026-09-01 08:20:17.994877,sancheti_smoke,610.0,cluster_2061304035_245647208,0.0,0,0.0,0.0,0.0,0.0,0.0,0.0,0.0
368,2026-09-01 08:20:17.998206,sancheti_smoke,615.0,cluster_2061304035_245647208,0.0,0,0.0,0.0,0.0,0.0,0.0,0.0,0.0
371,2026-09-01 08:20:18.001502,sancheti_smoke,620.0,cluster_2061304035_245647208,0.0,0,0.0,0.0,0.0,0.0,0.0,0.0,0.0
374,2026-09-01 08:20:18.004533,sancheti_smoke,625.0,cluster_2061304035_245647208,0.0,0,0.0,0.0,0.0,0.0,0.0,0.0,0.0
377,2026-09-01 08:20:18.007727,sancheti_smoke,630.0,cluster_2061304035_245647208,0.0,0,0.0,0.0,0.0,0.0,0.0,0.0,0.0
380,2026-09-01 08:20:18.011201,sancheti_smoke,635.0,cluster_2061304035_245647208,0.0,0,0.0,0.0,0.0,0.0,0.0,0.0,0.0
383,2026-09-01 08:20:18.014334,sancheti_smoke,640.0,cluster_2061304035_245647208,0.0,0,0.0,0.0,0.0,0.0,0.0,0.0,0.0
386,2026-09-01 08:20:18.017528,sancheti_smoke,645.0,cluster_2061304035_245647208,0.0,0,0.0,0.0,0.0,0.0,0.0,0.0,0.0
389,2026-09-01 08:20:18.020536,sancheti_smoke,650.0,cluster_2061304035_245647208,0.0,0,0.0,0.0,0.0,0.0,0.0,0.0,0.0
392,2026-09-01 08:20:18.023808,sancheti_smoke,655.0,cluster_2061304035_245647208,0.0,0,0.0,0.0,0.0,0.0,0.0,0.0,0.0
395,2026-09-01 08:20:18.027135,sancheti_smoke,660.0,cluster_2061304035_245647208,0.0,0,0.0,0.0,0.0,0.0,0.0,0.0,0.0
398,2026-09-01 08:20:18.030518,sancheti_smoke,665.0,cluster_2061304035_245647208,0.0,0,0.0,0.0,0.0,0.0,0.0,0.0,0.0
401,2026-09-01 08:20:18.033662,sancheti_smoke,670.0,cluster_2061304035_245647208,0.0,0,0.0,0.0,0.0,0.0,0.0,0.0,0.0
404,2026-09-01 08:20:18.036700,sancheti_smoke,675.0,cluster_2061304035_245647208,0.0,0,0.0,0.0,0.0,0.0,0.0,0.0,0.0
407,2026-09-01 08:20:18.039932,sancheti_smoke,680.0,cluster_2061304035_245647208,0.0,0,0.0,0.0,0.0,0.0,0.0,0.0,0.0
410,2026-09-01 08:20:18.043219,sancheti_smoke,685.0,cluster_2061304035_245647208,0.0,0,0.0,0.0,0.0,0.0,0.0,0.0,0.0
413,2026-09-01 08:20:18.046673,sancheti_smoke,690.0,cluster_2061304035_245647208,0.0,0,0.0,0.0,0.0,0.0,0.0,0.0,0.0
416,2026-09-01 08:20:18.050009,sancheti_smoke,695.0,cluster_2061304035_245647208,0.0,0,0.0,0.0,0.0,0.0,0.0,0.0,0.0
419,2026-09-01 08:20:18.053176,sancheti_smoke,700.0,cluster_2061304035_245647208,0.0,0,0.0,0.0,0.0,0.0,0.0,0.0,0.0
422,2026-09-01 08:20:18.056394,sancheti_smoke,705.0,cluster_2061304035_245647208,0.0,0,0.0,0.0,0.0,0.0,0.0,0.0,0.0
425,2026-09-01 08:20:18.059530,sancheti_smoke,710.0,cluster_2061304035_245647208,0.0,0,0.0,0.0,0.0,0.0,0.0,0.0,0.0
428,2026-09-01 08:20:18.062793,sancheti_smoke,715.0,cluster_2061304035_245647208,0.0,0,0.0,0.0,0.0,0.0,0.0,0.0,0.0
431,2026-09-01 08:20:18.065933,sancheti_smoke,720.0,cluster_2061304035_245647208,0.0,0,0.0,0.0,0.0,0.0,0.0,0.0,0.0
434,2026-09-01 08:20:18.069020,sancheti_smoke,725.0,cluster_2061304035_245647208,0.0,0,0.0,0.0,0.0,0.0,0.0,0.0,0.0
437,2026-09-01 08:20:18.072231,sancheti_smoke,730.0,cluster_2061304035_245647208,0.0,0,0.0,0.0,0.0,0.0,0.0,0.0,0.0
440,2026-09-01 08:20:18.075343,sancheti_smoke,735.0,cluster_2061304035_245647208,0.0,0,0.0,0.0,0.0,0.0,0.0,0.0,0.0
443,2026-09-01 08:20:18.078635,sancheti_smoke,740.0,cluster_2061304035_245647208,0.0,0,0.0,0.0,0.0,0.0,0.0,0.0,0.0
446,2026-09-01 08:20:18.081726,sancheti_smoke,745.0,cluster_2061304035_245647208,0.0,0,0.0,0.0,0.0,0.0,0.0,0.0,0.0
449,2026-09-01 08:20:18.084554,sancheti_smoke,750.0,cluster_2061304035_245647208,0.0,0,0.0,0.0,0.0,0.0,0.0,0.0,0.0
452,2026-09-01 08:20:18.087403,sancheti_smoke,755.0,cluster_2061304035_245647208,0.0,0,0.0,0.0,0.0,0.0,0.0,0.0,0.0
455,2026-09-01 08:20:18.090477,sancheti_smoke,760.0,cluster_2061304035_245647208,0.0,0,0.0,0.0,0.0,0.0,0.0,0.0,0.0
458,2026-09-01 08:20:18.093898,sancheti_smoke,765.0,cluster_2061304035_245647208,0.0,0,0.0,0.0,0.0,0.0,0.0,0.0,0.0
461,2026-09-01 08:20:18.097082,sancheti_smoke,770.0,cluster_2061304035_245647208,0.0,0,0.0,0.0,0.0,0.0,0.0,0.0,0.0
464,2026-09-01 08:20:18.099971,sancheti_smoke,775.0,cluster_2061304035_245647208,0.0,0,0.0,0.0,0.0,0.0,0.0,0.0,0.0
467,2026-09-01 08:20:18.102829,sancheti_smoke,780.0,cluster_2061304035_245647208,0.0,0,0.0,0.0,0.0,0.0,0.0,0.0,0.0
470,2026-09-01 08:20:18.105697,sancheti_smoke,785.0,cluster_2061304035_245647208,0.0,0,0.0,0.0,0.0,0.0,0.0,0.0,0.0
473,2026-09-01 08:20:18.108686,sancheti_smoke,790.0,cluster_2061304035_245647208,0.0,0,0.0,0.0,0.0,0.0,0.0,0.0,0.0
476,2026-09-01 08:20:18.112689,sancheti_smoke,795.0,cluster_2061304035_245647208,0.0,0,0.0,0.0,0.0,0.0,0.0,0.0,0.0
479,2026-09-01 08:20:18.115870,sancheti_smoke,800.0,cluster_2061304035_245647208,0.0,0,0.0,0.0,0.0,0.0,0.0,0.0,0.0
482,2026-09-01 08:20:18.119067,sancheti_smoke,805.0,cluster_2061304035_245647208,0.0,0,0.0,0.0,0.0,0.0,0.0,0.0,0.0
485,2026-09-01 08:20:18.122390,sancheti_smoke,810.0,cluster_2061304035_245647208,0.0,0,0.0,0.0,0.0,0.0,0.0,0.0,0.0
488,2026-09-01 08:20:18.125615,sancheti_smoke,815.0,cluster_2061304035_245647208,0.0,0,0.0,0.0,0.0,0.0,0.0,0.0,0.0
491,2026-09-01 08:20:18.128922,sancheti_smoke,820.0,cluster_2061304035_245647208,0.0,0,0.0,0.0,0.0,0.0,0.0,0.0,0.0
494,2026-09-01 08:20:18.132144,sancheti_smoke,825.0,cluster_2061304035_245647208,0.0,0,0.0,0.0,0.0,0.0,0.0,0.0,0.0
497,2026-09-01 08:20:18.135366,sancheti_smoke,830.0,cluster_2061304035_245647208,0.0,0,0.0,0.0,0.0,0.0,0.0,0.0,0.0
500,2026-09-01 08:20:18.138527,sancheti_smoke,835.0,cluster_2061304035_245647208,0.0,0,0.0,0.0,0.0,0.0,0.0,0.0,0.0
503,2026-09-01 08:20:18.141793,sancheti_smoke,840.0,cluster_2061304035_245647208,0.0,0,0.0,0.0,0.0,0.0,0.0,0.0,0.0
506,2026-09-01 08:20:18.145173,sancheti_smoke,845.0,cluster_2061304035_245647208,0.0,0,0.0,0.0,0.0,0.0,0.0,0.0,0.0
509,2026-09-01 08:20:18.148336,sancheti_smoke,850.0,cluster_2061304035_245647208,0.0,0,0.0,0.0,0.0,0.0,0.0,0.0,0.0
512,2026-09-01 08:20:18.151430,sancheti_smoke,855.0,cluster_2061304035_245647208,0.0,0,0.0,0.0,0.0,0.0,0.0,0.0,0.0
515,2026-09-01 08:20:18.154490,sancheti_smoke,860.0,cluster_2061304035_245647208,0.0,0,0.0,0.0,0.0,0.0,0.0,0.0,0.0
518,2026-09-01 08:20:18.157715,sancheti_smoke,865.0,cluster_2061304035_245647208,0.0,0,0.0,0.0,0.0,0.0,0.0,0.0,0.0
521,2026-09-01 08:20:18.161059,sancheti_smoke,870.0,cluster_2061304035_245647208,0.0,0,0.0,0.0,0.0,0.0,0.0,0.0,0.0
524,2026-09-01 08:20:18.164458,sancheti_smoke,875.0,cluster_2061304035_245647208,0.0,0,0.0,0.0,0.0,0.0,0.0,0.0,0.0
527,2026-09-01 08:20:18.167727,sancheti_smoke,880.0,cluster_2061304035_245647208,0.0,0,0.0,0.0,0.0,0.0,0.0,0.0,0.0
530,2026-09-01 08:20:18.170725,sancheti_smoke,885.0,cluster_2061304035_245647208,0.0,0,0.0,0.0,0.0,0.0,0.0,0.0,0.0
533,2026-09-01 08:20:18.173951,sancheti_smoke,890.0,cluster_2061304035_245647208,0.0,0,0.0,0.0,0.0,0.0,0.0,0.0,0.0
536,2026-09-01 08:20:18.177251,sancheti_smoke,895.0,cluster_2061304035_245647208,0.0,0,0.0,0.0,0.0,0.0,0.0,0.0,0.0
539,2026-09-01 08:20:18.180467,sancheti_smoke,900.0,cluster_2061304035_245647208,0.0,0,0.0,0.0,0.0,0.0,0.0,0.0,0.0
542,2026-09-01 08:20:18.183817,sancheti_smoke,905.0,cluster_2061304035_245647208,0.0,0,0.0,0.0,0.0,0.0,0.0,0.0,0.0
545,2026-09-01 08:20:18.186987,sancheti_smoke,910.0,cluster_2061304035_245647208,0.0,0,0.0,0.0,0.0,0.0,0.0,0.0,0.0
548,2026-09-01 08:20:18.190245,sancheti_smoke,915.0,cluster_2061304035_245647208,0.0,0,0.0,0.0,0.0,0.0,0.0,0.0,0.0
551,2026-09-01 08:20:18.193312,sancheti_smoke,920.0,cluster_2061304035_245647208,0.0,0,0.0,0.0,0.0,0.0,0.0,0.0,0.0
554,2026-09-01 08:20:18.196305,sancheti_smoke,925.0,cluster_2061304035_245647208,0.0,0,0.0,0.0,0.0,0.0,0.0,0.0,0.0
557,2026-09-01 08:20:18.199600,sancheti_smoke,930.0,cluster_2061304035_245647208,0.0,0,0.0,0.0,0.0,0.0,0.0,0.0,0.0
560,2026-09-01 08:20:18.202746,sancheti_smoke,935.0,cluster_2061304035_245647208,0.0,0,0.0,0.0,0.0,0.0,0.0,0.0,0.0
563,2026-09-01 08:20:18.205920,sancheti_smoke,940.0,cluster_2061304035_245647208,0.0,0,0.0,0.0,0.0,0.0,0.0,0.0,0.0
566,2026-09-01 08:20:18.209223,sancheti_smoke,945.0,cluster_2061304035_245647208,0.0,0,0.0,0.0,0.0,0.0,0.0,0.0,0.0
569,2026-09-01 08:20:18.212255,sancheti_smoke,950.0,cluster_2061304035_245647208,0.0,0,0.0,0.0,0.0,0.0,0.0,0.0,0.0
572,2026-09-01 08:20:18.215354,sancheti_smoke,955.0,cluster_2061304035_245647208,0.0,0,0.0,0.0,0.0,0.0,0.0,0.0,0.0
575,2026-09-01 08:20:18.218432,sancheti_smoke,960.0,cluster_2061304035_245647208,0.0,0,0.0,0.0,0.0,0.0,0.0,0.0,0.0
578,2026-09-01 08:20:18.221528,sancheti_smoke,965.0,cluster_2061304035_245647208,0.0,0,0.0,0.0,0.0,0.0,0.0,0.0,0.0
581,2026-09-01 08:20:18.224571,sancheti_smoke,970.0,cluster_2061304035_245647208,0.0,0,0.0,0.0,0.0,0.0,0.0,0.0,0.0
584,2026-09-01 08:20:18.227616,sancheti_smoke,975.0,cluster_2061304035_245647208,0.0,0,0.0,0.0,0.0,0.0,0.0,0.0,0.0
587,2026-09-01 08:20:18.230792,sancheti_smoke,980.0,cluster_2061304035_245647208,0.0,0,0.0,0.0,0.0,0.0,0.0,0.0,0.0
590,2026-09-01 08:20:18.233836,sancheti_smoke,985.0,cluster_2061304035_245647208,0.0,0,0.0,0.0,0.0,0.0,0.0,0.0,0.0
593,2026-09-01 08:20:18.236968,sancheti_smoke,990.0,cluster_2061304035_245647208,0.0,0,0.0,0.0,0.0,0.0,0.0,0.0,0.0
596,2026-09-01 08:20:18.240081,sancheti_smoke,995.0,cluster_2061304035_245647208,0.0,0,0.0,0.0,0.0,0.0,0.0,0.0,0.0
599,2026-09-01 08:20:18.243238,sancheti_smoke,1000.0,cluster_2061304035_245647208,0.0,0,0.0,0.0,0.0,0.0,0.0,0.0,0.0
602,2026-09-01 08:20:18.246341,sancheti_smoke,1005.0,cluster_2061304035_245647208,0.0,0,0.0,0.0,0.0,0.0,0.0,0.0,0.0
605,2026-09-01 08:20:18.249477,sancheti_smoke,1010.0,cluster_2061304035_245647208,0.0,0,0.0,0.0,0.0,0.0,0.0,0.0,0.0
608,2026-09-01 08:20:18.252556,sancheti_smoke,1015.0,cluster_2061304035_245647208,0.0,0,0.0,0.0,0.0,0.0,0.0,0.0,0.0
611,2026-09-01 08:20:18.255598,sancheti_smoke,1020.0,cluster_2061304035_245647208,0.0,0,0.0,0.0,0.0,0.0,0.0,0.0,0.0
614,2026-09-01 08:20:18.258709,sancheti_smoke,1025.0,cluster_2061304035_245647208,0.0,0,0.0,0.0,0.0,0.0,0.0,0.0,0.0
617,2026-09-01 08:20:18.261709,sancheti_smoke,1030.0,cluster_2061304035_245647208,0.0,0,0.0,0.0,0.0,0.0,0.0,0.0,0.0
620,2026-09-01 08:20:18.264841,sancheti_smoke,1035.0,cluster_2061304035_245647208,0.0,0,0.0,0.0,0.0,0.0,0.0,0.0,0.0
623,2026-09-01 08:20:18.267969,sancheti_smoke,1040.0,cluster_2061304035_245647208,0.0,0,0.0,0.0,0.0,0.0,0.0,0.0,0.0
626,2026-09-01 08:20:18.270989,sancheti_smoke,1045.0,cluster_2061304035_245647208,0.0,0,0.0,0.0,0.0,0.0,0.0,0.0,0.0
629,2026-09-01 08:20:18.273998,sancheti_smoke,1050.0,cluster_2061304035_245647208,0.0,0,0.0,0.0,0.0,0.0,0.0,0.0,0.0
632,2026-09-01 08:20:18.276978,sancheti_smoke,1055.0,cluster_2061304035_245647208,0.0,0,0.0,0.0,0.0,0.0,0.0,0.0,0.0
635,2026-09-01 08:20:18.280108,sancheti_smoke,1060.0,cluster_2061304035_245647208,0.0,0,0.0,0.0,0.0,0.0,0.0,0.0,0.0
638,2026-09-01 08:20:18.283005,sancheti_smoke,1065.0,cluster_2061304035_245647208,0.0,0,0.0,0.0,0.0,0.0,0.0,0.0,0.0
641,2026-09-01 08:20:18.285977,sancheti_smoke,1070.0,cluster_2061304035_245647208,0.0,0,0.0,0.0,0.0,0.0,0.0,0.0,0.0
644,2026-09-01 08:20:18.289144,sancheti_smoke,1075.0,cluster_2061304035_245647208,0.0,0,0.0,0.0,0.0,0.0,0.0,0.0,0.0
647,2026-09-01 08:20:18.292220,sancheti_smoke,1080.0,cluster_2061304035_245647208,0.0,0,0.0,0.0,0.0,0.0,0.0,0.0,0.0
650,2026-09-01 08:20:18.295398,sancheti_smoke,1085.0,cluster_2061304035_245647208,0.0,0,0.0,0.0,0.0,0.0,0.0,0.0,0.0
653,2026-09-01 08:20:18.298658,sancheti_smoke,1090.0,cluster_2061304035_245647208,0.0,0,0.0,0.0,0.0,0.0,0.0,0.0,0.0
656,2026-09-01 08:20:18.301836,sancheti_smoke,1095.0,cluster_2061304035_245647208,0.0,0,0.0,0.0,0.0,0.0,0.0,0.0,0.0
659,2026-09-01 08:20:18.305094,sancheti_smoke,1100.0,cluster_2061304035_245647208,0.0,0,0.0,0.0,0.0,0.0,0.0,0.0,0.0
662,2026-09-01 08:20:18.308307,sancheti_smoke,1105.0,cluster_2061304035_245647208,0.0,0,0.0,0.0,0.0,0.0,0.0,0.0,0.0
665,2026-09-01 08:20:18.311824,sancheti_smoke,1110.0,cluster_2061304035_245647208,0.0,0,0.0,0.0,0.0,0.0,0.0,0.0,0.0
668,2026-09-01 08:20:18.314915,sancheti_smoke,1115.0,cluster_2061304035_245647208,0.0,0,0.0,0.0,0.0,0.0,0.0,0.0,0.0
671,2026-09-01 08:20:18.318059,sancheti_smoke,1120.0,cluster_2061304035_245647208,0.0,0,0.0,0.0,0.0,0.0,0.0,0.0,0.0
674,2026-09-01 08:20:18.321089,sancheti_smoke,1125.0,cluster_2061304035_245647208,0.0,0,0.0,0.0,0.0,0.0,0.0,0.0,0.0
677,2026-09-01 08:20:18.324136,sancheti_smoke,1130.0,cluster_2061304035_245647208,0.0,0,0.0,0.0,0.0,0.0,0.0,0.0,0.0
680,2026-09-01 08:20:18.327209,sancheti_smoke,1135.0,cluster_2061304035_245647208,0.0,0,0.0,0.0,0.0,0.0,0.0,0.0,0.0
683,2026-09-01 08:20:18.330404,sancheti_smoke,1140.0,cluster_2061304035_245647208,0.0,0,0.0,0.0,0.0,0.0,0.0,0.0,0.0
686,2026-09-01 08:20:18.333514,sancheti_smoke,1145.0,cluster_2061304035_245647208,0.0,0,0.0,0.0,0.0,0.0,0.0,0.0,0.0
689,2026-09-01 08:20:18.336600,sancheti_smoke,1150.0,cluster_2061304035_245647208,0.0,0,0.0,0.0,0.0,0.0,0.0,0.0,0.0
692,2026-09-01 08:20:18.339771,sancheti_smoke,1155.0,cluster_2061304035_245647208,0.0,0,0.0,0.0,0.0,0.0,0.0,0.0,0.0
695,2026-09-01 08:20:18.342930,sancheti_smoke,1160.0,cluster_2061304035_245647208,0.0,0,0.0,0.0,0.0,0.0,0.0,0.0,0.0
698,2026-09-01 08:20:18.346071,sancheti_smoke,1165.0,cluster_2061304035_245647208,0.0,0,0.0,0.0,0.0,0.0,0.0,0.0,0.0
701,2026-09-01 08:20:18.349163,sancheti_smoke,1170.0,cluster_2061304035_245647208,0.0,0,0.0,0.0,0.0,0.0,0.0,0.0,0.0
704,2026-09-01 08:20:18.352125,sancheti_smoke,1175.0,cluster_2061304035_245647208,0.0,0,0.0,0.0,0.0,0.0,0.0,0.0,0.0
707,2026-09-01 08:20:18.355169,sancheti_smoke,1180.0,cluster_2061304035_245647208,0.0,0,0.0,0.0,0.0,0.0,0.0,0.0,0.0
710,2026-09-01 08:20:18.358098,sancheti_smoke,1185.0,cluster_2061304035_245647208,0.0,0,0.0,0.0,0.0,0.0,0.0,0.0,0.0
713,2026-09-01 08:20:18.361283,sancheti_smoke,1190.0,cluster_2061304035_245647208,0.0,0,0.0,0.0,0.0,0.0,0.0,0.0,0.0
716,2026-09-01 08:20:18.364321,sancheti_smoke,1195.0,cluster_2061304035_245647208,0.0,0,0.0,0.0,0.0,0.0,0.0,0.0,0.0
719,2026-09-01 08:20:18.367364,sancheti_smoke,1200.0,cluster_2061304035_245647208,0.0,0,0.0,0.0,0.0,0.0,0.0,0.0,0.0
722,2026-09-01 08:20:18.370348,sancheti_smoke,1205.0,cluster_2061304035_245647208,0.0,0,0.0,0.0,0.0,0.0,0.0,0.0,0.0
725,2026-09-01 08:20:18.373338,sancheti_smoke,1210.0,cluster_2061304035_245647208,0.0,0,0.0,0.0,0.0,0.0,0.0,0.0,0.0
728,2026-09-01 08:20:18.376434,sancheti_smoke,1215.0,cluster_2061304035_245647208,0.0,0,0.0,0.0,0.0,0.0,0.0,0.0,0.0
731,2026-09-01 08:20:18.379551,sancheti_smoke,1220.0,cluster_2061304035_245647208,0.0,0,0.0,0.0,0.0,0.0,0.0,0.0,0.0
734,2026-09-01 08:20:18.382637,sancheti_smoke,1225.0,cluster_2061304035_245647208,0.0,0,0.0,0.0,0.0,0.0,0.0,0.0,0.0
737,2026-09-01 08:20:18.385675,sancheti_smoke,1230.0,cluster_2061304035_245647208,0.0,0,0.0,0.0,0.0,0.0,0.0,0.0,0.0
740,2026-09-01 08:20:18.388723,sancheti_smoke,1235.0,cluster_2061304035_245647208,0.0,0,0.0,0.0,0.0,0.0,0.0,0.0,0.0
743,2026-09-01 08:20:18.391798,sancheti_smoke,1240.0,cluster_2061304035_245647208,0.0,0,0.0,0.0,0.0,0.0,0.0,0.0,0.0
746,2026-09-01 08:20:18.394941,sancheti_smoke,1245.0,cluster_2061304035_245647208,0.0,0,0.0,0.0,0.0,0.0,0.0,0.0,0.0
749,2026-09-01 08:20:18.398068,sancheti_smoke,1250.0,cluster_2061304035_245647208,0.0,0,0.0,0.0,0.0,0.0,0.0,0.0,0.0
752,2026-09-01 08:20:18.401189,sancheti_smoke,1255.0,cluster_2061304035_245647208,0.0,0,0.0,0.0,0.0,0.0,0.0,0.0,0.0
755,2026-09-01 08:20:18.404233,sancheti_smoke,1260.0,cluster_2061304035_245647208,0.0,0,0.0,0.0,0.0,0.0,0.0,0.0,0.0
758,2026-09-01 08:20:18.407250,sancheti_smoke,1265.0,cluster_2061304035_245647208,0.0,0,0.0,0.0,0.0,0.0,0.0,0.0,0.0
761,2026-09-01 08:20:18.410202,sancheti_smoke,1270.0,cluster_2061304035_245647208,0.0,0,0.0,0.0,0.0,0.0,0.0,0.0,0.0
764,2026-09-01 08:20:18.413204,sancheti_smoke,1275.0,cluster_2061304035_245647208,0.0,0,0.0,0.0,0.0,0.0,0.0,0.0,0.0
767,2026-09-01 08:20:18.415983,sancheti_smoke,1280.0,cluster_2061304035_245647208,0.0,0,0.0,0.0,0.0,0.0,0.0,0.0,0.0
770,2026-09-01 08:20:18.418930,sancheti_smoke,1285.0,cluster_2061304035_245647208,0.0,0,0.0,0.0,0.0,0.0,0.0,0.0,0.0
773,2026-09-01 08:20:18.421803,sancheti_smoke,1290.0,cluster_2061304035_245647208,0.0,0,0.0,0.0,0.0,0.0,0.0,0.0,0.0
776,2026-09-01 08:20:18.424720,sancheti_smoke,1295.0,cluster_2061304035_245647208,0.0,0,0.0,0.0,0.0,0.0,0.0,0.0,0.0
779,2026-09-01 08:20:18.427855,sancheti_smoke,1300.0,cluster_2061304035_245647208,0.0,0,0.0,0.0,0.0,0.0,0.0,0.0,0.0
782,2026-09-01 08:20:18.430887,sancheti_smoke,1305.0,cluster_2061304035_245647208,0.0,0,0.0,0.0,0.0,0.0,0.0,0.0,0.0
785,2026-09-01 08:20:18.433810,sancheti_smoke,1310.0,cluster_2061304035_245647208,0.0,0,0.0,0.0,0.0,0.0,0.0,0.0,0.0
788,2026-09-01 08:20:18.436653,sancheti_smoke,1315.0,cluster_2061304035_245647208,0.0,0,0.0,0.0,0.0,0.0,0.0,0.0,0.0
791,2026-09-01 08:20:18.439603,sancheti_smoke,1320.0,cluster_2061304035_245647208,0.0,0,0.0,0.0,0.0,0.0,0.0,0.0,0.0
794,2026-09-01 08:20:18.442656,sancheti_smoke,1325.0,cluster_2061304035_245647208,0.0,0,0.0,0.0,0.0,0.0,0.0,0.0,0.0
797,2026-09-01 08:20:18.446099,sancheti_smoke,1330.0,cluster_2061304035_245647208,0.0,0,0.0,0.0,0.0,0.0,0.0,0.0,0.0
800,2026-09-01 08:20:18.449294,sancheti_smoke,1335.0,cluster_2061304035_245647208,0.0,0,0.0,0.0,0.0,0.0,0.0,0.0,0.0
803,2026-09-01 08:20:18.452236,sancheti_smoke,1340.0,cluster_2061304035_245647208,0.0,0,0.0,0.0,0.0,0.0,0.0,0.0,0.0
806,2026-09-01 08:20:18.455161,sancheti_smoke,1345.0,cluster_2061304035_245647208,0.0,0,0.0,0.0,0.0,0.0,0.0,0.0,0.0
809,2026-09-01 08:20:18.458086,sancheti_smoke,1350.0,cluster_2061304035_245647208,0.0,0,0.0,0.0,0.0,0.0,0.0,0.0,0.0
812,2026-09-01 08:20:18.461447,sancheti_smoke,1355.0,cluster_2061304035_245647208,0.0,0,0.0,0.0,0.0,0.0,0.0,0.0,0.0
815,2026-09-01 08:20:18.464629,sancheti_smoke,1360.0,cluster_2061304035_245647208,0.0,0,0.0,0.0,0.0,0.0,0.0,0.0,0.0
818,2026-09-01 08:20:18.467559,sancheti_smoke,1365.0,cluster_2061304035_245647208,0.0,0,0.0,0.0,0.0,0.0,0.0,0.0,0.0
821,2026-09-01 08:20:18.470288,sancheti_smoke,1370.0,cluster_2061304035_245647208,0.0,0,0.0,0.0,0.0,0.0,0.0,0.0,0.0
824,2026-09-01 08:20:18.472512,sancheti_smoke,1375.0,cluster_2061304035_245647208,0.0,0,0.0,0.0,0.0,0.0,0.0,0.0,0.0
827,2026-09-01 08:20:18.475059,sancheti_smoke,1380.0,cluster_2061304035_245647208,0.0,0,0.0,0.0,0.0,0.0,0.0,0.0,0.0
830,2026-09-01 08:20:18.478462,sancheti_smoke,1385.0,cluster_2061304035_245647208,0.0,0,0.0,0.0,0.0,0.0,0.0,0.0,0.0
833,2026-09-01 08:20:18.481352,sancheti_smoke,1390.0,cluster_2061304035_245647208,0.0,0,0.0,0.0,0.0,0.0,0.0,0.0,0.0
836,2026-09-01 08:20:18.484281,sancheti_smoke,1395.0,cluster_2061304035_245647208,0.0,0,0.0,0.0,0.0,0.0,0.0,0.0,0.0
15,2026-09-01 08:20:17.574913,sancheti_smoke,25.0,cluster_245647168_3238255150_3495323634,0.0,0,0.0,0.0,0.0,0.0,0.0,5.0,0.0
18,2026-09-01 08:20:17.578682,sancheti_smoke,30.0,cluster_245647168_3238255150_3495323634,0.0,0,0.0,0.0,0.0,0.0,0.0,5.0,0.0
21,2026-09-01 08:20:17.582505,sancheti_smoke,35.0,cluster_245647168_3238255150_3495323634,0.0,0,0.0,0.0,0.0,0.0,0.0,5.0,0.0
24,2026-09-01 08:20:17.586189,sancheti_smoke,40.0,cluster_245647168_3238255150_3495323634,0.0,0,0.0,0.0,0.0,0.0,0.0,5.0,0.0
27,2026-09-01 08:20:17.589929,sancheti_smoke,45.0,cluster_245647168_3238255150_3495323634,0.0,0,0.0,0.0,0.0,0.0,0.0,5.0,0.0
30,2026-09-01 08:20:17.594365,sancheti_smoke,50.0,cluster_245647168_3238255150_3495323634,0.0,0,0.0,0.0,0.0,0.0,0.0,5.0,0.0
33,2026-09-01 08:20:17.597907,sancheti_smoke,55.0,cluster_245647168_3238255150_3495323634,0.0,0,0.0,0.0,0.0,0.0,0.0,5.0,0.0
36,2026-09-01 08:20:17.601205,sancheti_smoke,60.0,cluster_245647168_3238255150_3495323634,0.0,0,0.0,0.0,0.0,0.0,0.0,5.0,0.0
39,2026-09-01 08:20:17.604524,sancheti_smoke,65.0,cluster_245647168_3238255150_3495323634,0.0,0,0.0,0.0,0.0,0.0,0.0,5.0,0.0
42,2026-09-01 08:20:17.607785,sancheti_smoke,70.0,cluster_245647168_3238255150_3495323634,0.0,0,0.0,0.0,0.0,0.0,0.0,5.0,0.0
45,2026-09-01 08:20:17.611566,sancheti_smoke,75.0,cluster_245647168_3238255150_3495323634,0.0,1,49.61392626121181,0.0,0.0,0.0,0.0,0.0,0.0
48,2026-09-01 08:20:17.615279,sancheti_smoke,80.0,cluster_245647168_3238255150_3495323634,0.0,1,0.6162602006447887,0.0,0.0,0.0,0.0,0.0,0.0
51,2026-09-01 08:20:17.618995,sancheti_smoke,85.0,cluster_245647168_3238255150_3495323634,5.0,1,0.00045883268997908016,0.0,0.0,0.0,0.0,0.0,0.25
54,2026-09-01 08:20:17.622494,sancheti_smoke,90.0,cluster_245647168_3238255150_3495323634,5.0,1,0.0,5.0,0.0,0.0,0.0,0.0,0.25
57,2026-09-01 08:20:17.625991,sancheti_smoke,95.0,cluster_245647168_3238255150_3495323634,5.0,1,0.0,5.0,5.0,0.0,0.0,10.0,0.25
60,2026-09-01 08:20:17.629647,sancheti_smoke,100.0,cluster_245647168_3238255150_3495323634,5.0,1,0.0,5.0,5.0,5.0,0.0,10.0,0.25
63,2026-09-01 08:20:17.633077,sancheti_smoke,105.0,cluster_245647168_3238255150_3495323634,5.0,1,0.0,5.0,5.0,5.0,5.0,10.0,0.0
66,2026-09-01 08:20:17.636412,sancheti_smoke,110.0,cluster_245647168_3238255150_3495323634,5.0,1,0.0,5.0,5.0,5.0,5.0,15.0,0.0
69,2026-09-01 08:20:17.639756,sancheti_smoke,115.0,cluster_245647168_3238255150_3495323634,5.0,1,0.0,5.0,5.0,5.0,5.0,15.0,0.0
72,2026-09-01 08:20:17.643207,sancheti_smoke,120.0,cluster_245647168_3238255150_3495323634,5.0,1,0.0,5.0,5.0,5.0,5.0,15.0,0.0
75,2026-09-01 08:20:17.647009,sancheti_smoke,125.0,cluster_245647168_3238255150_3495323634,5.0,1,0.0,5.0,5.0,5.0,5.0,5.0,0.0
78,2026-09-01 08:20:17.650640,sancheti_smoke,130.0,cluster_245647168_3238255150_3495323634,5.0,1,0.0,5.0,5.0,5.0,5.0,5.0,0.0
81,2026-09-01 08:20:17.653883,sancheti_smoke,135.0,cluster_245647168_3238255150_3495323634,0.0,0,0.0,5.0,5.0,5.0,5.0,5.0,-0.25
84,2026-09-01 08:20:17.657229,sancheti_smoke,140.0,cluster_245647168_3238255150_3495323634,0.0,0,0.0,0.0,5.0,5.0,5.0,5.0,-0.25
87,2026-09-01 08:20:17.660839,sancheti_smoke,145.0,cluster_245647168_3238255150_3495323634,0.0,1,64.76158464119398,0.0,0.0,5.0,5.0,5.0,-0.25
90,2026-09-01 08:20:17.664471,sancheti_smoke,150.0,cluster_245647168_3238255150_3495323634,0.0,2,21.487039124179585,0.0,0.0,0.0,5.0,5.0,-0.25
93,2026-09-01 08:20:17.667867,sancheti_smoke,155.0,cluster_245647168_3238255150_3495323634,10.0,2,0.0,0.0,0.0,0.0,0.0,5.0,0.5
96,2026-09-01 08:20:17.671393,sancheti_smoke,160.0,cluster_245647168_3238255150_3495323634,10.0,2,0.0,10.0,0.0,0.0,0.0,5.0,0.5
99,2026-09-01 08:20:17.675226,sancheti_smoke,165.0,cluster_245647168_3238255150_3495323634,10.0,3,14.580120329007027,10.0,10.0,0.0,0.0,0.0,0.5
102,2026-09-01 08:20:17.679303,sancheti_smoke,170.0,cluster_245647168_3238255150_3495323634,15.0,3,0.07234674195976155,10.0,10.0,10.0,0.0,0.0,0.75
105,2026-09-01 08:20:17.683234,sancheti_smoke,175.0,cluster_245647168_3238255150_3495323634,15.0,3,0.0,15.0,10.0,10.0,10.0,0.0,0.25
108,2026-09-01 08:20:17.687077,sancheti_smoke,180.0,cluster_245647168_3238255150_3495323634,15.0,3,0.0,15.0,15.0,10.0,10.0,0.0,0.25
111,2026-09-01 08:20:17.691128,sancheti_smoke,185.0,cluster_245647168_3238255150_3495323634,5.0,1,0.0,15.0,15.0,15.0,10.0,0.0,-0.25
114,2026-09-01 08:20:17.695047,sancheti_smoke,190.0,cluster_245647168_3238255150_3495323634,5.0,2,39.89720048789867,5.0,15.0,15.0,15.0,0.0,-0.5
117,2026-09-01 08:20:17.699026,sancheti_smoke,195.0,cluster_245647168_3238255150_3495323634,5.0,1,0.0,5.0,5.0,15.0,15.0,0.0,-0.5
120,2026-09-01 08:20:17.702628,sancheti_smoke,200.0,cluster_245647168_3238255150_3495323634,5.0,1,0.0,5.0,5.0,5.0,15.0,0.0,-0.5
123,2026-09-01 08:20:17.706742,sancheti_smoke,205.0,cluster_245647168_3238255150_3495323634,5.0,2,33.42591273374296,5.0,5.0,5.0,5.0,0.0,0.0
126,2026-09-01 08:20:17.710905,sancheti_smoke,210.0,cluster_245647168_3238255150_3495323634,5.0,1,0.0,5.0,5.0,5.0,5.0,0.0,0.0
129,2026-09-01 08:20:17.715125,sancheti_smoke,215.0,cluster_245647168_3238255150_3495323634,5.0,1,0.0,5.0,5.0,5.0,5.0,0.0,0.0
132,2026-09-01 08:20:17.719377,sancheti_smoke,220.0,cluster_245647168_3238255150_3495323634,5.0,1,0.0,5.0,5.0,5.0,5.0,5.0,0.0
135,2026-09-01 08:20:17.723273,sancheti_smoke,225.0,cluster_245647168_3238255150_3495323634,0.0,0,0.0,5.0,5.0,5.0,5.0,5.0,-0.25
138,2026-09-01 08:20:17.727264,sancheti_smoke,230.0,cluster_245647168_3238255150_3495323634,0.0,0,0.0,0.0,5.0,5.0,5.0,5.0,-0.25
141,2026-09-01 08:20:17.731162,sancheti_smoke,235.0,cluster_245647168_3238255150_3495323634,0.0,0,0.0,0.0,0.0,5.0,5.0,0.0,-0.25
144,2026-09-01 08:20:17.734904,sancheti_smoke,240.0,cluster_245647168_3238255150_3495323634,0.0,0,0.0,0.0,0.0,0.0,5.0,0.0,-0.25
147,2026-09-01 08:20:17.738757,sancheti_smoke,245.0,cluster_245647168_3238255150_3495323634,0.0,0,0.0,0.0,0.0,0.0,0.0,0.0,0.0
150,2026-09-01 08:20:17.742639,sancheti_smoke,250.0,cluster_245647168_3238255150_3495323634,0.0,0,0.0,0.0,0.0,0.0,0.0,0.0,0.0
153,2026-09-01 08:20:17.746687,sancheti_smoke,255.0,cluster_245647168_3238255150_3495323634,0.0,0,0.0,0.0,0.0,0.0,0.0,0.0,0.0
156,2026-09-01 08:20:17.750487,sancheti_smoke,260.0,cluster_245647168_3238255150_3495323634,0.0,0,0.0,0.0,0.0,0.0,0.0,0.0,0.0
159,2026-09-01 08:20:17.753824,sancheti_smoke,265.0,cluster_245647168_3238255150_3495323634,0.0,0,0.0,0.0,0.0,0.0,0.0,5.0,0.0
162,2026-09-01 08:20:17.757334,sancheti_smoke,270.0,cluster_245647168_3238255150_3495323634,0.0,2,44.883027632656145,0.0,0.0,0.0,0.0,5.0,0.0
165,2026-09-01 08:20:17.761260,sancheti_smoke,275.0,cluster_245647168_3238255150_3495323634,0.0,1,1.6528342015084163,0.0,0.0,0.0,0.0,5.0,0.0
168,2026-09-01 08:20:17.765182,sancheti_smoke,280.0,cluster_245647168_3238255150_3495323634,5.0,1,0.005197448329111525,0.0,0.0,0.0,0.0,5.0,0.25
171,2026-09-01 08:20:17.768702,sancheti_smoke,285.0,cluster_245647168_3238255150_3495323634,5.0,1,0.0,5.0,0.0,0.0,0.0,5.0,0.25
174,2026-09-01 08:20:17.772239,sancheti_smoke,290.0,cluster_245647168_3238255150_3495323634,5.0,1,0.0,5.0,5.0,0.0,0.0,5.0,0.25
177,2026-09-01 08:20:17.775883,sancheti_smoke,295.0,cluster_245647168_3238255150_3495323634,0.0,0,0.0,5.0,5.0,5.0,0.0,5.0,0.0
180,2026-09-01 08:20:17.779954,sancheti_smoke,300.0,cluster_245647168_3238255150_3495323634,0.0,0,0.0,0.0,5.0,5.0,5.0,5.0,-0.25
183,2026-09-01 08:20:17.783714,sancheti_smoke,305.0,cluster_245647168_3238255150_3495323634,0.0,0,0.0,0.0,0.0,5.0,5.0,0.0,-0.25
186,2026-09-01 08:20:17.787272,sancheti_smoke,310.0,cluster_245647168_3238255150_3495323634,0.0,0,0.0,0.0,0.0,0.0,5.0,0.0,-0.25
189,2026-09-01 08:20:17.791054,sancheti_smoke,315.0,cluster_245647168_3238255150_3495323634,0.0,1,54.856071154268456,0.0,0.0,0.0,0.0,0.0,0.0
192,2026-09-01 08:20:17.794916,sancheti_smoke,320.0,cluster_245647168_3238255150_3495323634,0.0,1,13.393532552310628,0.0,0.0,0.0,0.0,0.0,0.0
195,2026-09-01 08:20:17.798865,sancheti_smoke,325.0,cluster_245647168_3238255150_3495323634,5.0,1,0.0230367637787564,0.0,0.0,0.0,0.0,0.0,0.25
198,2026-09-01 08:20:17.802657,sancheti_smoke,330.0,cluster_245647168_3238255150_3495323634,5.0,1,0.0,5.0,0.0,0.0,0.0,0.0,0.25
201,2026-09-01 08:20:17.806585,sancheti_smoke,335.0,cluster_245647168_3238255150_3495323634,5.0,1,0.0,5.0,5.0,0.0,0.0,0.0,0.25
204,2026-09-01 08:20:17.810545,sancheti_smoke,340.0,cluster_245647168_3238255150_3495323634,5.0,1,0.0,5.0,5.0,5.0,0.0,5.0,0.25
207,2026-09-01 08:20:17.814522,sancheti_smoke,345.0,cluster_245647168_3238255150_3495323634,5.0,1,0.0,5.0,5.0,5.0,5.0,5.0,0.0
210,2026-09-01 08:20:17.818437,sancheti_smoke,350.0,cluster_245647168_3238255150_3495323634,5.0,1,0.0,5.0,5.0,5.0,5.0,5.0,0.0
213,2026-09-01 08:20:17.822188,sancheti_smoke,355.0,cluster_245647168_3238255150_3495323634,5.0,1,0.0,5.0,5.0,5.0,5.0,5.0,0.0
216,2026-09-01 08:20:17.826083,sancheti_smoke,360.0,cluster_245647168_3238255150_3495323634,5.0,1,0.0,5.0,5.0,5.0,5.0,5.0,0.0
219,2026-09-01 08:20:17.829972,sancheti_smoke,365.0,cluster_245647168_3238255150_3495323634,0.0,0,0.0,5.0,5.0,5.0,5.0,5.0,-0.25
222,2026-09-01 08:20:17.833510,sancheti_smoke,370.0,cluster_245647168_3238255150_3495323634,0.0,0,0.0,0.0,5.0,5.0,5.0,5.0,-0.25
225,2026-09-01 08:20:17.836892,sancheti_smoke,375.0,cluster_245647168_3238255150_3495323634,0.0,1,76.30105479510875,0.0,0.0,5.0,5.0,5.0,-0.25
228,2026-09-01 08:20:17.840342,sancheti_smoke,380.0,cluster_245647168_3238255150_3495323634,0.0,0,0.0,0.0,0.0,0.0,5.0,5.0,-0.25
231,2026-09-01 08:20:17.844114,sancheti_smoke,385.0,cluster_245647168_3238255150_3495323634,0.0,0,0.0,0.0,0.0,0.0,0.0,5.0,0.0
234,2026-09-01 08:20:17.847639,sancheti_smoke,390.0,cluster_245647168_3238255150_3495323634,0.0,1,90.23257950241262,0.0,0.0,0.0,0.0,5.0,0.0
237,2026-09-01 08:20:17.850855,sancheti_smoke,395.0,cluster_245647168_3238255150_3495323634,0.0,1,18.83339944966606,0.0,0.0,0.0,0.0,0.0,0.0
240,2026-09-01 08:20:17.854223,sancheti_smoke,400.0,cluster_245647168_3238255150_3495323634,5.0,1,0.00043898926963019,0.0,0.0,0.0,0.0,0.0,0.25
243,2026-09-01 08:20:17.857781,sancheti_smoke,405.0,cluster_245647168_3238255150_3495323634,5.0,1,0.0,5.0,0.0,0.0,0.0,0.0,0.25
246,2026-09-01 08:20:17.861624,sancheti_smoke,410.0,cluster_245647168_3238255150_3495323634,5.0,1,0.0,5.0,5.0,0.0,0.0,0.0,0.25
249,2026-09-01 08:20:17.865186,sancheti_smoke,415.0,cluster_245647168_3238255150_3495323634,5.0,1,0.0,5.0,5.0,5.0,0.0,0.0,0.25
252,2026-09-01 08:20:17.868579,sancheti_smoke,420.0,cluster_245647168_3238255150_3495323634,5.0,1,0.0,5.0,5.0,5.0,5.0,0.0,0.0
255,2026-09-01 08:20:17.871954,sancheti_smoke,425.0,cluster_245647168_3238255150_3495323634,5.0,1,0.0,5.0,5.0,5.0,5.0,0.0,0.0
258,2026-09-01 08:20:17.875394,sancheti_smoke,430.0,cluster_245647168_3238255150_3495323634,5.0,1,0.0,5.0,5.0,5.0,5.0,0.0,0.0
261,2026-09-01 08:20:17.879060,sancheti_smoke,435.0,cluster_245647168_3238255150_3495323634,5.0,1,0.0,5.0,5.0,5.0,5.0,0.0,0.0
264,2026-09-01 08:20:17.882431,sancheti_smoke,440.0,cluster_245647168_3238255150_3495323634,5.0,1,0.0,5.0,5.0,5.0,5.0,0.0,0.0
267,2026-09-01 08:20:17.885747,sancheti_smoke,445.0,cluster_245647168_3238255150_3495323634,5.0,1,0.0,5.0,5.0,5.0,5.0,0.0,0.0
270,2026-09-01 08:20:17.889033,sancheti_smoke,450.0,cluster_245647168_3238255150_3495323634,5.0,1,0.0,5.0,5.0,5.0,5.0,0.0,0.0
273,2026-09-01 08:20:17.892322,sancheti_smoke,455.0,cluster_245647168_3238255150_3495323634,0.0,0,0.0,5.0,5.0,5.0,5.0,0.0,-0.25
276,2026-09-01 08:20:17.895780,sancheti_smoke,460.0,cluster_245647168_3238255150_3495323634,0.0,0,0.0,0.0,5.0,5.0,5.0,0.0,-0.25
279,2026-09-01 08:20:17.899181,sancheti_smoke,465.0,cluster_245647168_3238255150_3495323634,0.0,0,0.0,0.0,0.0,5.0,5.0,0.0,-0.25
282,2026-09-01 08:20:17.902431,sancheti_smoke,470.0,cluster_245647168_3238255150_3495323634,0.0,0,0.0,0.0,0.0,0.0,5.0,0.0,-0.25
285,2026-09-01 08:20:17.906238,sancheti_smoke,475.0,cluster_245647168_3238255150_3495323634,0.0,0,0.0,0.0,0.0,0.0,0.0,0.0,0.0
288,2026-09-01 08:20:17.909854,sancheti_smoke,480.0,cluster_245647168_3238255150_3495323634,0.0,0,0.0,0.0,0.0,0.0,0.0,0.0,0.0
291,2026-09-01 08:20:17.913149,sancheti_smoke,485.0,cluster_245647168_3238255150_3495323634,0.0,0,0.0,0.0,0.0,0.0,0.0,0.0,0.0
294,2026-09-01 08:20:17.916233,sancheti_smoke,490.0,cluster_245647168_3238255150_3495323634,0.0,0,0.0,0.0,0.0,0.0,0.0,0.0,0.0
297,2026-09-01 08:20:17.919301,sancheti_smoke,495.0,cluster_245647168_3238255150_3495323634,0.0,0,0.0,0.0,0.0,0.0,0.0,0.0,0.0
300,2026-09-01 08:20:17.922676,sancheti_smoke,500.0,cluster_245647168_3238255150_3495323634,0.0,0,0.0,0.0,0.0,0.0,0.0,0.0,0.0
303,2026-09-01 08:20:17.926023,sancheti_smoke,505.0,cluster_245647168_3238255150_3495323634,0.0,0,0.0,0.0,0.0,0.0,0.0,0.0,0.0
306,2026-09-01 08:20:17.929531,sancheti_smoke,510.0,cluster_245647168_3238255150_3495323634,0.0,0,0.0,0.0,0.0,0.0,0.0,0.0,0.0
309,2026-09-01 08:20:17.932719,sancheti_smoke,515.0,cluster_245647168_3238255150_3495323634,0.0,0,0.0,0.0,0.0,0.0,0.0,0.0,0.0
312,2026-09-01 08:20:17.935783,sancheti_smoke,520.0,cluster_245647168_3238255150_3495323634,0.0,0,0.0,0.0,0.0,0.0,0.0,0.0,0.0
315,2026-09-01 08:20:17.939110,sancheti_smoke,525.0,cluster_245647168_3238255150_3495323634,0.0,0,0.0,0.0,0.0,0.0,0.0,0.0,0.0
318,2026-09-01 08:20:17.942405,sancheti_smoke,530.0,cluster_245647168_3238255150_3495323634,0.0,0,0.0,0.0,0.0,0.0,0.0,0.0,0.0
321,2026-09-01 08:20:17.945886,sancheti_smoke,535.0,cluster_245647168_3238255150_3495323634,0.0,0,0.0,0.0,0.0,0.0,0.0,0.0,0.0
324,2026-09-01 08:20:17.949159,sancheti_smoke,540.0,cluster_245647168_3238255150_3495323634,0.0,0,0.0,0.0,0.0,0.0,0.0,0.0,0.0
327,2026-09-01 08:20:17.952349,sancheti_smoke,545.0,cluster_245647168_3238255150_3495323634,0.0,0,0.0,0.0,0.0,0.0,0.0,0.0,0.0
330,2026-09-01 08:20:17.955579,sancheti_smoke,550.0,cluster_245647168_3238255150_3495323634,0.0,0,0.0,0.0,0.0,0.0,0.0,0.0,0.0
333,2026-09-01 08:20:17.958812,sancheti_smoke,555.0,cluster_245647168_3238255150_3495323634,0.0,0,0.0,0.0,0.0,0.0,0.0,0.0,0.0
336,2026-09-01 08:20:17.962184,sancheti_smoke,560.0,cluster_245647168_3238255150_3495323634,0.0,0,0.0,0.0,0.0,0.0,0.0,0.0,0.0
339,2026-09-01 08:20:17.965456,sancheti_smoke,565.0,cluster_245647168_3238255150_3495323634,0.0,0,0.0,0.0,0.0,0.0,0.0,0.0,0.0
342,2026-09-01 08:20:17.968542,sancheti_smoke,570.0,cluster_245647168_3238255150_3495323634,0.0,0,0.0,0.0,0.0,0.0,0.0,0.0,0.0
345,2026-09-01 08:20:17.971823,sancheti_smoke,575.0,cluster_245647168_3238255150_3495323634,0.0,0,0.0,0.0,0.0,0.0,0.0,0.0,0.0
348,2026-09-01 08:20:17.975174,sancheti_smoke,580.0,cluster_245647168_3238255150_3495323634,0.0,0,0.0,0.0,0.0,0.0,0.0,0.0,0.0
351,2026-09-01 08:20:17.978548,sancheti_smoke,585.0,cluster_245647168_3238255150_3495323634,0.0,0,0.0,0.0,0.0,0.0,0.0,0.0,0.0
354,2026-09-01 08:20:17.981784,sancheti_smoke,590.0,cluster_245647168_3238255150_3495323634,0.0,0,0.0,0.0,0.0,0.0,0.0,0.0,0.0
357,2026-09-01 08:20:17.985170,sancheti_smoke,595.0,cluster_245647168_3238255150_3495323634,0.0,0,0.0,0.0,0.0,0.0,0.0,0.0,0.0
360,2026-09-01 08:20:17.988337,sancheti_smoke,600.0,cluster_245647168_3238255150_3495323634,0.0,0,0.0,0.0,0.0,0.0,0.0,0.0,0.0
363,2026-09-01 08:20:17.991537,sancheti_smoke,605.0,cluster_245647168_3238255150_3495323634,0.0,0,0.0,0.0,0.0,0.0,0.0,0.0,0.0
366,2026-09-01 08:20:17.994878,sancheti_smoke,610.0,cluster_245647168_3238255150_3495323634,0.0,0,0.0,0.0,0.0,0.0,0.0,0.0,0.0
369,2026-09-01 08:20:17.998206,sancheti_smoke,615.0,cluster_245647168_3238255150_3495323634,0.0,0,0.0,0.0,0.0,0.0,0.0,0.0,0.0
372,2026-09-01 08:20:18.001503,sancheti_smoke,620.0,cluster_245647168_3238255150_3495323634,0.0,0,0.0,0.0,0.0,0.0,0.0,0.0,0.0
375,2026-09-01 08:20:18.004534,sancheti_smoke,625.0,cluster_245647168_3238255150_3495323634,0.0,0,0.0,0.0,0.0,0.0,0.0,0.0,0.0
378,2026-09-01 08:20:18.007727,sancheti_smoke,630.0,cluster_245647168_3238255150_3495323634,0.0,0,0.0,0.0,0.0,0.0,0.0,0.0,0.0
381,2026-09-01 08:20:18.011202,sancheti_smoke,635.0,cluster_245647168_3238255150_3495323634,0.0,0,0.0,0.0,0.0,0.0,0.0,0.0,0.0
384,2026-09-01 08:20:18.014335,sancheti_smoke,640.0,cluster_245647168_3238255150_3495323634,0.0,0,0.0,0.0,0.0,0.0,0.0,0.0,0.0
387,2026-09-01 08:20:18.017528,sancheti_smoke,645.0,cluster_245647168_3238255150_3495323634,0.0,0,0.0,0.0,0.0,0.0,0.0,0.0,0.0
390,2026-09-01 08:20:18.020536,sancheti_smoke,650.0,cluster_245647168_3238255150_3495323634,0.0,0,0.0,0.0,0.0,0.0,0.0,0.0,0.0
393,2026-09-01 08:20:18.023808,sancheti_smoke,655.0,cluster_245647168_3238255150_3495323634,0.0,0,0.0,0.0,0.0,0.0,0.0,0.0,0.0
396,2026-09-01 08:20:18.027135,sancheti_smoke,660.0,cluster_245647168_3238255150_3495323634,0.0,0,0.0,0.0,0.0,0.0,0.0,0.0,0.0
399,2026-09-01 08:20:18.030518,sancheti_smoke,665.0,cluster_245647168_3238255150_3495323634,0.0,0,0.0,0.0,0.0,0.0,0.0,0.0,0.0
402,2026-09-01 08:20:18.033663,sancheti_smoke,670.0,cluster_245647168_3238255150_3495323634,0.0,0,0.0,0.0,0.0,0.0,0.0,0.0,0.0
405,2026-09-01 08:20:18.036700,sancheti_smoke,675.0,cluster_245647168_3238255150_3495323634,0.0,0,0.0,0.0,0.0,0.0,0.0,0.0,0.0
408,2026-09-01 08:20:18.039932,sancheti_smoke,680.0,cluster_245647168_3238255150_3495323634,0.0,0,0.0,0.0,0.0,0.0,0.0,0.0,0.0
411,2026-09-01 08:20:18.043219,sancheti_smoke,685.0,cluster_245647168_3238255150_3495323634,0.0,0,0.0,0.0,0.0,0.0,0.0,0.0,0.0
414,2026-09-01 08:20:18.046674,sancheti_smoke,690.0,cluster_245647168_3238255150_3495323634,0.0,0,0.0,0.0,0.0,0.0,0.0,0.0,0.0
417,2026-09-01 08:20:18.050009,sancheti_smoke,695.0,cluster_245647168_3238255150_3495323634,0.0,0,0.0,0.0,0.0,0.0,0.0,0.0,0.0
420,2026-09-01 08:20:18.053176,sancheti_smoke,700.0,cluster_245647168_3238255150_3495323634,0.0,0,0.0,0.0,0.0,0.0,0.0,0.0,0.0
423,2026-09-01 08:20:18.056394,sancheti_smoke,705.0,cluster_245647168_3238255150_3495323634,0.0,0,0.0,0.0,0.0,0.0,0.0,0.0,0.0
426,2026-09-01 08:20:18.059530,sancheti_smoke,710.0,cluster_245647168_3238255150_3495323634,0.0,0,0.0,0.0,0.0,0.0,0.0,0.0,0.0
429,2026-09-01 08:20:18.062794,sancheti_smoke,715.0,cluster_245647168_3238255150_3495323634,0.0,0,0.0,0.0,0.0,0.0,0.0,0.0,0.0
432,2026-09-01 08:20:18.065934,sancheti_smoke,720.0,cluster_245647168_3238255150_3495323634,0.0,0,0.0,0.0,0.0,0.0,0.0,0.0,0.0
435,2026-09-01 08:20:18.069020,sancheti_smoke,725.0,cluster_245647168_3238255150_3495323634,0.0,0,0.0,0.0,0.0,0.0,0.0,0.0,0.0
438,2026-09-01 08:20:18.072232,sancheti_smoke,730.0,cluster_245647168_3238255150_3495323634,0.0,0,0.0,0.0,0.0,0.0,0.0,0.0,0.0
441,2026-09-01 08:20:18.075344,sancheti_smoke,735.0,cluster_245647168_3238255150_3495323634,0.0,0,0.0,0.0,0.0,0.0,0.0,0.0,0.0
444,2026-09-01 08:20:18.078635,sancheti_smoke,740.0,cluster_245647168_3238255150_3495323634,0.0,0,0.0,0.0,0.0,0.0,0.0,0.0,0.0
447,2026-09-01 08:20:18.081727,sancheti_smoke,745.0,cluster_245647168_3238255150_3495323634,0.0,0,0.0,0.0,0.0,0.0,0.0,0.0,0.0
450,2026-09-01 08:20:18.084554,sancheti_smoke,750.0,cluster_245647168_3238255150_3495323634,0.0,0,0.0,0.0,0.0,0.0,0.0,0.0,0.0
453,2026-09-01 08:20:18.087403,sancheti_smoke,755.0,cluster_245647168_3238255150_3495323634,0.0,0,0.0,0.0,0.0,0.0,0.0,0.0,0.0
456,2026-09-01 08:20:18.090477,sancheti_smoke,760.0,cluster_245647168_3238255150_3495323634,0.0,0,0.0,0.0,0.0,0.0,0.0,0.0,0.0
459,2026-09-01 08:20:18.093898,sancheti_smoke,765.0,cluster_245647168_3238255150_3495323634,0.0,0,0.0,0.0,0.0,0.0,0.0,0.0,0.0
462,2026-09-01 08:20:18.097082,sancheti_smoke,770.0,cluster_245647168_3238255150_3495323634,0.0,0,0.0,0.0,0.0,0.0,0.0,0.0,0.0
465,2026-09-01 08:20:18.099971,sancheti_smoke,775.0,cluster_245647168_3238255150_3495323634,0.0,0,0.0,0.0,0.0,0.0,0.0,0.0,0.0
468,2026-09-01 08:20:18.102829,sancheti_smoke,780.0,cluster_245647168_3238255150_3495323634,0.0,0,0.0,0.0,0.0,0.0,0.0,0.0,0.0
471,2026-09-01 08:20:18.105697,sancheti_smoke,785.0,cluster_245647168_3238255150_3495323634,0.0,0,0.0,0.0,0.0,0.0,0.0,0.0,0.0
474,2026-09-01 08:20:18.108687,sancheti_smoke,790.0,cluster_245647168_3238255150_3495323634,0.0,0,0.0,0.0,0.0,0.0,0.0,0.0,0.0
477,2026-09-01 08:20:18.112689,sancheti_smoke,795.0,cluster_245647168_3238255150_3495323634,0.0,0,0.0,0.0,0.0,0.0,0.0,0.0,0.0
480,2026-09-01 08:20:18.115870,sancheti_smoke,800.0,cluster_245647168_3238255150_3495323634,0.0,0,0.0,0.0,0.0,0.0,0.0,0.0,0.0
483,2026-09-01 08:20:18.119068,sancheti_smoke,805.0,cluster_245647168_3238255150_3495323634,0.0,0,0.0,0.0,0.0,0.0,0.0,0.0,0.0
486,2026-09-01 08:20:18.122390,sancheti_smoke,810.0,cluster_245647168_3238255150_3495323634,0.0,0,0.0,0.0,0.0,0.0,0.0,0.0,0.0
489,2026-09-01 08:20:18.125615,sancheti_smoke,815.0,cluster_245647168_3238255150_3495323634,0.0,0,0.0,0.0,0.0,0.0,0.0,0.0,0.0
492,2026-09-01 08:20:18.128922,sancheti_smoke,820.0,cluster_245647168_3238255150_3495323634,0.0,0,0.0,0.0,0.0,0.0,0.0,0.0,0.0
495,2026-09-01 08:20:18.132145,sancheti_smoke,825.0,cluster_245647168_3238255150_3495323634,0.0,0,0.0,0.0,0.0,0.0,0.0,0.0,0.0
498,2026-09-01 08:20:18.135366,sancheti_smoke,830.0,cluster_245647168_3238255150_3495323634,0.0,0,0.0,0.0,0.0,0.0,0.0,0.0,0.0
501,2026-09-01 08:20:18.138528,sancheti_smoke,835.0,cluster_245647168_3238255150_3495323634,0.0,0,0.0,0.0,0.0,0.0,0.0,0.0,0.0
504,2026-09-01 08:20:18.141793,sancheti_smoke,840.0,cluster_245647168_3238255150_3495323634,0.0,0,0.0,0.0,0.0,0.0,0.0,0.0,0.0
507,2026-09-01 08:20:18.145174,sancheti_smoke,845.0,cluster_245647168_3238255150_3495323634,0.0,0,0.0,0.0,0.0,0.0,0.0,0.0,0.0
510,2026-09-01 08:20:18.148337,sancheti_smoke,850.0,cluster_245647168_3238255150_3495323634,0.0,0,0.0,0.0,0.0,0.0,0.0,0.0,0.0
513,2026-09-01 08:20:18.151430,sancheti_smoke,855.0,cluster_245647168_3238255150_3495323634,0.0,0,0.0,0.0,0.0,0.0,0.0,0.0,0.0
516,2026-09-01 08:20:18.154490,sancheti_smoke,860.0,cluster_245647168_3238255150_3495323634,0.0,0,0.0,0.0,0.0,0.0,0.0,0.0,0.0
519,2026-09-01 08:20:18.157716,sancheti_smoke,865.0,cluster_245647168_3238255150_3495323634,0.0,0,0.0,0.0,0.0,0.0,0.0,0.0,0.0
522,2026-09-01 08:20:18.161059,sancheti_smoke,870.0,cluster_245647168_3238255150_3495323634,0.0,0,0.0,0.0,0.0,0.0,0.0,0.0,0.0
525,2026-09-01 08:20:18.164458,sancheti_smoke,875.0,cluster_245647168_3238255150_3495323634,0.0,0,0.0,0.0,0.0,0.0,0.0,0.0,0.0
528,2026-09-01 08:20:18.167728,sancheti_smoke,880.0,cluster_245647168_3238255150_3495323634,0.0,0,0.0,0.0,0.0,0.0,0.0,0.0,0.0
531,2026-09-01 08:20:18.170726,sancheti_smoke,885.0,cluster_245647168_3238255150_3495323634,0.0,0,0.0,0.0,0.0,0.0,0.0,0.0,0.0
534,2026-09-01 08:20:18.173951,sancheti_smoke,890.0,cluster_245647168_3238255150_3495323634,0.0,0,0.0,0.0,0.0,0.0,0.0,0.0,0.0
537,2026-09-01 08:20:18.177252,sancheti_smoke,895.0,cluster_245647168_3238255150_3495323634,0.0,0,0.0,0.0,0.0,0.0,0.0,0.0,0.0
540,2026-09-01 08:20:18.180467,sancheti_smoke,900.0,cluster_245647168_3238255150_3495323634,0.0,0,0.0,0.0,0.0,0.0,0.0,0.0,0.0
543,2026-09-01 08:20:18.183817,sancheti_smoke,905.0,cluster_245647168_3238255150_3495323634,0.0,0,0.0,0.0,0.0,0.0,0.0,0.0,0.0
546,2026-09-01 08:20:18.186988,sancheti_smoke,910.0,cluster_245647168_3238255150_3495323634,0.0,0,0.0,0.0,0.0,0.0,0.0,0.0,0.0
549,2026-09-01 08:20:18.190245,sancheti_smoke,915.0,cluster_245647168_3238255150_3495323634,0.0,0,0.0,0.0,0.0,0.0,0.0,0.0,0.0
552,2026-09-01 08:20:18.193313,sancheti_smoke,920.0,cluster_245647168_3238255150_3495323634,0.0,0,0.0,0.0,0.0,0.0,0.0,0.0,0.0
555,2026-09-01 08:20:18.196305,sancheti_smoke,925.0,cluster_245647168_3238255150_3495323634,0.0,0,0.0,0.0,0.0,0.0,0.0,0.0,0.0
558,2026-09-01 08:20:18.199601,sancheti_smoke,930.0,cluster_245647168_3238255150_3495323634,0.0,0,0.0,0.0,0.0,0.0,0.0,0.0,0.0
561,2026-09-01 08:20:18.202746,sancheti_smoke,935.0,cluster_245647168_3238255150_3495323634,0.0,0,0.0,0.0,0.0,0.0,0.0,0.0,0.0
564,2026-09-01 08:20:18.205921,sancheti_smoke,940.0,cluster_245647168_3238255150_3495323634,0.0,0,0.0,0.0,0.0,0.0,0.0,0.0,0.0
567,2026-09-01 08:20:18.209223,sancheti_smoke,945.0,cluster_245647168_3238255150_3495323634,0.0,0,0.0,0.0,0.0,0.0,0.0,0.0,0.0
570,2026-09-01 08:20:18.212256,sancheti_smoke,950.0,cluster_245647168_3238255150_3495323634,0.0,0,0.0,0.0,0.0,0.0,0.0,0.0,0.0
573,2026-09-01 08:20:18.215355,sancheti_smoke,955.0,cluster_245647168_3238255150_3495323634,0.0,0,0.0,0.0,0.0,0.0,0.0,0.0,0.0
576,2026-09-01 08:20:18.218432,sancheti_smoke,960.0,cluster_245647168_3238255150_3495323634,0.0,0,0.0,0.0,0.0,0.0,0.0,0.0,0.0
579,2026-09-01 08:20:18.221528,sancheti_smoke,965.0,cluster_245647168_3238255150_3495323634,0.0,0,0.0,0.0,0.0,0.0,0.0,0.0,0.0
582,2026-09-01 08:20:18.224571,sancheti_smoke,970.0,cluster_245647168_3238255150_3495323634,0.0,0,0.0,0.0,0.0,0.0,0.0,0.0,0.0
585,2026-09-01 08:20:18.227617,sancheti_smoke,975.0,cluster_245647168_3238255150_3495323634,0.0,0,0.0,0.0,0.0,0.0,0.0,0.0,0.0
588,2026-09-01 08:20:18.230792,sancheti_smoke,980.0,cluster_245647168_3238255150_3495323634,0.0,0,0.0,0.0,0.0,0.0,0.0,0.0,0.0
591,2026-09-01 08:20:18.233837,sancheti_smoke,985.0,cluster_245647168_3238255150_3495323634,0.0,0,0.0,0.0,0.0,0.0,0.0,0.0,0.0
594,2026-09-01 08:20:18.236969,sancheti_smoke,990.0,cluster_245647168_3238255150_3495323634,0.0,0,0.0,0.0,0.0,0.0,0.0,0.0,0.0
597,2026-09-01 08:20:18.240082,sancheti_smoke,995.0,cluster_245647168_3238255150_3495323634,0.0,0,0.0,0.0,0.0,0.0,0.0,0.0,0.0
600,2026-09-01 08:20:18.243238,sancheti_smoke,1000.0,cluster_245647168_3238255150_3495323634,0.0,0,0.0,0.0,0.0,0.0,0.0,0.0,0.0
603,2026-09-01 08:20:18.246341,sancheti_smoke,1005.0,cluster_245647168_3238255150_3495323634,0.0,0,0.0,0.0,0.0,0.0,0.0,0.0,0.0
606,2026-09-01 08:20:18.249477,sancheti_smoke,1010.0,cluster_245647168_3238255150_3495323634,0.0,0,0.0,0.0,0.0,0.0,0.0,0.0,0.0
609,2026-09-01 08:20:18.252557,sancheti_smoke,1015.0,cluster_245647168_3238255150_3495323634,0.0,0,0.0,0.0,0.0,0.0,0.0,0.0,0.0
612,2026-09-01 08:20:18.255598,sancheti_smoke,1020.0,cluster_245647168_3238255150_3495323634,0.0,0,0.0,0.0,0.0,0.0,0.0,0.0,0.0
615,2026-09-01 08:20:18.258709,sancheti_smoke,1025.0,cluster_245647168_3238255150_3495323634,0.0,0,0.0,0.0,0.0,0.0,0.0,0.0,0.0
618,2026-09-01 08:20:18.261709,sancheti_smoke,1030.0,cluster_245647168_3238255150_3495323634,0.0,0,0.0,0.0,0.0,0.0,0.0,0.0,0.0
621,2026-09-01 08:20:18.264841,sancheti_smoke,1035.0,cluster_245647168_3238255150_3495323634,0.0,0,0.0,0.0,0.0,0.0,0.0,0.0,0.0
624,2026-09-01 08:20:18.267969,sancheti_smoke,1040.0,cluster_245647168_3238255150_3495323634,0.0,0,0.0,0.0,0.0,0.0,0.0,0.0,0.0
627,2026-09-01 08:20:18.270990,sancheti_smoke,1045.0,cluster_245647168_3238255150_3495323634,0.0,0,0.0,0.0,0.0,0.0,0.0,0.0,0.0
630,2026-09-01 08:20:18.273998,sancheti_smoke,1050.0,cluster_245647168_3238255150_3495323634,0.0,0,0.0,0.0,0.0,0.0,0.0,0.0,0.0
633,2026-09-01 08:20:18.276980,sancheti_smoke,1055.0,cluster_245647168_3238255150_3495323634,0.0,0,0.0,0.0,0.0,0.0,0.0,0.0,0.0
636,2026-09-01 08:20:18.280108,sancheti_smoke,1060.0,cluster_245647168_3238255150_3495323634,0.0,0,0.0,0.0,0.0,0.0,0.0,0.0,0.0
639,2026-09-01 08:20:18.283005,sancheti_smoke,1065.0,cluster_245647168_3238255150_3495323634,0.0,0,0.0,0.0,0.0,0.0,0.0,0.0,0.0
642,2026-09-01 08:20:18.285977,sancheti_smoke,1070.0,cluster_245647168_3238255150_3495323634,0.0,0,0.0,0.0,0.0,0.0,0.0,0.0,0.0
645,2026-09-01 08:20:18.289144,sancheti_smoke,1075.0,cluster_245647168_3238255150_3495323634,0.0,0,0.0,0.0,0.0,0.0,0.0,0.0,0.0
648,2026-09-01 08:20:18.292221,sancheti_smoke,1080.0,cluster_245647168_3238255150_3495323634,0.0,0,0.0,0.0,0.0,0.0,0.0,0.0,0.0
651,2026-09-01 08:20:18.295398,sancheti_smoke,1085.0,cluster_245647168_3238255150_3495323634,0.0,0,0.0,0.0,0.0,0.0,0.0,0.0,0.0
654,2026-09-01 08:20:18.298658,sancheti_smoke,1090.0,cluster_245647168_3238255150_3495323634,0.0,0,0.0,0.0,0.0,0.0,0.0,0.0,0.0
657,2026-09-01 08:20:18.301836,sancheti_smoke,1095.0,cluster_245647168_3238255150_3495323634,0.0,0,0.0,0.0,0.0,0.0,0.0,0.0,0.0
660,2026-09-01 08:20:18.305094,sancheti_smoke,1100.0,cluster_245647168_3238255150_3495323634,0.0,0,0.0,0.0,0.0,0.0,0.0,0.0,0.0
663,2026-09-01 08:20:18.308307,sancheti_smoke,1105.0,cluster_245647168_3238255150_3495323634,0.0,0,0.0,0.0,0.0,0.0,0.0,0.0,0.0
666,2026-09-01 08:20:18.311824,sancheti_smoke,1110.0,cluster_245647168_3238255150_3495323634,0.0,0,0.0,0.0,0.0,0.0,0.0,0.0,0.0
669,2026-09-01 08:20:18.314915,sancheti_smoke,1115.0,cluster_245647168_3238255150_3495323634,0.0,0,0.0,0.0,0.0,0.0,0.0,0.0,0.0
672,2026-09-01 08:20:18.318059,sancheti_smoke,1120.0,cluster_245647168_3238255150_3495323634,0.0,0,0.0,0.0,0.0,0.0,0.0,0.0,0.0
675,2026-09-01 08:20:18.321089,sancheti_smoke,1125.0,cluster_245647168_3238255150_3495323634,0.0,0,0.0,0.0,0.0,0.0,0.0,0.0,0.0
678,2026-09-01 08:20:18.324136,sancheti_smoke,1130.0,cluster_245647168_3238255150_3495323634,0.0,0,0.0,0.0,0.0,0.0,0.0,0.0,0.0
681,2026-09-01 08:20:18.327209,sancheti_smoke,1135.0,cluster_245647168_3238255150_3495323634,0.0,0,0.0,0.0,0.0,0.0,0.0,0.0,0.0
684,2026-09-01 08:20:18.330404,sancheti_smoke,1140.0,cluster_245647168_3238255150_3495323634,0.0,0,0.0,0.0,0.0,0.0,0.0,0.0,0.0
687,2026-09-01 08:20:18.333514,sancheti_smoke,1145.0,cluster_245647168_3238255150_3495323634,0.0,0,0.0,0.0,0.0,0.0,0.0,0.0,0.0
690,2026-09-01 08:20:18.336601,sancheti_smoke,1150.0,cluster_245647168_3238255150_3495323634,0.0,0,0.0,0.0,0.0,0.0,0.0,0.0,0.0
693,2026-09-01 08:20:18.339771,sancheti_smoke,1155.0,cluster_245647168_3238255150_3495323634,0.0,0,0.0,0.0,0.0,0.0,0.0,0.0,0.0
696,2026-09-01 08:20:18.342930,sancheti_smoke,1160.0,cluster_245647168_3238255150_3495323634,0.0,0,0.0,0.0,0.0,0.0,0.0,0.0,0.0
699,2026-09-01 08:20:18.346071,sancheti_smoke,1165.0,cluster_245647168_3238255150_3495323634,0.0,0,0.0,0.0,0.0,0.0,0.0,0.0,0.0
702,2026-09-01 08:20:18.349164,sancheti_smoke,1170.0,cluster_245647168_3238255150_3495323634,0.0,0,0.0,0.0,0.0,0.0,0.0,0.0,0.0
705,2026-09-01 08:20:18.352125,sancheti_smoke,1175.0,cluster_245647168_3238255150_3495323634,0.0,0,0.0,0.0,0.0,0.0,0.0,0.0,0.0
708,2026-09-01 08:20:18.355169,sancheti_smoke,1180.0,cluster_245647168_3238255150_3495323634,0.0,0,0.0,0.0,0.0,0.0,0.0,0.0,0.0
711,2026-09-01 08:20:18.358098,sancheti_smoke,1185.0,cluster_245647168_3238255150_3495323634,0.0,0,0.0,0.0,0.0,0.0,0.0,0.0,0.0
714,2026-09-01 08:20:18.361283,sancheti_smoke,1190.0,cluster_245647168_3238255150_3495323634,0.0,0,0.0,0.0,0.0,0.0,0.0,0.0,0.0
717,2026-09-01 08:20:18.364321,sancheti_smoke,1195.0,cluster_245647168_3238255150_3495323634,0.0,0,0.0,0.0,0.0,0.0,0.0,0.0,0.0
720,2026-09-01 08:20:18.367365,sancheti_smoke,1200.0,cluster_245647168_3238255150_3495323634,0.0,0,0.0,0.0,0.0,0.0,0.0,0.0,0.0
723,2026-09-01 08:20:18.370348,sancheti_smoke,1205.0,cluster_245647168_3238255150_3495323634,0.0,0,0.0,0.0,0.0,0.0,0.0,0.0,0.0
726,2026-09-01 08:20:18.373338,sancheti_smoke,1210.0,cluster_245647168_3238255150_3495323634,0.0,0,0.0,0.0,0.0,0.0,0.0,0.0,0.0
729,2026-09-01 08:20:18.376434,sancheti_smoke,1215.0,cluster_245647168_3238255150_3495323634,0.0,0,0.0,0.0,0.0,0.0,0.0,0.0,0.0
732,2026-09-01 08:20:18.379552,sancheti_smoke,1220.0,cluster_245647168_3238255150_3495323634,0.0,0,0.0,0.0,0.0,0.0,0.0,0.0,0.0
735,2026-09-01 08:20:18.382637,sancheti_smoke,1225.0,cluster_245647168_3238255150_3495323634,0.0,0,0.0,0.0,0.0,0.0,0.0,0.0,0.0
738,2026-09-01 08:20:18.385675,sancheti_smoke,1230.0,cluster_245647168_3238255150_3495323634,0.0,0,0.0,0.0,0.0,0.0,0.0,0.0,0.0
741,2026-09-01 08:20:18.388723,sancheti_smoke,1235.0,cluster_245647168_3238255150_3495323634,0.0,0,0.0,0.0,0.0,0.0,0.0,0.0,0.0
744,2026-09-01 08:20:18.391798,sancheti_smoke,1240.0,cluster_245647168_3238255150_3495323634,0.0,0,0.0,0.0,0.0,0.0,0.0,0.0,0.0
747,2026-09-01 08:20:18.394941,sancheti_smoke,1245.0,cluster_245647168_3238255150_3495323634,0.0,0,0.0,0.0,0.0,0.0,0.0,0.0,0.0
750,2026-09-01 08:20:18.398069,sancheti_smoke,1250.0,cluster_245647168_3238255150_3495323634,0.0,0,0.0,0.0,0.0,0.0,0.0,0.0,0.0
753,2026-09-01 08:20:18.401190,sancheti_smoke,1255.0,cluster_245647168_3238255150_3495323634,0.0,0,0.0,0.0,0.0,0.0,0.0,0.0,0.0
756,2026-09-01 08:20:18.404234,sancheti_smoke,1260.0,cluster_245647168_3238255150_3495323634,0.0,0,0.0,0.0,0.0,0.0,0.0,0.0,0.0
759,2026-09-01 08:20:18.407251,sancheti_smoke,1265.0,cluster_245647168_3238255150_3495323634,0.0,0,0.0,0.0,0.0,0.0,0.0,0.0,0.0
762,2026-09-01 08:20:18.410202,sancheti_smoke,1270.0,cluster_245647168_3238255150_3495323634,0.0,0,0.0,0.0,0.0,0.0,0.0,0.0,0.0
765,2026-09-01 08:20:18.413205,sancheti_smoke,1275.0,cluster_245647168_3238255150_3495323634,0.0,0,0.0,0.0,0.0,0.0,0.0,0.0,0.0
768,2026-09-01 08:20:18.415983,sancheti_smoke,1280.0,cluster_245647168_3238255150_3495323634,0.0,0,0.0,0.0,0.0,0.0,0.0,0.0,0.0
771,2026-09-01 08:20:18.418931,sancheti_smoke,1285.0,cluster_245647168_3238255150_3495323634,0.0,0,0.0,0.0,0.0,0.0,0.0,0.0,0.0
774,2026-09-01 08:20:18.421803,sancheti_smoke,1290.0,cluster_245647168_3238255150_3495323634,0.0,0,0.0,0.0,0.0,0.0,0.0,0.0,0.0
777,2026-09-01 08:20:18.424720,sancheti_smoke,1295.0,cluster_245647168_3238255150_3495323634,0.0,0,0.0,0.0,0.0,0.0,0.0,0.0,0.0
780,2026-09-01 08:20:18.427855,sancheti_smoke,1300.0,cluster_245647168_3238255150_3495323634,0.0,0,0.0,0.0,0.0,0.0,0.0,0.0,0.0
783,2026-09-01 08:20:18.430887,sancheti_smoke,1305.0,cluster_245647168_3238255150_3495323634,0.0,0,0.0,0.0,0.0,0.0,0.0,0.0,0.0
786,2026-09-01 08:20:18.433810,sancheti_smoke,1310.0,cluster_245647168_3238255150_3495323634,0.0,0,0.0,0.0,0.0,0.0,0.0,0.0,0.0
789,2026-09-01 08:20:18.436653,sancheti_smoke,1315.0,cluster_245647168_3238255150_3495323634,0.0,0,0.0,0.0,0.0,0.0,0.0,0.0,0.0
792,2026-09-01 08:20:18.439604,sancheti_smoke,1320.0,cluster_245647168_3238255150_3495323634,0.0,0,0.0,0.0,0.0,0.0,0.0,0.0,0.0
795,2026-09-01 08:20:18.442656,sancheti_smoke,1325.0,cluster_245647168_3238255150_3495323634,0.0,0,0.0,0.0,0.0,0.0,0.0,0.0,0.0
798,2026-09-01 08:20:18.446099,sancheti_smoke,1330.0,cluster_245647168_3238255150_3495323634,0.0,0,0.0,0.0,0.0,0.0,0.0,0.0,0.0
801,2026-09-01 08:20:18.449294,sancheti_smoke,1335.0,cluster_245647168_3238255150_3495323634,0.0,0,0.0,0.0,0.0,0.0,0.0,0.0,0.0
804,2026-09-01 08:20:18.452237,sancheti_smoke,1340.0,cluster_245647168_3238255150_3495323634,0.0,0,0.0,0.0,0.0,0.0,0.0,0.0,0.0
807,2026-09-01 08:20:18.455161,sancheti_smoke,1345.0,cluster_245647168_3238255150_3495323634,0.0,0,0.0,0.0,0.0,0.0,0.0,0.0,0.0
810,2026-09-01 08:20:18.458087,sancheti_smoke,1350.0,cluster_245647168_3238255150_3495323634,0.0,0,0.0,0.0,0.0,0.0,0.0,0.0,0.0
813,2026-09-01 08:20:18.461447,sancheti_smoke,1355.0,cluster_245647168_3238255150_3495323634,0.0,0,0.0,0.0,0.0,0.0,0.0,0.0,0.0
816,2026-09-01 08:20:18.464629,sancheti_smoke,1360.0,cluster_245647168_3238255150_3495323634,0.0,0,0.0,0.0,0.0,0.0,0.0,0.0,0.0
819,2026-09-01 08:20:18.467560,sancheti_smoke,1365.0,cluster_245647168_3238255150_3495323634,0.0,0,0.0,0.0,0.0,0.0,0.0,0.0,0.0
822,2026-09-01 08:20:18.470288,sancheti_smoke,1370.0,cluster_245647168_3238255150_3495323634,0.0,0,0.0,0.0,0.0,0.0,0.0,0.0,0.0
825,2026-09-01 08:20:18.472512,sancheti_smoke,1375.0,cluster_245647168_3238255150_3495323634,0.0,0,0.0,0.0,0.0,0.0,0.0,0.0,0.0
828,2026-09-01 08:20:18.475059,sancheti_smoke,1380.0,cluster_245647168_3238255150_3495323634,0.0,0,0.0,0.0,0.0,0.0,0.0,0.0,0.0
831,2026-09-01 08:20:18.478462,sancheti_smoke,1385.0,cluster_245647168_3238255150_3495323634,0.0,0,0.0,0.0,0.0,0.0,0.0,0.0,0.0
834,2026-09-01 08:20:18.481352,sancheti_smoke,1390.0,cluster_245647168_3238255150_3495323634,0.0,0,0.0,0.0,0.0,0.0,0.0,0.0,0.0
837,2026-09-01 08:20:18.484282,sancheti_smoke,1395.0,cluster_245647168_3238255150_3495323634,0.0,0,0.0,0.0,0.0,0.0,0.0,0.0,0.0
