scenario_id,junction_id,simulation_time_s,queue_length_m,vehicle_count,avg_speed_kmh,queue_minus_5,queue_minus_10,queue_minus_15,queue_minus_20,queue_slope,target_queue_60s
TRAIN_combined_extreme_hetero_27550,cluster_13546492148_1838721956,16.0,0.0,0,0.0,0.0,0.0,0.0,0.0,0.0,0.0
TRAIN_combined_extreme_hetero_27550,cluster_13546492148_1838721956,21.0,0.0,0,0.0,0.0,0.0,0.0,0.0,0.0,0.0
TRAIN_combined_extreme_hetero_27550,cluster_13546492148_1838721956,26.0,0.0,0,0.0,0.0,0.0,0.0,0.0,0.0,0.0
TRAIN_combined_extreme_hetero_27550,cluster_13546492148_1838721956,31.0,0.0,1,22.00707727223394,0.0,0.0,0.0,0.0,0.0,0.0
TRAIN_combined_extreme_hetero_27550,cluster_13546492148_1838721956,36.0,5.0,1,0.08790500286695162,0.0,0.0,0.0,0.0,0.0,0.0
TRAIN_combined_extreme_hetero_27550,cluster_13546492148_1838721956,41.0,5.0,1,0.0,5.0,0.0,0.0,0.0,0.0,0.0
TRAIN_combined_extreme_hetero_27550,cluster_13546492148_1838721956,46.0,0.0,0,0.0,5.0,5.0,0.0,0.0,0.0,0.0
TRAIN_combined_extreme_hetero_27550,cluster_13546492148_1838721956,51.0,0.0,0,0.0,0.0,5.0,5.0,0.0,0.0,0.0
TRAIN_combined_extreme_hetero_27550,cluster_13546492148_1838721956,56.0,0.0,0,0.0,0.0,0.0,5.0,5.0,0.0,0.0
TRAIN_combined_extreme_hetero_27550,cluster_13546492148_1838721956,61.0,0.0,0,0.0,0.0,0.0,0.0,5.0,0.0,0.0
TRAIN_combined_extreme_hetero_27550,cluster_13546492148_1838721956,66.0,0.0,0,0.0,0.0,0.0,0.0,0.0,0.0,5.0
TRAIN_combined_extreme_hetero_27550,cluster_13546492148_1838721956,71.0,0.0,0,0.0,0.0,0.0,0.0,0.0,0.0,10.0
TRAIN_combined_extreme_hetero_27550,cluster_13546492148_1838721956,76.0,0.0,0,0.0,0.0,0.0,0.0,0.0,0.0,0.0
TRAIN_combined_extreme_hetero_27550,cluster_13546492148_1838721956,81.0,0.0,0,0.0,0.0,0.0,0.0,0.0,0.0,0.0
TRAIN_combined_extreme_hetero_27550,cluster_13546492148_1838721956,86.0,0.0,0,0.0,0.0,0.0,0.0,0.0,0.0,0.0
TRAIN_combined_extreme_hetero_27550,cluster_13546492148_1838721956,91.0,0.0,0,0.0,0.0,0.0,0.0,0.0,0.0,0.0
TRAIN_combined_extreme_hetero_27550,cluster_13546492148_1838721956,96.0,0.0,0,0.0,0.0,0.0,0.0,0.0,0.0,0.0
TRAIN_combined_extreme_hetero_27550,cluster_13546492148_1838721956,101.0,0.0,0,0.0,0.0,0.0,0.0,0.0,0.0,0.0
TRAIN_combined_extreme_hetero_27550,cluster_13546492148_1838721956,106.0,0.0,0,0.0,0.0,0.0,0.0,0.0,0.0,0.0
TRAIN_combined_extreme_hetero_27550,cluster_13546492148_1838721956,111.0,0.0,0,0.0,0.0,0.0,0.0,0.0,0.0,5.0
TRAIN_combined_extreme_hetero_27550,cluster_13546492148_1838721956,116.0,0.0,0,0.0,0.0,0.0,0.0,0.0,0.0,5.0
TRAIN_combined_extreme_hetero_27550,cluster_13546492148_1838721956,121.0,0.0,0,0.0,0.0,0.0,0.0,0.0,0.0,0.0
TRAIN_combined_extreme_hetero_27550,cluster_13546492148_1838721956,126.0,5.0,2,8.614966194251336,0.0,0.0,0.0,0.0,0.25,0.0
TRAIN_combined_extreme_hetero_27550,cluster_13546492148_1838721956,131.0,10.0,2,0.00047680367299368225,5.0,0.0,0.0,0.0,0.5,0.0
TRAIN_combined_extreme_hetero_27550,cluster_13546492148_1838721956,136.0,0.0,1,2.3876127841416745,10.0,5.0,0.0,0.0,0.0,0.0
TRAIN_combined_extreme_hetero_27550,cluster_13546492148_1838721956,141.0,0.0,0,0.0,0.0,10.0,5.0,0.0,0.0,0.0
TRAIN_combined_extreme_hetero_27550,cluster_13546492148_1838721956,146.0,0.0,0,0.0,0.0,0.0,10.0,5.0,-0.25,0.0
TRAIN_combined_extreme_hetero_27550,cluster_13546492148_1838721956,151.0,0.0,0,0.0,0.0,0.0,0.0,10.0,-0.5,0.0
TRAIN_combined_extreme_hetero_27550,cluster_13546492148_1838721956,156.0,0.0,0,0.0,0.0,0.0,0.0,0.0,0.0,5.0
TRAIN_combined_extreme_hetero_27550,cluster_13546492148_1838721956,161.0,0.0,0,0.0,0.0,0.0,0.0,0.0,0.0,10.0
TRAIN_combined_extreme_hetero_27550,cluster_13546492148_1838721956,166.0,0.0,1,3.3404964170232896,0.0,0.0,0.0,0.0,0.0,5.0
TRAIN_combined_extreme_hetero_27550,cluster_13546492148_1838721956,171.0,5.0,1,0.0,0.0,0.0,0.0,0.0,0.25,5.0
TRAIN_combined_extreme_hetero_27550,cluster_13546492148_1838721956,176.0,5.0,1,0.0,5.0,0.0,0.0,0.0,0.25,10.0
TRAIN_combined_extreme_hetero_27550,cluster_13546492148_1838721956,181.0,0.0,0,0.0,5.0,5.0,0.0,0.0,0.0,15.0
TRAIN_combined_extreme_hetero_27550,cluster_13546492148_1838721956,186.0,0.0,0,0.0,0.0,5.0,5.0,0.0,0.0,20.0
TRAIN_combined_extreme_hetero_27550,cluster_13546492148_1838721956,191.0,0.0,0,0.0,0.0,0.0,5.0,5.0,-0.25,20.0
TRAIN_combined_extreme_hetero_27550,cluster_13546492148_1838721956,196.0,0.0,0,0.0,0.0,0.0,0.0,5.0,-0.25,25.0
TRAIN_combined_extreme_hetero_27550,cluster_13546492148_1838721956,201.0,0.0,0,0.0,0.0,0.0,0.0,0.0,0.0,25.0
TRAIN_combined_extreme_hetero_27550,cluster_13546492148_1838721956,206.0,0.0,0,0.0,0.0,0.0,0.0,0.0,0.0,25.0
TRAIN_combined_extreme_hetero_27550,cluster_13546492148_1838721956,211.0,0.0,1,0.44896091768569074,0.0,0.0,0.0,0.0,0.0,10.0
TRAIN_combined_extreme_hetero_27550,cluster_13546492148_1838721956,216.0,5.0,3,11.52895534315792,0.0,0.0,0.0,0.0,0.25,0.0
TRAIN_combined_extreme_hetero_27550,cluster_13546492148_1838721956,221.0,10.0,2,0.0,5.0,0.0,0.0,0.0,0.5,0.0
TRAIN_combined_extreme_hetero_27550,cluster_13546492148_1838721956,226.0,5.0,2,1.7246122182500383,10.0,5.0,0.0,0.0,0.25,0.0
TRAIN_combined_extreme_hetero_27550,cluster_13546492148_1838721956,231.0,5.0,3,5.015291280818365,5.0,10.0,5.0,0.0,0.25,0.0
TRAIN_combined_extreme_hetero_27550,cluster_13546492148_1838721956,236.0,10.0,2,0.0008697107743947569,5.0,5.0,10.0,5.0,0.25,5.0
TRAIN_combined_extreme_hetero_27550,cluster_13546492148_1838721956,241.0,15.0,4,2.212110129450175,10.0,5.0,5.0,10.0,0.25,5.0
TRAIN_combined_extreme_hetero_27550,cluster_13546492148_1838721956,246.0,20.0,4,0.00245242560430429,15.0,10.0,5.0,5.0,0.75,5.0
TRAIN_combined_extreme_hetero_27550,cluster_13546492148_1838721956,251.0,20.0,5,0.21023340381405842,20.0,15.0,10.0,5.0,0.75,5.0
TRAIN_combined_extreme_hetero_27550,cluster_13546492148_1838721956,256.0,25.0,5,0.0001472600624338394,20.0,20.0,15.0,10.0,0.75,0.0
TRAIN_combined_extreme_hetero_27550,cluster_13546492148_1838721956,261.0,25.0,5,0.0,25.0,20.0,20.0,15.0,0.5,0.0
TRAIN_combined_extreme_hetero_27550,cluster_13546492148_1838721956,266.0,25.0,5,0.0,25.0,25.0,20.0,20.0,0.25,5.0
TRAIN_combined_extreme_hetero_27550,cluster_13546492148_1838721956,271.0,10.0,2,0.0,25.0,25.0,25.0,20.0,-0.5,5.0
TRAIN_combined_extreme_hetero_27550,cluster_13546492148_1838721956,276.0,0.0,0,0.0,10.0,25.0,25.0,25.0,-1.25,10.0
TRAIN_combined_extreme_hetero_27550,cluster_13546492148_1838721956,281.0,0.0,1,28.69565549192453,0.0,10.0,25.0,25.0,-1.25,15.0
TRAIN_combined_extreme_hetero_27550,cluster_13546492148_1838721956,286.0,0.0,0,0.0,0.0,0.0,10.0,25.0,-1.25,15.0
TRAIN_combined_extreme_hetero_27550,cluster_13546492148_1838721956,291.0,0.0,0,0.0,0.0,0.0,0.0,10.0,-0.5,10.0
TRAIN_combined_extreme_hetero_27550,cluster_13546492148_1838721956,296.0,5.0,1,0.013214794716090598,0.0,0.0,0.0,0.0,0.25,20.0
TRAIN_combined_extreme_hetero_27550,cluster_13546492148_1838721956,301.0,5.0,1,0.0,5.0,0.0,0.0,0.0,0.25,15.0
TRAIN_combined_extreme_hetero_27550,cluster_13546492148_1838721956,306.0,5.0,1,0.0,5.0,5.0,0.0,0.0,0.25,5.0
TRAIN_combined_extreme_hetero_27550,cluster_13546492148_1838721956,311.0,5.0,1,0.0,5.0,5.0,5.0,0.0,0.25,5.0
TRAIN_combined_extreme_hetero_27550,cluster_13546492148_1838721956,316.0,0.0,0,0.0,5.0,5.0,5.0,5.0,-0.25,10.0
TRAIN_combined_extreme_hetero_27550,cluster_13546492148_1838721956,321.0,0.0,1,29.681246857903897,0.0,5.0,5.0,5.0,-0.25,10.0
TRAIN_combined_extreme_hetero_27550,cluster_13546492148_1838721956,326.0,5.0,1,0.005625856466191634,0.0,0.0,5.0,5.0,0.0,10.0
TRAIN_combined_extreme_hetero_27550,cluster_13546492148_1838721956,331.0,5.0,2,4.492981222344714,5.0,0.0,0.0,5.0,0.0,10.0
TRAIN_combined_extreme_hetero_27550,cluster_13546492148_1838721956,336.0,10.0,2,0.0,5.0,5.0,0.0,0.0,0.5,15.0
TRAIN_combined_extreme_hetero_27550,cluster_13546492148_1838721956,341.0,15.0,3,0.014897046525792235,10.0,5.0,5.0,0.0,0.75,15.0
TRAIN_combined_extreme_hetero_27550,cluster_13546492148_1838721956,346.0,15.0,3,0.0,15.0,10.0,5.0,5.0,0.5,5.0
TRAIN_combined_extreme_hetero_27550,cluster_13546492148_1838721956,351.0,10.0,3,5.111713490440921,15.0,15.0,10.0,5.0,0.25,10.0
TRAIN_combined_extreme_hetero_27550,cluster_13546492148_1838721956,356.0,20.0,5,0.7769117101100079,10.0,15.0,15.0,10.0,0.5,10.0
TRAIN_combined_extreme_hetero_27550,cluster_13546492148_1838721956,361.0,15.0,4,0.3572764254655278,20.0,10.0,15.0,15.0,0.0,20.0
TRAIN_combined_extreme_hetero_27550,cluster_13546492148_1838721956,366.0,5.0,1,0.0,15.0,20.0,10.0,15.0,-0.5,20.0
TRAIN_combined_extreme_hetero_27550,cluster_13546492148_1838721956,371.0,5.0,1,0.0,5.0,15.0,20.0,10.0,-0.25,20.0
TRAIN_combined_extreme_hetero_27550,cluster_13546492148_1838721956,376.0,10.0,2,0.0,5.0,5.0,15.0,20.0,-0.5,20.0
TRAIN_combined_extreme_hetero_27550,cluster_13546492148_1838721956,381.0,10.0,2,0.005881898139803792,10.0,5.0,5.0,15.0,-0.25,20.0
TRAIN_combined_extreme_hetero_27550,cluster_13546492148_1838721956,386.0,10.0,2,0.0,10.0,10.0,5.0,5.0,0.25,20.0
TRAIN_combined_extreme_hetero_27550,cluster_13546492148_1838721956,391.0,10.0,3,2.248648933754039,10.0,10.0,10.0,5.0,0.25,5.0
TRAIN_combined_extreme_hetero_27550,cluster_13546492148_1838721956,396.0,15.0,3,0.0005546431657881159,10.0,10.0,10.0,10.0,0.25,0.0
TRAIN_combined_extreme_hetero_27550,cluster_13546492148_1838721956,401.0,15.0,3,0.0,15.0,10.0,10.0,10.0,0.25,5.0
TRAIN_combined_extreme_hetero_27550,cluster_13546492148_1838721956,406.0,5.0,2,13.001383743288402,15.0,15.0,10.0,10.0,-0.25,5.0
TRAIN_combined_extreme_hetero_27550,cluster_13546492148_1838721956,411.0,10.0,2,0.13471094234148098,5.0,15.0,15.0,10.0,0.0,5.0
TRAIN_combined_extreme_hetero_27550,cluster_13546492148_1838721956,416.0,10.0,3,8.1733832127054,10.0,5.0,15.0,15.0,-0.25,5.0
TRAIN_combined_extreme_hetero_27550,cluster_13546492148_1838721956,421.0,20.0,4,0.02949668704301294,10.0,10.0,5.0,15.0,0.25,5.0
TRAIN_combined_extreme_hetero_27550,cluster_13546492148_1838721956,426.0,20.0,4,0.0,20.0,10.0,10.0,5.0,0.75,5.0
TRAIN_combined_extreme_hetero_27550,cluster_13546492148_1838721956,431.0,20.0,4,0.0,20.0,20.0,10.0,10.0,0.5,5.0
TRAIN_combined_extreme_hetero_27550,cluster_13546492148_1838721956,436.0,20.0,4,0.0,20.0,20.0,20.0,10.0,0.5,0.0
TRAIN_combined_extreme_hetero_27550,cluster_13546492148_1838721956,441.0,20.0,4,0.0,20.0,20.0,20.0,20.0,0.0,0.0
TRAIN_combined_extreme_hetero_27550,cluster_13546492148_1838721956,446.0,20.0,4,0.0,20.0,20.0,20.0,20.0,0.0,10.0
TRAIN_combined_extreme_hetero_27550,cluster_13546492148_1838721956,451.0,5.0,2,1.4699228931684047,20.0,20.0,20.0,20.0,-0.75,15.0
TRAIN_combined_extreme_hetero_27550,cluster_13546492148_1838721956,456.0,0.0,1,7.39979498903222,5.0,20.0,20.0,20.0,-1.0,20.0
TRAIN_combined_extreme_hetero_27550,cluster_13546492148_1838721956,461.0,5.0,1,0.12025175351280197,0.0,5.0,20.0,20.0,-0.75,20.0
TRAIN_combined_extreme_hetero_27550,cluster_13546492148_1838721956,466.0,5.0,1,0.0,5.0,0.0,5.0,20.0,-0.75,20.0
TRAIN_combined_extreme_hetero_27550,cluster_13546492148_1838721956,471.0,5.0,1,0.0,5.0,5.0,0.0,5.0,0.0,20.0
TRAIN_combined_extreme_hetero_27550,cluster_13546492148_1838721956,476.0,5.0,1,0.0,5.0,5.0,5.0,0.0,0.25,20.0
TRAIN_combined_extreme_hetero_27550,cluster_13546492148_1838721956,481.0,5.0,2,20.82612613805643,5.0,5.0,5.0,5.0,0.0,5.0
TRAIN_combined_extreme_hetero_27550,cluster_13546492148_1838721956,486.0,5.0,2,32.837410495958466,5.0,5.0,5.0,5.0,0.0,0.0
TRAIN_combined_extreme_hetero_27550,cluster_13546492148_1838721956,491.0,5.0,1,0.0,5.0,5.0,5.0,5.0,0.0,5.0
TRAIN_combined_extreme_hetero_27550,cluster_13546492148_1838721956,496.0,0.0,1,2.2880630370229484,5.0,5.0,5.0,5.0,-0.25,5.0
TRAIN_combined_extreme_hetero_27550,cluster_13546492148_1838721956,501.0,0.0,2,13.771588675335725,0.0,5.0,5.0,5.0,-0.25,5.0
TRAIN_combined_extreme_hetero_27550,cluster_13546492148_1838721956,506.0,10.0,4,18.85371820267819,0.0,0.0,5.0,5.0,0.25,15.0
TRAIN_combined_extreme_hetero_27550,cluster_13546492148_1838721956,511.0,15.0,3,0.0,10.0,0.0,0.0,5.0,0.5,15.0
TRAIN_combined_extreme_hetero_27550,cluster_13546492148_1838721956,516.0,20.0,4,0.0022757018228134933,15.0,10.0,0.0,0.0,1.0,15.0
TRAIN_combined_extreme_hetero_27550,cluster_13546492148_1838721956,521.0,20.0,4,0.0,20.0,15.0,10.0,0.0,1.0,15.0
TRAIN_combined_extreme_hetero_27550,cluster_13546492148_1838721956,526.0,20.0,4,0.0,20.0,20.0,15.0,10.0,0.5,5.0
TRAIN_combined_extreme_hetero_27550,cluster_13546492148_1838721956,531.0,20.0,4,0.0,20.0,20.0,20.0,15.0,0.25,10.0
TRAIN_combined_extreme_hetero_27550,cluster_13546492148_1838721956,536.0,20.0,4,0.0,20.0,20.0,20.0,20.0,0.0,10.0
TRAIN_combined_extreme_hetero_27550,cluster_13546492148_1838721956,541.0,5.0,2,1.4116814806940965,20.0,20.0,20.0,20.0,-0.75,10.0
TRAIN_combined_extreme_hetero_27550,cluster_13546492148_1838721956,546.0,0.0,0,0.0,5.0,20.0,20.0,20.0,-1.0,10.0
TRAIN_combined_extreme_hetero_27550,cluster_13546492148_1838721956,551.0,5.0,1,0.2980486521213018,0.0,5.0,20.0,20.0,-0.75,10.0
TRAIN_combined_extreme_hetero_27550,cluster_13546492148_1838721956,556.0,5.0,2,11.270061621281243,5.0,0.0,5.0,20.0,-0.75,10.0
TRAIN_combined_extreme_hetero_27550,cluster_13546492148_1838721956,561.0,5.0,2,10.739465616770282,5.0,5.0,0.0,5.0,0.0,10.0
TRAIN_combined_extreme_hetero_27550,cluster_13546492148_1838721956,566.0,15.0,3,0.04841548050642018,5.0,5.0,5.0,0.0,0.75,10.0
TRAIN_combined_extreme_hetero_27550,cluster_13546492148_1838721956,571.0,15.0,3,0.0,15.0,5.0,5.0,5.0,0.5,0.0
TRAIN_combined_extreme_hetero_27550,cluster_13546492148_1838721956,576.0,15.0,3,0.0,15.0,15.0,5.0,5.0,0.5,0.0
TRAIN_combined_extreme_hetero_27550,cluster_13546492148_1838721956,581.0,15.0,3,0.0,15.0,15.0,15.0,5.0,0.5,0.0
TRAIN_combined_extreme_hetero_27550,cluster_13546492148_1838721956,586.0,5.0,1,0.006946534884713758,15.0,15.0,15.0,15.0,-0.5,0.0
TRAIN_combined_extreme_hetero_27550,cluster_13546492148_1838721956,591.0,10.0,3,6.708655402163274,5.0,15.0,15.0,15.0,-0.25,0.0
TRAIN_combined_extreme_hetero_27550,cluster_13546492148_1838721956,596.0,10.0,2,0.0,10.0,5.0,15.0,15.0,-0.25,10.0
TRAIN_combined_extreme_hetero_27550,cluster_13546492148_1838721956,601.0,10.0,2,0.0,10.0,10.0,5.0,15.0,-0.25,15.0
TRAIN_combined_extreme_hetero_27550,cluster_13546492148_1838721956,606.0,10.0,2,0.0,10.0,10.0,10.0,5.0,0.25,15.0
TRAIN_combined_extreme_hetero_27550,cluster_13546492148_1838721956,611.0,10.0,2,0.0,10.0,10.0,10.0,10.0,0.0,15.0
TRAIN_combined_extreme_hetero_27550,cluster_13546492148_1838721956,616.0,10.0,2,0.0,10.0,10.0,10.0,10.0,0.0,0.0
TRAIN_combined_extreme_hetero_27550,cluster_13546492148_1838721956,621.0,10.0,2,0.0,10.0,10.0,10.0,10.0,0.0,5.0
TRAIN_combined_extreme_hetero_27550,cluster_13546492148_1838721956,626.0,10.0,2,0.0,10.0,10.0,10.0,10.0,0.0,10.0
TRAIN_combined_extreme_hetero_27550,cluster_13546492148_1838721956,631.0,0.0,2,3.3620593305677176,10.0,10.0,10.0,10.0,-0.5,10.0
TRAIN_combined_extreme_hetero_27550,cluster_13546492148_1838721956,636.0,0.0,1,12.106927363115584,0.0,10.0,10.0,10.0,-0.5,10.0
TRAIN_combined_extreme_hetero_27550,cluster_13546492148_1838721956,641.0,0.0,1,38.38477982086471,0.0,0.0,10.0,10.0,-0.5,15.0
TRAIN_combined_extreme_hetero_27550,cluster_13546492148_1838721956,646.0,0.0,0,0.0,0.0,0.0,0.0,10.0,-0.5,20.0
TRAIN_combined_extreme_hetero_27550,cluster_13546492148_1838721956,651.0,0.0,1,19.61549720085553,0.0,0.0,0.0,0.0,0.0,20.0
TRAIN_combined_extreme_hetero_27550,cluster_13546492148_1838721956,656.0,10.0,4,17.067332129530165,0.0,0.0,0.0,0.0,0.5,20.0
TRAIN_combined_extreme_hetero_27550,cluster_13546492148_1838721956,661.0,15.0,3,0.0069729497560564865,10.0,0.0,0.0,0.0,0.75,5.0
TRAIN_combined_extreme_hetero_27550,cluster_13546492148_1838721956,666.0,15.0,3,0.0,15.0,10.0,0.0,0.0,0.75,0.0
TRAIN_combined_extreme_hetero_27550,cluster_13546492148_1838721956,671.0,15.0,3,0.0,15.0,15.0,10.0,0.0,0.75,0.0
TRAIN_combined_extreme_hetero_27550,cluster_13546492148_1838721956,676.0,0.0,1,0.3647908152968706,15.0,15.0,15.0,10.0,-0.5,0.0
TRAIN_combined_extreme_hetero_27550,cluster_13546492148_1838721956,681.0,5.0,2,8.40225579201098,0.0,15.0,15.0,15.0,-0.5,0.0
TRAIN_combined_extreme_hetero_27550,cluster_13546492148_1838721956,686.0,10.0,2,0.00042896468245751313,5.0,0.0,15.0,15.0,-0.25,5.0
TRAIN_combined_extreme_hetero_27550,cluster_13546492148_1838721956,691.0,10.0,2,0.0,10.0,5.0,0.0,15.0,-0.25,5.0
TRAIN_combined_extreme_hetero_27550,cluster_13546492148_1838721956,696.0,10.0,3,4.592147101437408,10.0,10.0,5.0,0.0,0.5,5.0
TRAIN_combined_extreme_hetero_27550,cluster_13546492148_1838721956,701.0,15.0,3,0.0030481464159126713,10.0,10.0,10.0,5.0,0.5,5.0
TRAIN_combined_extreme_hetero_27550,cluster_13546492148_1838721956,706.0,20.0,4,0.002498509424921652,15.0,10.0,10.0,10.0,0.5,0.0
TRAIN_combined_extreme_hetero_27550,cluster_13546492148_1838721956,711.0,20.0,4,0.0,20.0,15.0,10.0,10.0,0.5,0.0
TRAIN_combined_extreme_hetero_27550,cluster_13546492148_1838721956,716.0,20.0,4,0.0,20.0,20.0,15.0,10.0,0.5,0.0
TRAIN_combined_extreme_hetero_27550,cluster_13546492148_1838721956,721.0,5.0,1,0.0,20.0,20.0,20.0,15.0,-0.5,0.0
TRAIN_combined_extreme_hetero_27550,cluster_13546492148_1838721956,726.0,0.0,0,0.0,5.0,20.0,20.0,20.0,-1.0,0.0
TRAIN_combined_extreme_hetero_27550,cluster_13546492148_1838721956,731.0,0.0,0,0.0,0.0,5.0,20.0,20.0,-1.0,0.0
TRAIN_combined_extreme_hetero_27550,cluster_13546492148_1838721956,736.0,0.0,0,0.0,0.0,0.0,5.0,20.0,-1.0,0.0
TRAIN_combined_extreme_hetero_27550,cluster_2061304035_245647208,16.0,0.0,0,0.0,0.0,0.0,0.0,0.0,0.0,0.0
TRAIN_combined_extreme_hetero_27550,cluster_2061304035_245647208,21.0,0.0,0,0.0,0.0,0.0,0.0,0.0,0.0,0.0
TRAIN_combined_extreme_hetero_27550,cluster_2061304035_245647208,26.0,0.0,0,0.0,0.0,0.0,0.0,0.0,0.0,0.0
TRAIN_combined_extreme_hetero_27550,cluster_2061304035_245647208,31.0,0.0,0,0.0,0.0,0.0,0.0,0.0,0.0,0.0
TRAIN_combined_extreme_hetero_27550,cluster_2061304035_245647208,36.0,0.0,0,0.0,0.0,0.0,0.0,0.0,0.0,0.0
TRAIN_combined_extreme_hetero_27550,cluster_2061304035_245647208,41.0,0.0,0,0.0,0.0,0.0,0.0,0.0,0.0,0.0
TRAIN_combined_extreme_hetero_27550,cluster_2061304035_245647208,46.0,0.0,0,0.0,0.0,0.0,0.0,0.0,0.0,0.0
TRAIN_combined_extreme_hetero_27550,cluster_2061304035_245647208,51.0,0.0,0,0.0,0.0,0.0,0.0,0.0,0.0,0.0
TRAIN_combined_extreme_hetero_27550,cluster_2061304035_245647208,56.0,0.0,0,0.0,0.0,0.0,0.0,0.0,0.0,0.0
TRAIN_combined_extreme_hetero_27550,cluster_2061304035_245647208,61.0,0.0,1,42.49829161359874,0.0,0.0,0.0,0.0,0.0,5.0
TRAIN_combined_extreme_hetero_27550,cluster_2061304035_245647208,66.0,0.0,0,0.0,0.0,0.0,0.0,0.0,0.0,5.0
TRAIN_combined_extreme_hetero_27550,cluster_2061304035_245647208,71.0,0.0,0,0.0,0.0,0.0,0.0,0.0,0.0,5.0
TRAIN_combined_extreme_hetero_27550,cluster_2061304035_245647208,76.0,0.0,0,0.0,0.0,0.0,0.0,0.0,0.0,5.0
TRAIN_combined_extreme_hetero_27550,cluster_2061304035_245647208,81.0,0.0,0,0.0,0.0,0.0,0.0,0.0,0.0,5.0
TRAIN_combined_extreme_hetero_27550,cluster_2061304035_245647208,86.0,0.0,0,0.0,0.0,0.0,0.0,0.0,0.0,5.0
TRAIN_combined_extreme_hetero_27550,cluster_2061304035_245647208,91.0,0.0,0,0.0,0.0,0.0,0.0,0.0,0.0,5.0
TRAIN_combined_extreme_hetero_27550,cluster_2061304035_245647208,96.0,0.0,0,0.0,0.0,0.0,0.0,0.0,0.0,5.0
TRAIN_combined_extreme_hetero_27550,cluster_2061304035_245647208,101.0,0.0,0,0.0,0.0,0.0,0.0,0.0,0.0,5.0
TRAIN_combined_extreme_hetero_27550,cluster_2061304035_245647208,106.0,0.0,0,0.0,0.0,0.0,0.0,0.0,0.0,5.0
TRAIN_combined_extreme_hetero_27550,cluster_2061304035_245647208,111.0,0.0,0,0.0,0.0,0.0,0.0,0.0,0.0,5.0
TRAIN_combined_extreme_hetero_27550,cluster_2061304035_245647208,116.0,0.0,1,51.15914669680036,0.0,0.0,0.0,0.0,0.0,5.0
TRAIN_combined_extreme_hetero_27550,cluster_2061304035_245647208,121.0,5.0,1,0.07947836886450689,0.0,0.0,0.0,0.0,0.25,0.0
TRAIN_combined_extreme_hetero_27550,cluster_2061304035_245647208,126.0,5.0,1,0.0,5.0,0.0,0.0,0.0,0.25,0.0
TRAIN_combined_extreme_hetero_27550,cluster_2061304035_245647208,131.0,5.0,2,38.814524401836024,5.0,5.0,0.0,0.0,0.25,0.0
TRAIN_combined_extreme_hetero_27550,cluster_2061304035_245647208,136.0,5.0,1,0.16036812926138871,5.0,5.0,5.0,0.0,0.25,5.0
TRAIN_combined_extreme_hetero_27550,cluster_2061304035_245647208,141.0,5.0,1,0.0,5.0,5.0,5.0,5.0,0.0,5.0
TRAIN_combined_extreme_hetero_27550,cluster_2061304035_245647208,146.0,5.0,1,0.0,5.0,5.0,5.0,5.0,0.0,5.0
TRAIN_combined_extreme_hetero_27550,cluster_2061304035_245647208,151.0,5.0,1,0.0,5.0,5.0,5.0,5.0,0.0,5.0
TRAIN_combined_extreme_hetero_27550,cluster_2061304035_245647208,156.0,5.0,3,22.7571030820279,5.0,5.0,5.0,5.0,0.0,10.0
TRAIN_combined_extreme_hetero_27550,cluster_2061304035_245647208,161.0,5.0,2,13.995349129746849,5.0,5.0,5.0,5.0,0.0,10.0
TRAIN_combined_extreme_hetero_27550,cluster_2061304035_245647208,166.0,5.0,2,19.383514324210527,5.0,5.0,5.0,5.0,0.0,0.0
TRAIN_combined_extreme_hetero_27550,cluster_2061304035_245647208,171.0,5.0,2,15.927593005824464,5.0,5.0,5.0,5.0,0.0,0.0
TRAIN_combined_extreme_hetero_27550,cluster_2061304035_245647208,176.0,5.0,1,0.0,5.0,5.0,5.0,5.0,0.0,0.0
TRAIN_combined_extreme_hetero_27550,cluster_2061304035_245647208,181.0,0.0,0,0.0,5.0,5.0,5.0,5.0,-0.25,0.0
TRAIN_combined_extreme_hetero_27550,cluster_2061304035_245647208,186.0,0.0,0,0.0,0.0,5.0,5.0,5.0,-0.25,0.0
TRAIN_combined_extreme_hetero_27550,cluster_2061304035_245647208,191.0,0.0,1,19.608380426244953,0.0,0.0,5.0,5.0,-0.25,0.0
TRAIN_combined_extreme_hetero_27550,cluster_2061304035_245647208,196.0,5.0,1,0.007253281364072156,0.0,0.0,0.0,5.0,0.0,0.0
TRAIN_combined_extreme_hetero_27550,cluster_2061304035_245647208,201.0,5.0,1,0.0,5.0,0.0,0.0,0.0,0.25,0.0
TRAIN_combined_extreme_hetero_27550,cluster_2061304035_245647208,206.0,5.0,1,0.0,5.0,5.0,0.0,0.0,0.25,0.0
TRAIN_combined_extreme_hetero_27550,cluster_2061304035_245647208,211.0,5.0,2,14.510638870418669,5.0,5.0,5.0,0.0,0.25,0.0
TRAIN_combined_extreme_hetero_27550,cluster_2061304035_245647208,216.0,10.0,2,0.029987584063726643,5.0,5.0,5.0,5.0,0.25,0.0
TRAIN_combined_extreme_hetero_27550,cluster_2061304035_245647208,221.0,10.0,2,0.0,10.0,5.0,5.0,5.0,0.25,0.0
TRAIN_combined_extreme_hetero_27550,cluster_2061304035_245647208,226.0,0.0,1,2.652798645012081,10.0,10.0,5.0,5.0,-0.25,0.0
TRAIN_combined_extreme_hetero_27550,cluster_2061304035_245647208,231.0,0.0,0,0.0,0.0,10.0,10.0,5.0,-0.25,10.0
TRAIN_combined_extreme_hetero_27550,cluster_2061304035_245647208,236.0,0.0,1,45.35125998370682,0.0,0.0,10.0,10.0,-0.5,25.0
TRAIN_combined_extreme_hetero_27550,cluster_2061304035_245647208,241.0,0.0,0,0.0,0.0,0.0,0.0,10.0,-0.5,45.0
TRAIN_combined_extreme_hetero_27550,cluster_2061304035_245647208,246.0,0.0,0,0.0,0.0,0.0,0.0,0.0,0.0,55.0
TRAIN_combined_extreme_hetero_27550,cluster_2061304035_245647208,251.0,0.0,2,47.378531004567016,0.0,0.0,0.0,0.0,0.0,55.0
TRAIN_combined_extreme_hetero_27550,cluster_2061304035_245647208,256.0,0.0,3,26.89629207022834,0.0,0.0,0.0,0.0,0.0,45.0
TRAIN_combined_extreme_hetero_27550,cluster_2061304035_245647208,261.0,0.0,0,0.0,0.0,0.0,0.0,0.0,0.0,5.0
TRAIN_combined_extreme_hetero_27550,cluster_2061304035_245647208,266.0,0.0,0,0.0,0.0,0.0,0.0,0.0,0.0,0.0
TRAIN_combined_extreme_hetero_27550,cluster_2061304035_245647208,271.0,0.0,0,0.0,0.0,0.0,0.0,0.0,0.0,0.0
TRAIN_combined_extreme_hetero_27550,cluster_2061304035_245647208,276.0,0.0,0,0.0,0.0,0.0,0.0,0.0,0.0,0.0
TRAIN_combined_extreme_hetero_27550,cluster_2061304035_245647208,281.0,0.0,1,31.179548814571948,0.0,0.0,0.0,0.0,0.0,0.0
TRAIN_combined_extreme_hetero_27550,cluster_2061304035_245647208,286.0,0.0,4,29.256773108673478,0.0,0.0,0.0,0.0,0.0,0.0
TRAIN_combined_extreme_hetero_27550,cluster_2061304035_245647208,291.0,10.0,6,13.224898851697715,0.0,0.0,0.0,0.0,0.5,0.0
TRAIN_combined_extreme_hetero_27550,cluster_2061304035_245647208,296.0,25.0,9,13.64332940284534,10.0,0.0,0.0,0.0,1.25,0.0
TRAIN_combined_extreme_hetero_27550,cluster_2061304035_245647208,301.0,45.0,11,1.6288801346983606,25.0,10.0,0.0,0.0,2.25,0.0
TRAIN_combined_extreme_hetero_27550,cluster_2061304035_245647208,306.0,55.0,11,3.727783972557579e-05,45.0,25.0,10.0,0.0,2.75,5.0
TRAIN_combined_extreme_hetero_27550,cluster_2061304035_245647208,311.0,55.0,11,0.0,55.0,45.0,25.0,10.0,2.25,5.0
TRAIN_combined_extreme_hetero_27550,cluster_2061304035_245647208,316.0,45.0,9,0.0,55.0,55.0,45.0,25.0,1.0,5.0
TRAIN_combined_extreme_hetero_27550,cluster_2061304035_245647208,321.0,5.0,6,10.109322342691193,45.0,55.0,55.0,45.0,-2.0,20.0
TRAIN_combined_extreme_hetero_27550,cluster_2061304035_245647208,326.0,0.0,4,25.520137326693018,5.0,45.0,55.0,55.0,-2.75,25.0
TRAIN_combined_extreme_hetero_27550,cluster_2061304035_245647208,331.0,0.0,3,27.50797103785987,0.0,5.0,45.0,55.0,-2.75,30.0
TRAIN_combined_extreme_hetero_27550,cluster_2061304035_245647208,336.0,0.0,2,29.98651239297725,0.0,0.0,5.0,45.0,-2.25,40.0
TRAIN_combined_extreme_hetero_27550,cluster_2061304035_245647208,341.0,0.0,1,63.1680601391996,0.0,0.0,0.0,5.0,-0.25,40.0
TRAIN_combined_extreme_hetero_27550,cluster_2061304035_245647208,346.0,0.0,0,0.0,0.0,0.0,0.0,0.0,0.0,25.0
TRAIN_combined_extreme_hetero_27550,cluster_2061304035_245647208,351.0,0.0,1,26.448589595137477,0.0,0.0,0.0,0.0,0.0,0.0
TRAIN_combined_extreme_hetero_27550,cluster_2061304035_245647208,356.0,0.0,1,31.098542325122196,0.0,0.0,0.0,0.0,0.0,5.0
TRAIN_combined_extreme_hetero_27550,cluster_2061304035_245647208,361.0,0.0,2,20.789082784327995,0.0,0.0,0.0,0.0,0.0,5.0
TRAIN_combined_extreme_hetero_27550,cluster_2061304035_245647208,366.0,5.0,1,0.007760284804522111,0.0,0.0,0.0,0.0,0.25,5.0
TRAIN_combined_extreme_hetero_27550,cluster_2061304035_245647208,371.0,5.0,1,0.0,5.0,0.0,0.0,0.0,0.25,10.0
TRAIN_combined_extreme_hetero_27550,cluster_2061304035_245647208,376.0,5.0,5,26.542669071535325,5.0,5.0,0.0,0.0,0.25,5.0
TRAIN_combined_extreme_hetero_27550,cluster_2061304035_245647208,381.0,20.0,5,1.5244309981906832,5.0,5.0,5.0,0.0,1.0,5.0
TRAIN_combined_extreme_hetero_27550,cluster_2061304035_245647208,386.0,25.0,6,4.514796854089417,20.0,5.0,5.0,5.0,1.0,5.0
TRAIN_combined_extreme_hetero_27550,cluster_2061304035_245647208,391.0,30.0,8,2.1442051192580087,25.0,20.0,5.0,5.0,1.25,0.0
TRAIN_combined_extreme_hetero_27550,cluster_2061304035_245647208,396.0,40.0,8,0.0002928510849180648,30.0,25.0,20.0,5.0,1.75,0.0
TRAIN_combined_extreme_hetero_27550,cluster_2061304035_245647208,401.0,40.0,8,0.0,40.0,30.0,25.0,20.0,1.0,0.0
TRAIN_combined_extreme_hetero_27550,cluster_2061304035_245647208,406.0,25.0,7,8.547849571878736,40.0,40.0,30.0,25.0,0.0,0.0
TRAIN_combined_extreme_hetero_27550,cluster_2061304035_245647208,411.0,0.0,2,14.143235487667331,25.0,40.0,40.0,30.0,-1.5,0.0
TRAIN_combined_extreme_hetero_27550,cluster_2061304035_245647208,416.0,5.0,3,12.937402095184183,0.0,25.0,40.0,40.0,-1.75,0.0
TRAIN_combined_extreme_hetero_27550,cluster_2061304035_245647208,421.0,5.0,5,25.43747320658995,5.0,0.0,25.0,40.0,-1.75,5.0
TRAIN_combined_extreme_hetero_27550,cluster_2061304035_245647208,426.0,5.0,4,15.18837518472363,5.0,5.0,0.0,25.0,-1.0,25.0
TRAIN_combined_extreme_hetero_27550,cluster_2061304035_245647208,431.0,10.0,4,9.721735339801246,5.0,5.0,5.0,0.0,0.5,25.0
TRAIN_combined_extreme_hetero_27550,cluster_2061304035_245647208,436.0,5.0,4,8.211050792378437,10.0,5.0,5.0,5.0,0.0,10.0
TRAIN_combined_extreme_hetero_27550,cluster_2061304035_245647208,441.0,5.0,2,11.662042226999986,5.0,10.0,5.0,5.0,0.0,5.0
TRAIN_combined_extreme_hetero_27550,cluster_2061304035_245647208,446.0,5.0,1,0.0,5.0,5.0,10.0,5.0,0.0,0.0
TRAIN_combined_extreme_hetero_27550,cluster_2061304035_245647208,451.0,0.0,1,2.222355001419783,5.0,5.0,5.0,10.0,-0.5,0.0
TRAIN_combined_extreme_hetero_27550,cluster_2061304035_245647208,456.0,0.0,1,34.94890208983534,0.0,5.0,5.0,5.0,-0.25,0.0
TRAIN_combined_extreme_hetero_27550,cluster_2061304035_245647208,461.0,0.0,0,0.0,0.0,0.0,5.0,5.0,-0.25,0.0
TRAIN_combined_extreme_hetero_27550,cluster_2061304035_245647208,466.0,0.0,0,0.0,0.0,0.0,0.0,5.0,-0.25,0.0
TRAIN_combined_extreme_hetero_27550,cluster_2061304035_245647208,471.0,0.0,0,0.0,0.0,0.0,0.0,0.0,0.0,0.0
TRAIN_combined_extreme_hetero_27550,cluster_2061304035_245647208,476.0,0.0,4,47.03687402986047,0.0,0.0,0.0,0.0,0.0,0.0
TRAIN_combined_extreme_hetero_27550,cluster_2061304035_245647208,481.0,5.0,5,5.349619011047852,0.0,0.0,0.0,0.0,0.25,0.0
TRAIN_combined_extreme_hetero_27550,cluster_2061304035_245647208,486.0,25.0,5,0.0006710832438617761,5.0,0.0,0.0,0.0,1.25,5.0
TRAIN_combined_extreme_hetero_27550,cluster_2061304035_245647208,491.0,25.0,5,0.0,25.0,5.0,0.0,0.0,1.25,15.0
TRAIN_combined_extreme_hetero_27550,cluster_2061304035_245647208,496.0,10.0,5,7.150000908251531,25.0,25.0,5.0,0.0,0.5,15.0
TRAIN_combined_extreme_hetero_27550,cluster_2061304035_245647208,501.0,5.0,2,2.5510445549895286,10.0,25.0,25.0,5.0,0.0,20.0
TRAIN_combined_extreme_hetero_27550,cluster_2061304035_245647208,506.0,0.0,1,20.175099377148165,5.0,10.0,25.0,25.0,-1.25,25.0
TRAIN_combined_extreme_hetero_27550,cluster_2061304035_245647208,511.0,0.0,1,23.522345520988814,0.0,5.0,10.0,25.0,-1.25,20.0
TRAIN_combined_extreme_hetero_27550,cluster_2061304035_245647208,516.0,0.0,2,58.01264646584994,0.0,0.0,5.0,10.0,-0.5,40.0
TRAIN_combined_extreme_hetero_27550,cluster_2061304035_245647208,521.0,0.0,2,32.42478250406409,0.0,0.0,0.0,5.0,-0.25,45.0
TRAIN_combined_extreme_hetero_27550,cluster_2061304035_245647208,526.0,0.0,3,38.47286969593264,0.0,0.0,0.0,0.0,0.0,30.0
TRAIN_combined_extreme_hetero_27550,cluster_2061304035_245647208,531.0,0.0,1,15.276714432975828,0.0,0.0,0.0,0.0,0.0,0.0
TRAIN_combined_extreme_hetero_27550,cluster_2061304035_245647208,536.0,0.0,1,18.001639564801007,0.0,0.0,0.0,0.0,0.0,0.0
TRAIN_combined_extreme_hetero_27550,cluster_2061304035_245647208,541.0,0.0,1,0.49597290181167075,0.0,0.0,0.0,0.0,0.0,0.0
TRAIN_combined_extreme_hetero_27550,cluster_2061304035_245647208,546.0,5.0,2,2.6252475105293853,0.0,0.0,0.0,0.0,0.25,0.0
TRAIN_combined_extreme_hetero_27550,cluster_2061304035_245647208,551.0,15.0,3,0.06050328767955324,5.0,0.0,0.0,0.0,0.75,0.0
TRAIN_combined_extreme_hetero_27550,cluster_2061304035_245647208,556.0,15.0,4,11.24880922342354,15.0,5.0,0.0,0.0,0.75,0.0
TRAIN_combined_extreme_hetero_27550,cluster_2061304035_245647208,561.0,20.0,4,0.0,15.0,15.0,5.0,0.0,1.0,0.0
TRAIN_combined_extreme_hetero_27550,cluster_2061304035_245647208,566.0,25.0,6,11.326033655302636,20.0,15.0,15.0,5.0,1.0,0.0
TRAIN_combined_extreme_hetero_27550,cluster_2061304035_245647208,571.0,20.0,8,3.087575203866072,25.0,20.0,15.0,15.0,0.25,0.0
TRAIN_combined_extreme_hetero_27550,cluster_2061304035_245647208,576.0,40.0,9,0.6986203177190887,20.0,25.0,20.0,15.0,1.25,0.0
TRAIN_combined_extreme_hetero_27550,cluster_2061304035_245647208,581.0,45.0,9,0.0006228937602949539,40.0,20.0,25.0,20.0,1.25,0.0
TRAIN_combined_extreme_hetero_27550,cluster_2061304035_245647208,586.0,30.0,8,0.6667876017512754,45.0,40.0,20.0,25.0,0.25,0.0
TRAIN_combined_extreme_hetero_27550,cluster_2061304035_245647208,591.0,0.0,6,12.655985920379171,30.0,45.0,40.0,20.0,-1.0,0.0
TRAIN_combined_extreme_hetero_27550,cluster_2061304035_245647208,596.0,0.0,4,23.03509152374,0.0,30.0,45.0,40.0,-2.0,5.0
TRAIN_combined_extreme_hetero_27550,cluster_2061304035_245647208,601.0,0.0,3,58.967851801311014,0.0,0.0,30.0,45.0,-2.25,20.0
TRAIN_combined_extreme_hetero_27550,cluster_2061304035_245647208,606.0,0.0,2,18.616375372328587,0.0,0.0,0.0,30.0,-1.5,30.0
TRAIN_combined_extreme_hetero_27550,cluster_2061304035_245647208,611.0,0.0,1,19.75473029697832,0.0,0.0,0.0,0.0,0.0,45.0
TRAIN_combined_extreme_hetero_27550,cluster_2061304035_245647208,616.0,0.0,2,17.83534784839619,0.0,0.0,0.0,0.0,0.0,35.0
TRAIN_combined_extreme_hetero_27550,cluster_2061304035_245647208,621.0,0.0,1,16.229314534128786,0.0,0.0,0.0,0.0,0.0,0.0
TRAIN_combined_extreme_hetero_27550,cluster_2061304035_245647208,626.0,0.0,0,0.0,0.0,0.0,0.0,0.0,0.0,0.0
TRAIN_combined_extreme_hetero_27550,cluster_2061304035_245647208,631.0,0.0,0,0.0,0.0,0.0,0.0,0.0,0.0,0.0
TRAIN_combined_extreme_hetero_27550,cluster_2061304035_245647208,636.0,0.0,0,0.0,0.0,0.0,0.0,0.0,0.0,0.0
TRAIN_combined_extreme_hetero_27550,cluster_2061304035_245647208,641.0,0.0,0,0.0,0.0,0.0,0.0,0.0,0.0,0.0
TRAIN_combined_extreme_hetero_27550,cluster_2061304035_245647208,646.0,0.0,0,0.0,0.0,0.0,0.0,0.0,0.0,0.0
TRAIN_combined_extreme_hetero_27550,cluster_2061304035_245647208,651.0,0.0,1,28.31745751747805,0.0,0.0,0.0,0.0,0.0,0.0
TRAIN_combined_extreme_hetero_27550,cluster_2061304035_245647208,656.0,5.0,6,24.42047698032081,0.0,0.0,0.0,0.0,0.25,0.0
TRAIN_combined_extreme_hetero_27550,cluster_2061304035_245647208,661.0,20.0,8,12.973713556119469,5.0,0.0,0.0,0.0,1.0,0.0
TRAIN_combined_extreme_hetero_27550,cluster_2061304035_245647208,666.0,30.0,9,3.490574053769176,20.0,5.0,0.0,0.0,1.5,0.0
TRAIN_combined_extreme_hetero_27550,cluster_2061304035_245647208,671.0,45.0,10,0.14949937695518323,30.0,20.0,5.0,0.0,2.25,0.0
TRAIN_combined_extreme_hetero_27550,cluster_2061304035_245647208,676.0,35.0,8,0.272696096395736,45.0,30.0,20.0,5.0,1.5,0.0
TRAIN_combined_extreme_hetero_27550,cluster_2061304035_245647208,681.0,0.0,4,15.035552519377585,35.0,45.0,30.0,20.0,-1.0,0.0
TRAIN_combined_extreme_hetero_27550,cluster_2061304035_245647208,686.0,0.0,1,83.00185957640616,0.0,35.0,45.0,30.0,-1.5,5.0
TRAIN_combined_extreme_hetero_27550,cluster_2061304035_245647208,691.0,0.0,3,76.82665949489035,0.0,0.0,35.0,45.0,-2.25,5.0
TRAIN_combined_extreme_hetero_27550,cluster_2061304035_245647208,696.0,0.0,0,0.0,0.0,0.0,0.0,35.0,-1.75,5.0
TRAIN_combined_extreme_hetero_27550,cluster_2061304035_245647208,701.0,0.0,0,0.0,0.0,0.0,0.0,0.0,0.0,5.0
TRAIN_combined_extreme_hetero_27550,cluster_2061304035_245647208,706.0,0.0,1,37.70346604571416,0.0,0.0,0.0,0.0,0.0,0.0
TRAIN_combined_extreme_hetero_27550,cluster_2061304035_245647208,711.0,0.0,0,0.0,0.0,0.0,0.0,0.0,0.0,0.0
TRAIN_combined_extreme_hetero_27550,cluster_2061304035_245647208,716.0,0.0,0,0.0,0.0,0.0,0.0,0.0,0.0,0.0
TRAIN_combined_extreme_hetero_27550,cluster_2061304035_245647208,721.0,0.0,0,0.0,0.0,0.0,0.0,0.0,0.0,0.0
TRAIN_combined_extreme_hetero_27550,cluster_2061304035_245647208,726.0,0.0,0,0.0,0.0,0.0,0.0,0.0,0.0,0.0
TRAIN_combined_extreme_hetero_27550,cluster_2061304035_245647208,731.0,0.0,0,0.0,0.0,0.0,0.0,0.0,0.0,0.0
TRAIN_combined_extreme_hetero_27550,cluster_2061304035_245647208,736.0,0.0,3,45.43565375463743,0.0,0.0,0.0,0.0,0.0,0.0
TRAIN_combined_extreme_hetero_27550,cluster_245647168_3238255150_3495323634,16.0,0.0,1,13.097685319297568,0.0,0.0,0.0,0.0,0.0,20.0
TRAIN_combined_extreme_hetero_27550,cluster_245647168_3238255150_3495323634,21.0,5.0,1,0.0003918124317570587,0.0,5.0,5.0,5.0,0.0,20.0
TRAIN_combined_extreme_hetero_27550,cluster_245647168_3238255150_3495323634,26.0,0.0,0,0.0,5.0,0.0,0.0,0.0,0.0,30.0
TRAIN_combined_extreme_hetero_27550,cluster_245647168_3238255150_3495323634,31.0,0.0,0,0.0,0.0,5.0,0.0,0.0,0.0,20.0
TRAIN_combined_extreme_hetero_27550,cluster_245647168_3238255150_3495323634,36.0,0.0,1,28.255257266597994,0.0,0.0,5.0,0.0,0.0,20.0
TRAIN_combined_extreme_hetero_27550,cluster_245647168_3238255150_3495323634,41.0,5.0,1,0.001166194241532267,0.0,0.0,0.0,5.0,0.0,25.0
TRAIN_combined_extreme_hetero_27550,cluster_245647168_3238255150_3495323634,46.0,5.0,1,0.0,5.0,0.0,0.0,0.0,0.0,25.0
TRAIN_combined_extreme_hetero_27550,cluster_245647168_3238255150_3495323634,51.0,5.0,1,0.0,5.0,5.0,0.0,0.0,0.0,35.0
TRAIN_combined_extreme_hetero_27550,cluster_245647168_3238255150_3495323634,56.0,5.0,3,19.85303629008402,5.0,5.0,5.0,0.0,0.0,20.0
TRAIN_combined_extreme_hetero_27550,cluster_245647168_3238255150_3495323634,61.0,10.0,3,0.36458614818791313,5.0,5.0,5.0,5.0,0.0,20.0
TRAIN_combined_extreme_hetero_27550,cluster_245647168_3238255150_3495323634,66.0,15.0,4,16.72000070163152,10.0,5.0,5.0,5.0,0.0,30.0
TRAIN_combined_extreme_hetero_27550,cluster_245647168_3238255150_3495323634,71.0,15.0,4,0.8571088669349575,15.0,10.0,5.0,5.0,0.0,35.0
TRAIN_combined_extreme_hetero_27550,cluster_245647168_3238255150_3495323634,76.0,20.0,6,19.176188105227858,15.0,15.0,10.0,5.0,0.0,25.0
TRAIN_combined_extreme_hetero_27550,cluster_245647168_3238255150_3495323634,81.0,20.0,7,5.265770019470575,20.0,15.0,15.0,10.0,0.0,25.0
TRAIN_combined_extreme_hetero_27550,cluster_245647168_3238255150_3495323634,86.0,30.0,6,6.023974418092687e-05,20.0,20.0,15.0,15.0,0.0,25.0
TRAIN_combined_extreme_hetero_27550,cluster_245647168_3238255150_3495323634,91.0,20.0,5,10.079606308800674,30.0,20.0,20.0,15.0,0.0,25.0
TRAIN_combined_extreme_hetero_27550,cluster_245647168_3238255150_3495323634,96.0,20.0,6,15.546420139861766,20.0,30.0,20.0,20.0,0.0,40.0
TRAIN_combined_extreme_hetero_27550,cluster_245647168_3238255150_3495323634,101.0,25.0,6,13.547668803323063,20.0,20.0,30.0,20.0,0.0,35.0
TRAIN_combined_extreme_hetero_27550,cluster_245647168_3238255150_3495323634,106.0,25.0,7,12.294215760815513,25.0,20.0,20.0,30.0,0.0,45.0
TRAIN_combined_extreme_hetero_27550,cluster_245647168_3238255150_3495323634,111.0,35.0,8,1.6666380171795858,25.0,25.0,20.0,20.0,0.75,60.0
TRAIN_combined_extreme_hetero_27550,cluster_245647168_3238255150_3495323634,116.0,20.0,7,15.712343976232237,35.0,25.0,25.0,20.0,0.0,90.0
TRAIN_combined_extreme_hetero_27550,cluster_245647168_3238255150_3495323634,121.0,20.0,6,14.400381722298835,20.0,35.0,25.0,25.0,-0.25,90.0
TRAIN_combined_extreme_hetero_27550,cluster_245647168_3238255150_3495323634,126.0,30.0,7,6.233597250033947,20.0,20.0,35.0,25.0,0.25,35.0
TRAIN_combined_extreme_hetero_27550,cluster_245647168_3238255150_3495323634,131.0,35.0,7,0.0006168662561380374,30.0,20.0,20.0,35.0,0.0,20.0
TRAIN_combined_extreme_hetero_27550,cluster_245647168_3238255150_3495323634,136.0,25.0,7,6.995691797448819,35.0,30.0,20.0,20.0,0.25,25.0
TRAIN_combined_extreme_hetero_27550,cluster_245647168_3238255150_3495323634,141.0,25.0,6,9.007708362821615,25.0,35.0,30.0,20.0,0.25,35.0
TRAIN_combined_extreme_hetero_27550,cluster_245647168_3238255150_3495323634,146.0,25.0,6,8.46961738584538,25.0,25.0,35.0,30.0,-0.25,55.0
TRAIN_combined_extreme_hetero_27550,cluster_245647168_3238255150_3495323634,151.0,25.0,8,7.570314685097874,25.0,25.0,25.0,35.0,-0.5,65.0
TRAIN_combined_extreme_hetero_27550,cluster_245647168_3238255150_3495323634,156.0,40.0,9,5.884188414698047,25.0,25.0,25.0,25.0,0.75,65.0
TRAIN_combined_extreme_hetero_27550,cluster_245647168_3238255150_3495323634,161.0,35.0,10,8.838168923298856,40.0,25.0,25.0,25.0,0.5,65.0
TRAIN_combined_extreme_hetero_27550,cluster_245647168_3238255150_3495323634,166.0,45.0,16,15.287715078987743,35.0,40.0,25.0,25.0,1.0,55.0
TRAIN_combined_extreme_hetero_27550,cluster_245647168_3238255150_3495323634,171.0,60.0,19,6.797765518550832,45.0,35.0,40.0,25.0,1.75,65.0
TRAIN_combined_extreme_hetero_27550,cluster_245647168_3238255150_3495323634,176.0,90.0,21,3.051118825391018,60.0,45.0,35.0,40.0,2.5,75.0
TRAIN_combined_extreme_hetero_27550,cluster_245647168_3238255150_3495323634,181.0,90.0,22,5.827383157428974,90.0,60.0,45.0,35.0,2.75,85.0
TRAIN_combined_extreme_hetero_27550,cluster_245647168_3238255150_3495323634,186.0,35.0,22,11.689995366080243,90.0,90.0,60.0,45.0,-0.5,95.0
TRAIN_combined_extreme_hetero_27550,cluster_245647168_3238255150_3495323634,191.0,20.0,18,12.486611864475073,35.0,90.0,90.0,60.0,-2.0,100.0
TRAIN_combined_extreme_hetero_27550,cluster_245647168_3238255150_3495323634,196.0,25.0,14,9.23701843149615,20.0,35.0,90.0,90.0,-3.25,105.0
TRAIN_combined_extreme_hetero_27550,cluster_245647168_3238255150_3495323634,201.0,35.0,15,4.8820741321933125,25.0,20.0,35.0,90.0,-2.75,120.0
TRAIN_combined_extreme_hetero_27550,cluster_245647168_3238255150_3495323634,206.0,55.0,13,0.46350974815236357,35.0,25.0,20.0,35.0,1.0,120.0
TRAIN_combined_extreme_hetero_27550,cluster_245647168_3238255150_3495323634,211.0,65.0,14,1.6528010468018293,55.0,35.0,25.0,20.0,2.25,110.0
TRAIN_combined_extreme_hetero_27550,cluster_245647168_3238255150_3495323634,216.0,65.0,13,3.827940508618576e-05,65.0,55.0,35.0,25.0,2.0,55.0
TRAIN_combined_extreme_hetero_27550,cluster_245647168_3238255150_3495323634,221.0,65.0,13,0.0,65.0,65.0,55.0,35.0,1.5,15.0
TRAIN_combined_extreme_hetero_27550,cluster_245647168_3238255150_3495323634,226.0,55.0,14,7.282617142026895,65.0,65.0,65.0,55.0,0.0,0.0
TRAIN_combined_extreme_hetero_27550,cluster_245647168_3238255150_3495323634,231.0,65.0,15,1.6014542798215055,55.0,65.0,65.0,65.0,0.0,15.0
TRAIN_combined_extreme_hetero_27550,cluster_245647168_3238255150_3495323634,236.0,75.0,17,2.6864706020244906,65.0,55.0,65.0,65.0,0.5,40.0
TRAIN_combined_extreme_hetero_27550,cluster_245647168_3238255150_3495323634,241.0,85.0,19,3.943486126916571,75.0,65.0,55.0,65.0,1.0,75.0
TRAIN_combined_extreme_hetero_27550,cluster_245647168_3238255150_3495323634,246.0,95.0,19,0.00195184426700626,85.0,75.0,65.0,55.0,2.0,100.0
TRAIN_combined_extreme_hetero_27550,cluster_245647168_3238255150_3495323634,251.0,100.0,23,7.5604276130954435,95.0,85.0,75.0,65.0,1.75,120.0
TRAIN_combined_extreme_hetero_27550,cluster_245647168_3238255150_3495323634,256.0,105.0,24,1.1979333283138116,100.0,95.0,85.0,75.0,1.5,110.0
TRAIN_combined_extreme_hetero_27550,cluster_245647168_3238255150_3495323634,261.0,120.0,24,0.0,105.0,100.0,95.0,85.0,1.75,110.0
TRAIN_combined_extreme_hetero_27550,cluster_245647168_3238255150_3495323634,266.0,120.0,25,0.02309352291542276,120.0,105.0,100.0,95.0,1.25,110.0
TRAIN_combined_extreme_hetero_27550,cluster_245647168_3238255150_3495323634,271.0,110.0,24,2.311824744502432,120.0,120.0,105.0,100.0,0.5,110.0
TRAIN_combined_extreme_hetero_27550,cluster_245647168_3238255150_3495323634,276.0,55.0,23,6.236014236226137,110.0,120.0,120.0,105.0,-2.5,115.0
TRAIN_combined_extreme_hetero_27550,cluster_245647168_3238255150_3495323634,281.0,15.0,16,8.984651368344364,55.0,110.0,120.0,120.0,-5.25,120.0
TRAIN_combined_extreme_hetero_27550,cluster_245647168_3238255150_3495323634,286.0,0.0,13,12.810066124610891,15.0,55.0,110.0,120.0,-6.0,120.0
TRAIN_combined_extreme_hetero_27550,cluster_245647168_3238255150_3495323634,291.0,15.0,15,9.43796461739994,0.0,15.0,55.0,110.0,-4.75,135.0
TRAIN_combined_extreme_hetero_27550,cluster_245647168_3238255150_3495323634,296.0,40.0,17,4.1037843263974825,15.0,0.0,15.0,55.0,-0.75,140.0
TRAIN_combined_extreme_hetero_27550,cluster_245647168_3238255150_3495323634,301.0,75.0,25,9.776392285804283,40.0,15.0,0.0,15.0,3.0,140.0
TRAIN_combined_extreme_hetero_27550,cluster_245647168_3238255150_3495323634,306.0,100.0,24,1.486822255565301,75.0,40.0,15.0,0.0,5.0,70.0
TRAIN_combined_extreme_hetero_27550,cluster_245647168_3238255150_3495323634,311.0,120.0,24,0.0036527642959356516,100.0,75.0,40.0,15.0,5.25,25.0
TRAIN_combined_extreme_hetero_27550,cluster_245647168_3238255150_3495323634,316.0,110.0,23,0.37750811730033507,120.0,100.0,75.0,40.0,3.5,40.0
TRAIN_combined_extreme_hetero_27550,cluster_245647168_3238255150_3495323634,321.0,110.0,22,5.073470647826368e-05,110.0,120.0,100.0,75.0,1.75,65.0
TRAIN_combined_extreme_hetero_27550,cluster_245647168_3238255150_3495323634,326.0,110.0,23,2.0593926600511754,110.0,110.0,120.0,100.0,0.5,100.0
TRAIN_combined_extreme_hetero_27550,cluster_245647168_3238255150_3495323634,331.0,110.0,26,7.2280170954517455,110.0,110.0,110.0,120.0,-0.5,135.0
TRAIN_combined_extreme_hetero_27550,cluster_245647168_3238255150_3495323634,336.0,115.0,26,1.7620024455891283,110.0,110.0,110.0,110.0,0.25,145.0
TRAIN_combined_extreme_hetero_27550,cluster_245647168_3238255150_3495323634,341.0,120.0,26,4.810276453021197,115.0,110.0,110.0,110.0,0.5,150.0
TRAIN_combined_extreme_hetero_27550,cluster_245647168_3238255150_3495323634,346.0,120.0,27,3.02344492810327,120.0,115.0,110.0,110.0,0.5,145.0
TRAIN_combined_extreme_hetero_27550,cluster_245647168_3238255150_3495323634,351.0,135.0,29,2.839997696671029,120.0,120.0,115.0,110.0,1.25,145.0
TRAIN_combined_extreme_hetero_27550,cluster_245647168_3238255150_3495323634,356.0,140.0,31,3.263793210601213,135.0,120.0,120.0,115.0,1.25,145.0
TRAIN_combined_extreme_hetero_27550,cluster_245647168_3238255150_3495323634,361.0,140.0,33,3.5313863782014514,140.0,135.0,120.0,120.0,1.0,150.0
TRAIN_combined_extreme_hetero_27550,cluster_245647168_3238255150_3495323634,366.0,70.0,29,3.349506873033906,140.0,140.0,135.0,120.0,-2.5,155.0
TRAIN_combined_extreme_hetero_27550,cluster_245647168_3238255150_3495323634,371.0,25.0,25,10.798391748010312,70.0,140.0,140.0,135.0,-5.5,155.0
TRAIN_combined_extreme_hetero_27550,cluster_245647168_3238255150_3495323634,376.0,40.0,23,9.733341217608308,25.0,70.0,140.0,140.0,-5.0,155.0
TRAIN_combined_extreme_hetero_27550,cluster_245647168_3238255150_3495323634,381.0,65.0,26,5.507682361275269,40.0,25.0,70.0,140.0,-3.75,160.0
TRAIN_combined_extreme_hetero_27550,cluster_245647168_3238255150_3495323634,386.0,100.0,29,2.8798696775012758,65.0,40.0,25.0,70.0,1.5,170.0
TRAIN_combined_extreme_hetero_27550,cluster_245647168_3238255150_3495323634,391.0,135.0,29,0.25587576822192853,100.0,65.0,40.0,25.0,5.5,160.0
TRAIN_combined_extreme_hetero_27550,cluster_245647168_3238255150_3495323634,396.0,145.0,30,0.13040714974163772,135.0,100.0,65.0,40.0,5.25,85.0
TRAIN_combined_extreme_hetero_27550,cluster_245647168_3238255150_3495323634,401.0,150.0,31,0.9497490356348787,145.0,135.0,100.0,65.0,4.25,35.0
TRAIN_combined_extreme_hetero_27550,cluster_245647168_3238255150_3495323634,406.0,145.0,31,0.2366958025516577,150.0,145.0,135.0,100.0,2.25,30.0
TRAIN_combined_extreme_hetero_27550,cluster_245647168_3238255150_3495323634,411.0,145.0,30,0.3689950342911688,145.0,150.0,145.0,135.0,0.5,35.0
TRAIN_combined_extreme_hetero_27550,cluster_245647168_3238255150_3495323634,416.0,145.0,30,0.9855805116803636,145.0,145.0,150.0,145.0,0.0,75.0
TRAIN_combined_extreme_hetero_27550,cluster_245647168_3238255150_3495323634,421.0,150.0,32,2.7317892039206386,145.0,145.0,145.0,150.0,0.0,125.0
TRAIN_combined_extreme_hetero_27550,cluster_245647168_3238255150_3495323634,426.0,155.0,36,3.8725564980018286,150.0,145.0,145.0,145.0,0.5,160.0
TRAIN_combined_extreme_hetero_27550,cluster_245647168_3238255150_3495323634,431.0,155.0,34,0.47375205600867376,155.0,150.0,145.0,145.0,0.5,170.0
TRAIN_combined_extreme_hetero_27550,cluster_245647168_3238255150_3495323634,436.0,155.0,34,3.2549953899112127,155.0,155.0,150.0,145.0,0.5,180.0
TRAIN_combined_extreme_hetero_27550,cluster_245647168_3238255150_3495323634,441.0,160.0,36,1.5882263907117902,155.0,155.0,155.0,150.0,0.5,180.0
TRAIN_combined_extreme_hetero_27550,cluster_245647168_3238255150_3495323634,446.0,170.0,38,1.2593707860306655,160.0,155.0,155.0,155.0,0.75,180.0
TRAIN_combined_extreme_hetero_27550,cluster_245647168_3238255150_3495323634,451.0,160.0,37,1.6690154663758412,170.0,160.0,155.0,155.0,0.25,180.0
TRAIN_combined_extreme_hetero_27550,cluster_245647168_3238255150_3495323634,456.0,85.0,33,3.5001330132093966,160.0,170.0,160.0,155.0,-3.5,185.0
TRAIN_combined_extreme_hetero_27550,cluster_245647168_3238255150_3495323634,461.0,35.0,26,6.329064497551402,85.0,160.0,170.0,160.0,-6.25,185.0
TRAIN_combined_extreme_hetero_27550,cluster_245647168_3238255150_3495323634,466.0,30.0,25,9.804675935064019,35.0,85.0,160.0,170.0,-7.0,190.0
TRAIN_combined_extreme_hetero_27550,cluster_245647168_3238255150_3495323634,471.0,35.0,27,8.25823866523468,30.0,35.0,85.0,160.0,-6.25,195.0
TRAIN_combined_extreme_hetero_27550,cluster_245647168_3238255150_3495323634,476.0,75.0,31,6.549697191072096,35.0,30.0,35.0,85.0,-0.5,205.0
TRAIN_combined_extreme_hetero_27550,cluster_245647168_3238255150_3495323634,481.0,125.0,33,3.426629945723026,75.0,35.0,30.0,35.0,4.5,190.0
TRAIN_combined_extreme_hetero_27550,cluster_245647168_3238255150_3495323634,486.0,160.0,35,2.044954832150046,125.0,75.0,35.0,30.0,6.5,115.0
TRAIN_combined_extreme_hetero_27550,cluster_245647168_3238255150_3495323634,491.0,170.0,36,1.3773197774641295,160.0,125.0,75.0,35.0,6.75,25.0
TRAIN_combined_extreme_hetero_27550,cluster_245647168_3238255150_3495323634,496.0,180.0,37,1.624736396451696,170.0,160.0,125.0,75.0,5.25,20.0
TRAIN_combined_extreme_hetero_27550,cluster_245647168_3238255150_3495323634,501.0,180.0,36,0.0,180.0,170.0,160.0,125.0,2.75,40.0
TRAIN_combined_extreme_hetero_27550,cluster_245647168_3238255150_3495323634,506.0,180.0,37,1.9741540613224473,180.0,180.0,170.0,160.0,1.0,85.0
TRAIN_combined_extreme_hetero_27550,cluster_245647168_3238255150_3495323634,511.0,180.0,37,0.02517730106847428,180.0,180.0,180.0,170.0,0.5,125.0
TRAIN_combined_extreme_hetero_27550,cluster_245647168_3238255150_3495323634,516.0,185.0,38,1.3903765353891528,180.0,180.0,180.0,180.0,0.25,175.0
TRAIN_combined_extreme_hetero_27550,cluster_245647168_3238255150_3495323634,521.0,185.0,39,1.4020256659251038,185.0,180.0,180.0,180.0,0.25,180.0
TRAIN_combined_extreme_hetero_27550,cluster_245647168_3238255150_3495323634,526.0,190.0,40,1.1120238924263992,185.0,185.0,180.0,180.0,0.5,185.0
TRAIN_combined_extreme_hetero_27550,cluster_245647168_3238255150_3495323634,531.0,195.0,42,1.6126919320723128,190.0,185.0,185.0,180.0,0.75,185.0
TRAIN_combined_extreme_hetero_27550,cluster_245647168_3238255150_3495323634,536.0,205.0,42,0.04978690920588153,195.0,190.0,185.0,185.0,1.0,190.0
TRAIN_combined_extreme_hetero_27550,cluster_245647168_3238255150_3495323634,541.0,190.0,40,0.10093556639695744,205.0,195.0,190.0,185.0,0.25,190.0
TRAIN_combined_extreme_hetero_27550,cluster_245647168_3238255150_3495323634,546.0,115.0,36,4.684279765613306,190.0,205.0,195.0,190.0,-3.75,190.0
TRAIN_combined_extreme_hetero_27550,cluster_245647168_3238255150_3495323634,551.0,25.0,30,10.068048545552864,115.0,190.0,205.0,195.0,-8.5,165.0
TRAIN_combined_extreme_hetero_27550,cluster_245647168_3238255150_3495323634,556.0,20.0,23,13.001976283266385,25.0,115.0,190.0,205.0,-9.25,180.0
TRAIN_combined_extreme_hetero_27550,cluster_245647168_3238255150_3495323634,561.0,40.0,25,8.247258432709588,20.0,25.0,115.0,190.0,-7.5,185.0
TRAIN_combined_extreme_hetero_27550,cluster_245647168_3238255150_3495323634,566.0,85.0,30,6.844828085336064,40.0,20.0,25.0,115.0,-1.5,190.0
TRAIN_combined_extreme_hetero_27550,cluster_245647168_3238255150_3495323634,571.0,125.0,35,3.5971316330890732,85.0,40.0,20.0,25.0,5.0,180.0
TRAIN_combined_extreme_hetero_27550,cluster_245647168_3238255150_3495323634,576.0,175.0,37,1.0090671004127927,125.0,85.0,40.0,20.0,7.75,85.0
TRAIN_combined_extreme_hetero_27550,cluster_245647168_3238255150_3495323634,581.0,180.0,39,1.2676265182752784,175.0,125.0,85.0,40.0,7.0,10.0
TRAIN_combined_extreme_hetero_27550,cluster_245647168_3238255150_3495323634,586.0,185.0,38,0.326769903347135,180.0,175.0,125.0,85.0,5.0,5.0
TRAIN_combined_extreme_hetero_27550,cluster_245647168_3238255150_3495323634,591.0,185.0,38,0.8921555046461369,185.0,180.0,175.0,125.0,3.0,30.0
TRAIN_combined_extreme_hetero_27550,cluster_245647168_3238255150_3495323634,596.0,190.0,38,0.004527696232874644,185.0,185.0,180.0,175.0,0.75,70.0
TRAIN_combined_extreme_hetero_27550,cluster_245647168_3238255150_3495323634,601.0,190.0,38,0.0,190.0,185.0,185.0,180.0,0.5,110.0
TRAIN_combined_extreme_hetero_27550,cluster_245647168_3238255150_3495323634,606.0,190.0,38,0.0,190.0,190.0,185.0,185.0,0.25,150.0
TRAIN_combined_extreme_hetero_27550,cluster_245647168_3238255150_3495323634,611.0,165.0,39,2.717246902787988,190.0,190.0,190.0,185.0,-1.0,160.0
TRAIN_combined_extreme_hetero_27550,cluster_245647168_3238255150_3495323634,616.0,180.0,39,2.051008353857633,165.0,190.0,190.0,190.0,-0.5,165.0
TRAIN_combined_extreme_hetero_27550,cluster_245647168_3238255150_3495323634,621.0,185.0,39,1.7433542660588814,180.0,165.0,190.0,190.0,-0.25,165.0
TRAIN_combined_extreme_hetero_27550,cluster_245647168_3238255150_3495323634,626.0,190.0,40,0.05805374697521723,185.0,180.0,165.0,190.0,0.0,165.0
TRAIN_combined_extreme_hetero_27550,cluster_245647168_3238255150_3495323634,631.0,180.0,37,0.049219156436454345,190.0,185.0,180.0,165.0,0.75,165.0
TRAIN_combined_extreme_hetero_27550,cluster_245647168_3238255150_3495323634,636.0,85.0,31,3.0824135524637857,180.0,190.0,185.0,180.0,-4.75,165.0
TRAIN_combined_extreme_hetero_27550,cluster_245647168_3238255150_3495323634,641.0,10.0,24,9.402057843594273,85.0,180.0,190.0,185.0,-8.75,165.0
TRAIN_combined_extreme_hetero_27550,cluster_245647168_3238255150_3495323634,646.0,5.0,17,19.117752340584968,10.0,85.0,180.0,190.0,-9.25,165.0
TRAIN_combined_extreme_hetero_27550,cluster_245647168_3238255150_3495323634,651.0,30.0,20,10.200710988721616,5.0,10.0,85.0,180.0,-7.5,170.0
TRAIN_combined_extreme_hetero_27550,cluster_245647168_3238255150_3495323634,656.0,70.0,25,6.930409822228636,30.0,5.0,10.0,85.0,-0.75,170.0
TRAIN_combined_extreme_hetero_27550,cluster_245647168_3238255150_3495323634,661.0,110.0,31,6.002382410109924,70.0,30.0,5.0,10.0,5.0,150.0
TRAIN_combined_extreme_hetero_27550,cluster_245647168_3238255150_3495323634,666.0,150.0,33,1.2957364321430078,110.0,70.0,30.0,5.0,7.25,60.0
TRAIN_combined_extreme_hetero_27550,cluster_245647168_3238255150_3495323634,671.0,160.0,33,0.20253487963592504,150.0,110.0,70.0,30.0,6.5,10.0
TRAIN_combined_extreme_hetero_27550,cluster_245647168_3238255150_3495323634,676.0,165.0,33,7.201771198619998e-05,160.0,150.0,110.0,70.0,4.75,15.0
TRAIN_combined_extreme_hetero_27550,cluster_245647168_3238255150_3495323634,681.0,165.0,33,0.0,165.0,160.0,150.0,110.0,2.75,40.0
TRAIN_combined_extreme_hetero_27550,cluster_245647168_3238255150_3495323634,686.0,165.0,33,0.0,165.0,165.0,160.0,150.0,0.75,65.0
TRAIN_combined_extreme_hetero_27550,cluster_245647168_3238255150_3495323634,691.0,165.0,33,0.0,165.0,165.0,165.0,160.0,0.25,115.0
TRAIN_combined_extreme_hetero_27550,cluster_245647168_3238255150_3495323634,696.0,165.0,34,0.3706956262862087,165.0,165.0,165.0,165.0,0.0,145.0
TRAIN_combined_extreme_hetero_27550,cluster_245647168_3238255150_3495323634,701.0,165.0,33,0.0004987532981903635,165.0,165.0,165.0,165.0,0.0,170.0
TRAIN_combined_extreme_hetero_27550,cluster_245647168_3238255150_3495323634,706.0,165.0,34,1.1193059082523125,165.0,165.0,165.0,165.0,0.0,170.0
TRAIN_combined_extreme_hetero_27550,cluster_245647168_3238255150_3495323634,711.0,170.0,34,0.0013348664868222423,165.0,165.0,165.0,165.0,0.25,170.0
TRAIN_combined_extreme_hetero_27550,cluster_245647168_3238255150_3495323634,716.0,170.0,34,0.0,170.0,165.0,165.0,165.0,0.25,170.0
TRAIN_combined_extreme_hetero_27550,cluster_245647168_3238255150_3495323634,721.0,150.0,31,0.10142476053968552,170.0,170.0,165.0,165.0,-0.75,170.0
TRAIN_combined_extreme_hetero_27550,cluster_245647168_3238255150_3495323634,726.0,60.0,26,4.449408556221693,150.0,170.0,170.0,165.0,-5.25,170.0
TRAIN_combined_extreme_hetero_27550,cluster_245647168_3238255150_3495323634,731.0,10.0,20,8.264172547355365,60.0,150.0,170.0,170.0,-8.0,160.0
TRAIN_combined_extreme_hetero_27550,cluster_245647168_3238255150_3495323634,736.0,15.0,18,14.607908124412294,10.0,60.0,150.0,170.0,-7.75,160.0
TRAIN_combined_high_heavy_66931,cluster_13546492148_1838721956,16.0,0.0,0,0.0,0.0,0.0,0.0,0.0,0.0,0.0
TRAIN_combined_high_heavy_66931,cluster_13546492148_1838721956,21.0,0.0,0,0.0,0.0,0.0,0.0,0.0,0.0,0.0
TRAIN_combined_high_heavy_66931,cluster_13546492148_1838721956,26.0,0.0,0,0.0,0.0,0.0,0.0,0.0,0.0,0.0
TRAIN_combined_high_heavy_66931,cluster_13546492148_1838721956,31.0,0.0,0,0.0,0.0,0.0,0.0,0.0,0.0,5.0
TRAIN_combined_high_heavy_66931,cluster_13546492148_1838721956,36.0,0.0,0,0.0,0.0,0.0,0.0,0.0,0.0,5.0
TRAIN_combined_high_heavy_66931,cluster_13546492148_1838721956,41.0,0.0,0,0.0,0.0,0.0,0.0,0.0,0.0,5.0
TRAIN_combined_high_heavy_66931,cluster_13546492148_1838721956,46.0,0.0,0,0.0,0.0,0.0,0.0,0.0,0.0,5.0
TRAIN_combined_high_heavy_66931,cluster_13546492148_1838721956,51.0,0.0,0,0.0,0.0,0.0,0.0,0.0,0.0,5.0
TRAIN_combined_high_heavy_66931,cluster_13546492148_1838721956,56.0,0.0,0,0.0,0.0,0.0,0.0,0.0,0.0,5.0
TRAIN_combined_high_heavy_66931,cluster_13546492148_1838721956,61.0,0.0,0,0.0,0.0,0.0,0.0,0.0,0.0,5.0
TRAIN_combined_high_heavy_66931,cluster_13546492148_1838721956,66.0,0.0,0,0.0,0.0,0.0,0.0,0.0,0.0,5.0
TRAIN_combined_high_heavy_66931,cluster_13546492148_1838721956,71.0,0.0,0,0.0,0.0,0.0,0.0,0.0,0.0,5.0
TRAIN_combined_high_heavy_66931,cluster_13546492148_1838721956,76.0,0.0,0,0.0,0.0,0.0,0.0,0.0,0.0,0.0
TRAIN_combined_high_heavy_66931,cluster_13546492148_1838721956,81.0,0.0,0,0.0,0.0,0.0,0.0,0.0,0.0,5.0
TRAIN_combined_high_heavy_66931,cluster_13546492148_1838721956,86.0,0.0,0,0.0,0.0,0.0,0.0,0.0,0.0,5.0
TRAIN_combined_high_heavy_66931,cluster_13546492148_1838721956,91.0,5.0,1,0.19769258203960266,0.0,0.0,0.0,0.0,0.0,5.0
TRAIN_combined_high_heavy_66931,cluster_13546492148_1838721956,96.0,5.0,1,0.0,5.0,0.0,0.0,0.0,0.0,5.0
TRAIN_combined_high_heavy_66931,cluster_13546492148_1838721956,101.0,5.0,1,0.0,5.0,5.0,0.0,0.0,0.0,5.0
TRAIN_combined_high_heavy_66931,cluster_13546492148_1838721956,106.0,5.0,1,0.0,5.0,5.0,5.0,0.0,0.0,5.0
TRAIN_combined_high_heavy_66931,cluster_13546492148_1838721956,111.0,5.0,1,0.0,5.0,5.0,5.0,5.0,0.0,10.0
TRAIN_combined_high_heavy_66931,cluster_13546492148_1838721956,116.0,5.0,1,0.0,5.0,5.0,5.0,5.0,0.0,15.0
TRAIN_combined_high_heavy_66931,cluster_13546492148_1838721956,121.0,5.0,1,0.0,5.0,5.0,5.0,5.0,0.0,5.0
TRAIN_combined_high_heavy_66931,cluster_13546492148_1838721956,126.0,5.0,1,0.0,5.0,5.0,5.0,5.0,0.0,0.0
TRAIN_combined_high_heavy_66931,cluster_13546492148_1838721956,131.0,5.0,1,0.0,5.0,5.0,5.0,5.0,0.0,0.0
TRAIN_combined_high_heavy_66931,cluster_13546492148_1838721956,136.0,0.0,1,0.49035341295143525,5.0,5.0,5.0,5.0,-0.25,0.0
TRAIN_combined_high_heavy_66931,cluster_13546492148_1838721956,141.0,5.0,1,0.0013915922392502783,0.0,5.0,5.0,5.0,0.0,0.0
TRAIN_combined_high_heavy_66931,cluster_13546492148_1838721956,146.0,5.0,1,0.0,5.0,0.0,5.0,5.0,0.0,5.0
TRAIN_combined_high_heavy_66931,cluster_13546492148_1838721956,151.0,5.0,1,0.0,5.0,5.0,0.0,5.0,0.0,5.0
TRAIN_combined_high_heavy_66931,cluster_13546492148_1838721956,156.0,5.0,1,0.0,5.0,5.0,5.0,0.0,0.25,5.0
TRAIN_combined_high_heavy_66931,cluster_13546492148_1838721956,161.0,5.0,1,0.0,5.0,5.0,5.0,5.0,0.0,10.0
TRAIN_combined_high_heavy_66931,cluster_13546492148_1838721956,166.0,5.0,1,0.0,5.0,5.0,5.0,5.0,0.0,0.0
TRAIN_combined_high_heavy_66931,cluster_13546492148_1838721956,171.0,10.0,2,0.11675857972573608,5.0,5.0,5.0,5.0,0.25,0.0
TRAIN_combined_high_heavy_66931,cluster_13546492148_1838721956,176.0,15.0,3,0.017039612824615115,10.0,5.0,5.0,5.0,0.5,0.0
TRAIN_combined_high_heavy_66931,cluster_13546492148_1838721956,181.0,5.0,1,0.049347836881694626,15.0,10.0,5.0,5.0,0.0,5.0
TRAIN_combined_high_heavy_66931,cluster_13546492148_1838721956,186.0,0.0,0,0.0,5.0,15.0,10.0,5.0,-0.25,5.0
TRAIN_combined_high_heavy_66931,cluster_13546492148_1838721956,191.0,0.0,0,0.0,0.0,5.0,15.0,10.0,-0.5,5.0
TRAIN_combined_high_heavy_66931,cluster_13546492148_1838721956,196.0,0.0,0,0.0,0.0,0.0,5.0,15.0,-0.75,5.0
TRAIN_combined_high_heavy_66931,cluster_13546492148_1838721956,201.0,0.0,0,0.0,0.0,0.0,0.0,5.0,-0.25,5.0
TRAIN_combined_high_heavy_66931,cluster_13546492148_1838721956,206.0,5.0,1,0.038464462412206586,0.0,0.0,0.0,0.0,0.25,5.0
TRAIN_combined_high_heavy_66931,cluster_13546492148_1838721956,211.0,5.0,1,0.0,5.0,0.0,0.0,0.0,0.25,0.0
TRAIN_combined_high_heavy_66931,cluster_13546492148_1838721956,216.0,5.0,2,0.43433924577183075,5.0,5.0,0.0,0.0,0.25,0.0
TRAIN_combined_high_heavy_66931,cluster_13546492148_1838721956,221.0,10.0,2,0.0,5.0,5.0,5.0,0.0,0.5,0.0
TRAIN_combined_high_heavy_66931,cluster_13546492148_1838721956,226.0,0.0,0,0.0,10.0,5.0,5.0,5.0,-0.25,0.0
TRAIN_combined_high_heavy_66931,cluster_13546492148_1838721956,231.0,0.0,0,0.0,0.0,10.0,5.0,5.0,-0.25,0.0
TRAIN_combined_high_heavy_66931,cluster_13546492148_1838721956,236.0,0.0,1,17.95938690452262,0.0,0.0,10.0,5.0,-0.25,5.0
TRAIN_combined_high_heavy_66931,cluster_13546492148_1838721956,241.0,5.0,1,0.019949687908396324,0.0,0.0,0.0,10.0,-0.25,5.0
TRAIN_combined_high_heavy_66931,cluster_13546492148_1838721956,246.0,5.0,1,0.0,5.0,0.0,0.0,0.0,0.25,5.0
TRAIN_combined_high_heavy_66931,cluster_13546492148_1838721956,251.0,5.0,1,0.0,5.0,5.0,0.0,0.0,0.25,10.0
TRAIN_combined_high_heavy_66931,cluster_13546492148_1838721956,256.0,5.0,1,0.0,5.0,5.0,5.0,0.0,0.25,0.0
TRAIN_combined_high_heavy_66931,cluster_13546492148_1838721956,261.0,5.0,2,26.140581568842755,5.0,5.0,5.0,5.0,0.0,0.0
TRAIN_combined_high_heavy_66931,cluster_13546492148_1838721956,266.0,5.0,1,0.0,5.0,5.0,5.0,5.0,0.0,0.0
TRAIN_combined_high_heavy_66931,cluster_13546492148_1838721956,271.0,0.0,0,0.0,5.0,5.0,5.0,5.0,-0.25,5.0
TRAIN_combined_high_heavy_66931,cluster_13546492148_1838721956,276.0,0.0,0,0.0,0.0,5.0,5.0,5.0,-0.25,5.0
TRAIN_combined_high_heavy_66931,cluster_13546492148_1838721956,281.0,0.0,0,0.0,0.0,0.0,5.0,5.0,-0.25,10.0
TRAIN_combined_high_heavy_66931,cluster_13546492148_1838721956,286.0,0.0,0,0.0,0.0,0.0,0.0,5.0,-0.25,10.0
TRAIN_combined_high_heavy_66931,cluster_13546492148_1838721956,291.0,0.0,1,21.661395811707187,0.0,0.0,0.0,0.0,0.0,15.0
TRAIN_combined_high_heavy_66931,cluster_13546492148_1838721956,296.0,5.0,1,0.011082132885544927,0.0,0.0,0.0,0.0,0.25,15.0
TRAIN_combined_high_heavy_66931,cluster_13546492148_1838721956,301.0,5.0,1,0.0,5.0,0.0,0.0,0.0,0.25,0.0
TRAIN_combined_high_heavy_66931,cluster_13546492148_1838721956,306.0,5.0,1,0.0,5.0,5.0,0.0,0.0,0.25,0.0
TRAIN_combined_high_heavy_66931,cluster_13546492148_1838721956,311.0,10.0,2,0.014354320235890276,5.0,5.0,5.0,0.0,0.5,0.0
TRAIN_combined_high_heavy_66931,cluster_13546492148_1838721956,316.0,0.0,0,0.0,10.0,5.0,5.0,5.0,-0.25,5.0
TRAIN_combined_high_heavy_66931,cluster_13546492148_1838721956,321.0,0.0,0,0.0,0.0,10.0,5.0,5.0,-0.25,5.0
TRAIN_combined_high_heavy_66931,cluster_13546492148_1838721956,326.0,0.0,0,0.0,0.0,0.0,10.0,5.0,-0.25,5.0
TRAIN_combined_high_heavy_66931,cluster_13546492148_1838721956,331.0,5.0,1,0.11471188505251673,0.0,0.0,0.0,10.0,-0.25,5.0
TRAIN_combined_high_heavy_66931,cluster_13546492148_1838721956,336.0,5.0,2,0.19571898321214712,5.0,0.0,0.0,0.0,0.25,5.0
TRAIN_combined_high_heavy_66931,cluster_13546492148_1838721956,341.0,10.0,2,0.0005530430327009286,5.0,5.0,0.0,0.0,0.5,5.0
TRAIN_combined_high_heavy_66931,cluster_13546492148_1838721956,346.0,10.0,3,2.2336793428385278,10.0,5.0,5.0,0.0,0.5,5.0
TRAIN_combined_high_heavy_66931,cluster_13546492148_1838721956,351.0,15.0,3,0.0001645824339815739,10.0,10.0,5.0,5.0,0.5,10.0
TRAIN_combined_high_heavy_66931,cluster_13546492148_1838721956,356.0,15.0,3,0.0,15.0,10.0,10.0,5.0,0.5,10.0
TRAIN_combined_high_heavy_66931,cluster_13546492148_1838721956,361.0,0.0,0,0.0,15.0,15.0,10.0,10.0,-0.5,15.0
TRAIN_combined_high_heavy_66931,cluster_13546492148_1838721956,366.0,0.0,0,0.0,0.0,15.0,15.0,10.0,-0.5,15.0
TRAIN_combined_high_heavy_66931,cluster_13546492148_1838721956,371.0,0.0,1,6.116793037224624,0.0,0.0,15.0,15.0,-0.75,15.0
TRAIN_combined_high_heavy_66931,cluster_13546492148_1838721956,376.0,5.0,1,0.0,0.0,0.0,0.0,15.0,-0.5,15.0
TRAIN_combined_high_heavy_66931,cluster_13546492148_1838721956,381.0,5.0,1,0.0,5.0,0.0,0.0,0.0,0.25,15.0
TRAIN_combined_high_heavy_66931,cluster_13546492148_1838721956,386.0,5.0,1,0.0,5.0,5.0,0.0,0.0,0.25,15.0
TRAIN_combined_high_heavy_66931,cluster_13546492148_1838721956,391.0,5.0,1,0.0,5.0,5.0,5.0,0.0,0.25,0.0
TRAIN_combined_high_heavy_66931,cluster_13546492148_1838721956,396.0,5.0,1,0.0,5.0,5.0,5.0,5.0,0.0,0.0
TRAIN_combined_high_heavy_66931,cluster_13546492148_1838721956,401.0,5.0,2,13.276277257521123,5.0,5.0,5.0,5.0,0.0,0.0
TRAIN_combined_high_heavy_66931,cluster_13546492148_1838721956,406.0,5.0,1,0.0,5.0,5.0,5.0,5.0,0.0,0.0
TRAIN_combined_high_heavy_66931,cluster_13546492148_1838721956,411.0,10.0,2,0.011243904059536307,5.0,5.0,5.0,5.0,0.25,0.0
TRAIN_combined_high_heavy_66931,cluster_13546492148_1838721956,416.0,10.0,3,8.866300804933108,10.0,5.0,5.0,5.0,0.25,0.0
TRAIN_combined_high_heavy_66931,cluster_13546492148_1838721956,421.0,15.0,3,0.011702455235396212,10.0,10.0,5.0,5.0,0.5,0.0
TRAIN_combined_high_heavy_66931,cluster_13546492148_1838721956,426.0,15.0,3,0.0,15.0,10.0,10.0,5.0,0.5,0.0
TRAIN_combined_high_heavy_66931,cluster_13546492148_1838721956,431.0,15.0,3,0.0,15.0,15.0,10.0,10.0,0.25,5.0
TRAIN_combined_high_heavy_66931,cluster_13546492148_1838721956,436.0,15.0,3,0.0,15.0,15.0,15.0,10.0,0.25,0.0
TRAIN_combined_high_heavy_66931,cluster_13546492148_1838721956,441.0,15.0,3,0.0,15.0,15.0,15.0,15.0,0.0,0.0
TRAIN_combined_high_heavy_66931,cluster_13546492148_1838721956,446.0,15.0,3,0.0,15.0,15.0,15.0,15.0,0.0,0.0
TRAIN_combined_high_heavy_66931,cluster_13546492148_1838721956,451.0,0.0,0,0.0,15.0,15.0,15.0,15.0,-0.75,0.0
TRAIN_combined_high_heavy_66931,cluster_13546492148_1838721956,456.0,0.0,0,0.0,0.0,15.0,15.0,15.0,-0.75,5.0
TRAIN_combined_high_heavy_66931,cluster_13546492148_1838721956,461.0,0.0,0,0.0,0.0,0.0,15.0,15.0,-0.75,10.0
TRAIN_combined_high_heavy_66931,cluster_13546492148_1838721956,466.0,0.0,0,0.0,0.0,0.0,0.0,15.0,-0.75,10.0
TRAIN_combined_high_heavy_66931,cluster_13546492148_1838721956,471.0,0.0,0,0.0,0.0,0.0,0.0,0.0,0.0,10.0
TRAIN_combined_high_heavy_66931,cluster_13546492148_1838721956,476.0,0.0,0,0.0,0.0,0.0,0.0,0.0,0.0,10.0
TRAIN_combined_high_heavy_66931,cluster_13546492148_1838721956,481.0,0.0,0,0.0,0.0,0.0,0.0,0.0,0.0,0.0
TRAIN_combined_high_heavy_66931,cluster_13546492148_1838721956,486.0,0.0,1,0.4169702725316858,0.0,0.0,0.0,0.0,0.0,0.0
TRAIN_combined_high_heavy_66931,cluster_13546492148_1838721956,491.0,5.0,1,0.0,0.0,0.0,0.0,0.0,0.25,0.0
TRAIN_combined_high_heavy_66931,cluster_13546492148_1838721956,496.0,0.0,1,3.552317477669567,5.0,0.0,0.0,0.0,0.0,0.0
TRAIN_combined_high_heavy_66931,cluster_13546492148_1838721956,501.0,0.0,0,0.0,0.0,5.0,0.0,0.0,0.0,5.0
TRAIN_combined_high_heavy_66931,cluster_13546492148_1838721956,506.0,0.0,0,0.0,0.0,0.0,5.0,0.0,0.0,5.0
TRAIN_combined_high_heavy_66931,cluster_13546492148_1838721956,511.0,0.0,1,0.921557124275272,0.0,0.0,0.0,5.0,-0.25,5.0
TRAIN_combined_high_heavy_66931,cluster_13546492148_1838721956,516.0,5.0,2,11.16868539377742,0.0,0.0,0.0,0.0,0.25,5.0
TRAIN_combined_high_heavy_66931,cluster_13546492148_1838721956,521.0,10.0,2,0.0,5.0,0.0,0.0,0.0,0.5,5.0
TRAIN_combined_high_heavy_66931,cluster_13546492148_1838721956,526.0,10.0,2,0.0,10.0,5.0,0.0,0.0,0.5,0.0
TRAIN_combined_high_heavy_66931,cluster_13546492148_1838721956,531.0,10.0,2,0.0,10.0,10.0,5.0,0.0,0.5,0.0
TRAIN_combined_high_heavy_66931,cluster_13546492148_1838721956,536.0,10.0,3,7.1046501106602795,10.0,10.0,10.0,5.0,0.25,0.0
TRAIN_combined_high_heavy_66931,cluster_13546492148_1838721956,541.0,0.0,2,2.8126436898670066,10.0,10.0,10.0,10.0,-0.5,0.0
TRAIN_combined_high_heavy_66931,cluster_13546492148_1838721956,546.0,0.0,2,16.300553078588514,0.0,10.0,10.0,10.0,-0.5,5.0
TRAIN_combined_high_heavy_66931,cluster_13546492148_1838721956,551.0,0.0,0,0.0,0.0,0.0,10.0,10.0,-0.5,5.0
TRAIN_combined_high_heavy_66931,cluster_13546492148_1838721956,556.0,0.0,0,0.0,0.0,0.0,0.0,10.0,-0.5,10.0
TRAIN_combined_high_heavy_66931,cluster_13546492148_1838721956,561.0,5.0,1,0.05932526838323252,0.0,0.0,0.0,0.0,0.25,10.0
TRAIN_combined_high_heavy_66931,cluster_13546492148_1838721956,566.0,5.0,1,0.0003753694333563234,5.0,0.0,0.0,0.0,0.25,10.0
TRAIN_combined_high_heavy_66931,cluster_13546492148_1838721956,571.0,5.0,1,0.0,5.0,5.0,0.0,0.0,0.25,0.0
TRAIN_combined_high_heavy_66931,cluster_13546492148_1838721956,576.0,5.0,1,0.0,5.0,5.0,5.0,0.0,0.25,0.0
TRAIN_combined_high_heavy_66931,cluster_13546492148_1838721956,581.0,5.0,1,0.0,5.0,5.0,5.0,5.0,0.0,0.0
TRAIN_combined_high_heavy_66931,cluster_13546492148_1838721956,586.0,0.0,1,2.657853720523417,5.0,5.0,5.0,5.0,-0.25,0.0
TRAIN_combined_high_heavy_66931,cluster_13546492148_1838721956,591.0,0.0,0,0.0,0.0,5.0,5.0,5.0,-0.25,0.0
TRAIN_combined_high_heavy_66931,cluster_13546492148_1838721956,596.0,0.0,0,0.0,0.0,0.0,5.0,5.0,-0.25,5.0
TRAIN_combined_high_heavy_66931,cluster_13546492148_1838721956,601.0,0.0,1,8.834953559513213,0.0,0.0,0.0,5.0,-0.25,5.0
TRAIN_combined_high_heavy_66931,cluster_13546492148_1838721956,606.0,5.0,1,0.0,0.0,0.0,0.0,0.0,0.25,5.0
TRAIN_combined_high_heavy_66931,cluster_13546492148_1838721956,611.0,5.0,1,0.0,5.0,0.0,0.0,0.0,0.25,5.0
TRAIN_combined_high_heavy_66931,cluster_13546492148_1838721956,616.0,10.0,2,0.08152159647350914,5.0,5.0,0.0,0.0,0.5,0.0
TRAIN_combined_high_heavy_66931,cluster_13546492148_1838721956,621.0,10.0,2,0.00023126993892509467,10.0,5.0,5.0,0.0,0.5,5.0
TRAIN_combined_high_heavy_66931,cluster_13546492148_1838721956,626.0,10.0,2,0.0,10.0,10.0,5.0,5.0,0.25,5.0
TRAIN_combined_high_heavy_66931,cluster_13546492148_1838721956,631.0,0.0,0,0.0,10.0,10.0,10.0,5.0,-0.25,5.0
TRAIN_combined_high_heavy_66931,cluster_13546492148_1838721956,636.0,0.0,0,0.0,0.0,10.0,10.0,10.0,-0.5,10.0
TRAIN_combined_high_heavy_66931,cluster_13546492148_1838721956,641.0,0.0,0,0.0,0.0,0.0,10.0,10.0,-0.5,10.0
TRAIN_combined_high_heavy_66931,cluster_13546492148_1838721956,646.0,0.0,0,0.0,0.0,0.0,0.0,10.0,-0.5,10.0
TRAIN_combined_high_heavy_66931,cluster_13546492148_1838721956,651.0,0.0,0,0.0,0.0,0.0,0.0,0.0,0.0,10.0
TRAIN_combined_high_heavy_66931,cluster_13546492148_1838721956,656.0,5.0,1,0.03995394012697019,0.0,0.0,0.0,0.0,0.25,15.0
TRAIN_combined_high_heavy_66931,cluster_13546492148_1838721956,661.0,5.0,1,0.0,5.0,0.0,0.0,0.0,0.25,0.0
TRAIN_combined_high_heavy_66931,cluster_13546492148_1838721956,666.0,5.0,1,0.0,5.0,5.0,0.0,0.0,0.25,0.0
TRAIN_combined_high_heavy_66931,cluster_13546492148_1838721956,671.0,5.0,1,0.0,5.0,5.0,5.0,0.0,0.25,0.0
TRAIN_combined_high_heavy_66931,cluster_13546492148_1838721956,676.0,0.0,1,14.237943732559252,5.0,5.0,5.0,5.0,-0.25,0.0
TRAIN_combined_high_heavy_66931,cluster_13546492148_1838721956,681.0,5.0,1,0.002053771064531362,0.0,5.0,5.0,5.0,0.0,0.0
TRAIN_combined_high_heavy_66931,cluster_13546492148_1838721956,686.0,5.0,1,0.0,5.0,0.0,5.0,5.0,0.0,0.0
TRAIN_combined_high_heavy_66931,cluster_13546492148_1838721956,691.0,5.0,2,5.655096299289099,5.0,5.0,0.0,5.0,0.0,0.0
TRAIN_combined_high_heavy_66931,cluster_13546492148_1838721956,696.0,10.0,2,0.0,5.0,5.0,5.0,0.0,0.5,0.0
TRAIN_combined_high_heavy_66931,cluster_13546492148_1838721956,701.0,10.0,2,0.0,10.0,5.0,5.0,5.0,0.25,0.0
TRAIN_combined_high_heavy_66931,cluster_13546492148_1838721956,706.0,10.0,2,0.0,10.0,10.0,5.0,5.0,0.25,0.0
TRAIN_combined_high_heavy_66931,cluster_13546492148_1838721956,711.0,10.0,3,17.95864949729294,10.0,10.0,10.0,5.0,0.25,5.0
TRAIN_combined_high_heavy_66931,cluster_13546492148_1838721956,716.0,15.0,3,0.02262084967980316,10.0,10.0,10.0,10.0,0.25,5.0
TRAIN_combined_high_heavy_66931,cluster_13546492148_1838721956,721.0,0.0,0,0.0,15.0,10.0,10.0,10.0,-0.5,5.0
TRAIN_combined_high_heavy_66931,cluster_13546492148_1838721956,726.0,0.0,0,0.0,0.0,15.0,10.0,10.0,-0.5,5.0
TRAIN_combined_high_heavy_66931,cluster_13546492148_1838721956,731.0,0.0,0,0.0,0.0,0.0,15.0,10.0,-0.5,5.0
TRAIN_combined_high_heavy_66931,cluster_13546492148_1838721956,736.0,0.0,0,0.0,0.0,0.0,0.0,15.0,-0.75,5.0
TRAIN_combined_high_heavy_66931,cluster_2061304035_245647208,16.0,0.0,0,0.0,0.0,0.0,0.0,0.0,0.0,0.0
TRAIN_combined_high_heavy_66931,cluster_2061304035_245647208,21.0,0.0,0,0.0,0.0,0.0,0.0,0.0,0.0,0.0
TRAIN_combined_high_heavy_66931,cluster_2061304035_245647208,26.0,0.0,0,0.0,0.0,0.0,0.0,0.0,0.0,0.0
TRAIN_combined_high_heavy_66931,cluster_2061304035_245647208,31.0,0.0,0,0.0,0.0,0.0,0.0,0.0,0.0,0.0
TRAIN_combined_high_heavy_66931,cluster_2061304035_245647208,36.0,0.0,0,0.0,0.0,0.0,0.0,0.0,0.0,0.0
TRAIN_combined_high_heavy_66931,cluster_2061304035_245647208,41.0,0.0,0,0.0,0.0,0.0,0.0,0.0,0.0,0.0
TRAIN_combined_high_heavy_66931,cluster_2061304035_245647208,46.0,0.0,0,0.0,0.0,0.0,0.0,0.0,0.0,0.0
TRAIN_combined_high_heavy_66931,cluster_2061304035_245647208,51.0,0.0,0,0.0,0.0,0.0,0.0,0.0,0.0,0.0
TRAIN_combined_high_heavy_66931,cluster_2061304035_245647208,56.0,0.0,0,0.0,0.0,0.0,0.0,0.0,0.0,0.0
TRAIN_combined_high_heavy_66931,cluster_2061304035_245647208,61.0,0.0,0,0.0,0.0,0.0,0.0,0.0,0.0,0.0
TRAIN_combined_high_heavy_66931,cluster_2061304035_245647208,66.0,0.0,0,0.0,0.0,0.0,0.0,0.0,0.0,0.0
TRAIN_combined_high_heavy_66931,cluster_2061304035_245647208,71.0,0.0,0,0.0,0.0,0.0,0.0,0.0,0.0,0.0
TRAIN_combined_high_heavy_66931,cluster_2061304035_245647208,76.0,0.0,0,0.0,0.0,0.0,0.0,0.0,0.0,0.0
TRAIN_combined_high_heavy_66931,cluster_2061304035_245647208,81.0,0.0,0,0.0,0.0,0.0,0.0,0.0,0.0,0.0
TRAIN_combined_high_heavy_66931,cluster_2061304035_245647208,86.0,0.0,0,0.0,0.0,0.0,0.0,0.0,0.0,0.0
TRAIN_combined_high_heavy_66931,cluster_2061304035_245647208,91.0,0.0,0,0.0,0.0,0.0,0.0,0.0,0.0,0.0
TRAIN_combined_high_heavy_66931,cluster_2061304035_245647208,96.0,0.0,0,0.0,0.0,0.0,0.0,0.0,0.0,0.0
TRAIN_combined_high_heavy_66931,cluster_2061304035_245647208,101.0,0.0,1,68.48592598626318,0.0,0.0,0.0,0.0,0.0,0.0
TRAIN_combined_high_heavy_66931,cluster_2061304035_245647208,106.0,0.0,0,0.0,0.0,0.0,0.0,0.0,0.0,0.0
TRAIN_combined_high_heavy_66931,cluster_2061304035_245647208,111.0,0.0,0,0.0,0.0,0.0,0.0,0.0,0.0,0.0
TRAIN_combined_high_heavy_66931,cluster_2061304035_245647208,116.0,0.0,1,26.997084712810256,0.0,0.0,0.0,0.0,0.0,0.0
TRAIN_combined_high_heavy_66931,cluster_2061304035_245647208,121.0,0.0,0,0.0,0.0,0.0,0.0,0.0,0.0,0.0
TRAIN_combined_high_heavy_66931,cluster_2061304035_245647208,126.0,0.0,0,0.0,0.0,0.0,0.0,0.0,0.0,5.0
TRAIN_combined_high_heavy_66931,cluster_2061304035_245647208,131.0,0.0,0,0.0,0.0,0.0,0.0,0.0,0.0,5.0
TRAIN_combined_high_heavy_66931,cluster_2061304035_245647208,136.0,0.0,0,0.0,0.0,0.0,0.0,0.0,0.0,5.0
TRAIN_combined_high_heavy_66931,cluster_2061304035_245647208,141.0,0.0,0,0.0,0.0,0.0,0.0,0.0,0.0,20.0
TRAIN_combined_high_heavy_66931,cluster_2061304035_245647208,146.0,0.0,0,0.0,0.0,0.0,0.0,0.0,0.0,25.0
TRAIN_combined_high_heavy_66931,cluster_2061304035_245647208,151.0,0.0,2,41.53369923648588,0.0,0.0,0.0,0.0,0.0,25.0
TRAIN_combined_high_heavy_66931,cluster_2061304035_245647208,156.0,0.0,1,52.40014438812654,0.0,0.0,0.0,0.0,0.0,25.0
TRAIN_combined_high_heavy_66931,cluster_2061304035_245647208,161.0,0.0,0,0.0,0.0,0.0,0.0,0.0,0.0,25.0
TRAIN_combined_high_heavy_66931,cluster_2061304035_245647208,166.0,0.0,0,0.0,0.0,0.0,0.0,0.0,0.0,15.0
TRAIN_combined_high_heavy_66931,cluster_2061304035_245647208,171.0,0.0,0,0.0,0.0,0.0,0.0,0.0,0.0,0.0
TRAIN_combined_high_heavy_66931,cluster_2061304035_245647208,176.0,0.0,0,0.0,0.0,0.0,0.0,0.0,0.0,0.0
TRAIN_combined_high_heavy_66931,cluster_2061304035_245647208,181.0,0.0,1,1.196355514246378,0.0,0.0,0.0,0.0,0.0,0.0
TRAIN_combined_high_heavy_66931,cluster_2061304035_245647208,186.0,5.0,1,0.0,0.0,0.0,0.0,0.0,0.25,0.0
TRAIN_combined_high_heavy_66931,cluster_2061304035_245647208,191.0,5.0,1,0.0,5.0,0.0,0.0,0.0,0.25,0.0
TRAIN_combined_high_heavy_66931,cluster_2061304035_245647208,196.0,5.0,3,20.39496131979156,5.0,5.0,0.0,0.0,0.25,0.0
TRAIN_combined_high_heavy_66931,cluster_2061304035_245647208,201.0,20.0,5,0.40067930540472707,5.0,5.0,5.0,0.0,1.0,0.0
TRAIN_combined_high_heavy_66931,cluster_2061304035_245647208,206.0,25.0,5,0.0004916775126917317,20.0,5.0,5.0,5.0,1.0,0.0
TRAIN_combined_high_heavy_66931,cluster_2061304035_245647208,211.0,25.0,5,0.0,25.0,20.0,5.0,5.0,1.0,0.0
TRAIN_combined_high_heavy_66931,cluster_2061304035_245647208,216.0,25.0,5,0.0,25.0,25.0,20.0,5.0,1.0,0.0
TRAIN_combined_high_heavy_66931,cluster_2061304035_245647208,221.0,25.0,5,0.0,25.0,25.0,25.0,20.0,0.25,0.0
TRAIN_combined_high_heavy_66931,cluster_2061304035_245647208,226.0,15.0,3,0.0,25.0,25.0,25.0,25.0,-0.5,0.0
TRAIN_combined_high_heavy_66931,cluster_2061304035_245647208,231.0,0.0,3,12.423989422654309,15.0,25.0,25.0,25.0,-1.25,5.0
TRAIN_combined_high_heavy_66931,cluster_2061304035_245647208,236.0,0.0,1,23.08417455808624,0.0,15.0,25.0,25.0,-1.25,10.0
TRAIN_combined_high_heavy_66931,cluster_2061304035_245647208,241.0,0.0,1,36.35615331736085,0.0,0.0,15.0,25.0,-1.25,10.0
TRAIN_combined_high_heavy_66931,cluster_2061304035_245647208,246.0,0.0,0,0.0,0.0,0.0,0.0,15.0,-0.75,10.0
TRAIN_combined_high_heavy_66931,cluster_2061304035_245647208,251.0,0.0,1,53.173692604713146,0.0,0.0,0.0,0.0,0.0,10.0
TRAIN_combined_high_heavy_66931,cluster_2061304035_245647208,256.0,0.0,1,27.679180836804527,0.0,0.0,0.0,0.0,0.0,0.0
TRAIN_combined_high_heavy_66931,cluster_2061304035_245647208,261.0,0.0,0,0.0,0.0,0.0,0.0,0.0,0.0,0.0
TRAIN_combined_high_heavy_66931,cluster_2061304035_245647208,266.0,0.0,0,0.0,0.0,0.0,0.0,0.0,0.0,0.0
TRAIN_combined_high_heavy_66931,cluster_2061304035_245647208,271.0,0.0,0,0.0,0.0,0.0,0.0,0.0,0.0,0.0
TRAIN_combined_high_heavy_66931,cluster_2061304035_245647208,276.0,0.0,1,43.93190572193639,0.0,0.0,0.0,0.0,0.0,0.0
TRAIN_combined_high_heavy_66931,cluster_2061304035_245647208,281.0,0.0,0,0.0,0.0,0.0,0.0,0.0,0.0,0.0
TRAIN_combined_high_heavy_66931,cluster_2061304035_245647208,286.0,0.0,1,41.82337568761388,0.0,0.0,0.0,0.0,0.0,0.0
TRAIN_combined_high_heavy_66931,cluster_2061304035_245647208,291.0,5.0,2,3.919935635112551,0.0,0.0,0.0,0.0,0.25,0.0
TRAIN_combined_high_heavy_66931,cluster_2061304035_245647208,296.0,10.0,2,0.00022563843156885247,5.0,0.0,0.0,0.0,0.5,0.0
TRAIN_combined_high_heavy_66931,cluster_2061304035_245647208,301.0,10.0,2,0.0,10.0,5.0,0.0,0.0,0.5,5.0
TRAIN_combined_high_heavy_66931,cluster_2061304035_245647208,306.0,10.0,2,0.0,10.0,10.0,5.0,0.0,0.5,5.0
TRAIN_combined_high_heavy_66931,cluster_2061304035_245647208,311.0,10.0,2,0.0,10.0,10.0,10.0,5.0,0.25,10.0
TRAIN_combined_high_heavy_66931,cluster_2061304035_245647208,316.0,0.0,1,2.2930456111673267,10.0,10.0,10.0,10.0,-0.5,10.0
TRAIN_combined_high_heavy_66931,cluster_2061304035_245647208,321.0,0.0,0,0.0,0.0,10.0,10.0,10.0,-0.5,20.0
TRAIN_combined_high_heavy_66931,cluster_2061304035_245647208,326.0,0.0,0,0.0,0.0,0.0,10.0,10.0,-0.5,25.0
TRAIN_combined_high_heavy_66931,cluster_2061304035_245647208,331.0,0.0,2,51.90524825292502,0.0,0.0,0.0,10.0,-0.5,30.0
TRAIN_combined_high_heavy_66931,cluster_2061304035_245647208,336.0,0.0,1,24.389116402222154,0.0,0.0,0.0,0.0,0.0,30.0
TRAIN_combined_high_heavy_66931,cluster_2061304035_245647208,341.0,0.0,0,0.0,0.0,0.0,0.0,0.0,0.0,30.0
TRAIN_combined_high_heavy_66931,cluster_2061304035_245647208,346.0,0.0,1,31.412543560215155,0.0,0.0,0.0,0.0,0.0,15.0
TRAIN_combined_high_heavy_66931,cluster_2061304035_245647208,351.0,0.0,0,0.0,0.0,0.0,0.0,0.0,0.0,0.0
TRAIN_combined_high_heavy_66931,cluster_2061304035_245647208,356.0,0.0,1,36.131317979412856,0.0,0.0,0.0,0.0,0.0,5.0
TRAIN_combined_high_heavy_66931,cluster_2061304035_245647208,361.0,5.0,1,0.021567614671225643,0.0,0.0,0.0,0.0,0.25,5.0
TRAIN_combined_high_heavy_66931,cluster_2061304035_245647208,366.0,5.0,2,7.902833787104076,5.0,0.0,0.0,0.0,0.25,5.0
TRAIN_combined_high_heavy_66931,cluster_2061304035_245647208,371.0,10.0,2,0.023890586400514804,5.0,5.0,0.0,0.0,0.5,5.0
TRAIN_combined_high_heavy_66931,cluster_2061304035_245647208,376.0,10.0,5,21.038448043245186,10.0,5.0,5.0,0.0,0.5,5.0
TRAIN_combined_high_heavy_66931,cluster_2061304035_245647208,381.0,20.0,5,0.29116471505611574,10.0,10.0,5.0,5.0,0.75,5.0
TRAIN_combined_high_heavy_66931,cluster_2061304035_245647208,386.0,25.0,6,4.364405253922802,20.0,10.0,10.0,5.0,1.0,5.0
TRAIN_combined_high_heavy_66931,cluster_2061304035_245647208,391.0,30.0,6,0.0004833652404191121,25.0,20.0,10.0,10.0,1.0,0.0
TRAIN_combined_high_heavy_66931,cluster_2061304035_245647208,396.0,30.0,6,0.0,30.0,25.0,20.0,10.0,1.0,0.0
TRAIN_combined_high_heavy_66931,cluster_2061304035_245647208,401.0,30.0,6,0.0,30.0,30.0,25.0,20.0,0.5,0.0
TRAIN_combined_high_heavy_66931,cluster_2061304035_245647208,406.0,15.0,5,11.264165686760098,30.0,30.0,30.0,25.0,-0.5,0.0
TRAIN_combined_high_heavy_66931,cluster_2061304035_245647208,411.0,0.0,4,21.979550044109768,15.0,30.0,30.0,30.0,-1.5,5.0
TRAIN_combined_high_heavy_66931,cluster_2061304035_245647208,416.0,5.0,1,0.008166414712854413,0.0,15.0,30.0,30.0,-1.25,5.0
TRAIN_combined_high_heavy_66931,cluster_2061304035_245647208,421.0,5.0,3,29.63193808939786,5.0,0.0,15.0,30.0,-1.25,5.0
TRAIN_combined_high_heavy_66931,cluster_2061304035_245647208,426.0,5.0,3,13.846761020010748,5.0,5.0,0.0,15.0,-0.5,5.0
TRAIN_combined_high_heavy_66931,cluster_2061304035_245647208,431.0,5.0,1,0.0,5.0,5.0,5.0,0.0,0.25,5.0
TRAIN_combined_high_heavy_66931,cluster_2061304035_245647208,436.0,5.0,1,0.0,5.0,5.0,5.0,5.0,0.0,0.0
TRAIN_combined_high_heavy_66931,cluster_2061304035_245647208,441.0,5.0,1,0.0,5.0,5.0,5.0,5.0,0.0,0.0
TRAIN_combined_high_heavy_66931,cluster_2061304035_245647208,446.0,5.0,1,0.0,5.0,5.0,5.0,5.0,0.0,5.0
TRAIN_combined_high_heavy_66931,cluster_2061304035_245647208,451.0,0.0,1,1.8233517052140087,5.0,5.0,5.0,5.0,-0.25,5.0
TRAIN_combined_high_heavy_66931,cluster_2061304035_245647208,456.0,0.0,1,24.40498490659164,0.0,5.0,5.0,5.0,-0.25,5.0
TRAIN_combined_high_heavy_66931,cluster_2061304035_245647208,461.0,0.0,0,0.0,0.0,0.0,5.0,5.0,-0.25,5.0
TRAIN_combined_high_heavy_66931,cluster_2061304035_245647208,466.0,0.0,2,35.106407793515416,0.0,0.0,0.0,5.0,-0.25,5.0
TRAIN_combined_high_heavy_66931,cluster_2061304035_245647208,471.0,5.0,1,0.00208153832451823,0.0,0.0,0.0,0.0,0.25,5.0
TRAIN_combined_high_heavy_66931,cluster_2061304035_245647208,476.0,5.0,1,0.0,5.0,0.0,0.0,0.0,0.25,5.0
TRAIN_combined_high_heavy_66931,cluster_2061304035_245647208,481.0,5.0,2,26.582202286063694,5.0,5.0,0.0,0.0,0.25,0.0
TRAIN_combined_high_heavy_66931,cluster_2061304035_245647208,486.0,5.0,1,0.0,5.0,5.0,5.0,0.0,0.25,0.0
TRAIN_combined_high_heavy_66931,cluster_2061304035_245647208,491.0,5.0,2,0.6921258854252047,5.0,5.0,5.0,5.0,0.0,0.0
TRAIN_combined_high_heavy_66931,cluster_2061304035_245647208,496.0,0.0,0,0.0,5.0,5.0,5.0,5.0,-0.25,0.0
TRAIN_combined_high_heavy_66931,cluster_2061304035_245647208,501.0,0.0,1,17.403432871880707,0.0,5.0,5.0,5.0,-0.25,0.0
TRAIN_combined_high_heavy_66931,cluster_2061304035_245647208,506.0,5.0,1,0.0,0.0,0.0,5.0,5.0,0.0,0.0
TRAIN_combined_high_heavy_66931,cluster_2061304035_245647208,511.0,5.0,1,0.0,5.0,0.0,0.0,5.0,0.0,10.0
TRAIN_combined_high_heavy_66931,cluster_2061304035_245647208,516.0,5.0,1,0.0,5.0,5.0,0.0,0.0,0.25,15.0
TRAIN_combined_high_heavy_66931,cluster_2061304035_245647208,521.0,5.0,2,20.971417453237297,5.0,5.0,5.0,0.0,0.25,20.0
TRAIN_combined_high_heavy_66931,cluster_2061304035_245647208,526.0,5.0,3,36.157579763049505,5.0,5.0,5.0,5.0,0.0,5.0
TRAIN_combined_high_heavy_66931,cluster_2061304035_245647208,531.0,5.0,1,0.0,5.0,5.0,5.0,5.0,0.0,0.0
TRAIN_combined_high_heavy_66931,cluster_2061304035_245647208,536.0,5.0,1,0.0,5.0,5.0,5.0,5.0,0.0,0.0
TRAIN_combined_high_heavy_66931,cluster_2061304035_245647208,541.0,0.0,1,2.367679895879701,5.0,5.0,5.0,5.0,-0.25,0.0
TRAIN_combined_high_heavy_66931,cluster_2061304035_245647208,546.0,0.0,0,0.0,0.0,5.0,5.0,5.0,-0.25,0.0
TRAIN_combined_high_heavy_66931,cluster_2061304035_245647208,551.0,0.0,0,0.0,0.0,0.0,5.0,5.0,-0.25,0.0
TRAIN_combined_high_heavy_66931,cluster_2061304035_245647208,556.0,0.0,1,54.09815416066102,0.0,0.0,0.0,5.0,-0.25,0.0
TRAIN_combined_high_heavy_66931,cluster_2061304035_245647208,561.0,0.0,1,29.846327331251945,0.0,0.0,0.0,0.0,0.0,0.0
TRAIN_combined_high_heavy_66931,cluster_2061304035_245647208,566.0,0.0,4,36.54865700160122,0.0,0.0,0.0,0.0,0.0,0.0
TRAIN_combined_high_heavy_66931,cluster_2061304035_245647208,571.0,10.0,3,3.226115784617117,0.0,0.0,0.0,0.0,0.5,0.0
TRAIN_combined_high_heavy_66931,cluster_2061304035_245647208,576.0,15.0,4,1.6729333035691483,10.0,0.0,0.0,0.0,0.75,0.0
TRAIN_combined_high_heavy_66931,cluster_2061304035_245647208,581.0,20.0,4,0.0,15.0,10.0,0.0,0.0,1.0,0.0
TRAIN_combined_high_heavy_66931,cluster_2061304035_245647208,586.0,5.0,3,1.9522548082284628,20.0,15.0,10.0,0.0,0.25,0.0
TRAIN_combined_high_heavy_66931,cluster_2061304035_245647208,591.0,0.0,1,12.423071106062268,5.0,20.0,15.0,10.0,-0.5,5.0
TRAIN_combined_high_heavy_66931,cluster_2061304035_245647208,596.0,0.0,0,0.0,0.0,5.0,20.0,15.0,-0.75,5.0
TRAIN_combined_high_heavy_66931,cluster_2061304035_245647208,601.0,0.0,0,0.0,0.0,0.0,5.0,20.0,-1.0,5.0
TRAIN_combined_high_heavy_66931,cluster_2061304035_245647208,606.0,0.0,0,0.0,0.0,0.0,0.0,5.0,-0.25,5.0
TRAIN_combined_high_heavy_66931,cluster_2061304035_245647208,611.0,0.0,1,38.82392527864215,0.0,0.0,0.0,0.0,0.0,5.0
TRAIN_combined_high_heavy_66931,cluster_2061304035_245647208,616.0,0.0,0,0.0,0.0,0.0,0.0,0.0,0.0,0.0
TRAIN_combined_high_heavy_66931,cluster_2061304035_245647208,621.0,0.0,0,0.0,0.0,0.0,0.0,0.0,0.0,0.0
TRAIN_combined_high_heavy_66931,cluster_2061304035_245647208,626.0,0.0,0,0.0,0.0,0.0,0.0,0.0,0.0,0.0
TRAIN_combined_high_heavy_66931,cluster_2061304035_245647208,631.0,0.0,0,0.0,0.0,0.0,0.0,0.0,0.0,0.0
TRAIN_combined_high_heavy_66931,cluster_2061304035_245647208,636.0,0.0,0,0.0,0.0,0.0,0.0,0.0,0.0,0.0
TRAIN_combined_high_heavy_66931,cluster_2061304035_245647208,641.0,0.0,0,0.0,0.0,0.0,0.0,0.0,0.0,0.0
TRAIN_combined_high_heavy_66931,cluster_2061304035_245647208,646.0,0.0,3,49.02888084205001,0.0,0.0,0.0,0.0,0.0,0.0
TRAIN_combined_high_heavy_66931,cluster_2061304035_245647208,651.0,5.0,1,0.015348013284518118,0.0,0.0,0.0,0.0,0.25,0.0
TRAIN_combined_high_heavy_66931,cluster_2061304035_245647208,656.0,5.0,1,0.0,5.0,0.0,0.0,0.0,0.25,0.0
TRAIN_combined_high_heavy_66931,cluster_2061304035_245647208,661.0,5.0,2,30.519263156295676,5.0,5.0,0.0,0.0,0.25,0.0
TRAIN_combined_high_heavy_66931,cluster_2061304035_245647208,666.0,5.0,1,0.0,5.0,5.0,5.0,0.0,0.25,0.0
TRAIN_combined_high_heavy_66931,cluster_2061304035_245647208,671.0,5.0,1,0.0,5.0,5.0,5.0,5.0,0.0,0.0
TRAIN_combined_high_heavy_66931,cluster_2061304035_245647208,676.0,0.0,0,0.0,5.0,5.0,5.0,5.0,-0.25,0.0
TRAIN_combined_high_heavy_66931,cluster_2061304035_245647208,681.0,0.0,0,0.0,0.0,5.0,5.0,5.0,-0.25,10.0
TRAIN_combined_high_heavy_66931,cluster_2061304035_245647208,686.0,0.0,0,0.0,0.0,0.0,5.0,5.0,-0.25,20.0
TRAIN_combined_high_heavy_66931,cluster_2061304035_245647208,691.0,0.0,1,49.72286009341603,0.0,0.0,0.0,5.0,-0.25,20.0
TRAIN_combined_high_heavy_66931,cluster_2061304035_245647208,696.0,0.0,0,0.0,0.0,0.0,0.0,0.0,0.0,20.0
TRAIN_combined_high_heavy_66931,cluster_2061304035_245647208,701.0,0.0,0,0.0,0.0,0.0,0.0,0.0,0.0,20.0
TRAIN_combined_high_heavy_66931,cluster_2061304035_245647208,706.0,0.0,0,0.0,0.0,0.0,0.0,0.0,0.0,10.0
TRAIN_combined_high_heavy_66931,cluster_2061304035_245647208,711.0,0.0,0,0.0,0.0,0.0,0.0,0.0,0.0,0.0
TRAIN_combined_high_heavy_66931,cluster_2061304035_245647208,716.0,0.0,0,0.0,0.0,0.0,0.0,0.0,0.0,0.0
TRAIN_combined_high_heavy_66931,cluster_2061304035_245647208,721.0,0.0,1,40.01614274130658,0.0,0.0,0.0,0.0,0.0,0.0
TRAIN_combined_high_heavy_66931,cluster_2061304035_245647208,726.0,0.0,1,46.418054317025124,0.0,0.0,0.0,0.0,0.0,0.0
TRAIN_combined_high_heavy_66931,cluster_2061304035_245647208,731.0,0.0,0,0.0,0.0,0.0,0.0,0.0,0.0,0.0
TRAIN_combined_high_heavy_66931,cluster_2061304035_245647208,736.0,0.0,2,37.51588838333166,0.0,0.0,0.0,0.0,0.0,0.0
TRAIN_combined_high_heavy_66931,cluster_245647168_3238255150_3495323634,16.0,0.0,0,0.0,0.0,0.0,0.0,0.0,0.0,15.0
TRAIN_combined_high_heavy_66931,cluster_245647168_3238255150_3495323634,21.0,0.0,0,0.0,0.0,0.0,0.0,0.0,0.0,15.0
TRAIN_combined_high_heavy_66931,cluster_245647168_3238255150_3495323634,26.0,0.0,0,0.0,0.0,0.0,0.0,0.0,0.0,20.0
TRAIN_combined_high_heavy_66931,cluster_245647168_3238255150_3495323634,31.0,0.0,0,0.0,0.0,0.0,0.0,0.0,0.0,15.0
TRAIN_combined_high_heavy_66931,cluster_245647168_3238255150_3495323634,36.0,0.0,0,0.0,0.0,0.0,0.0,0.0,0.0,15.0
TRAIN_combined_high_heavy_66931,cluster_245647168_3238255150_3495323634,41.0,0.0,0,0.0,0.0,0.0,0.0,0.0,0.0,15.0
TRAIN_combined_high_heavy_66931,cluster_245647168_3238255150_3495323634,46.0,0.0,0,0.0,0.0,0.0,0.0,0.0,0.0,15.0
TRAIN_combined_high_heavy_66931,cluster_245647168_3238255150_3495323634,51.0,0.0,2,34.107815215676524,0.0,0.0,0.0,0.0,0.0,20.0
TRAIN_combined_high_heavy_66931,cluster_245647168_3238255150_3495323634,56.0,10.0,2,0.016822058305301712,0.0,0.0,0.0,0.0,0.0,15.0
TRAIN_combined_high_heavy_66931,cluster_245647168_3238255150_3495323634,61.0,10.0,3,3.390415520071513,10.0,0.0,0.0,0.0,0.0,15.0
TRAIN_combined_high_heavy_66931,cluster_245647168_3238255150_3495323634,66.0,15.0,3,0.00036456731389459797,10.0,10.0,0.0,0.0,0.0,15.0
TRAIN_combined_high_heavy_66931,cluster_245647168_3238255150_3495323634,71.0,15.0,3,0.0,15.0,10.0,10.0,0.0,0.0,15.0
TRAIN_combined_high_heavy_66931,cluster_245647168_3238255150_3495323634,76.0,15.0,4,19.985678509296015,15.0,15.0,10.0,10.0,0.0,10.0
TRAIN_combined_high_heavy_66931,cluster_245647168_3238255150_3495323634,81.0,15.0,4,1.0136435279008942,15.0,15.0,15.0,10.0,0.0,20.0
TRAIN_combined_high_heavy_66931,cluster_245647168_3238255150_3495323634,86.0,20.0,5,8.254177429971204,15.0,15.0,15.0,15.0,0.0,20.0
TRAIN_combined_high_heavy_66931,cluster_245647168_3238255150_3495323634,91.0,15.0,3,0.10344093236955702,20.0,15.0,15.0,15.0,0.0,20.0
TRAIN_combined_high_heavy_66931,cluster_245647168_3238255150_3495323634,96.0,15.0,3,0.0,15.0,20.0,15.0,15.0,0.0,20.0
TRAIN_combined_high_heavy_66931,cluster_245647168_3238255150_3495323634,101.0,15.0,3,0.0,15.0,15.0,20.0,15.0,0.0,20.0
TRAIN_combined_high_heavy_66931,cluster_245647168_3238255150_3495323634,106.0,15.0,5,21.889821891425242,15.0,15.0,15.0,20.0,0.0,20.0
TRAIN_combined_high_heavy_66931,cluster_245647168_3238255150_3495323634,111.0,20.0,5,2.441639464525204,15.0,15.0,15.0,15.0,0.25,25.0
TRAIN_combined_high_heavy_66931,cluster_245647168_3238255150_3495323634,116.0,15.0,3,0.009712455643297285,20.0,15.0,15.0,15.0,0.0,45.0
TRAIN_combined_high_heavy_66931,cluster_245647168_3238255150_3495323634,121.0,15.0,3,0.0,15.0,20.0,15.0,15.0,0.0,35.0
TRAIN_combined_high_heavy_66931,cluster_245647168_3238255150_3495323634,126.0,15.0,3,0.0,15.0,15.0,20.0,15.0,0.0,15.0
TRAIN_combined_high_heavy_66931,cluster_245647168_3238255150_3495323634,131.0,15.0,4,16.407896118876064,15.0,15.0,15.0,20.0,-0.25,10.0
TRAIN_combined_high_heavy_66931,cluster_245647168_3238255150_3495323634,136.0,10.0,4,11.991044748926994,15.0,15.0,15.0,15.0,-0.25,10.0
TRAIN_combined_high_heavy_66931,cluster_245647168_3238255150_3495323634,141.0,20.0,4,0.05029895132557001,10.0,15.0,15.0,15.0,0.25,10.0
TRAIN_combined_high_heavy_66931,cluster_245647168_3238255150_3495323634,146.0,20.0,5,12.928523373671247,20.0,10.0,15.0,15.0,0.25,10.0
TRAIN_combined_high_heavy_66931,cluster_245647168_3238255150_3495323634,151.0,20.0,4,0.0,20.0,20.0,10.0,15.0,0.25,15.0
TRAIN_combined_high_heavy_66931,cluster_245647168_3238255150_3495323634,156.0,20.0,4,0.0,20.0,20.0,20.0,10.0,0.5,20.0
TRAIN_combined_high_heavy_66931,cluster_245647168_3238255150_3495323634,161.0,20.0,4,0.0,20.0,20.0,20.0,20.0,0.0,20.0
TRAIN_combined_high_heavy_66931,cluster_245647168_3238255150_3495323634,166.0,20.0,8,28.374366898611616,20.0,20.0,20.0,20.0,0.0,15.0
TRAIN_combined_high_heavy_66931,cluster_245647168_3238255150_3495323634,171.0,25.0,10,16.384433450102726,20.0,20.0,20.0,20.0,0.25,15.0
TRAIN_combined_high_heavy_66931,cluster_245647168_3238255150_3495323634,176.0,45.0,11,4.654999022977573,25.0,20.0,20.0,20.0,1.25,15.0
TRAIN_combined_high_heavy_66931,cluster_245647168_3238255150_3495323634,181.0,35.0,9,3.7514375036164234,45.0,25.0,20.0,20.0,0.75,15.0
TRAIN_combined_high_heavy_66931,cluster_245647168_3238255150_3495323634,186.0,15.0,6,8.89070133989014,35.0,45.0,25.0,20.0,-0.25,15.0
TRAIN_combined_high_heavy_66931,cluster_245647168_3238255150_3495323634,191.0,10.0,2,0.00018608269034083467,15.0,35.0,45.0,25.0,-0.75,20.0
TRAIN_combined_high_heavy_66931,cluster_245647168_3238255150_3495323634,196.0,10.0,2,0.0,10.0,15.0,35.0,45.0,-1.75,25.0
TRAIN_combined_high_heavy_66931,cluster_245647168_3238255150_3495323634,201.0,10.0,3,17.832967693079265,10.0,10.0,15.0,35.0,-1.25,45.0
TRAIN_combined_high_heavy_66931,cluster_245647168_3238255150_3495323634,206.0,10.0,4,21.88639158920662,10.0,10.0,10.0,15.0,-0.25,50.0
TRAIN_combined_high_heavy_66931,cluster_245647168_3238255150_3495323634,211.0,15.0,4,3.3940569144693398,10.0,10.0,10.0,10.0,0.25,35.0
TRAIN_combined_high_heavy_66931,cluster_245647168_3238255150_3495323634,216.0,20.0,4,0.00042615336207450544,15.0,10.0,10.0,10.0,0.5,15.0
TRAIN_combined_high_heavy_66931,cluster_245647168_3238255150_3495323634,221.0,20.0,4,0.0,20.0,15.0,10.0,10.0,0.5,20.0
TRAIN_combined_high_heavy_66931,cluster_245647168_3238255150_3495323634,226.0,15.0,3,0.0,20.0,20.0,15.0,10.0,0.25,10.0
TRAIN_combined_high_heavy_66931,cluster_245647168_3238255150_3495323634,231.0,15.0,3,0.0,15.0,20.0,20.0,15.0,0.0,20.0
TRAIN_combined_high_heavy_66931,cluster_245647168_3238255150_3495323634,236.0,15.0,3,0.0,15.0,15.0,20.0,20.0,-0.25,20.0
TRAIN_combined_high_heavy_66931,cluster_245647168_3238255150_3495323634,241.0,15.0,4,21.386008145590313,15.0,15.0,15.0,20.0,-0.25,25.0
TRAIN_combined_high_heavy_66931,cluster_245647168_3238255150_3495323634,246.0,15.0,6,26.95802193969929,15.0,15.0,15.0,15.0,0.0,30.0
TRAIN_combined_high_heavy_66931,cluster_245647168_3238255150_3495323634,251.0,20.0,8,18.36410779603395,15.0,15.0,15.0,15.0,0.25,40.0
TRAIN_combined_high_heavy_66931,cluster_245647168_3238255150_3495323634,256.0,25.0,10,11.718839716691425,20.0,15.0,15.0,15.0,0.5,30.0
TRAIN_combined_high_heavy_66931,cluster_245647168_3238255150_3495323634,261.0,45.0,10,0.43849723432365867,25.0,20.0,15.0,15.0,1.5,35.0
TRAIN_combined_high_heavy_66931,cluster_245647168_3238255150_3495323634,266.0,50.0,13,12.816096678475331,45.0,25.0,20.0,15.0,1.75,40.0
TRAIN_combined_high_heavy_66931,cluster_245647168_3238255150_3495323634,271.0,35.0,11,1.539281479492142,50.0,45.0,25.0,20.0,0.75,40.0
TRAIN_combined_high_heavy_66931,cluster_245647168_3238255150_3495323634,276.0,15.0,9,10.915729826409262,35.0,50.0,45.0,25.0,-0.5,40.0
TRAIN_combined_high_heavy_66931,cluster_245647168_3238255150_3495323634,281.0,20.0,7,16.457192724697514,15.0,35.0,50.0,45.0,-1.25,40.0
TRAIN_combined_high_heavy_66931,cluster_245647168_3238255150_3495323634,286.0,10.0,4,2.195659963279234,20.0,15.0,35.0,50.0,-2.0,45.0
TRAIN_combined_high_heavy_66931,cluster_245647168_3238255150_3495323634,291.0,20.0,4,0.07737979283942976,10.0,20.0,15.0,35.0,-0.75,50.0
TRAIN_combined_high_heavy_66931,cluster_245647168_3238255150_3495323634,296.0,20.0,6,14.306212387027715,20.0,10.0,20.0,15.0,0.25,55.0
TRAIN_combined_high_heavy_66931,cluster_245647168_3238255150_3495323634,301.0,25.0,8,13.915859456189034,20.0,20.0,10.0,20.0,0.25,45.0
TRAIN_combined_high_heavy_66931,cluster_245647168_3238255150_3495323634,306.0,30.0,8,2.3904402580279283,25.0,20.0,20.0,10.0,1.0,5.0
TRAIN_combined_high_heavy_66931,cluster_245647168_3238255150_3495323634,311.0,40.0,9,7.59774406384259,30.0,25.0,20.0,20.0,1.0,10.0
TRAIN_combined_high_heavy_66931,cluster_245647168_3238255150_3495323634,316.0,30.0,8,0.6692847346227168,40.0,30.0,25.0,20.0,0.5,20.0
TRAIN_combined_high_heavy_66931,cluster_245647168_3238255150_3495323634,321.0,35.0,8,8.396988071227351,30.0,40.0,30.0,25.0,0.5,15.0
TRAIN_combined_high_heavy_66931,cluster_245647168_3238255150_3495323634,326.0,40.0,8,0.01928642903829014,35.0,30.0,40.0,30.0,0.5,25.0
TRAIN_combined_high_heavy_66931,cluster_245647168_3238255150_3495323634,331.0,40.0,8,0.00022343081282048173,40.0,35.0,30.0,40.0,0.0,30.0
TRAIN_combined_high_heavy_66931,cluster_245647168_3238255150_3495323634,336.0,40.0,8,0.0,40.0,40.0,35.0,30.0,0.5,30.0
TRAIN_combined_high_heavy_66931,cluster_245647168_3238255150_3495323634,341.0,40.0,9,4.619156853119836,40.0,40.0,40.0,35.0,0.25,35.0
TRAIN_combined_high_heavy_66931,cluster_245647168_3238255150_3495323634,346.0,45.0,11,12.060643168221073,40.0,40.0,40.0,40.0,0.25,35.0
TRAIN_combined_high_heavy_66931,cluster_245647168_3238255150_3495323634,351.0,50.0,12,8.26110078037971,45.0,40.0,40.0,40.0,0.5,40.0
TRAIN_combined_high_heavy_66931,cluster_245647168_3238255150_3495323634,356.0,55.0,14,9.45345269191969,50.0,45.0,40.0,40.0,0.75,40.0
TRAIN_combined_high_heavy_66931,cluster_245647168_3238255150_3495323634,361.0,45.0,11,3.6785058571888376,55.0,50.0,45.0,40.0,0.25,45.0
TRAIN_combined_high_heavy_66931,cluster_245647168_3238255150_3495323634,366.0,5.0,10,25.340450604448467,45.0,55.0,50.0,45.0,-2.0,55.0
TRAIN_combined_high_heavy_66931,cluster_245647168_3238255150_3495323634,371.0,10.0,6,17.89137129292877,5.0,45.0,55.0,50.0,-2.0,55.0
TRAIN_combined_high_heavy_66931,cluster_245647168_3238255150_3495323634,376.0,20.0,5,6.306578099257399,10.0,5.0,45.0,55.0,-1.75,75.0
TRAIN_combined_high_heavy_66931,cluster_245647168_3238255150_3495323634,381.0,15.0,7,18.72459285185238,20.0,10.0,5.0,45.0,-1.5,80.0
TRAIN_combined_high_heavy_66931,cluster_245647168_3238255150_3495323634,386.0,25.0,6,0.19557288417978078,15.0,20.0,10.0,5.0,1.0,95.0
TRAIN_combined_high_heavy_66931,cluster_245647168_3238255150_3495323634,391.0,30.0,6,0.00016034261863146358,25.0,15.0,20.0,10.0,1.0,90.0
TRAIN_combined_high_heavy_66931,cluster_245647168_3238255150_3495323634,396.0,30.0,8,10.4242985699851,30.0,25.0,15.0,20.0,0.5,20.0
TRAIN_combined_high_heavy_66931,cluster_245647168_3238255150_3495323634,401.0,35.0,10,6.937855429477597,30.0,30.0,25.0,15.0,1.0,20.0
TRAIN_combined_high_heavy_66931,cluster_245647168_3238255150_3495323634,406.0,35.0,10,5.373609279095449,35.0,30.0,30.0,25.0,0.5,20.0
TRAIN_combined_high_heavy_66931,cluster_245647168_3238255150_3495323634,411.0,40.0,12,9.1753122542218,35.0,35.0,30.0,30.0,0.5,20.0
TRAIN_combined_high_heavy_66931,cluster_245647168_3238255150_3495323634,416.0,40.0,13,12.437627119715023,40.0,35.0,35.0,30.0,0.5,20.0
TRAIN_combined_high_heavy_66931,cluster_245647168_3238255150_3495323634,421.0,45.0,11,1.3124644958092282,40.0,40.0,35.0,35.0,0.5,20.0
TRAIN_combined_high_heavy_66931,cluster_245647168_3238255150_3495323634,426.0,55.0,14,10.597027893095987,45.0,40.0,40.0,35.0,1.0,35.0
TRAIN_combined_high_heavy_66931,cluster_245647168_3238255150_3495323634,431.0,55.0,15,3.629265528927415,55.0,45.0,40.0,40.0,0.75,55.0
TRAIN_combined_high_heavy_66931,cluster_245647168_3238255150_3495323634,436.0,75.0,19,10.279638798345273,55.0,55.0,45.0,40.0,1.75,65.0
TRAIN_combined_high_heavy_66931,cluster_245647168_3238255150_3495323634,441.0,80.0,21,6.957851085522357,75.0,55.0,55.0,45.0,1.75,70.0
TRAIN_combined_high_heavy_66931,cluster_245647168_3238255150_3495323634,446.0,95.0,22,1.4487811239770976,80.0,75.0,55.0,55.0,2.0,70.0
TRAIN_combined_high_heavy_66931,cluster_245647168_3238255150_3495323634,451.0,90.0,18,0.00866017684750635,95.0,80.0,75.0,55.0,1.75,70.0
TRAIN_combined_high_heavy_66931,cluster_245647168_3238255150_3495323634,456.0,20.0,14,7.028275547070924,90.0,95.0,80.0,75.0,-2.75,70.0
TRAIN_combined_high_heavy_66931,cluster_245647168_3238255150_3495323634,461.0,20.0,8,9.352413779429856,20.0,90.0,95.0,80.0,-3.0,70.0
TRAIN_combined_high_heavy_66931,cluster_245647168_3238255150_3495323634,466.0,20.0,6,12.166227461159608,20.0,20.0,90.0,95.0,-3.75,70.0
TRAIN_combined_high_heavy_66931,cluster_245647168_3238255150_3495323634,471.0,20.0,7,9.40627906282858,20.0,20.0,20.0,90.0,-3.5,80.0
TRAIN_combined_high_heavy_66931,cluster_245647168_3238255150_3495323634,476.0,20.0,7,10.988883019770899,20.0,20.0,20.0,20.0,0.0,85.0
TRAIN_combined_high_heavy_66931,cluster_245647168_3238255150_3495323634,481.0,20.0,9,19.25573091105322,20.0,20.0,20.0,20.0,0.0,65.0
TRAIN_combined_high_heavy_66931,cluster_245647168_3238255150_3495323634,486.0,35.0,11,6.055937810048216,20.0,20.0,20.0,20.0,0.75,20.0
TRAIN_combined_high_heavy_66931,cluster_245647168_3238255150_3495323634,491.0,55.0,15,5.153457071120608,35.0,20.0,20.0,20.0,1.75,20.0
TRAIN_combined_high_heavy_66931,cluster_245647168_3238255150_3495323634,496.0,65.0,15,0.7289464054470347,55.0,35.0,20.0,20.0,2.25,25.0
TRAIN_combined_high_heavy_66931,cluster_245647168_3238255150_3495323634,501.0,70.0,14,0.00014250138795678758,65.0,55.0,35.0,20.0,2.5,35.0
TRAIN_combined_high_heavy_66931,cluster_245647168_3238255150_3495323634,506.0,70.0,15,3.325515214972571,70.0,65.0,55.0,35.0,1.75,30.0
TRAIN_combined_high_heavy_66931,cluster_245647168_3238255150_3495323634,511.0,70.0,14,0.0,70.0,70.0,65.0,55.0,0.75,30.0
TRAIN_combined_high_heavy_66931,cluster_245647168_3238255150_3495323634,516.0,70.0,14,0.0,70.0,70.0,70.0,65.0,0.25,35.0
TRAIN_combined_high_heavy_66931,cluster_245647168_3238255150_3495323634,521.0,70.0,14,0.0,70.0,70.0,70.0,70.0,0.0,40.0
TRAIN_combined_high_heavy_66931,cluster_245647168_3238255150_3495323634,526.0,70.0,16,2.046420167288951,70.0,70.0,70.0,70.0,0.0,40.0
TRAIN_combined_high_heavy_66931,cluster_245647168_3238255150_3495323634,531.0,80.0,17,1.0238242907283934,70.0,70.0,70.0,70.0,0.5,45.0
TRAIN_combined_high_heavy_66931,cluster_245647168_3238255150_3495323634,536.0,85.0,17,6.017946798305552e-05,80.0,70.0,70.0,70.0,0.75,50.0
TRAIN_combined_high_heavy_66931,cluster_245647168_3238255150_3495323634,541.0,65.0,17,3.4861817368626666,85.0,80.0,70.0,70.0,-0.25,55.0
TRAIN_combined_high_heavy_66931,cluster_245647168_3238255150_3495323634,546.0,20.0,16,9.819670693847527,65.0,85.0,80.0,70.0,-2.5,55.0
TRAIN_combined_high_heavy_66931,cluster_245647168_3238255150_3495323634,551.0,20.0,11,11.357701428417803,20.0,65.0,85.0,80.0,-3.0,55.0
TRAIN_combined_high_heavy_66931,cluster_245647168_3238255150_3495323634,556.0,25.0,8,9.820562111553336,20.0,20.0,65.0,85.0,-3.0,65.0
TRAIN_combined_high_heavy_66931,cluster_245647168_3238255150_3495323634,561.0,35.0,9,5.254628659784468,25.0,20.0,20.0,65.0,-1.5,65.0
TRAIN_combined_high_heavy_66931,cluster_245647168_3238255150_3495323634,566.0,30.0,8,1.7744235714423018,35.0,25.0,20.0,20.0,0.5,75.0
TRAIN_combined_high_heavy_66931,cluster_245647168_3238255150_3495323634,571.0,30.0,8,9.174001933716427,30.0,35.0,25.0,20.0,0.5,55.0
TRAIN_combined_high_heavy_66931,cluster_245647168_3238255150_3495323634,576.0,35.0,8,6.371185212721608,30.0,30.0,35.0,25.0,0.5,5.0
TRAIN_combined_high_heavy_66931,cluster_245647168_3238255150_3495323634,581.0,40.0,9,6.708900432792211,35.0,30.0,30.0,35.0,0.25,10.0
TRAIN_combined_high_heavy_66931,cluster_245647168_3238255150_3495323634,586.0,40.0,10,5.433014194434369,40.0,35.0,30.0,30.0,0.5,10.0
TRAIN_combined_high_heavy_66931,cluster_245647168_3238255150_3495323634,591.0,45.0,11,5.194186178537066,40.0,40.0,35.0,30.0,0.75,10.0
TRAIN_combined_high_heavy_66931,cluster_245647168_3238255150_3495323634,596.0,50.0,11,0.058643342138324325,45.0,40.0,40.0,35.0,0.75,15.0
TRAIN_combined_high_heavy_66931,cluster_245647168_3238255150_3495323634,601.0,55.0,11,0.000620341280562558,50.0,45.0,40.0,40.0,0.75,15.0
TRAIN_combined_high_heavy_66931,cluster_245647168_3238255150_3495323634,606.0,55.0,11,0.0,55.0,50.0,45.0,40.0,0.75,20.0
TRAIN_combined_high_heavy_66931,cluster_245647168_3238255150_3495323634,611.0,55.0,13,2.489464254289743,55.0,55.0,50.0,45.0,0.5,25.0
TRAIN_combined_high_heavy_66931,cluster_245647168_3238255150_3495323634,616.0,65.0,14,5.969807715922646,55.0,55.0,55.0,50.0,0.75,25.0
TRAIN_combined_high_heavy_66931,cluster_245647168_3238255150_3495323634,621.0,65.0,15,4.680772381568745,65.0,55.0,55.0,55.0,0.5,30.0
TRAIN_combined_high_heavy_66931,cluster_245647168_3238255150_3495323634,626.0,75.0,16,2.087112203194761,65.0,65.0,55.0,55.0,1.0,30.0
TRAIN_combined_high_heavy_66931,cluster_245647168_3238255150_3495323634,631.0,55.0,15,2.7612410503619587,75.0,65.0,65.0,55.0,0.0,35.0
TRAIN_combined_high_heavy_66931,cluster_245647168_3238255150_3495323634,636.0,5.0,13,8.40333723137305,55.0,75.0,65.0,65.0,-3.0,45.0
TRAIN_combined_high_heavy_66931,cluster_245647168_3238255150_3495323634,641.0,10.0,8,13.725079380984548,5.0,55.0,75.0,65.0,-2.75,45.0
TRAIN_combined_high_heavy_66931,cluster_245647168_3238255150_3495323634,646.0,10.0,4,31.85029923645873,10.0,5.0,55.0,75.0,-3.25,45.0
TRAIN_combined_high_heavy_66931,cluster_245647168_3238255150_3495323634,651.0,10.0,4,3.8976234735867505,10.0,10.0,5.0,55.0,-2.25,50.0
TRAIN_combined_high_heavy_66931,cluster_245647168_3238255150_3495323634,656.0,15.0,4,14.940957385212377,10.0,10.0,10.0,5.0,0.5,60.0
TRAIN_combined_high_heavy_66931,cluster_245647168_3238255150_3495323634,661.0,15.0,5,15.603514894479872,15.0,10.0,10.0,10.0,0.25,35.0
TRAIN_combined_high_heavy_66931,cluster_245647168_3238255150_3495323634,666.0,20.0,5,0.19460963742630055,15.0,15.0,10.0,10.0,0.5,5.0
TRAIN_combined_high_heavy_66931,cluster_245647168_3238255150_3495323634,671.0,25.0,5,0.0,20.0,15.0,15.0,10.0,0.75,5.0
TRAIN_combined_high_heavy_66931,cluster_245647168_3238255150_3495323634,676.0,25.0,6,8.06610953740503,25.0,20.0,15.0,15.0,0.5,5.0
TRAIN_combined_high_heavy_66931,cluster_245647168_3238255150_3495323634,681.0,30.0,6,0.013248209349173043,25.0,25.0,20.0,15.0,0.75,5.0
TRAIN_combined_high_heavy_66931,cluster_245647168_3238255150_3495323634,686.0,30.0,8,17.219307922361175,30.0,25.0,25.0,20.0,0.5,5.0
TRAIN_combined_high_heavy_66931,cluster_245647168_3238255150_3495323634,691.0,35.0,9,9.198134423160763,30.0,30.0,25.0,25.0,0.5,10.0
TRAIN_combined_high_heavy_66931,cluster_245647168_3238255150_3495323634,696.0,45.0,9,0.003981008455738132,35.0,30.0,30.0,25.0,1.0,10.0
TRAIN_combined_high_heavy_66931,cluster_245647168_3238255150_3495323634,701.0,45.0,9,0.0,45.0,35.0,30.0,30.0,0.75,10.0
TRAIN_combined_high_heavy_66931,cluster_245647168_3238255150_3495323634,706.0,45.0,10,3.3892618985898277,45.0,45.0,35.0,30.0,0.75,10.0
TRAIN_combined_high_heavy_66931,cluster_245647168_3238255150_3495323634,711.0,50.0,12,4.8352184640584746,45.0,45.0,45.0,35.0,0.75,10.0
TRAIN_combined_high_heavy_66931,cluster_245647168_3238255150_3495323634,716.0,60.0,12,0.009110186344455469,50.0,45.0,45.0,45.0,0.75,10.0
TRAIN_combined_high_heavy_66931,cluster_245647168_3238255150_3495323634,721.0,35.0,8,0.1521897886680767,60.0,50.0,45.0,45.0,-0.5,10.0
TRAIN_combined_high_heavy_66931,cluster_245647168_3238255150_3495323634,726.0,5.0,6,7.576119318317455,35.0,60.0,50.0,45.0,-2.0,10.0
TRAIN_combined_high_heavy_66931,cluster_245647168_3238255150_3495323634,731.0,5.0,1,0.0,5.0,35.0,60.0,50.0,-2.25,15.0
TRAIN_combined_high_heavy_66931,cluster_245647168_3238255150_3495323634,736.0,5.0,1,0.0,5.0,5.0,35.0,60.0,-2.75,20.0
TRAIN_combined_high_incident_51255,cluster_13546492148_1838721956,16.0,0.0,0,0.0,0.0,0.0,0.0,0.0,0.0,0.0
TRAIN_combined_high_incident_51255,cluster_13546492148_1838721956,21.0,0.0,0,0.0,0.0,0.0,0.0,0.0,0.0,5.0
TRAIN_combined_high_incident_51255,cluster_13546492148_1838721956,26.0,0.0,0,0.0,0.0,0.0,0.0,0.0,0.0,5.0
TRAIN_combined_high_incident_51255,cluster_13546492148_1838721956,31.0,0.0,0,0.0,0.0,0.0,0.0,0.0,0.0,0.0
TRAIN_combined_high_incident_51255,cluster_13546492148_1838721956,36.0,0.0,0,0.0,0.0,0.0,0.0,0.0,0.0,0.0
TRAIN_combined_high_incident_51255,cluster_13546492148_1838721956,41.0,0.0,0,0.0,0.0,0.0,0.0,0.0,0.0,0.0
TRAIN_combined_high_incident_51255,cluster_13546492148_1838721956,46.0,0.0,0,0.0,0.0,0.0,0.0,0.0,0.0,0.0
TRAIN_combined_high_incident_51255,cluster_13546492148_1838721956,51.0,0.0,0,0.0,0.0,0.0,0.0,0.0,0.0,0.0
TRAIN_combined_high_incident_51255,cluster_13546492148_1838721956,56.0,0.0,0,0.0,0.0,0.0,0.0,0.0,0.0,5.0
TRAIN_combined_high_incident_51255,cluster_13546492148_1838721956,61.0,0.0,0,0.0,0.0,0.0,0.0,0.0,0.0,5.0
TRAIN_combined_high_incident_51255,cluster_13546492148_1838721956,66.0,0.0,0,0.0,0.0,0.0,0.0,0.0,0.0,5.0
TRAIN_combined_high_incident_51255,cluster_13546492148_1838721956,71.0,0.0,1,95.49471232620213,0.0,0.0,0.0,0.0,0.0,5.0
TRAIN_combined_high_incident_51255,cluster_13546492148_1838721956,76.0,0.0,1,5.6024255596415165,0.0,0.0,0.0,0.0,0.0,5.0
TRAIN_combined_high_incident_51255,cluster_13546492148_1838721956,81.0,5.0,2,50.1584892237674,0.0,0.0,0.0,0.0,0.0,10.0
TRAIN_combined_high_incident_51255,cluster_13546492148_1838721956,86.0,5.0,1,0.0,5.0,0.0,0.0,0.0,0.0,10.0
TRAIN_combined_high_incident_51255,cluster_13546492148_1838721956,91.0,0.0,0,0.0,5.0,5.0,0.0,0.0,0.0,10.0
TRAIN_combined_high_incident_51255,cluster_13546492148_1838721956,96.0,0.0,0,0.0,0.0,5.0,5.0,0.0,0.0,10.0
TRAIN_combined_high_incident_51255,cluster_13546492148_1838721956,101.0,0.0,0,0.0,0.0,0.0,5.0,5.0,0.0,10.0
TRAIN_combined_high_incident_51255,cluster_13546492148_1838721956,106.0,0.0,0,0.0,0.0,0.0,0.0,5.0,0.0,10.0
TRAIN_combined_high_incident_51255,cluster_13546492148_1838721956,111.0,0.0,0,0.0,0.0,0.0,0.0,0.0,0.0,10.0
TRAIN_combined_high_incident_51255,cluster_13546492148_1838721956,116.0,5.0,1,0.024419228983672436,0.0,0.0,0.0,0.0,0.25,10.0
TRAIN_combined_high_incident_51255,cluster_13546492148_1838721956,121.0,5.0,1,0.0,5.0,0.0,0.0,0.0,0.25,0.0
TRAIN_combined_high_incident_51255,cluster_13546492148_1838721956,126.0,5.0,1,0.0,5.0,5.0,0.0,0.0,0.25,0.0
TRAIN_combined_high_incident_51255,cluster_13546492148_1838721956,131.0,5.0,1,0.0,5.0,5.0,5.0,0.0,0.25,0.0
TRAIN_combined_high_incident_51255,cluster_13546492148_1838721956,136.0,5.0,2,0.39901987615787166,5.0,5.0,5.0,5.0,0.0,0.0
TRAIN_combined_high_incident_51255,cluster_13546492148_1838721956,141.0,10.0,3,2.893346099166967,5.0,5.0,5.0,5.0,0.25,0.0
TRAIN_combined_high_incident_51255,cluster_13546492148_1838721956,146.0,10.0,2,0.0,10.0,5.0,5.0,5.0,0.25,5.0
TRAIN_combined_high_incident_51255,cluster_13546492148_1838721956,151.0,10.0,2,0.0,10.0,10.0,5.0,5.0,0.25,5.0
TRAIN_combined_high_incident_51255,cluster_13546492148_1838721956,156.0,10.0,2,0.0,10.0,10.0,10.0,5.0,0.25,5.0
TRAIN_combined_high_incident_51255,cluster_13546492148_1838721956,161.0,10.0,2,0.0,10.0,10.0,10.0,10.0,0.0,5.0
TRAIN_combined_high_incident_51255,cluster_13546492148_1838721956,166.0,10.0,2,0.0,10.0,10.0,10.0,10.0,0.0,0.0
TRAIN_combined_high_incident_51255,cluster_13546492148_1838721956,171.0,10.0,2,0.0,10.0,10.0,10.0,10.0,0.0,5.0
TRAIN_combined_high_incident_51255,cluster_13546492148_1838721956,176.0,10.0,2,0.0,10.0,10.0,10.0,10.0,0.0,5.0
TRAIN_combined_high_incident_51255,cluster_13546492148_1838721956,181.0,0.0,0,0.0,10.0,10.0,10.0,10.0,-0.5,5.0
TRAIN_combined_high_incident_51255,cluster_13546492148_1838721956,186.0,0.0,0,0.0,0.0,10.0,10.0,10.0,-0.5,5.0
TRAIN_combined_high_incident_51255,cluster_13546492148_1838721956,191.0,0.0,0,0.0,0.0,0.0,10.0,10.0,-0.5,5.0
TRAIN_combined_high_incident_51255,cluster_13546492148_1838721956,196.0,0.0,0,0.0,0.0,0.0,0.0,10.0,-0.5,5.0
TRAIN_combined_high_incident_51255,cluster_13546492148_1838721956,201.0,0.0,0,0.0,0.0,0.0,0.0,0.0,0.0,10.0
TRAIN_combined_high_incident_51255,cluster_13546492148_1838721956,206.0,5.0,1,0.10389156923919401,0.0,0.0,0.0,0.0,0.25,10.0
TRAIN_combined_high_incident_51255,cluster_13546492148_1838721956,211.0,5.0,1,0.0,5.0,0.0,0.0,0.0,0.25,5.0
TRAIN_combined_high_incident_51255,cluster_13546492148_1838721956,216.0,5.0,1,0.0,5.0,5.0,0.0,0.0,0.25,0.0
TRAIN_combined_high_incident_51255,cluster_13546492148_1838721956,221.0,5.0,1,0.0,5.0,5.0,5.0,0.0,0.25,0.0
TRAIN_combined_high_incident_51255,cluster_13546492148_1838721956,226.0,0.0,1,8.535981352177096,5.0,5.0,5.0,5.0,-0.25,0.0
TRAIN_combined_high_incident_51255,cluster_13546492148_1838721956,231.0,5.0,1,0.0,0.0,5.0,5.0,5.0,0.0,0.0
TRAIN_combined_high_incident_51255,cluster_13546492148_1838721956,236.0,5.0,1,0.0,5.0,0.0,5.0,5.0,0.0,5.0
TRAIN_combined_high_incident_51255,cluster_13546492148_1838721956,241.0,5.0,1,0.0,5.0,5.0,0.0,5.0,0.0,5.0
TRAIN_combined_high_incident_51255,cluster_13546492148_1838721956,246.0,5.0,1,0.0,5.0,5.0,5.0,0.0,0.25,5.0
TRAIN_combined_high_incident_51255,cluster_13546492148_1838721956,251.0,5.0,1,0.0,5.0,5.0,5.0,5.0,0.0,5.0
TRAIN_combined_high_incident_51255,cluster_13546492148_1838721956,256.0,5.0,2,0.8521472222505873,5.0,5.0,5.0,5.0,0.0,0.0
TRAIN_combined_high_incident_51255,cluster_13546492148_1838721956,261.0,10.0,2,0.0,5.0,5.0,5.0,5.0,0.25,0.0
TRAIN_combined_high_incident_51255,cluster_13546492148_1838721956,266.0,10.0,2,0.0,10.0,5.0,5.0,5.0,0.25,0.0
TRAIN_combined_high_incident_51255,cluster_13546492148_1838721956,271.0,5.0,1,0.000397208063154108,10.0,10.0,5.0,5.0,0.0,5.0
TRAIN_combined_high_incident_51255,cluster_13546492148_1838721956,276.0,0.0,1,32.55316256946306,5.0,10.0,10.0,5.0,-0.25,5.0
TRAIN_combined_high_incident_51255,cluster_13546492148_1838721956,281.0,0.0,0,0.0,0.0,5.0,10.0,10.0,-0.5,10.0
TRAIN_combined_high_incident_51255,cluster_13546492148_1838721956,286.0,0.0,0,0.0,0.0,0.0,5.0,10.0,-0.5,15.0
TRAIN_combined_high_incident_51255,cluster_13546492148_1838721956,291.0,0.0,0,0.0,0.0,0.0,0.0,5.0,-0.25,15.0
TRAIN_combined_high_incident_51255,cluster_13546492148_1838721956,296.0,5.0,1,0.012530491305540058,0.0,0.0,0.0,0.0,0.25,10.0
TRAIN_combined_high_incident_51255,cluster_13546492148_1838721956,301.0,5.0,2,33.92186314179839,5.0,0.0,0.0,0.0,0.25,0.0
TRAIN_combined_high_incident_51255,cluster_13546492148_1838721956,306.0,5.0,1,0.0,5.0,5.0,0.0,0.0,0.25,0.0
TRAIN_combined_high_incident_51255,cluster_13546492148_1838721956,311.0,5.0,1,0.0,5.0,5.0,5.0,0.0,0.25,0.0
TRAIN_combined_high_incident_51255,cluster_13546492148_1838721956,316.0,0.0,0,0.0,5.0,5.0,5.0,5.0,-0.25,0.0
TRAIN_combined_high_incident_51255,cluster_13546492148_1838721956,321.0,0.0,0,0.0,0.0,5.0,5.0,5.0,-0.25,0.0
TRAIN_combined_high_incident_51255,cluster_13546492148_1838721956,326.0,0.0,1,20.670509270577096,0.0,0.0,5.0,5.0,-0.25,5.0
TRAIN_combined_high_incident_51255,cluster_13546492148_1838721956,331.0,5.0,1,0.015695012707640257,0.0,0.0,0.0,5.0,0.0,5.0
TRAIN_combined_high_incident_51255,cluster_13546492148_1838721956,336.0,5.0,2,16.03059528009073,5.0,0.0,0.0,0.0,0.25,5.0
TRAIN_combined_high_incident_51255,cluster_13546492148_1838721956,341.0,10.0,2,0.026490461447008597,5.0,5.0,0.0,0.0,0.5,5.0
TRAIN_combined_high_incident_51255,cluster_13546492148_1838721956,346.0,15.0,3,0.03603614405972051,10.0,5.0,5.0,0.0,0.75,0.0
TRAIN_combined_high_incident_51255,cluster_13546492148_1838721956,351.0,15.0,3,0.0,15.0,10.0,5.0,5.0,0.5,5.0
TRAIN_combined_high_incident_51255,cluster_13546492148_1838721956,356.0,10.0,3,2.5059503886289893,15.0,15.0,10.0,5.0,0.25,5.0
TRAIN_combined_high_incident_51255,cluster_13546492148_1838721956,361.0,0.0,0,0.0,10.0,15.0,15.0,10.0,-0.5,5.0
TRAIN_combined_high_incident_51255,cluster_13546492148_1838721956,366.0,0.0,0,0.0,0.0,10.0,15.0,15.0,-0.75,5.0
TRAIN_combined_high_incident_51255,cluster_13546492148_1838721956,371.0,0.0,0,0.0,0.0,0.0,10.0,15.0,-0.75,10.0
TRAIN_combined_high_incident_51255,cluster_13546492148_1838721956,376.0,0.0,0,0.0,0.0,0.0,0.0,10.0,-0.5,15.0
TRAIN_combined_high_incident_51255,cluster_13546492148_1838721956,381.0,0.0,0,0.0,0.0,0.0,0.0,0.0,0.0,20.0
TRAIN_combined_high_incident_51255,cluster_13546492148_1838721956,386.0,5.0,1,0.13133788452893974,0.0,0.0,0.0,0.0,0.25,20.0
TRAIN_combined_high_incident_51255,cluster_13546492148_1838721956,391.0,5.0,1,0.0,5.0,0.0,0.0,0.0,0.25,5.0
TRAIN_combined_high_incident_51255,cluster_13546492148_1838721956,396.0,5.0,1,0.0,5.0,5.0,0.0,0.0,0.25,0.0
TRAIN_combined_high_incident_51255,cluster_13546492148_1838721956,401.0,5.0,1,0.0,5.0,5.0,5.0,0.0,0.25,0.0
TRAIN_combined_high_incident_51255,cluster_13546492148_1838721956,406.0,0.0,1,2.6073966978074363,5.0,5.0,5.0,5.0,-0.25,0.0
TRAIN_combined_high_incident_51255,cluster_13546492148_1838721956,411.0,5.0,2,11.044927039594933,0.0,5.0,5.0,5.0,0.0,0.0
TRAIN_combined_high_incident_51255,cluster_13546492148_1838721956,416.0,5.0,1,0.0,5.0,0.0,5.0,5.0,0.0,5.0
TRAIN_combined_high_incident_51255,cluster_13546492148_1838721956,421.0,5.0,1,0.0,5.0,5.0,0.0,5.0,0.0,5.0
TRAIN_combined_high_incident_51255,cluster_13546492148_1838721956,426.0,5.0,2,1.5282602553252467,5.0,5.0,5.0,0.0,0.25,5.0
TRAIN_combined_high_incident_51255,cluster_13546492148_1838721956,431.0,10.0,2,0.0,5.0,5.0,5.0,5.0,0.25,5.0
TRAIN_combined_high_incident_51255,cluster_13546492148_1838721956,436.0,15.0,3,0.059618175317101854,10.0,5.0,5.0,5.0,0.5,0.0
TRAIN_combined_high_incident_51255,cluster_13546492148_1838721956,441.0,20.0,4,0.006382534192292944,15.0,10.0,5.0,5.0,0.75,5.0
TRAIN_combined_high_incident_51255,cluster_13546492148_1838721956,446.0,20.0,4,0.0,20.0,15.0,10.0,5.0,0.75,5.0
TRAIN_combined_high_incident_51255,cluster_13546492148_1838721956,451.0,5.0,1,0.0,20.0,20.0,15.0,10.0,-0.25,5.0
TRAIN_combined_high_incident_51255,cluster_13546492148_1838721956,456.0,0.0,1,22.138803409192878,5.0,20.0,20.0,15.0,-0.75,5.0
TRAIN_combined_high_incident_51255,cluster_13546492148_1838721956,461.0,0.0,0,0.0,0.0,5.0,20.0,20.0,-1.0,10.0
TRAIN_combined_high_incident_51255,cluster_13546492148_1838721956,466.0,0.0,0,0.0,0.0,0.0,5.0,20.0,-1.0,20.0
TRAIN_combined_high_incident_51255,cluster_13546492148_1838721956,471.0,0.0,1,16.562866171444927,0.0,0.0,0.0,5.0,-0.25,20.0
TRAIN_combined_high_incident_51255,cluster_13546492148_1838721956,476.0,5.0,1,0.002090761856082842,0.0,0.0,0.0,0.0,0.25,20.0
TRAIN_combined_high_incident_51255,cluster_13546492148_1838721956,481.0,5.0,1,0.0,5.0,0.0,0.0,0.0,0.25,5.0
TRAIN_combined_high_incident_51255,cluster_13546492148_1838721956,486.0,5.0,1,0.0,5.0,5.0,0.0,0.0,0.25,5.0
TRAIN_combined_high_incident_51255,cluster_13546492148_1838721956,491.0,5.0,1,0.0,5.0,5.0,5.0,0.0,0.25,5.0
TRAIN_combined_high_incident_51255,cluster_13546492148_1838721956,496.0,0.0,1,3.6836827902204714,5.0,5.0,5.0,5.0,-0.25,5.0
TRAIN_combined_high_incident_51255,cluster_13546492148_1838721956,501.0,5.0,1,0.0,0.0,5.0,5.0,5.0,0.0,5.0
TRAIN_combined_high_incident_51255,cluster_13546492148_1838721956,506.0,5.0,1,0.0,5.0,0.0,5.0,5.0,0.0,10.0
TRAIN_combined_high_incident_51255,cluster_13546492148_1838721956,511.0,5.0,1,0.0,5.0,5.0,0.0,5.0,0.0,10.0
TRAIN_combined_high_incident_51255,cluster_13546492148_1838721956,516.0,5.0,1,0.0,5.0,5.0,5.0,0.0,0.25,10.0
TRAIN_combined_high_incident_51255,cluster_13546492148_1838721956,521.0,10.0,3,0.17619774579295383,5.0,5.0,5.0,5.0,0.25,10.0
TRAIN_combined_high_incident_51255,cluster_13546492148_1838721956,526.0,20.0,4,0.05552740638603026,10.0,5.0,5.0,5.0,0.75,0.0
TRAIN_combined_high_incident_51255,cluster_13546492148_1838721956,531.0,20.0,4,0.0,20.0,10.0,5.0,5.0,0.75,0.0
TRAIN_combined_high_incident_51255,cluster_13546492148_1838721956,536.0,20.0,4,0.0,20.0,20.0,10.0,5.0,0.75,5.0
TRAIN_combined_high_incident_51255,cluster_13546492148_1838721956,541.0,5.0,2,3.539154544690019,20.0,20.0,20.0,10.0,-0.25,10.0
TRAIN_combined_high_incident_51255,cluster_13546492148_1838721956,546.0,5.0,1,0.0006130421319332776,5.0,20.0,20.0,20.0,-0.75,5.0
TRAIN_combined_high_incident_51255,cluster_13546492148_1838721956,551.0,5.0,1,0.00040736849295070973,5.0,5.0,20.0,20.0,-0.75,15.0
TRAIN_combined_high_incident_51255,cluster_13546492148_1838721956,556.0,5.0,1,0.0,5.0,5.0,5.0,20.0,-0.75,20.0
TRAIN_combined_high_incident_51255,cluster_13546492148_1838721956,561.0,5.0,1,0.0,5.0,5.0,5.0,5.0,0.0,20.0
TRAIN_combined_high_incident_51255,cluster_13546492148_1838721956,566.0,10.0,2,0.05491675368599516,5.0,5.0,5.0,5.0,0.25,20.0
TRAIN_combined_high_incident_51255,cluster_13546492148_1838721956,571.0,10.0,2,0.0,10.0,5.0,5.0,5.0,0.25,10.0
TRAIN_combined_high_incident_51255,cluster_13546492148_1838721956,576.0,10.0,2,0.0,10.0,10.0,5.0,5.0,0.25,0.0
TRAIN_combined_high_incident_51255,cluster_13546492148_1838721956,581.0,10.0,2,0.0,10.0,10.0,10.0,5.0,0.25,0.0
TRAIN_combined_high_incident_51255,cluster_13546492148_1838721956,586.0,0.0,0,0.0,10.0,10.0,10.0,10.0,-0.5,0.0
TRAIN_combined_high_incident_51255,cluster_13546492148_1838721956,591.0,0.0,1,27.793795230204164,0.0,10.0,10.0,10.0,-0.5,0.0
TRAIN_combined_high_incident_51255,cluster_13546492148_1838721956,596.0,5.0,1,0.015777374585941282,0.0,0.0,10.0,10.0,-0.25,5.0
TRAIN_combined_high_incident_51255,cluster_13546492148_1838721956,601.0,10.0,2,0.0008581899620988272,5.0,0.0,0.0,10.0,0.0,5.0
TRAIN_combined_high_incident_51255,cluster_13546492148_1838721956,606.0,5.0,2,0.35749146904195434,10.0,5.0,0.0,0.0,0.25,5.0
TRAIN_combined_high_incident_51255,cluster_13546492148_1838721956,611.0,15.0,3,0.0014405411769408448,5.0,10.0,5.0,0.0,0.75,5.0
TRAIN_combined_high_incident_51255,cluster_13546492148_1838721956,616.0,20.0,4,0.00016898369483946924,15.0,5.0,10.0,5.0,0.75,0.0
TRAIN_combined_high_incident_51255,cluster_13546492148_1838721956,621.0,20.0,4,0.0,20.0,15.0,5.0,10.0,0.5,0.0
TRAIN_combined_high_incident_51255,cluster_13546492148_1838721956,626.0,20.0,4,0.0,20.0,20.0,15.0,5.0,0.75,5.0
TRAIN_combined_high_incident_51255,cluster_13546492148_1838721956,631.0,10.0,2,0.0,20.0,20.0,20.0,15.0,-0.25,5.0
TRAIN_combined_high_incident_51255,cluster_13546492148_1838721956,636.0,0.0,1,35.38019596097484,10.0,20.0,20.0,20.0,-1.0,5.0
TRAIN_combined_high_incident_51255,cluster_13546492148_1838721956,641.0,0.0,0,0.0,0.0,10.0,20.0,20.0,-1.0,5.0
TRAIN_combined_high_incident_51255,cluster_13546492148_1838721956,646.0,0.0,0,0.0,0.0,0.0,10.0,20.0,-1.0,5.0
TRAIN_combined_high_incident_51255,cluster_13546492148_1838721956,651.0,0.0,1,15.753320897137737,0.0,0.0,0.0,10.0,-0.5,5.0
TRAIN_combined_high_incident_51255,cluster_13546492148_1838721956,656.0,5.0,1,0.0010000524889260205,0.0,0.0,0.0,0.0,0.25,5.0
TRAIN_combined_high_incident_51255,cluster_13546492148_1838721956,661.0,5.0,1,0.0,5.0,0.0,0.0,0.0,0.25,0.0
TRAIN_combined_high_incident_51255,cluster_13546492148_1838721956,666.0,5.0,1,0.0,5.0,5.0,0.0,0.0,0.25,0.0
TRAIN_combined_high_incident_51255,cluster_13546492148_1838721956,671.0,5.0,1,0.0,5.0,5.0,5.0,0.0,0.25,0.0
TRAIN_combined_high_incident_51255,cluster_13546492148_1838721956,676.0,0.0,0,0.0,5.0,5.0,5.0,5.0,-0.25,0.0
TRAIN_combined_high_incident_51255,cluster_13546492148_1838721956,681.0,0.0,1,15.77093671919245,0.0,5.0,5.0,5.0,-0.25,0.0
TRAIN_combined_high_incident_51255,cluster_13546492148_1838721956,686.0,5.0,1,0.0009120306681252187,0.0,0.0,5.0,5.0,0.0,0.0
TRAIN_combined_high_incident_51255,cluster_13546492148_1838721956,691.0,5.0,1,0.0,5.0,0.0,0.0,5.0,0.0,0.0
TRAIN_combined_high_incident_51255,cluster_13546492148_1838721956,696.0,5.0,1,0.0,5.0,5.0,0.0,0.0,0.25,0.0
TRAIN_combined_high_incident_51255,cluster_13546492148_1838721956,701.0,5.0,1,0.0,5.0,5.0,5.0,0.0,0.25,0.0
TRAIN_combined_high_incident_51255,cluster_13546492148_1838721956,706.0,5.0,1,0.0,5.0,5.0,5.0,5.0,0.0,0.0
TRAIN_combined_high_incident_51255,cluster_13546492148_1838721956,711.0,5.0,1,0.0,5.0,5.0,5.0,5.0,0.0,0.0
TRAIN_combined_high_incident_51255,cluster_13546492148_1838721956,716.0,5.0,1,0.0,5.0,5.0,5.0,5.0,0.0,0.0
TRAIN_combined_high_incident_51255,cluster_13546492148_1838721956,721.0,0.0,0,0.0,5.0,5.0,5.0,5.0,-0.25,5.0
TRAIN_combined_high_incident_51255,cluster_13546492148_1838721956,726.0,0.0,0,0.0,0.0,5.0,5.0,5.0,-0.25,5.0
TRAIN_combined_high_incident_51255,cluster_13546492148_1838721956,731.0,0.0,0,0.0,0.0,0.0,5.0,5.0,-0.25,5.0
TRAIN_combined_high_incident_51255,cluster_13546492148_1838721956,736.0,0.0,0,0.0,0.0,0.0,0.0,5.0,-0.25,5.0
TRAIN_combined_high_incident_51255,cluster_2061304035_245647208,16.0,0.0,0,0.0,0.0,0.0,0.0,0.0,0.0,5.0
TRAIN_combined_high_incident_51255,cluster_2061304035_245647208,21.0,0.0,0,0.0,0.0,0.0,0.0,0.0,0.0,5.0
TRAIN_combined_high_incident_51255,cluster_2061304035_245647208,26.0,0.0,0,0.0,0.0,0.0,0.0,0.0,0.0,5.0
TRAIN_combined_high_incident_51255,cluster_2061304035_245647208,31.0,0.0,0,0.0,0.0,0.0,0.0,0.0,0.0,0.0
TRAIN_combined_high_incident_51255,cluster_2061304035_245647208,36.0,0.0,0,0.0,0.0,0.0,0.0,0.0,0.0,5.0
TRAIN_combined_high_incident_51255,cluster_2061304035_245647208,41.0,0.0,0,0.0,0.0,0.0,0.0,0.0,0.0,5.0
TRAIN_combined_high_incident_51255,cluster_2061304035_245647208,46.0,0.0,0,0.0,0.0,0.0,0.0,0.0,0.0,5.0
TRAIN_combined_high_incident_51255,cluster_2061304035_245647208,51.0,0.0,1,40.413051951585324,0.0,0.0,0.0,0.0,0.0,10.0
TRAIN_combined_high_incident_51255,cluster_2061304035_245647208,56.0,5.0,1,0.006483212473986892,0.0,0.0,0.0,0.0,0.0,10.0
TRAIN_combined_high_incident_51255,cluster_2061304035_245647208,61.0,5.0,1,0.0,5.0,0.0,0.0,0.0,0.0,15.0
TRAIN_combined_high_incident_51255,cluster_2061304035_245647208,66.0,5.0,1,0.0,5.0,5.0,0.0,0.0,0.0,15.0
TRAIN_combined_high_incident_51255,cluster_2061304035_245647208,71.0,5.0,1,0.0,5.0,5.0,5.0,0.0,0.0,20.0
TRAIN_combined_high_incident_51255,cluster_2061304035_245647208,76.0,5.0,1,0.0,5.0,5.0,5.0,5.0,0.0,10.0
TRAIN_combined_high_incident_51255,cluster_2061304035_245647208,81.0,5.0,2,20.60646063486018,5.0,5.0,5.0,5.0,0.0,0.0
TRAIN_combined_high_incident_51255,cluster_2061304035_245647208,86.0,5.0,1,0.0,5.0,5.0,5.0,5.0,0.0,0.0
TRAIN_combined_high_incident_51255,cluster_2061304035_245647208,91.0,0.0,1,31.115153179830326,5.0,5.0,5.0,5.0,0.0,0.0
TRAIN_combined_high_incident_51255,cluster_2061304035_245647208,96.0,5.0,1,0.014625368271042861,0.0,5.0,5.0,5.0,0.0,0.0
TRAIN_combined_high_incident_51255,cluster_2061304035_245647208,101.0,5.0,1,0.0,5.0,0.0,5.0,5.0,0.0,0.0
TRAIN_combined_high_incident_51255,cluster_2061304035_245647208,106.0,5.0,2,20.71751809670406,5.0,5.0,0.0,5.0,0.0,0.0
TRAIN_combined_high_incident_51255,cluster_2061304035_245647208,111.0,10.0,2,0.0,5.0,5.0,5.0,0.0,0.5,0.0
TRAIN_combined_high_incident_51255,cluster_2061304035_245647208,116.0,10.0,3,1.753864558850916,10.0,5.0,5.0,5.0,0.25,0.0
TRAIN_combined_high_incident_51255,cluster_2061304035_245647208,121.0,15.0,3,0.0005198311319510354,10.0,10.0,5.0,5.0,0.5,0.0
TRAIN_combined_high_incident_51255,cluster_2061304035_245647208,126.0,15.0,4,14.249431585564249,15.0,10.0,10.0,5.0,0.5,0.0
TRAIN_combined_high_incident_51255,cluster_2061304035_245647208,131.0,20.0,4,0.03802080037375812,15.0,15.0,10.0,10.0,0.5,0.0
TRAIN_combined_high_incident_51255,cluster_2061304035_245647208,136.0,10.0,2,0.00021032542381249506,20.0,15.0,15.0,10.0,0.0,0.0
TRAIN_combined_high_incident_51255,cluster_2061304035_245647208,141.0,0.0,1,22.455828606281802,10.0,20.0,15.0,15.0,-0.75,5.0
TRAIN_combined_high_incident_51255,cluster_2061304035_245647208,146.0,0.0,1,84.34030579161013,0.0,10.0,20.0,15.0,-0.75,10.0
TRAIN_combined_high_incident_51255,cluster_2061304035_245647208,151.0,0.0,1,90.16879601803001,0.0,0.0,10.0,20.0,-1.0,10.0
TRAIN_combined_high_incident_51255,cluster_2061304035_245647208,156.0,0.0,2,29.694297867365716,0.0,0.0,0.0,10.0,-0.5,10.0
TRAIN_combined_high_incident_51255,cluster_2061304035_245647208,161.0,0.0,0,0.0,0.0,0.0,0.0,0.0,0.0,15.0
TRAIN_combined_high_incident_51255,cluster_2061304035_245647208,166.0,0.0,1,59.69413817959212,0.0,0.0,0.0,0.0,0.0,0.0
TRAIN_combined_high_incident_51255,cluster_2061304035_245647208,171.0,0.0,0,0.0,0.0,0.0,0.0,0.0,0.0,0.0
TRAIN_combined_high_incident_51255,cluster_2061304035_245647208,176.0,0.0,0,0.0,0.0,0.0,0.0,0.0,0.0,0.0
TRAIN_combined_high_incident_51255,cluster_2061304035_245647208,181.0,0.0,0,0.0,0.0,0.0,0.0,0.0,0.0,0.0
TRAIN_combined_high_incident_51255,cluster_2061304035_245647208,186.0,0.0,0,0.0,0.0,0.0,0.0,0.0,0.0,0.0
TRAIN_combined_high_incident_51255,cluster_2061304035_245647208,191.0,0.0,1,39.94992036005773,0.0,0.0,0.0,0.0,0.0,0.0
TRAIN_combined_high_incident_51255,cluster_2061304035_245647208,196.0,0.0,2,45.315472517226944,0.0,0.0,0.0,0.0,0.0,0.0
TRAIN_combined_high_incident_51255,cluster_2061304035_245647208,201.0,5.0,2,0.4981977090359558,0.0,0.0,0.0,0.0,0.25,0.0
TRAIN_combined_high_incident_51255,cluster_2061304035_245647208,206.0,10.0,2,0.0007213513110745855,5.0,0.0,0.0,0.0,0.5,0.0
TRAIN_combined_high_incident_51255,cluster_2061304035_245647208,211.0,10.0,2,0.0,10.0,5.0,0.0,0.0,0.5,0.0
TRAIN_combined_high_incident_51255,cluster_2061304035_245647208,216.0,10.0,3,3.0451215794196376,10.0,10.0,5.0,0.0,0.5,0.0
TRAIN_combined_high_incident_51255,cluster_2061304035_245647208,221.0,15.0,3,0.008190314482727189,10.0,10.0,10.0,5.0,0.5,0.0
TRAIN_combined_high_incident_51255,cluster_2061304035_245647208,226.0,0.0,0,0.0,15.0,10.0,10.0,10.0,-0.5,0.0
TRAIN_combined_high_incident_51255,cluster_2061304035_245647208,231.0,0.0,0,0.0,0.0,15.0,10.0,10.0,-0.5,0.0
TRAIN_combined_high_incident_51255,cluster_2061304035_245647208,236.0,0.0,0,0.0,0.0,0.0,15.0,10.0,-0.5,0.0
TRAIN_combined_high_incident_51255,cluster_2061304035_245647208,241.0,0.0,0,0.0,0.0,0.0,0.0,15.0,-0.75,5.0
TRAIN_combined_high_incident_51255,cluster_2061304035_245647208,246.0,0.0,0,0.0,0.0,0.0,0.0,0.0,0.0,5.0
TRAIN_combined_high_incident_51255,cluster_2061304035_245647208,251.0,0.0,0,0.0,0.0,0.0,0.0,0.0,0.0,10.0
TRAIN_combined_high_incident_51255,cluster_2061304035_245647208,256.0,0.0,0,0.0,0.0,0.0,0.0,0.0,0.0,10.0
TRAIN_combined_high_incident_51255,cluster_2061304035_245647208,261.0,0.0,0,0.0,0.0,0.0,0.0,0.0,0.0,0.0
TRAIN_combined_high_incident_51255,cluster_2061304035_245647208,266.0,0.0,0,0.0,0.0,0.0,0.0,0.0,0.0,0.0
TRAIN_combined_high_incident_51255,cluster_2061304035_245647208,271.0,0.0,0,0.0,0.0,0.0,0.0,0.0,0.0,0.0
TRAIN_combined_high_incident_51255,cluster_2061304035_245647208,276.0,0.0,0,0.0,0.0,0.0,0.0,0.0,0.0,0.0
TRAIN_combined_high_incident_51255,cluster_2061304035_245647208,281.0,0.0,0,0.0,0.0,0.0,0.0,0.0,0.0,0.0
TRAIN_combined_high_incident_51255,cluster_2061304035_245647208,286.0,0.0,1,55.20967947253886,0.0,0.0,0.0,0.0,0.0,0.0
TRAIN_combined_high_incident_51255,cluster_2061304035_245647208,291.0,0.0,1,31.65891285771598,0.0,0.0,0.0,0.0,0.0,0.0
TRAIN_combined_high_incident_51255,cluster_2061304035_245647208,296.0,0.0,1,53.471784041287144,0.0,0.0,0.0,0.0,0.0,0.0
TRAIN_combined_high_incident_51255,cluster_2061304035_245647208,301.0,5.0,1,0.17134734643857222,0.0,0.0,0.0,0.0,0.25,5.0
TRAIN_combined_high_incident_51255,cluster_2061304035_245647208,306.0,5.0,2,0.8194032677748034,5.0,0.0,0.0,0.0,0.25,5.0
TRAIN_combined_high_incident_51255,cluster_2061304035_245647208,311.0,10.0,3,11.473675816383086,5.0,5.0,0.0,0.0,0.5,5.0
TRAIN_combined_high_incident_51255,cluster_2061304035_245647208,316.0,10.0,2,0.008658591797546005,10.0,5.0,5.0,0.0,0.5,10.0
TRAIN_combined_high_incident_51255,cluster_2061304035_245647208,321.0,0.0,0,0.0,10.0,10.0,5.0,5.0,-0.25,20.0
TRAIN_combined_high_incident_51255,cluster_2061304035_245647208,326.0,0.0,1,50.69873326372571,0.0,10.0,10.0,5.0,-0.25,20.0
TRAIN_combined_high_incident_51255,cluster_2061304035_245647208,331.0,0.0,2,59.89509690660013,0.0,0.0,10.0,10.0,-0.5,20.0
TRAIN_combined_high_incident_51255,cluster_2061304035_245647208,336.0,0.0,2,30.28543370089511,0.0,0.0,0.0,10.0,-0.5,20.0
TRAIN_combined_high_incident_51255,cluster_2061304035_245647208,341.0,0.0,3,23.58895901006594,0.0,0.0,0.0,0.0,0.0,20.0
TRAIN_combined_high_incident_51255,cluster_2061304035_245647208,346.0,0.0,3,9.718528131605831,0.0,0.0,0.0,0.0,0.0,10.0
TRAIN_combined_high_incident_51255,cluster_2061304035_245647208,351.0,0.0,2,10.803115796373726,0.0,0.0,0.0,0.0,0.0,0.0
TRAIN_combined_high_incident_51255,cluster_2061304035_245647208,356.0,0.0,1,4.323487619472675,0.0,0.0,0.0,0.0,0.0,0.0
TRAIN_combined_high_incident_51255,cluster_2061304035_245647208,361.0,5.0,1,0.0007122030690768893,0.0,0.0,0.0,0.0,0.25,0.0
TRAIN_combined_high_incident_51255,cluster_2061304035_245647208,366.0,5.0,1,0.0,5.0,0.0,0.0,0.0,0.25,0.0
TRAIN_combined_high_incident_51255,cluster_2061304035_245647208,371.0,5.0,2,5.01020482507106,5.0,5.0,0.0,0.0,0.25,0.0
TRAIN_combined_high_incident_51255,cluster_2061304035_245647208,376.0,10.0,5,27.41043988040907,5.0,5.0,5.0,0.0,0.5,0.0
TRAIN_combined_high_incident_51255,cluster_2061304035_245647208,381.0,20.0,5,7.578899186692251,10.0,5.0,5.0,5.0,0.75,0.0
TRAIN_combined_high_incident_51255,cluster_2061304035_245647208,386.0,20.0,4,0.00017933321429581094,20.0,10.0,5.0,5.0,0.75,0.0
TRAIN_combined_high_incident_51255,cluster_2061304035_245647208,391.0,20.0,4,0.0,20.0,20.0,10.0,5.0,0.75,0.0
TRAIN_combined_high_incident_51255,cluster_2061304035_245647208,396.0,20.0,4,0.0,20.0,20.0,20.0,10.0,0.5,0.0
TRAIN_combined_high_incident_51255,cluster_2061304035_245647208,401.0,20.0,4,0.0,20.0,20.0,20.0,20.0,0.0,0.0
TRAIN_combined_high_incident_51255,cluster_2061304035_245647208,406.0,10.0,2,0.0,20.0,20.0,20.0,20.0,-0.5,0.0
TRAIN_combined_high_incident_51255,cluster_2061304035_245647208,411.0,0.0,2,16.74642457523451,10.0,20.0,20.0,20.0,-1.0,10.0
TRAIN_combined_high_incident_51255,cluster_2061304035_245647208,416.0,0.0,0,0.0,0.0,10.0,20.0,20.0,-1.0,30.0
TRAIN_combined_high_incident_51255,cluster_2061304035_245647208,421.0,0.0,1,33.94210227212851,0.0,0.0,10.0,20.0,-1.0,45.0
TRAIN_combined_high_incident_51255,cluster_2061304035_245647208,426.0,0.0,3,50.1156349778242,0.0,0.0,0.0,10.0,-0.5,45.0
TRAIN_combined_high_incident_51255,cluster_2061304035_245647208,431.0,0.0,3,42.95994434160823,0.0,0.0,0.0,0.0,0.0,45.0
TRAIN_combined_high_incident_51255,cluster_2061304035_245647208,436.0,0.0,1,46.50803347862821,0.0,0.0,0.0,0.0,0.0,30.0
TRAIN_combined_high_incident_51255,cluster_2061304035_245647208,441.0,0.0,0,0.0,0.0,0.0,0.0,0.0,0.0,0.0
TRAIN_combined_high_incident_51255,cluster_2061304035_245647208,446.0,0.0,0,0.0,0.0,0.0,0.0,0.0,0.0,0.0
TRAIN_combined_high_incident_51255,cluster_2061304035_245647208,451.0,0.0,0,0.0,0.0,0.0,0.0,0.0,0.0,0.0
TRAIN_combined_high_incident_51255,cluster_2061304035_245647208,456.0,0.0,0,0.0,0.0,0.0,0.0,0.0,0.0,0.0
TRAIN_combined_high_incident_51255,cluster_2061304035_245647208,461.0,0.0,0,0.0,0.0,0.0,0.0,0.0,0.0,0.0
TRAIN_combined_high_incident_51255,cluster_2061304035_245647208,466.0,0.0,1,34.56374612319253,0.0,0.0,0.0,0.0,0.0,0.0
TRAIN_combined_high_incident_51255,cluster_2061304035_245647208,471.0,10.0,6,10.735372406671031,0.0,0.0,0.0,0.0,0.5,0.0
TRAIN_combined_high_incident_51255,cluster_2061304035_245647208,476.0,30.0,9,1.2252255516254718,10.0,0.0,0.0,0.0,1.5,0.0
TRAIN_combined_high_incident_51255,cluster_2061304035_245647208,481.0,45.0,9,0.0004230735736888593,30.0,10.0,0.0,0.0,2.25,0.0
TRAIN_combined_high_incident_51255,cluster_2061304035_245647208,486.0,45.0,9,0.0,45.0,30.0,10.0,0.0,2.25,0.0
TRAIN_combined_high_incident_51255,cluster_2061304035_245647208,491.0,45.0,9,0.0,45.0,45.0,30.0,10.0,1.75,0.0
TRAIN_combined_high_incident_51255,cluster_2061304035_245647208,496.0,30.0,6,0.0,45.0,45.0,45.0,30.0,0.0,0.0
TRAIN_combined_high_incident_51255,cluster_2061304035_245647208,501.0,0.0,2,18.674952789168543,30.0,45.0,45.0,45.0,-2.25,10.0
TRAIN_combined_high_incident_51255,cluster_2061304035_245647208,506.0,0.0,1,67.65993633808412,0.0,30.0,45.0,45.0,-2.25,15.0
TRAIN_combined_high_incident_51255,cluster_2061304035_245647208,511.0,0.0,2,49.52194760687626,0.0,0.0,30.0,45.0,-2.25,15.0
TRAIN_combined_high_incident_51255,cluster_2061304035_245647208,516.0,0.0,1,16.413730637074337,0.0,0.0,0.0,30.0,-1.5,15.0
TRAIN_combined_high_incident_51255,cluster_2061304035_245647208,521.0,0.0,0,0.0,0.0,0.0,0.0,0.0,0.0,20.0
TRAIN_combined_high_incident_51255,cluster_2061304035_245647208,526.0,0.0,0,0.0,0.0,0.0,0.0,0.0,0.0,10.0
TRAIN_combined_high_incident_51255,cluster_2061304035_245647208,531.0,0.0,0,0.0,0.0,0.0,0.0,0.0,0.0,0.0
TRAIN_combined_high_incident_51255,cluster_2061304035_245647208,536.0,0.0,0,0.0,0.0,0.0,0.0,0.0,0.0,0.0
TRAIN_combined_high_incident_51255,cluster_2061304035_245647208,541.0,0.0,0,0.0,0.0,0.0,0.0,0.0,0.0,0.0
TRAIN_combined_high_incident_51255,cluster_2061304035_245647208,546.0,0.0,0,0.0,0.0,0.0,0.0,0.0,0.0,0.0
TRAIN_combined_high_incident_51255,cluster_2061304035_245647208,551.0,0.0,0,0.0,0.0,0.0,0.0,0.0,0.0,0.0
TRAIN_combined_high_incident_51255,cluster_2061304035_245647208,556.0,0.0,5,51.56143201646639,0.0,0.0,0.0,0.0,0.0,0.0
TRAIN_combined_high_incident_51255,cluster_2061304035_245647208,561.0,10.0,3,10.718578908590755,0.0,0.0,0.0,0.0,0.5,0.0
TRAIN_combined_high_incident_51255,cluster_2061304035_245647208,566.0,15.0,4,8.276683429106685,10.0,0.0,0.0,0.0,0.75,0.0
TRAIN_combined_high_incident_51255,cluster_2061304035_245647208,571.0,15.0,3,0.0002185381746641139,15.0,10.0,0.0,0.0,0.75,0.0
TRAIN_combined_high_incident_51255,cluster_2061304035_245647208,576.0,15.0,3,0.0,15.0,15.0,10.0,0.0,0.75,0.0
TRAIN_combined_high_incident_51255,cluster_2061304035_245647208,581.0,20.0,4,0.004268141898395926,15.0,15.0,15.0,10.0,0.5,0.0
TRAIN_combined_high_incident_51255,cluster_2061304035_245647208,586.0,10.0,2,0.0,20.0,15.0,15.0,15.0,-0.25,0.0
TRAIN_combined_high_incident_51255,cluster_2061304035_245647208,591.0,0.0,1,22.589735849441904,10.0,20.0,15.0,15.0,-0.75,5.0
TRAIN_combined_high_incident_51255,cluster_2061304035_245647208,596.0,0.0,0,0.0,0.0,10.0,20.0,15.0,-0.75,20.0
TRAIN_combined_high_incident_51255,cluster_2061304035_245647208,601.0,0.0,1,53.1133986299849,0.0,0.0,10.0,20.0,-1.0,25.0
TRAIN_combined_high_incident_51255,cluster_2061304035_245647208,606.0,0.0,2,28.84867875184907,0.0,0.0,0.0,10.0,-0.5,25.0
TRAIN_combined_high_incident_51255,cluster_2061304035_245647208,611.0,0.0,0,0.0,0.0,0.0,0.0,0.0,0.0,25.0
TRAIN_combined_high_incident_51255,cluster_2061304035_245647208,616.0,0.0,0,0.0,0.0,0.0,0.0,0.0,0.0,15.0
TRAIN_combined_high_incident_51255,cluster_2061304035_245647208,621.0,0.0,0,0.0,0.0,0.0,0.0,0.0,0.0,0.0
TRAIN_combined_high_incident_51255,cluster_2061304035_245647208,626.0,0.0,0,0.0,0.0,0.0,0.0,0.0,0.0,0.0
TRAIN_combined_high_incident_51255,cluster_2061304035_245647208,631.0,0.0,0,0.0,0.0,0.0,0.0,0.0,0.0,0.0
TRAIN_combined_high_incident_51255,cluster_2061304035_245647208,636.0,0.0,0,0.0,0.0,0.0,0.0,0.0,0.0,0.0
TRAIN_combined_high_incident_51255,cluster_2061304035_245647208,641.0,0.0,0,0.0,0.0,0.0,0.0,0.0,0.0,0.0
TRAIN_combined_high_incident_51255,cluster_2061304035_245647208,646.0,0.0,3,50.602409358488494,0.0,0.0,0.0,0.0,0.0,0.0
TRAIN_combined_high_incident_51255,cluster_2061304035_245647208,651.0,5.0,4,6.277347712764034,0.0,0.0,0.0,0.0,0.25,0.0
TRAIN_combined_high_incident_51255,cluster_2061304035_245647208,656.0,20.0,5,1.0572702300195134,5.0,0.0,0.0,0.0,1.0,0.0
TRAIN_combined_high_incident_51255,cluster_2061304035_245647208,661.0,25.0,5,0.00011308622351711269,20.0,5.0,0.0,0.0,1.25,0.0
TRAIN_combined_high_incident_51255,cluster_2061304035_245647208,666.0,25.0,5,0.0,25.0,20.0,5.0,0.0,1.25,0.0
TRAIN_combined_high_incident_51255,cluster_2061304035_245647208,671.0,25.0,5,0.0,25.0,25.0,20.0,5.0,1.0,0.0
TRAIN_combined_high_incident_51255,cluster_2061304035_245647208,676.0,15.0,3,0.0,25.0,25.0,25.0,20.0,-0.25,0.0
TRAIN_combined_high_incident_51255,cluster_2061304035_245647208,681.0,0.0,2,16.65621154239299,15.0,25.0,25.0,25.0,-1.25,5.0
TRAIN_combined_high_incident_51255,cluster_2061304035_245647208,686.0,0.0,0,0.0,0.0,15.0,25.0,25.0,-1.25,5.0
TRAIN_combined_high_incident_51255,cluster_2061304035_245647208,691.0,0.0,0,0.0,0.0,0.0,15.0,25.0,-1.25,5.0
TRAIN_combined_high_incident_51255,cluster_2061304035_245647208,696.0,0.0,0,0.0,0.0,0.0,0.0,15.0,-0.75,5.0
TRAIN_combined_high_incident_51255,cluster_2061304035_245647208,701.0,0.0,0,0.0,0.0,0.0,0.0,0.0,0.0,10.0
TRAIN_combined_high_incident_51255,cluster_2061304035_245647208,706.0,0.0,0,0.0,0.0,0.0,0.0,0.0,0.0,0.0
TRAIN_combined_high_incident_51255,cluster_2061304035_245647208,711.0,0.0,0,0.0,0.0,0.0,0.0,0.0,0.0,0.0
TRAIN_combined_high_incident_51255,cluster_2061304035_245647208,716.0,0.0,0,0.0,0.0,0.0,0.0,0.0,0.0,0.0
TRAIN_combined_high_incident_51255,cluster_2061304035_245647208,721.0,0.0,1,68.9929888616557,0.0,0.0,0.0,0.0,0.0,0.0
TRAIN_combined_high_incident_51255,cluster_2061304035_245647208,726.0,0.0,0,0.0,0.0,0.0,0.0,0.0,0.0,0.0
TRAIN_combined_high_incident_51255,cluster_2061304035_245647208,731.0,0.0,0,0.0,0.0,0.0,0.0,0.0,0.0,0.0
TRAIN_combined_high_incident_51255,cluster_2061304035_245647208,736.0,0.0,1,40.68932841606948,0.0,0.0,0.0,0.0,0.0,0.0
TRAIN_combined_high_incident_51255,cluster_245647168_3238255150_3495323634,16.0,0.0,0,0.0,0.0,0.0,0.0,0.0,0.0,5.0
TRAIN_combined_high_incident_51255,cluster_245647168_3238255150_3495323634,21.0,0.0,0,0.0,0.0,0.0,0.0,0.0,0.0,5.0
TRAIN_combined_high_incident_51255,cluster_245647168_3238255150_3495323634,26.0,0.0,0,0.0,0.0,0.0,0.0,0.0,0.0,5.0
TRAIN_combined_high_incident_51255,cluster_245647168_3238255150_3495323634,31.0,0.0,0,0.0,0.0,0.0,0.0,0.0,0.0,5.0
TRAIN_combined_high_incident_51255,cluster_245647168_3238255150_3495323634,36.0,0.0,0,0.0,0.0,0.0,0.0,0.0,0.0,5.0
TRAIN_combined_high_incident_51255,cluster_245647168_3238255150_3495323634,41.0,0.0,1,19.36787851479075,0.0,0.0,0.0,0.0,0.0,10.0
TRAIN_combined_high_incident_51255,cluster_245647168_3238255150_3495323634,46.0,5.0,1,0.004838045528507894,0.0,0.0,0.0,0.0,0.0,10.0
TRAIN_combined_high_incident_51255,cluster_245647168_3238255150_3495323634,51.0,5.0,1,0.0,5.0,0.0,0.0,0.0,0.0,10.0
TRAIN_combined_high_incident_51255,cluster_245647168_3238255150_3495323634,56.0,5.0,1,0.0,5.0,5.0,0.0,0.0,0.0,10.0
TRAIN_combined_high_incident_51255,cluster_245647168_3238255150_3495323634,61.0,5.0,1,0.0,5.0,5.0,5.0,0.0,0.0,10.0
TRAIN_combined_high_incident_51255,cluster_245647168_3238255150_3495323634,66.0,5.0,1,0.0,5.0,5.0,5.0,5.0,0.0,10.0
TRAIN_combined_high_incident_51255,cluster_245647168_3238255150_3495323634,71.0,5.0,1,0.0,5.0,5.0,5.0,5.0,0.0,20.0
TRAIN_combined_high_incident_51255,cluster_245647168_3238255150_3495323634,76.0,5.0,1,0.0,5.0,5.0,5.0,5.0,0.0,20.0
TRAIN_combined_high_incident_51255,cluster_245647168_3238255150_3495323634,81.0,5.0,1,0.0,5.0,5.0,5.0,5.0,0.0,20.0
TRAIN_combined_high_incident_51255,cluster_245647168_3238255150_3495323634,86.0,5.0,1,0.0,5.0,5.0,5.0,5.0,0.0,25.0
TRAIN_combined_high_incident_51255,cluster_245647168_3238255150_3495323634,91.0,5.0,1,0.0,5.0,5.0,5.0,5.0,0.0,35.0
TRAIN_combined_high_incident_51255,cluster_245647168_3238255150_3495323634,96.0,5.0,2,24.234329101052616,5.0,5.0,5.0,5.0,0.0,35.0
TRAIN_combined_high_incident_51255,cluster_245647168_3238255150_3495323634,101.0,10.0,2,0.03098646470831296,5.0,5.0,5.0,5.0,0.0,35.0
TRAIN_combined_high_incident_51255,cluster_245647168_3238255150_3495323634,106.0,10.0,3,19.13090367625281,10.0,5.0,5.0,5.0,0.0,35.0
TRAIN_combined_high_incident_51255,cluster_245647168_3238255150_3495323634,111.0,10.0,3,3.3983533859834054,10.0,10.0,5.0,5.0,0.25,35.0
TRAIN_combined_high_incident_51255,cluster_245647168_3238255150_3495323634,116.0,10.0,2,0.00035184724017496116,10.0,10.0,10.0,5.0,0.25,40.0
TRAIN_combined_high_incident_51255,cluster_245647168_3238255150_3495323634,121.0,10.0,3,25.72153873857595,10.0,10.0,10.0,10.0,0.0,35.0
TRAIN_combined_high_incident_51255,cluster_245647168_3238255150_3495323634,126.0,10.0,4,12.711760614856205,10.0,10.0,10.0,10.0,0.0,5.0
TRAIN_combined_high_incident_51255,cluster_245647168_3238255150_3495323634,131.0,20.0,4,0.0007396383678901171,10.0,10.0,10.0,10.0,0.5,10.0
TRAIN_combined_high_incident_51255,cluster_245647168_3238255150_3495323634,136.0,20.0,5,13.37851914555095,20.0,10.0,10.0,10.0,0.5,10.0
TRAIN_combined_high_incident_51255,cluster_245647168_3238255150_3495323634,141.0,20.0,6,14.192099108936155,20.0,20.0,10.0,10.0,0.5,10.0
TRAIN_combined_high_incident_51255,cluster_245647168_3238255150_3495323634,146.0,25.0,7,10.797771970680513,20.0,20.0,20.0,10.0,0.75,10.0
TRAIN_combined_high_incident_51255,cluster_245647168_3238255150_3495323634,151.0,35.0,8,10.364438244229197,25.0,20.0,20.0,20.0,0.75,10.0
TRAIN_combined_high_incident_51255,cluster_245647168_3238255150_3495323634,156.0,35.0,8,3.4070390950278826,35.0,25.0,20.0,20.0,0.75,20.0
TRAIN_combined_high_incident_51255,cluster_245647168_3238255150_3495323634,161.0,35.0,7,0.00028111228385458375,35.0,35.0,25.0,20.0,0.75,25.0
TRAIN_combined_high_incident_51255,cluster_245647168_3238255150_3495323634,166.0,35.0,7,0.0,35.0,35.0,35.0,25.0,0.5,20.0
TRAIN_combined_high_incident_51255,cluster_245647168_3238255150_3495323634,171.0,35.0,11,21.87913582131621,35.0,35.0,35.0,35.0,0.0,25.0
TRAIN_combined_high_incident_51255,cluster_245647168_3238255150_3495323634,176.0,40.0,13,6.196624284254459,35.0,35.0,35.0,35.0,0.25,25.0
TRAIN_combined_high_incident_51255,cluster_245647168_3238255150_3495323634,181.0,35.0,12,13.133042423973222,40.0,35.0,35.0,35.0,0.0,30.0
TRAIN_combined_high_incident_51255,cluster_245647168_3238255150_3495323634,186.0,5.0,9,18.268185311003013,35.0,40.0,35.0,35.0,-1.5,30.0
TRAIN_combined_high_incident_51255,cluster_245647168_3238255150_3495323634,191.0,10.0,2,0.07020567966803905,5.0,35.0,40.0,35.0,-1.25,30.0
TRAIN_combined_high_incident_51255,cluster_245647168_3238255150_3495323634,196.0,10.0,2,0.0,10.0,5.0,35.0,40.0,-1.5,25.0
TRAIN_combined_high_incident_51255,cluster_245647168_3238255150_3495323634,201.0,10.0,2,0.0,10.0,10.0,5.0,35.0,-1.25,35.0
TRAIN_combined_high_incident_51255,cluster_245647168_3238255150_3495323634,206.0,10.0,4,39.68636018545515,10.0,10.0,10.0,5.0,0.25,45.0
TRAIN_combined_high_incident_51255,cluster_245647168_3238255150_3495323634,211.0,10.0,4,6.084319191232333,10.0,10.0,10.0,10.0,0.0,30.0
TRAIN_combined_high_incident_51255,cluster_245647168_3238255150_3495323634,216.0,20.0,4,0.010111285600697868,10.0,10.0,10.0,10.0,0.5,10.0
TRAIN_combined_high_incident_51255,cluster_245647168_3238255150_3495323634,221.0,25.0,5,0.0,20.0,10.0,10.0,10.0,0.75,10.0
TRAIN_combined_high_incident_51255,cluster_245647168_3238255150_3495323634,226.0,20.0,5,8.614771315083171,25.0,20.0,10.0,10.0,0.5,10.0
TRAIN_combined_high_incident_51255,cluster_245647168_3238255150_3495323634,231.0,25.0,6,10.06963530043351,20.0,25.0,20.0,10.0,0.75,15.0
TRAIN_combined_high_incident_51255,cluster_245647168_3238255150_3495323634,236.0,25.0,6,3.5113382618101143,25.0,20.0,25.0,20.0,0.25,0.0
TRAIN_combined_high_incident_51255,cluster_245647168_3238255150_3495323634,241.0,30.0,6,0.003940520384891078,25.0,25.0,20.0,25.0,0.25,0.0
TRAIN_combined_high_incident_51255,cluster_245647168_3238255150_3495323634,246.0,30.0,7,4.668458315495069,30.0,25.0,25.0,20.0,0.5,10.0
TRAIN_combined_high_incident_51255,cluster_245647168_3238255150_3495323634,251.0,30.0,7,8.09960066571381,30.0,30.0,25.0,25.0,0.25,15.0
TRAIN_combined_high_incident_51255,cluster_245647168_3238255150_3495323634,256.0,25.0,7,1.2377471381386946,30.0,30.0,30.0,25.0,0.0,15.0
TRAIN_combined_high_incident_51255,cluster_245647168_3238255150_3495323634,261.0,35.0,9,7.583317739523552,25.0,30.0,30.0,30.0,0.25,30.0
TRAIN_combined_high_incident_51255,cluster_245647168_3238255150_3495323634,266.0,45.0,10,4.157490658017576,35.0,25.0,30.0,30.0,0.75,35.0
TRAIN_combined_high_incident_51255,cluster_245647168_3238255150_3495323634,271.0,30.0,7,8.780112248289473,45.0,35.0,25.0,30.0,0.0,35.0
TRAIN_combined_high_incident_51255,cluster_245647168_3238255150_3495323634,276.0,10.0,5,19.051131568019418,30.0,45.0,35.0,25.0,-0.75,45.0
TRAIN_combined_high_incident_51255,cluster_245647168_3238255150_3495323634,281.0,10.0,3,13.05462720847451,10.0,30.0,45.0,35.0,-1.25,35.0
TRAIN_combined_high_incident_51255,cluster_245647168_3238255150_3495323634,286.0,10.0,3,0.12477460124808824,10.0,10.0,30.0,45.0,-1.75,40.0
TRAIN_combined_high_incident_51255,cluster_245647168_3238255150_3495323634,291.0,15.0,3,0.0,10.0,10.0,10.0,30.0,-0.75,40.0
TRAIN_combined_high_incident_51255,cluster_245647168_3238255150_3495323634,296.0,0.0,3,35.6458409568002,15.0,10.0,10.0,10.0,-0.5,45.0
TRAIN_combined_high_incident_51255,cluster_245647168_3238255150_3495323634,301.0,0.0,4,23.941619113583815,0.0,15.0,10.0,10.0,-0.5,35.0
TRAIN_combined_high_incident_51255,cluster_245647168_3238255150_3495323634,306.0,10.0,4,20.581135715092692,0.0,0.0,15.0,10.0,0.0,0.0
TRAIN_combined_high_incident_51255,cluster_245647168_3238255150_3495323634,311.0,15.0,5,14.4086992190862,10.0,0.0,0.0,15.0,0.0,0.0
TRAIN_combined_high_incident_51255,cluster_245647168_3238255150_3495323634,316.0,15.0,7,15.607377603832056,15.0,10.0,0.0,0.0,0.75,0.0
TRAIN_combined_high_incident_51255,cluster_245647168_3238255150_3495323634,321.0,30.0,7,3.0470089111332617,15.0,15.0,10.0,0.0,1.5,0.0
TRAIN_combined_high_incident_51255,cluster_245647168_3238255150_3495323634,326.0,35.0,7,0.0,30.0,15.0,15.0,10.0,1.25,0.0
TRAIN_combined_high_incident_51255,cluster_245647168_3238255150_3495323634,331.0,35.0,9,9.319804893431384,35.0,30.0,15.0,15.0,1.0,5.0
TRAIN_combined_high_incident_51255,cluster_245647168_3238255150_3495323634,336.0,45.0,9,0.00040060796444992615,35.0,35.0,30.0,15.0,1.5,10.0
TRAIN_combined_high_incident_51255,cluster_245647168_3238255150_3495323634,341.0,35.0,8,1.5694599151828932,45.0,35.0,35.0,30.0,0.25,15.0
TRAIN_combined_high_incident_51255,cluster_245647168_3238255150_3495323634,346.0,40.0,10,13.650882929730948,35.0,45.0,35.0,35.0,0.25,15.0
TRAIN_combined_high_incident_51255,cluster_245647168_3238255150_3495323634,351.0,40.0,11,15.020955338729207,40.0,35.0,45.0,35.0,0.25,20.0
TRAIN_combined_high_incident_51255,cluster_245647168_3238255150_3495323634,356.0,45.0,12,7.704838377798733,40.0,40.0,35.0,45.0,0.0,25.0
TRAIN_combined_high_incident_51255,cluster_245647168_3238255150_3495323634,361.0,35.0,10,7.512801211580959,45.0,40.0,40.0,35.0,0.0,25.0
TRAIN_combined_high_incident_51255,cluster_245647168_3238255150_3495323634,366.0,0.0,7,20.403286980954366,35.0,45.0,40.0,40.0,-2.0,40.0
TRAIN_combined_high_incident_51255,cluster_245647168_3238255150_3495323634,371.0,0.0,3,37.23169268260056,0.0,35.0,45.0,40.0,-2.0,50.0
TRAIN_combined_high_incident_51255,cluster_245647168_3238255150_3495323634,376.0,0.0,1,77.50035847712495,0.0,0.0,35.0,45.0,-2.25,55.0
TRAIN_combined_high_incident_51255,cluster_245647168_3238255150_3495323634,381.0,0.0,0,0.0,0.0,0.0,0.0,35.0,-1.75,70.0
TRAIN_combined_high_incident_51255,cluster_245647168_3238255150_3495323634,386.0,0.0,2,39.30315298374555,0.0,0.0,0.0,0.0,0.0,85.0
TRAIN_combined_high_incident_51255,cluster_245647168_3238255150_3495323634,391.0,5.0,3,22.9520318812112,0.0,0.0,0.0,0.0,0.25,75.0
TRAIN_combined_high_incident_51255,cluster_245647168_3238255150_3495323634,396.0,10.0,4,20.10919456280409,5.0,0.0,0.0,0.0,0.5,20.0
TRAIN_combined_high_incident_51255,cluster_245647168_3238255150_3495323634,401.0,15.0,4,0.09748517502952908,10.0,5.0,0.0,0.0,0.75,5.0
TRAIN_combined_high_incident_51255,cluster_245647168_3238255150_3495323634,406.0,15.0,4,14.256415718999184,15.0,10.0,5.0,0.0,0.75,5.0
TRAIN_combined_high_incident_51255,cluster_245647168_3238255150_3495323634,411.0,20.0,5,10.019791860122977,15.0,15.0,10.0,5.0,0.75,15.0
TRAIN_combined_high_incident_51255,cluster_245647168_3238255150_3495323634,416.0,25.0,8,22.67066804097027,20.0,15.0,15.0,10.0,0.75,20.0
TRAIN_combined_high_incident_51255,cluster_245647168_3238255150_3495323634,421.0,25.0,9,14.202347340691915,25.0,20.0,15.0,15.0,0.5,25.0
TRAIN_combined_high_incident_51255,cluster_245647168_3238255150_3495323634,426.0,40.0,12,19.772643305859468,25.0,25.0,20.0,15.0,1.25,25.0
TRAIN_combined_high_incident_51255,cluster_245647168_3238255150_3495323634,431.0,50.0,13,2.446022036261022,40.0,25.0,25.0,20.0,1.5,25.0
TRAIN_combined_high_incident_51255,cluster_245647168_3238255150_3495323634,436.0,55.0,15,10.97723250424498,50.0,40.0,25.0,25.0,1.5,25.0
TRAIN_combined_high_incident_51255,cluster_245647168_3238255150_3495323634,441.0,70.0,17,3.9655825149407615,55.0,50.0,40.0,25.0,2.25,25.0
TRAIN_combined_high_incident_51255,cluster_245647168_3238255150_3495323634,446.0,85.0,21,8.709840324429557,70.0,55.0,50.0,40.0,2.25,30.0
TRAIN_combined_high_incident_51255,cluster_245647168_3238255150_3495323634,451.0,75.0,18,2.6644135102690103,85.0,70.0,55.0,50.0,1.25,35.0
TRAIN_combined_high_incident_51255,cluster_245647168_3238255150_3495323634,456.0,20.0,17,13.515135746020393,75.0,85.0,70.0,55.0,-1.75,35.0
TRAIN_combined_high_incident_51255,cluster_245647168_3238255150_3495323634,461.0,5.0,11,19.100103811717233,20.0,75.0,85.0,70.0,-3.25,35.0
TRAIN_combined_high_incident_51255,cluster_245647168_3238255150_3495323634,466.0,5.0,4,18.971749788301747,5.0,20.0,75.0,85.0,-4.0,40.0
TRAIN_combined_high_incident_51255,cluster_245647168_3238255150_3495323634,471.0,15.0,5,0.33446553870993057,5.0,5.0,20.0,75.0,-3.0,50.0
TRAIN_combined_high_incident_51255,cluster_245647168_3238255150_3495323634,476.0,20.0,5,8.178097100053227,15.0,5.0,5.0,20.0,0.0,60.0
TRAIN_combined_high_incident_51255,cluster_245647168_3238255150_3495323634,481.0,25.0,5,0.004334721118268711,20.0,15.0,5.0,5.0,1.0,50.0
TRAIN_combined_high_incident_51255,cluster_245647168_3238255150_3495323634,486.0,25.0,7,15.727493962107166,25.0,20.0,15.0,5.0,1.0,0.0
TRAIN_combined_high_incident_51255,cluster_245647168_3238255150_3495323634,491.0,25.0,7,0.2763520750686951,25.0,25.0,20.0,15.0,0.5,0.0
TRAIN_combined_high_incident_51255,cluster_245647168_3238255150_3495323634,496.0,25.0,6,0.5098215376673083,25.0,25.0,25.0,20.0,0.25,0.0
TRAIN_combined_high_incident_51255,cluster_245647168_3238255150_3495323634,501.0,25.0,6,7.522050197319272,25.0,25.0,25.0,25.0,0.0,10.0
TRAIN_combined_high_incident_51255,cluster_245647168_3238255150_3495323634,506.0,30.0,7,8.072987645455301,25.0,25.0,25.0,25.0,0.25,5.0
TRAIN_combined_high_incident_51255,cluster_245647168_3238255150_3495323634,511.0,35.0,8,10.108772428788965,30.0,25.0,25.0,25.0,0.5,5.0
TRAIN_combined_high_incident_51255,cluster_245647168_3238255150_3495323634,516.0,35.0,9,7.291788054417575,35.0,30.0,25.0,25.0,0.5,20.0
TRAIN_combined_high_incident_51255,cluster_245647168_3238255150_3495323634,521.0,35.0,9,2.3641722230546702,35.0,35.0,30.0,25.0,0.5,25.0
TRAIN_combined_high_incident_51255,cluster_245647168_3238255150_3495323634,526.0,40.0,10,6.160235403631943,35.0,35.0,35.0,30.0,0.5,20.0
TRAIN_combined_high_incident_51255,cluster_245647168_3238255150_3495323634,531.0,50.0,13,11.68360733239423,40.0,35.0,35.0,35.0,0.75,25.0
TRAIN_combined_high_incident_51255,cluster_245647168_3238255150_3495323634,536.0,60.0,14,2.920382182723582,50.0,40.0,35.0,35.0,1.25,25.0
TRAIN_combined_high_incident_51255,cluster_245647168_3238255150_3495323634,541.0,50.0,12,3.082749870228155,60.0,50.0,40.0,35.0,0.75,30.0
TRAIN_combined_high_incident_51255,cluster_245647168_3238255150_3495323634,546.0,0.0,9,11.91505511922215,50.0,60.0,50.0,40.0,-2.0,35.0
TRAIN_combined_high_incident_51255,cluster_245647168_3238255150_3495323634,551.0,0.0,5,41.61734605924717,0.0,50.0,60.0,50.0,-2.5,40.0
TRAIN_combined_high_incident_51255,cluster_245647168_3238255150_3495323634,556.0,0.0,3,35.172957049904305,0.0,0.0,50.0,60.0,-3.0,45.0
TRAIN_combined_high_incident_51255,cluster_245647168_3238255150_3495323634,561.0,10.0,2,0.016232614748936974,0.0,0.0,0.0,50.0,-2.0,50.0
TRAIN_combined_high_incident_51255,cluster_245647168_3238255150_3495323634,566.0,5.0,3,40.93978518590056,10.0,0.0,0.0,0.0,0.25,60.0
TRAIN_combined_high_incident_51255,cluster_245647168_3238255150_3495323634,571.0,5.0,5,22.714326677387145,5.0,10.0,0.0,0.0,0.25,50.0
TRAIN_combined_high_incident_51255,cluster_245647168_3238255150_3495323634,576.0,20.0,5,6.448302106402204,5.0,5.0,10.0,0.0,1.0,10.0
TRAIN_combined_high_incident_51255,cluster_245647168_3238255150_3495323634,581.0,25.0,5,0.005818018652401671,20.0,5.0,5.0,10.0,0.75,10.0
TRAIN_combined_high_incident_51255,cluster_245647168_3238255150_3495323634,586.0,20.0,5,4.7740162224873695,25.0,20.0,5.0,5.0,0.75,10.0
TRAIN_combined_high_incident_51255,cluster_245647168_3238255150_3495323634,591.0,25.0,5,0.002787534421395229,20.0,25.0,20.0,5.0,1.0,10.0
TRAIN_combined_high_incident_51255,cluster_245647168_3238255150_3495323634,596.0,25.0,7,16.177744803517687,25.0,20.0,25.0,20.0,0.25,5.0
TRAIN_combined_high_incident_51255,cluster_245647168_3238255150_3495323634,601.0,30.0,9,12.493652005841943,25.0,25.0,20.0,25.0,0.25,5.0
TRAIN_combined_high_incident_51255,cluster_245647168_3238255150_3495323634,606.0,35.0,8,1.5746466447072187,30.0,25.0,25.0,20.0,0.75,5.0
TRAIN_combined_high_incident_51255,cluster_245647168_3238255150_3495323634,611.0,40.0,9,4.1154106047356365,35.0,30.0,25.0,25.0,0.75,5.0
TRAIN_combined_high_incident_51255,cluster_245647168_3238255150_3495323634,616.0,45.0,11,7.423645364847661,40.0,35.0,30.0,25.0,1.0,0.0
TRAIN_combined_high_incident_51255,cluster_245647168_3238255150_3495323634,621.0,50.0,14,10.758386560285114,45.0,40.0,35.0,30.0,1.0,0.0
TRAIN_combined_high_incident_51255,cluster_245647168_3238255150_3495323634,626.0,60.0,17,6.077523916645569,50.0,45.0,40.0,35.0,1.25,0.0
TRAIN_combined_high_incident_51255,cluster_245647168_3238255150_3495323634,631.0,50.0,15,6.248668763197043,60.0,50.0,45.0,40.0,0.5,5.0
TRAIN_combined_high_incident_51255,cluster_245647168_3238255150_3495323634,636.0,10.0,10,15.557261733269268,50.0,60.0,50.0,45.0,-1.75,10.0
TRAIN_combined_high_incident_51255,cluster_245647168_3238255150_3495323634,641.0,10.0,3,24.379884870344778,10.0,50.0,60.0,50.0,-2.0,20.0
TRAIN_combined_high_incident_51255,cluster_245647168_3238255150_3495323634,646.0,10.0,2,0.0,10.0,10.0,50.0,60.0,-2.5,25.0
TRAIN_combined_high_incident_51255,cluster_245647168_3238255150_3495323634,651.0,10.0,2,0.0,10.0,10.0,10.0,50.0,-2.0,35.0
TRAIN_combined_high_incident_51255,cluster_245647168_3238255150_3495323634,656.0,5.0,1,0.0,10.0,10.0,10.0,10.0,-0.25,40.0
TRAIN_combined_high_incident_51255,cluster_245647168_3238255150_3495323634,661.0,5.0,1,0.0,5.0,10.0,10.0,10.0,-0.25,20.0
TRAIN_combined_high_incident_51255,cluster_245647168_3238255150_3495323634,666.0,5.0,1,0.0,5.0,5.0,10.0,10.0,-0.25,0.0
TRAIN_combined_high_incident_51255,cluster_245647168_3238255150_3495323634,671.0,5.0,1,0.0,5.0,5.0,5.0,10.0,-0.25,0.0
TRAIN_combined_high_incident_51255,cluster_245647168_3238255150_3495323634,676.0,0.0,0,0.0,5.0,5.0,5.0,5.0,-0.25,0.0
TRAIN_combined_high_incident_51255,cluster_245647168_3238255150_3495323634,681.0,0.0,0,0.0,0.0,5.0,5.0,5.0,-0.25,0.0
TRAIN_combined_high_incident_51255,cluster_245647168_3238255150_3495323634,686.0,0.0,1,55.608130573493945,0.0,0.0,5.0,5.0,-0.25,5.0
TRAIN_combined_high_incident_51255,cluster_245647168_3238255150_3495323634,691.0,5.0,3,41.62624422128198,0.0,0.0,0.0,5.0,0.0,5.0
TRAIN_combined_high_incident_51255,cluster_245647168_3238255150_3495323634,696.0,10.0,5,29.287139164223085,5.0,0.0,0.0,0.0,0.5,5.0
TRAIN_combined_high_incident_51255,cluster_245647168_3238255150_3495323634,701.0,20.0,7,9.290369094167662,10.0,5.0,0.0,0.0,1.0,5.0
TRAIN_combined_high_incident_51255,cluster_245647168_3238255150_3495323634,706.0,25.0,8,12.3436821192277,20.0,10.0,5.0,0.0,1.25,5.0
TRAIN_combined_high_incident_51255,cluster_245647168_3238255150_3495323634,711.0,35.0,8,1.7186654247946112,25.0,20.0,10.0,5.0,1.5,5.0
TRAIN_combined_high_incident_51255,cluster_245647168_3238255150_3495323634,716.0,40.0,8,0.0008052279064547121,35.0,25.0,20.0,10.0,1.5,5.0
TRAIN_combined_high_incident_51255,cluster_245647168_3238255150_3495323634,721.0,20.0,4,0.0,40.0,35.0,25.0,20.0,0.0,5.0
TRAIN_combined_high_incident_51255,cluster_245647168_3238255150_3495323634,726.0,0.0,1,20.642621380612013,20.0,40.0,35.0,25.0,-1.25,5.0
TRAIN_combined_high_incident_51255,cluster_245647168_3238255150_3495323634,731.0,0.0,0,0.0,0.0,20.0,40.0,35.0,-1.75,10.0
TRAIN_combined_high_incident_51255,cluster_245647168_3238255150_3495323634,736.0,0.0,1,82.26019003411513,0.0,0.0,20.0,40.0,-2.0,10.0
TRAIN_combined_high_moto_40789,cluster_13546492148_1838721956,16.0,0.0,0,0.0,0.0,0.0,0.0,0.0,0.0,5.0
TRAIN_combined_high_moto_40789,cluster_13546492148_1838721956,21.0,0.0,0,0.0,0.0,0.0,0.0,0.0,0.0,5.0
TRAIN_combined_high_moto_40789,cluster_13546492148_1838721956,26.0,0.0,0,0.0,0.0,0.0,0.0,0.0,0.0,5.0
TRAIN_combined_high_moto_40789,cluster_13546492148_1838721956,31.0,0.0,0,0.0,0.0,0.0,0.0,0.0,0.0,0.0
TRAIN_combined_high_moto_40789,cluster_13546492148_1838721956,36.0,0.0,0,0.0,0.0,0.0,0.0,0.0,0.0,5.0
TRAIN_combined_high_moto_40789,cluster_13546492148_1838721956,41.0,0.0,0,0.0,0.0,0.0,0.0,0.0,0.0,5.0
TRAIN_combined_high_moto_40789,cluster_13546492148_1838721956,46.0,0.0,0,0.0,0.0,0.0,0.0,0.0,0.0,5.0
TRAIN_combined_high_moto_40789,cluster_13546492148_1838721956,51.0,0.0,0,0.0,0.0,0.0,0.0,0.0,0.0,5.0
TRAIN_combined_high_moto_40789,cluster_13546492148_1838721956,56.0,0.0,0,0.0,0.0,0.0,0.0,0.0,0.0,10.0
TRAIN_combined_high_moto_40789,cluster_13546492148_1838721956,61.0,0.0,1,11.26919212694596,0.0,0.0,0.0,0.0,0.0,10.0
TRAIN_combined_high_moto_40789,cluster_13546492148_1838721956,66.0,5.0,1,0.0009566759769776706,0.0,0.0,0.0,0.0,0.0,10.0
TRAIN_combined_high_moto_40789,cluster_13546492148_1838721956,71.0,5.0,1,0.0,5.0,0.0,0.0,0.0,0.0,10.0
TRAIN_combined_high_moto_40789,cluster_13546492148_1838721956,76.0,5.0,1,0.0,5.0,5.0,0.0,0.0,0.0,0.0
TRAIN_combined_high_moto_40789,cluster_13546492148_1838721956,81.0,5.0,1,0.0,5.0,5.0,5.0,0.0,0.0,0.0
TRAIN_combined_high_moto_40789,cluster_13546492148_1838721956,86.0,5.0,1,0.0,5.0,5.0,5.0,5.0,0.0,0.0
TRAIN_combined_high_moto_40789,cluster_13546492148_1838721956,91.0,0.0,1,2.1154801767725613,5.0,5.0,5.0,5.0,0.0,0.0
TRAIN_combined_high_moto_40789,cluster_13546492148_1838721956,96.0,5.0,1,0.0,0.0,5.0,5.0,5.0,0.0,0.0
TRAIN_combined_high_moto_40789,cluster_13546492148_1838721956,101.0,5.0,1,0.0,5.0,0.0,5.0,5.0,0.0,0.0
TRAIN_combined_high_moto_40789,cluster_13546492148_1838721956,106.0,5.0,1,0.0,5.0,5.0,0.0,5.0,0.0,0.0
TRAIN_combined_high_moto_40789,cluster_13546492148_1838721956,111.0,5.0,1,0.0,5.0,5.0,5.0,0.0,0.25,0.0
TRAIN_combined_high_moto_40789,cluster_13546492148_1838721956,116.0,10.0,2,0.008341464061186164,5.0,5.0,5.0,5.0,0.25,5.0
TRAIN_combined_high_moto_40789,cluster_13546492148_1838721956,121.0,10.0,2,0.0,10.0,5.0,5.0,5.0,0.25,0.0
TRAIN_combined_high_moto_40789,cluster_13546492148_1838721956,126.0,10.0,2,0.0,10.0,10.0,5.0,5.0,0.25,0.0
TRAIN_combined_high_moto_40789,cluster_13546492148_1838721956,131.0,10.0,2,0.0,10.0,10.0,10.0,5.0,0.25,0.0
TRAIN_combined_high_moto_40789,cluster_13546492148_1838721956,136.0,0.0,0,0.0,10.0,10.0,10.0,10.0,-0.5,0.0
TRAIN_combined_high_moto_40789,cluster_13546492148_1838721956,141.0,0.0,0,0.0,0.0,10.0,10.0,10.0,-0.5,0.0
TRAIN_combined_high_moto_40789,cluster_13546492148_1838721956,146.0,0.0,0,0.0,0.0,0.0,10.0,10.0,-0.5,5.0
TRAIN_combined_high_moto_40789,cluster_13546492148_1838721956,151.0,0.0,0,0.0,0.0,0.0,0.0,10.0,-0.5,10.0
TRAIN_combined_high_moto_40789,cluster_13546492148_1838721956,156.0,0.0,0,0.0,0.0,0.0,0.0,0.0,0.0,10.0
TRAIN_combined_high_moto_40789,cluster_13546492148_1838721956,161.0,0.0,0,0.0,0.0,0.0,0.0,0.0,0.0,10.0
TRAIN_combined_high_moto_40789,cluster_13546492148_1838721956,166.0,0.0,0,0.0,0.0,0.0,0.0,0.0,0.0,0.0
TRAIN_combined_high_moto_40789,cluster_13546492148_1838721956,171.0,0.0,0,0.0,0.0,0.0,0.0,0.0,0.0,0.0
TRAIN_combined_high_moto_40789,cluster_13546492148_1838721956,176.0,5.0,1,0.04037804825744783,0.0,0.0,0.0,0.0,0.25,5.0
TRAIN_combined_high_moto_40789,cluster_13546492148_1838721956,181.0,0.0,0,0.0,5.0,0.0,0.0,0.0,0.0,5.0
TRAIN_combined_high_moto_40789,cluster_13546492148_1838721956,186.0,0.0,0,0.0,0.0,5.0,0.0,0.0,0.0,5.0
TRAIN_combined_high_moto_40789,cluster_13546492148_1838721956,191.0,0.0,0,0.0,0.0,0.0,5.0,0.0,0.0,5.0
TRAIN_combined_high_moto_40789,cluster_13546492148_1838721956,196.0,0.0,0,0.0,0.0,0.0,0.0,5.0,-0.25,5.0
TRAIN_combined_high_moto_40789,cluster_13546492148_1838721956,201.0,0.0,0,0.0,0.0,0.0,0.0,0.0,0.0,5.0
TRAIN_combined_high_moto_40789,cluster_13546492148_1838721956,206.0,5.0,2,0.4812362147123772,0.0,0.0,0.0,0.0,0.25,5.0
TRAIN_combined_high_moto_40789,cluster_13546492148_1838721956,211.0,10.0,2,0.001446302150552342,5.0,0.0,0.0,0.0,0.5,0.0
TRAIN_combined_high_moto_40789,cluster_13546492148_1838721956,216.0,10.0,2,0.0,10.0,5.0,0.0,0.0,0.5,0.0
TRAIN_combined_high_moto_40789,cluster_13546492148_1838721956,221.0,10.0,2,0.0,10.0,10.0,5.0,0.0,0.5,0.0
TRAIN_combined_high_moto_40789,cluster_13546492148_1838721956,226.0,0.0,0,0.0,10.0,10.0,10.0,5.0,-0.25,0.0
TRAIN_combined_high_moto_40789,cluster_13546492148_1838721956,231.0,0.0,1,3.2603498387832914,0.0,10.0,10.0,10.0,-0.5,5.0
TRAIN_combined_high_moto_40789,cluster_13546492148_1838721956,236.0,5.0,1,0.0,0.0,0.0,10.0,10.0,-0.25,15.0
TRAIN_combined_high_moto_40789,cluster_13546492148_1838721956,241.0,5.0,1,0.0,5.0,0.0,0.0,10.0,-0.25,15.0
TRAIN_combined_high_moto_40789,cluster_13546492148_1838721956,246.0,5.0,1,0.0,5.0,5.0,0.0,0.0,0.25,15.0
TRAIN_combined_high_moto_40789,cluster_13546492148_1838721956,251.0,5.0,1,0.0,5.0,5.0,5.0,0.0,0.25,15.0
TRAIN_combined_high_moto_40789,cluster_13546492148_1838721956,256.0,5.0,1,0.0,5.0,5.0,5.0,5.0,0.0,0.0
TRAIN_combined_high_moto_40789,cluster_13546492148_1838721956,261.0,5.0,1,0.0,5.0,5.0,5.0,5.0,0.0,0.0
TRAIN_combined_high_moto_40789,cluster_13546492148_1838721956,266.0,5.0,2,14.150858019626797,5.0,5.0,5.0,5.0,0.0,0.0
TRAIN_combined_high_moto_40789,cluster_13546492148_1838721956,271.0,0.0,0,0.0,5.0,5.0,5.0,5.0,-0.25,0.0
TRAIN_combined_high_moto_40789,cluster_13546492148_1838721956,276.0,0.0,0,0.0,0.0,5.0,5.0,5.0,-0.25,0.0
TRAIN_combined_high_moto_40789,cluster_13546492148_1838721956,281.0,0.0,0,0.0,0.0,0.0,5.0,5.0,-0.25,0.0
TRAIN_combined_high_moto_40789,cluster_13546492148_1838721956,286.0,0.0,0,0.0,0.0,0.0,0.0,5.0,-0.25,0.0
TRAIN_combined_high_moto_40789,cluster_13546492148_1838721956,291.0,5.0,2,0.28134789341831273,0.0,0.0,0.0,0.0,0.25,0.0
TRAIN_combined_high_moto_40789,cluster_13546492148_1838721956,296.0,15.0,3,0.05452875798263202,5.0,0.0,0.0,0.0,0.75,5.0
TRAIN_combined_high_moto_40789,cluster_13546492148_1838721956,301.0,15.0,3,0.0,15.0,5.0,0.0,0.0,0.75,0.0
TRAIN_combined_high_moto_40789,cluster_13546492148_1838721956,306.0,15.0,3,0.0,15.0,15.0,5.0,0.0,0.75,0.0
TRAIN_combined_high_moto_40789,cluster_13546492148_1838721956,311.0,15.0,3,0.0,15.0,15.0,15.0,5.0,0.5,0.0
TRAIN_combined_high_moto_40789,cluster_13546492148_1838721956,316.0,0.0,0,0.0,15.0,15.0,15.0,15.0,-0.75,0.0
TRAIN_combined_high_moto_40789,cluster_13546492148_1838721956,321.0,0.0,0,0.0,0.0,15.0,15.0,15.0,-0.75,0.0
TRAIN_combined_high_moto_40789,cluster_13546492148_1838721956,326.0,0.0,0,0.0,0.0,0.0,15.0,15.0,-0.75,5.0
TRAIN_combined_high_moto_40789,cluster_13546492148_1838721956,331.0,0.0,0,0.0,0.0,0.0,0.0,15.0,-0.75,5.0
TRAIN_combined_high_moto_40789,cluster_13546492148_1838721956,336.0,0.0,0,0.0,0.0,0.0,0.0,0.0,0.0,5.0
TRAIN_combined_high_moto_40789,cluster_13546492148_1838721956,341.0,0.0,0,0.0,0.0,0.0,0.0,0.0,0.0,5.0
TRAIN_combined_high_moto_40789,cluster_13546492148_1838721956,346.0,0.0,0,0.0,0.0,0.0,0.0,0.0,0.0,0.0
TRAIN_combined_high_moto_40789,cluster_13546492148_1838721956,351.0,0.0,0,0.0,0.0,0.0,0.0,0.0,0.0,0.0
TRAIN_combined_high_moto_40789,cluster_13546492148_1838721956,356.0,5.0,1,0.050423555987515044,0.0,0.0,0.0,0.0,0.25,0.0
TRAIN_combined_high_moto_40789,cluster_13546492148_1838721956,361.0,0.0,1,59.95803136901092,5.0,0.0,0.0,0.0,0.0,5.0
TRAIN_combined_high_moto_40789,cluster_13546492148_1838721956,366.0,0.0,1,64.05791753752007,0.0,5.0,0.0,0.0,0.0,10.0
TRAIN_combined_high_moto_40789,cluster_13546492148_1838721956,371.0,0.0,0,0.0,0.0,0.0,5.0,0.0,0.0,10.0
TRAIN_combined_high_moto_40789,cluster_13546492148_1838721956,376.0,0.0,0,0.0,0.0,0.0,0.0,5.0,-0.25,15.0
TRAIN_combined_high_moto_40789,cluster_13546492148_1838721956,381.0,0.0,0,0.0,0.0,0.0,0.0,0.0,0.0,20.0
TRAIN_combined_high_moto_40789,cluster_13546492148_1838721956,386.0,5.0,1,0.018700891918932643,0.0,0.0,0.0,0.0,0.25,20.0
TRAIN_combined_high_moto_40789,cluster_13546492148_1838721956,391.0,5.0,1,0.0,5.0,0.0,0.0,0.0,0.25,5.0
TRAIN_combined_high_moto_40789,cluster_13546492148_1838721956,396.0,5.0,1,0.0,5.0,5.0,0.0,0.0,0.25,0.0
TRAIN_combined_high_moto_40789,cluster_13546492148_1838721956,401.0,5.0,1,0.0,5.0,5.0,5.0,0.0,0.25,0.0
TRAIN_combined_high_moto_40789,cluster_13546492148_1838721956,406.0,0.0,0,0.0,5.0,5.0,5.0,5.0,-0.25,0.0
TRAIN_combined_high_moto_40789,cluster_13546492148_1838721956,411.0,0.0,0,0.0,0.0,5.0,5.0,5.0,-0.25,0.0
TRAIN_combined_high_moto_40789,cluster_13546492148_1838721956,416.0,0.0,0,0.0,0.0,0.0,5.0,5.0,-0.25,5.0
TRAIN_combined_high_moto_40789,cluster_13546492148_1838721956,421.0,5.0,2,4.963365293915264,0.0,0.0,0.0,5.0,0.0,5.0
TRAIN_combined_high_moto_40789,cluster_13546492148_1838721956,426.0,10.0,2,0.0,5.0,0.0,0.0,0.0,0.5,5.0
TRAIN_combined_high_moto_40789,cluster_13546492148_1838721956,431.0,10.0,3,9.035903776552013,10.0,5.0,0.0,0.0,0.5,5.0
TRAIN_combined_high_moto_40789,cluster_13546492148_1838721956,436.0,15.0,3,0.0001404362152989287,10.0,10.0,5.0,0.0,0.75,0.0
TRAIN_combined_high_moto_40789,cluster_13546492148_1838721956,441.0,20.0,4,0.0004171550880368567,15.0,10.0,10.0,5.0,0.75,0.0
TRAIN_combined_high_moto_40789,cluster_13546492148_1838721956,446.0,20.0,4,0.0,20.0,15.0,10.0,10.0,0.5,0.0
TRAIN_combined_high_moto_40789,cluster_13546492148_1838721956,451.0,5.0,1,0.0,20.0,20.0,15.0,10.0,-0.25,10.0
TRAIN_combined_high_moto_40789,cluster_13546492148_1838721956,456.0,0.0,1,36.4844401988294,5.0,20.0,20.0,15.0,-0.75,10.0
TRAIN_combined_high_moto_40789,cluster_13546492148_1838721956,461.0,0.0,0,0.0,0.0,5.0,20.0,20.0,-1.0,10.0
TRAIN_combined_high_moto_40789,cluster_13546492148_1838721956,466.0,0.0,0,0.0,0.0,0.0,5.0,20.0,-1.0,10.0
TRAIN_combined_high_moto_40789,cluster_13546492148_1838721956,471.0,0.0,0,0.0,0.0,0.0,0.0,5.0,-0.25,10.0
TRAIN_combined_high_moto_40789,cluster_13546492148_1838721956,476.0,5.0,1,0.024374700739412596,0.0,0.0,0.0,0.0,0.25,20.0
TRAIN_combined_high_moto_40789,cluster_13546492148_1838721956,481.0,5.0,1,0.0,5.0,0.0,0.0,0.0,0.25,5.0
TRAIN_combined_high_moto_40789,cluster_13546492148_1838721956,486.0,5.0,1,0.0,5.0,5.0,0.0,0.0,0.25,0.0
TRAIN_combined_high_moto_40789,cluster_13546492148_1838721956,491.0,5.0,1,0.0,5.0,5.0,5.0,0.0,0.25,0.0
TRAIN_combined_high_moto_40789,cluster_13546492148_1838721956,496.0,0.0,0,0.0,5.0,5.0,5.0,5.0,-0.25,0.0
TRAIN_combined_high_moto_40789,cluster_13546492148_1838721956,501.0,0.0,0,0.0,0.0,5.0,5.0,5.0,-0.25,0.0
TRAIN_combined_high_moto_40789,cluster_13546492148_1838721956,506.0,0.0,1,26.56112783626567,0.0,0.0,5.0,5.0,-0.25,5.0
TRAIN_combined_high_moto_40789,cluster_13546492148_1838721956,511.0,10.0,2,0.09416644221611033,0.0,0.0,0.0,5.0,0.25,5.0
TRAIN_combined_high_moto_40789,cluster_13546492148_1838721956,516.0,10.0,2,0.0002675252489054808,10.0,0.0,0.0,0.0,0.5,5.0
TRAIN_combined_high_moto_40789,cluster_13546492148_1838721956,521.0,10.0,2,0.0,10.0,10.0,0.0,0.0,0.5,5.0
TRAIN_combined_high_moto_40789,cluster_13546492148_1838721956,526.0,10.0,2,0.0,10.0,10.0,10.0,0.0,0.5,0.0
TRAIN_combined_high_moto_40789,cluster_13546492148_1838721956,531.0,10.0,3,0.15657024178187398,10.0,10.0,10.0,10.0,0.0,0.0
TRAIN_combined_high_moto_40789,cluster_13546492148_1838721956,536.0,20.0,4,0.002457031240550017,10.0,10.0,10.0,10.0,0.5,0.0
TRAIN_combined_high_moto_40789,cluster_13546492148_1838721956,541.0,5.0,1,0.0,20.0,10.0,10.0,10.0,-0.25,5.0
TRAIN_combined_high_moto_40789,cluster_13546492148_1838721956,546.0,0.0,1,21.244678028970927,5.0,20.0,10.0,10.0,-0.5,5.0
TRAIN_combined_high_moto_40789,cluster_13546492148_1838721956,551.0,0.0,0,0.0,0.0,5.0,20.0,10.0,-0.5,10.0
TRAIN_combined_high_moto_40789,cluster_13546492148_1838721956,556.0,0.0,0,0.0,0.0,0.0,5.0,20.0,-1.0,10.0
TRAIN_combined_high_moto_40789,cluster_13546492148_1838721956,561.0,0.0,1,7.03060262152238,0.0,0.0,0.0,5.0,-0.25,15.0
TRAIN_combined_high_moto_40789,cluster_13546492148_1838721956,566.0,5.0,1,0.0005775257615350714,0.0,0.0,0.0,0.0,0.25,15.0
TRAIN_combined_high_moto_40789,cluster_13546492148_1838721956,571.0,5.0,1,0.0,5.0,0.0,0.0,0.0,0.25,0.0
TRAIN_combined_high_moto_40789,cluster_13546492148_1838721956,576.0,5.0,1,0.0,5.0,5.0,0.0,0.0,0.25,0.0
TRAIN_combined_high_moto_40789,cluster_13546492148_1838721956,581.0,5.0,1,0.0,5.0,5.0,5.0,0.0,0.25,0.0
TRAIN_combined_high_moto_40789,cluster_13546492148_1838721956,586.0,0.0,0,0.0,5.0,5.0,5.0,5.0,-0.25,0.0
TRAIN_combined_high_moto_40789,cluster_13546492148_1838721956,591.0,0.0,0,0.0,0.0,5.0,5.0,5.0,-0.25,0.0
TRAIN_combined_high_moto_40789,cluster_13546492148_1838721956,596.0,0.0,1,0.6139605619344951,0.0,0.0,5.0,5.0,-0.25,5.0
TRAIN_combined_high_moto_40789,cluster_13546492148_1838721956,601.0,5.0,1,0.0,0.0,0.0,0.0,5.0,0.0,15.0
TRAIN_combined_high_moto_40789,cluster_13546492148_1838721956,606.0,5.0,2,16.876957049014248,5.0,0.0,0.0,0.0,0.25,15.0
TRAIN_combined_high_moto_40789,cluster_13546492148_1838721956,611.0,10.0,2,0.014848727630448285,5.0,5.0,0.0,0.0,0.5,15.0
TRAIN_combined_high_moto_40789,cluster_13546492148_1838721956,616.0,10.0,2,0.0,10.0,5.0,5.0,0.0,0.5,0.0
TRAIN_combined_high_moto_40789,cluster_13546492148_1838721956,621.0,15.0,3,0.08555287566833146,10.0,10.0,5.0,5.0,0.5,5.0
TRAIN_combined_high_moto_40789,cluster_13546492148_1838721956,626.0,15.0,3,0.0,15.0,10.0,10.0,5.0,0.5,5.0
TRAIN_combined_high_moto_40789,cluster_13546492148_1838721956,631.0,0.0,0,0.0,15.0,15.0,10.0,10.0,-0.5,5.0
TRAIN_combined_high_moto_40789,cluster_13546492148_1838721956,636.0,0.0,0,0.0,0.0,15.0,15.0,10.0,-0.5,10.0
TRAIN_combined_high_moto_40789,cluster_13546492148_1838721956,641.0,0.0,0,0.0,0.0,0.0,15.0,15.0,-0.75,10.0
TRAIN_combined_high_moto_40789,cluster_13546492148_1838721956,646.0,0.0,0,0.0,0.0,0.0,0.0,15.0,-0.75,15.0
TRAIN_combined_high_moto_40789,cluster_13546492148_1838721956,651.0,0.0,1,0.4289222711764275,0.0,0.0,0.0,0.0,0.0,15.0
TRAIN_combined_high_moto_40789,cluster_13546492148_1838721956,656.0,5.0,3,1.6047011407172467,0.0,0.0,0.0,0.0,0.25,15.0
TRAIN_combined_high_moto_40789,cluster_13546492148_1838721956,661.0,15.0,3,0.00023490326449253246,5.0,0.0,0.0,0.0,0.75,0.0
TRAIN_combined_high_moto_40789,cluster_13546492148_1838721956,666.0,15.0,4,20.311224776386396,15.0,5.0,0.0,0.0,0.75,0.0
TRAIN_combined_high_moto_40789,cluster_13546492148_1838721956,671.0,15.0,3,0.0,15.0,15.0,5.0,0.0,0.75,0.0
TRAIN_combined_high_moto_40789,cluster_13546492148_1838721956,676.0,0.0,1,2.1976129045038535,15.0,15.0,15.0,5.0,-0.25,0.0
TRAIN_combined_high_moto_40789,cluster_13546492148_1838721956,681.0,5.0,1,0.0,0.0,15.0,15.0,15.0,-0.5,0.0
TRAIN_combined_high_moto_40789,cluster_13546492148_1838721956,686.0,5.0,1,0.0,5.0,0.0,15.0,15.0,-0.5,5.0
TRAIN_combined_high_moto_40789,cluster_13546492148_1838721956,691.0,5.0,2,11.82977909776774,5.0,5.0,0.0,15.0,-0.5,5.0
TRAIN_combined_high_moto_40789,cluster_13546492148_1838721956,696.0,10.0,2,0.0002803768022578653,5.0,5.0,5.0,0.0,0.5,5.0
TRAIN_combined_high_moto_40789,cluster_13546492148_1838721956,701.0,10.0,3,0.8005334364456802,10.0,5.0,5.0,5.0,0.25,5.0
TRAIN_combined_high_moto_40789,cluster_13546492148_1838721956,706.0,15.0,3,0.0007445623571512575,10.0,10.0,5.0,5.0,0.5,0.0
TRAIN_combined_high_moto_40789,cluster_13546492148_1838721956,711.0,15.0,3,0.0,15.0,10.0,10.0,5.0,0.5,0.0
TRAIN_combined_high_moto_40789,cluster_13546492148_1838721956,716.0,15.0,3,0.0,15.0,15.0,10.0,10.0,0.25,0.0
TRAIN_combined_high_moto_40789,cluster_13546492148_1838721956,721.0,0.0,0,0.0,15.0,15.0,15.0,10.0,-0.5,0.0
TRAIN_combined_high_moto_40789,cluster_13546492148_1838721956,726.0,0.0,0,0.0,0.0,15.0,15.0,15.0,-0.75,0.0
TRAIN_combined_high_moto_40789,cluster_13546492148_1838721956,731.0,0.0,0,0.0,0.0,0.0,15.0,15.0,-0.75,0.0
TRAIN_combined_high_moto_40789,cluster_13546492148_1838721956,736.0,0.0,0,0.0,0.0,0.0,0.0,15.0,-0.75,0.0
TRAIN_combined_high_moto_40789,cluster_2061304035_245647208,16.0,0.0,0,0.0,0.0,0.0,0.0,0.0,0.0,0.0
TRAIN_combined_high_moto_40789,cluster_2061304035_245647208,21.0,0.0,0,0.0,0.0,0.0,0.0,0.0,0.0,0.0
TRAIN_combined_high_moto_40789,cluster_2061304035_245647208,26.0,0.0,0,0.0,0.0,0.0,0.0,0.0,0.0,0.0
TRAIN_combined_high_moto_40789,cluster_2061304035_245647208,31.0,0.0,0,0.0,0.0,0.0,0.0,0.0,0.0,0.0
TRAIN_combined_high_moto_40789,cluster_2061304035_245647208,36.0,0.0,1,57.6,0.0,0.0,0.0,0.0,0.0,0.0
TRAIN_combined_high_moto_40789,cluster_2061304035_245647208,41.0,0.0,0,0.0,0.0,0.0,0.0,0.0,0.0,0.0
TRAIN_combined_high_moto_40789,cluster_2061304035_245647208,46.0,0.0,0,0.0,0.0,0.0,0.0,0.0,0.0,0.0
TRAIN_combined_high_moto_40789,cluster_2061304035_245647208,51.0,0.0,0,0.0,0.0,0.0,0.0,0.0,0.0,10.0
TRAIN_combined_high_moto_40789,cluster_2061304035_245647208,56.0,0.0,0,0.0,0.0,0.0,0.0,0.0,0.0,10.0
TRAIN_combined_high_moto_40789,cluster_2061304035_245647208,61.0,0.0,0,0.0,0.0,0.0,0.0,0.0,0.0,10.0
TRAIN_combined_high_moto_40789,cluster_2061304035_245647208,66.0,0.0,0,0.0,0.0,0.0,0.0,0.0,0.0,10.0
TRAIN_combined_high_moto_40789,cluster_2061304035_245647208,71.0,0.0,0,0.0,0.0,0.0,0.0,0.0,0.0,10.0
TRAIN_combined_high_moto_40789,cluster_2061304035_245647208,76.0,0.0,0,0.0,0.0,0.0,0.0,0.0,0.0,0.0
TRAIN_combined_high_moto_40789,cluster_2061304035_245647208,81.0,0.0,0,0.0,0.0,0.0,0.0,0.0,0.0,0.0
TRAIN_combined_high_moto_40789,cluster_2061304035_245647208,86.0,0.0,0,0.0,0.0,0.0,0.0,0.0,0.0,0.0
TRAIN_combined_high_moto_40789,cluster_2061304035_245647208,91.0,0.0,0,0.0,0.0,0.0,0.0,0.0,0.0,0.0
TRAIN_combined_high_moto_40789,cluster_2061304035_245647208,96.0,0.0,0,0.0,0.0,0.0,0.0,0.0,0.0,0.0
TRAIN_combined_high_moto_40789,cluster_2061304035_245647208,101.0,0.0,0,0.0,0.0,0.0,0.0,0.0,0.0,0.0
TRAIN_combined_high_moto_40789,cluster_2061304035_245647208,106.0,0.0,2,3.306095323687426,0.0,0.0,0.0,0.0,0.0,0.0
TRAIN_combined_high_moto_40789,cluster_2061304035_245647208,111.0,10.0,2,0.0008292880425963119,0.0,0.0,0.0,0.0,0.5,0.0
TRAIN_combined_high_moto_40789,cluster_2061304035_245647208,116.0,10.0,2,0.0,10.0,0.0,0.0,0.0,0.5,0.0
TRAIN_combined_high_moto_40789,cluster_2061304035_245647208,121.0,10.0,2,0.0,10.0,10.0,0.0,0.0,0.5,0.0
TRAIN_combined_high_moto_40789,cluster_2061304035_245647208,126.0,10.0,2,0.0,10.0,10.0,10.0,0.0,0.5,0.0
TRAIN_combined_high_moto_40789,cluster_2061304035_245647208,131.0,10.0,2,0.0,10.0,10.0,10.0,10.0,0.0,0.0
TRAIN_combined_high_moto_40789,cluster_2061304035_245647208,136.0,0.0,0,0.0,10.0,10.0,10.0,10.0,-0.5,5.0
TRAIN_combined_high_moto_40789,cluster_2061304035_245647208,141.0,0.0,0,0.0,0.0,10.0,10.0,10.0,-0.5,10.0
TRAIN_combined_high_moto_40789,cluster_2061304035_245647208,146.0,0.0,0,0.0,0.0,0.0,10.0,10.0,-0.5,15.0
TRAIN_combined_high_moto_40789,cluster_2061304035_245647208,151.0,0.0,2,50.856386254643674,0.0,0.0,0.0,10.0,-0.5,15.0
TRAIN_combined_high_moto_40789,cluster_2061304035_245647208,156.0,0.0,1,24.420019104540042,0.0,0.0,0.0,0.0,0.0,15.0
TRAIN_combined_high_moto_40789,cluster_2061304035_245647208,161.0,0.0,0,0.0,0.0,0.0,0.0,0.0,0.0,20.0
TRAIN_combined_high_moto_40789,cluster_2061304035_245647208,166.0,0.0,0,0.0,0.0,0.0,0.0,0.0,0.0,5.0
TRAIN_combined_high_moto_40789,cluster_2061304035_245647208,171.0,0.0,0,0.0,0.0,0.0,0.0,0.0,0.0,5.0
TRAIN_combined_high_moto_40789,cluster_2061304035_245647208,176.0,0.0,0,0.0,0.0,0.0,0.0,0.0,0.0,5.0
TRAIN_combined_high_moto_40789,cluster_2061304035_245647208,181.0,0.0,0,0.0,0.0,0.0,0.0,0.0,0.0,5.0
TRAIN_combined_high_moto_40789,cluster_2061304035_245647208,186.0,0.0,0,0.0,0.0,0.0,0.0,0.0,0.0,5.0
TRAIN_combined_high_moto_40789,cluster_2061304035_245647208,191.0,0.0,1,28.34179742675593,0.0,0.0,0.0,0.0,0.0,5.0
TRAIN_combined_high_moto_40789,cluster_2061304035_245647208,196.0,5.0,3,16.252355334009522,0.0,0.0,0.0,0.0,0.25,5.0
TRAIN_combined_high_moto_40789,cluster_2061304035_245647208,201.0,10.0,4,19.131420485671526,5.0,0.0,0.0,0.0,0.5,5.0
TRAIN_combined_high_moto_40789,cluster_2061304035_245647208,206.0,15.0,3,0.001319995936905638,10.0,5.0,0.0,0.0,0.75,5.0
TRAIN_combined_high_moto_40789,cluster_2061304035_245647208,211.0,15.0,3,0.0,15.0,10.0,5.0,0.0,0.75,0.0
TRAIN_combined_high_moto_40789,cluster_2061304035_245647208,216.0,15.0,4,0.247105833513067,15.0,15.0,10.0,5.0,0.5,0.0
TRAIN_combined_high_moto_40789,cluster_2061304035_245647208,221.0,20.0,4,0.0,15.0,15.0,15.0,10.0,0.5,0.0
TRAIN_combined_high_moto_40789,cluster_2061304035_245647208,226.0,5.0,2,6.006008127396488,20.0,15.0,15.0,15.0,-0.5,0.0
TRAIN_combined_high_moto_40789,cluster_2061304035_245647208,231.0,5.0,1,0.005931486374560522,5.0,20.0,15.0,15.0,-0.5,5.0
TRAIN_combined_high_moto_40789,cluster_2061304035_245647208,236.0,5.0,1,0.0,5.0,5.0,20.0,15.0,-0.5,5.0
TRAIN_combined_high_moto_40789,cluster_2061304035_245647208,241.0,5.0,2,39.893991564830124,5.0,5.0,5.0,20.0,-0.75,5.0
TRAIN_combined_high_moto_40789,cluster_2061304035_245647208,246.0,5.0,3,23.702480323695088,5.0,5.0,5.0,5.0,0.0,10.0
TRAIN_combined_high_moto_40789,cluster_2061304035_245647208,251.0,5.0,1,0.0,5.0,5.0,5.0,5.0,0.0,10.0
TRAIN_combined_high_moto_40789,cluster_2061304035_245647208,256.0,5.0,3,30.941006613175414,5.0,5.0,5.0,5.0,0.0,0.0
TRAIN_combined_high_moto_40789,cluster_2061304035_245647208,261.0,5.0,1,0.0,5.0,5.0,5.0,5.0,0.0,0.0
TRAIN_combined_high_moto_40789,cluster_2061304035_245647208,266.0,5.0,1,0.0,5.0,5.0,5.0,5.0,0.0,0.0
TRAIN_combined_high_moto_40789,cluster_2061304035_245647208,271.0,0.0,0,0.0,5.0,5.0,5.0,5.0,-0.25,0.0
TRAIN_combined_high_moto_40789,cluster_2061304035_245647208,276.0,0.0,1,36.14294182213552,0.0,5.0,5.0,5.0,-0.25,0.0
TRAIN_combined_high_moto_40789,cluster_2061304035_245647208,281.0,0.0,0,0.0,0.0,0.0,5.0,5.0,-0.25,0.0
TRAIN_combined_high_moto_40789,cluster_2061304035_245647208,286.0,0.0,3,49.4820621848239,0.0,0.0,0.0,5.0,-0.25,0.0
TRAIN_combined_high_moto_40789,cluster_2061304035_245647208,291.0,5.0,3,32.64435520597238,0.0,0.0,0.0,0.0,0.25,0.0
TRAIN_combined_high_moto_40789,cluster_2061304035_245647208,296.0,5.0,1,0.0,5.0,0.0,0.0,0.0,0.25,0.0
TRAIN_combined_high_moto_40789,cluster_2061304035_245647208,301.0,5.0,2,32.77245239509505,5.0,5.0,0.0,0.0,0.25,0.0
TRAIN_combined_high_moto_40789,cluster_2061304035_245647208,306.0,10.0,4,33.26184710175166,5.0,5.0,5.0,0.0,0.5,0.0
TRAIN_combined_high_moto_40789,cluster_2061304035_245647208,311.0,10.0,3,0.5228616972871292,10.0,5.0,5.0,5.0,0.25,0.0
TRAIN_combined_high_moto_40789,cluster_2061304035_245647208,316.0,0.0,0,0.0,10.0,10.0,5.0,5.0,-0.25,0.0
TRAIN_combined_high_moto_40789,cluster_2061304035_245647208,321.0,0.0,0,0.0,0.0,10.0,10.0,5.0,-0.25,5.0
TRAIN_combined_high_moto_40789,cluster_2061304035_245647208,326.0,0.0,0,0.0,0.0,0.0,10.0,10.0,-0.5,15.0
TRAIN_combined_high_moto_40789,cluster_2061304035_245647208,331.0,0.0,1,44.57430365316857,0.0,0.0,0.0,10.0,-0.5,15.0
TRAIN_combined_high_moto_40789,cluster_2061304035_245647208,336.0,0.0,0,0.0,0.0,0.0,0.0,0.0,0.0,20.0
TRAIN_combined_high_moto_40789,cluster_2061304035_245647208,341.0,0.0,0,0.0,0.0,0.0,0.0,0.0,0.0,20.0
TRAIN_combined_high_moto_40789,cluster_2061304035_245647208,346.0,0.0,0,0.0,0.0,0.0,0.0,0.0,0.0,10.0
TRAIN_combined_high_moto_40789,cluster_2061304035_245647208,351.0,0.0,0,0.0,0.0,0.0,0.0,0.0,0.0,0.0
TRAIN_combined_high_moto_40789,cluster_2061304035_245647208,356.0,0.0,0,0.0,0.0,0.0,0.0,0.0,0.0,0.0
TRAIN_combined_high_moto_40789,cluster_2061304035_245647208,361.0,0.0,1,53.48677448344711,0.0,0.0,0.0,0.0,0.0,0.0
TRAIN_combined_high_moto_40789,cluster_2061304035_245647208,366.0,0.0,0,0.0,0.0,0.0,0.0,0.0,0.0,0.0
TRAIN_combined_high_moto_40789,cluster_2061304035_245647208,371.0,0.0,1,56.266122983923324,0.0,0.0,0.0,0.0,0.0,0.0
TRAIN_combined_high_moto_40789,cluster_2061304035_245647208,376.0,0.0,2,41.98038313448519,0.0,0.0,0.0,0.0,0.0,0.0
TRAIN_combined_high_moto_40789,cluster_2061304035_245647208,381.0,5.0,4,22.271332842373752,0.0,0.0,0.0,0.0,0.25,0.0
TRAIN_combined_high_moto_40789,cluster_2061304035_245647208,386.0,15.0,3,0.0025438106104302047,5.0,0.0,0.0,0.0,0.75,0.0
TRAIN_combined_high_moto_40789,cluster_2061304035_245647208,391.0,15.0,4,3.4273991049813164,15.0,5.0,0.0,0.0,0.75,0.0
TRAIN_combined_high_moto_40789,cluster_2061304035_245647208,396.0,20.0,5,17.492148362604635,15.0,15.0,5.0,0.0,1.0,0.0
TRAIN_combined_high_moto_40789,cluster_2061304035_245647208,401.0,20.0,5,4.986039537950604,20.0,15.0,15.0,5.0,0.75,0.0
TRAIN_combined_high_moto_40789,cluster_2061304035_245647208,406.0,10.0,2,0.0,20.0,20.0,15.0,15.0,-0.25,0.0
TRAIN_combined_high_moto_40789,cluster_2061304035_245647208,411.0,0.0,0,0.0,10.0,20.0,20.0,15.0,-0.75,5.0
TRAIN_combined_high_moto_40789,cluster_2061304035_245647208,416.0,0.0,0,0.0,0.0,10.0,20.0,20.0,-1.0,20.0
TRAIN_combined_high_moto_40789,cluster_2061304035_245647208,421.0,0.0,2,35.35893239725166,0.0,0.0,10.0,20.0,-1.0,20.0
TRAIN_combined_high_moto_40789,cluster_2061304035_245647208,426.0,0.0,1,17.974170368341166,0.0,0.0,0.0,10.0,-0.5,25.0
TRAIN_combined_high_moto_40789,cluster_2061304035_245647208,431.0,0.0,1,69.19675779536074,0.0,0.0,0.0,0.0,0.0,30.0
TRAIN_combined_high_moto_40789,cluster_2061304035_245647208,436.0,0.0,0,0.0,0.0,0.0,0.0,0.0,0.0,15.0
TRAIN_combined_high_moto_40789,cluster_2061304035_245647208,441.0,0.0,0,0.0,0.0,0.0,0.0,0.0,0.0,0.0
TRAIN_combined_high_moto_40789,cluster_2061304035_245647208,446.0,0.0,0,0.0,0.0,0.0,0.0,0.0,0.0,5.0
TRAIN_combined_high_moto_40789,cluster_2061304035_245647208,451.0,0.0,0,0.0,0.0,0.0,0.0,0.0,0.0,5.0
TRAIN_combined_high_moto_40789,cluster_2061304035_245647208,456.0,0.0,0,0.0,0.0,0.0,0.0,0.0,0.0,5.0
TRAIN_combined_high_moto_40789,cluster_2061304035_245647208,461.0,0.0,0,0.0,0.0,0.0,0.0,0.0,0.0,5.0
TRAIN_combined_high_moto_40789,cluster_2061304035_245647208,466.0,0.0,3,49.206869576362884,0.0,0.0,0.0,0.0,0.0,5.0
TRAIN_combined_high_moto_40789,cluster_2061304035_245647208,471.0,5.0,4,6.724949441046746,0.0,0.0,0.0,0.0,0.25,10.0
TRAIN_combined_high_moto_40789,cluster_2061304035_245647208,476.0,20.0,6,16.393529172653725,5.0,0.0,0.0,0.0,1.0,10.0
TRAIN_combined_high_moto_40789,cluster_2061304035_245647208,481.0,20.0,5,0.15436941758941788,20.0,5.0,0.0,0.0,1.0,5.0
TRAIN_combined_high_moto_40789,cluster_2061304035_245647208,486.0,25.0,5,0.0,20.0,20.0,5.0,0.0,1.25,0.0
TRAIN_combined_high_moto_40789,cluster_2061304035_245647208,491.0,30.0,6,0.021611127633298075,25.0,20.0,20.0,5.0,1.25,0.0
TRAIN_combined_high_moto_40789,cluster_2061304035_245647208,496.0,15.0,3,0.0,30.0,25.0,20.0,20.0,-0.25,0.0
TRAIN_combined_high_moto_40789,cluster_2061304035_245647208,501.0,0.0,3,22.00264707724065,15.0,30.0,25.0,20.0,-1.0,10.0
TRAIN_combined_high_moto_40789,cluster_2061304035_245647208,506.0,5.0,1,0.057695185019846745,0.0,15.0,30.0,25.0,-1.0,20.0
TRAIN_combined_high_moto_40789,cluster_2061304035_245647208,511.0,5.0,3,31.398223984282957,5.0,0.0,15.0,30.0,-1.25,20.0
TRAIN_combined_high_moto_40789,cluster_2061304035_245647208,516.0,5.0,1,0.0,5.0,5.0,0.0,15.0,-0.5,25.0
TRAIN_combined_high_moto_40789,cluster_2061304035_245647208,521.0,5.0,1,0.0,5.0,5.0,5.0,0.0,0.25,25.0
TRAIN_combined_high_moto_40789,cluster_2061304035_245647208,526.0,5.0,2,28.454941739540658,5.0,5.0,5.0,5.0,0.0,10.0
TRAIN_combined_high_moto_40789,cluster_2061304035_245647208,531.0,10.0,2,0.019140402453562473,5.0,5.0,5.0,5.0,0.25,0.0
TRAIN_combined_high_moto_40789,cluster_2061304035_245647208,536.0,10.0,2,0.0,10.0,5.0,5.0,5.0,0.25,0.0
TRAIN_combined_high_moto_40789,cluster_2061304035_245647208,541.0,5.0,1,0.0,10.0,10.0,5.0,5.0,0.0,0.0
TRAIN_combined_high_moto_40789,cluster_2061304035_245647208,546.0,0.0,0,0.0,5.0,10.0,10.0,5.0,-0.25,0.0
TRAIN_combined_high_moto_40789,cluster_2061304035_245647208,551.0,0.0,0,0.0,0.0,5.0,10.0,10.0,-0.5,0.0
TRAIN_combined_high_moto_40789,cluster_2061304035_245647208,556.0,0.0,3,25.93021820505512,0.0,0.0,5.0,10.0,-0.5,0.0
TRAIN_combined_high_moto_40789,cluster_2061304035_245647208,561.0,10.0,4,7.05263110614689,0.0,0.0,0.0,5.0,0.25,0.0
TRAIN_combined_high_moto_40789,cluster_2061304035_245647208,566.0,20.0,4,0.0012819200797846637,10.0,0.0,0.0,0.0,1.0,0.0
TRAIN_combined_high_moto_40789,cluster_2061304035_245647208,571.0,20.0,5,4.871839070916879,20.0,10.0,0.0,0.0,1.0,0.0
TRAIN_combined_high_moto_40789,cluster_2061304035_245647208,576.0,25.0,5,0.01985068445584879,20.0,20.0,10.0,0.0,1.25,0.0
TRAIN_combined_high_moto_40789,cluster_2061304035_245647208,581.0,25.0,5,7.725010324496026e-05,25.0,20.0,20.0,10.0,0.75,0.0
TRAIN_combined_high_moto_40789,cluster_2061304035_245647208,586.0,10.0,2,0.0,25.0,25.0,20.0,20.0,-0.5,0.0
TRAIN_combined_high_moto_40789,cluster_2061304035_245647208,591.0,0.0,0,0.0,10.0,25.0,25.0,20.0,-1.0,15.0
TRAIN_combined_high_moto_40789,cluster_2061304035_245647208,596.0,0.0,0,0.0,0.0,10.0,25.0,25.0,-1.25,15.0
TRAIN_combined_high_moto_40789,cluster_2061304035_245647208,601.0,0.0,0,0.0,0.0,0.0,10.0,25.0,-1.25,15.0
TRAIN_combined_high_moto_40789,cluster_2061304035_245647208,606.0,0.0,0,0.0,0.0,0.0,0.0,10.0,-0.5,15.0
TRAIN_combined_high_moto_40789,cluster_2061304035_245647208,611.0,0.0,0,0.0,0.0,0.0,0.0,0.0,0.0,15.0
TRAIN_combined_high_moto_40789,cluster_2061304035_245647208,616.0,0.0,2,40.63892644091296,0.0,0.0,0.0,0.0,0.0,0.0
TRAIN_combined_high_moto_40789,cluster_2061304035_245647208,621.0,0.0,0,0.0,0.0,0.0,0.0,0.0,0.0,0.0
TRAIN_combined_high_moto_40789,cluster_2061304035_245647208,626.0,0.0,0,0.0,0.0,0.0,0.0,0.0,0.0,0.0
TRAIN_combined_high_moto_40789,cluster_2061304035_245647208,631.0,0.0,0,0.0,0.0,0.0,0.0,0.0,0.0,0.0
TRAIN_combined_high_moto_40789,cluster_2061304035_245647208,636.0,0.0,0,0.0,0.0,0.0,0.0,0.0,0.0,0.0
TRAIN_combined_high_moto_40789,cluster_2061304035_245647208,641.0,0.0,0,0.0,0.0,0.0,0.0,0.0,0.0,0.0
TRAIN_combined_high_moto_40789,cluster_2061304035_245647208,646.0,0.0,3,25.436291191350676,0.0,0.0,0.0,0.0,0.0,0.0
TRAIN_combined_high_moto_40789,cluster_2061304035_245647208,651.0,15.0,3,0.005533171420092247,0.0,0.0,0.0,0.0,0.75,0.0
TRAIN_combined_high_moto_40789,cluster_2061304035_245647208,656.0,15.0,3,0.0,15.0,0.0,0.0,0.0,0.75,0.0
TRAIN_combined_high_moto_40789,cluster_2061304035_245647208,661.0,15.0,3,0.0,15.0,15.0,0.0,0.0,0.75,0.0
TRAIN_combined_high_moto_40789,cluster_2061304035_245647208,666.0,15.0,3,0.0,15.0,15.0,15.0,0.0,0.75,0.0
TRAIN_combined_high_moto_40789,cluster_2061304035_245647208,671.0,15.0,3,0.0,15.0,15.0,15.0,15.0,0.0,0.0
TRAIN_combined_high_moto_40789,cluster_2061304035_245647208,676.0,0.0,2,17.20134586061514,15.0,15.0,15.0,15.0,-0.75,0.0
TRAIN_combined_high_moto_40789,cluster_2061304035_245647208,681.0,0.0,0,0.0,0.0,15.0,15.0,15.0,-0.75,10.0
TRAIN_combined_high_moto_40789,cluster_2061304035_245647208,686.0,0.0,0,0.0,0.0,0.0,15.0,15.0,-0.75,10.0
TRAIN_combined_high_moto_40789,cluster_2061304035_245647208,691.0,0.0,1,36.295818554775096,0.0,0.0,0.0,15.0,-0.75,10.0
TRAIN_combined_high_moto_40789,cluster_2061304035_245647208,696.0,0.0,1,26.785598855666787,0.0,0.0,0.0,0.0,0.0,10.0
TRAIN_combined_high_moto_40789,cluster_2061304035_245647208,701.0,0.0,1,36.87883204863468,0.0,0.0,0.0,0.0,0.0,10.0
TRAIN_combined_high_moto_40789,cluster_2061304035_245647208,706.0,0.0,0,0.0,0.0,0.0,0.0,0.0,0.0,0.0
TRAIN_combined_high_moto_40789,cluster_2061304035_245647208,711.0,0.0,0,0.0,0.0,0.0,0.0,0.0,0.0,0.0
TRAIN_combined_high_moto_40789,cluster_2061304035_245647208,716.0,0.0,0,0.0,0.0,0.0,0.0,0.0,0.0,0.0
TRAIN_combined_high_moto_40789,cluster_2061304035_245647208,721.0,0.0,0,0.0,0.0,0.0,0.0,0.0,0.0,0.0
TRAIN_combined_high_moto_40789,cluster_2061304035_245647208,726.0,0.0,0,0.0,0.0,0.0,0.0,0.0,0.0,0.0
TRAIN_combined_high_moto_40789,cluster_2061304035_245647208,731.0,0.0,0,0.0,0.0,0.0,0.0,0.0,0.0,0.0
TRAIN_combined_high_moto_40789,cluster_2061304035_245647208,736.0,0.0,3,35.132134695255985,0.0,0.0,0.0,0.0,0.0,0.0
TRAIN_combined_high_moto_40789,cluster_245647168_3238255150_3495323634,16.0,0.0,0,0.0,0.0,0.0,0.0,0.0,0.0,5.0
TRAIN_combined_high_moto_40789,cluster_245647168_3238255150_3495323634,21.0,0.0,0,0.0,0.0,0.0,0.0,0.0,0.0,5.0
TRAIN_combined_high_moto_40789,cluster_245647168_3238255150_3495323634,26.0,0.0,0,0.0,0.0,0.0,0.0,0.0,0.0,5.0
TRAIN_combined_high_moto_40789,cluster_245647168_3238255150_3495323634,31.0,0.0,0,0.0,0.0,0.0,0.0,0.0,0.0,0.0
TRAIN_combined_high_moto_40789,cluster_245647168_3238255150_3495323634,36.0,0.0,0,0.0,0.0,0.0,0.0,0.0,0.0,5.0
TRAIN_combined_high_moto_40789,cluster_245647168_3238255150_3495323634,41.0,0.0,1,41.15429155533196,0.0,0.0,0.0,0.0,0.0,5.0
TRAIN_combined_high_moto_40789,cluster_245647168_3238255150_3495323634,46.0,0.0,1,40.076394627476056,0.0,0.0,0.0,0.0,0.0,5.0
TRAIN_combined_high_moto_40789,cluster_245647168_3238255150_3495323634,51.0,0.0,1,79.01101781529184,0.0,0.0,0.0,0.0,0.0,10.0
TRAIN_combined_high_moto_40789,cluster_245647168_3238255150_3495323634,56.0,5.0,1,0.0282322177533065,0.0,0.0,0.0,0.0,0.0,10.0
TRAIN_combined_high_moto_40789,cluster_245647168_3238255150_3495323634,61.0,5.0,1,0.0,5.0,0.0,0.0,0.0,0.0,15.0
TRAIN_combined_high_moto_40789,cluster_245647168_3238255150_3495323634,66.0,5.0,1,0.0,5.0,5.0,0.0,0.0,0.0,15.0
TRAIN_combined_high_moto_40789,cluster_245647168_3238255150_3495323634,71.0,5.0,1,0.0,5.0,5.0,5.0,0.0,0.0,20.0
TRAIN_combined_high_moto_40789,cluster_245647168_3238255150_3495323634,76.0,5.0,1,0.0,5.0,5.0,5.0,5.0,0.0,20.0
TRAIN_combined_high_moto_40789,cluster_245647168_3238255150_3495323634,81.0,5.0,1,0.0,5.0,5.0,5.0,5.0,0.0,25.0
TRAIN_combined_high_moto_40789,cluster_245647168_3238255150_3495323634,86.0,5.0,1,0.0,5.0,5.0,5.0,5.0,0.0,25.0
TRAIN_combined_high_moto_40789,cluster_245647168_3238255150_3495323634,91.0,0.0,1,44.57530930901846,5.0,5.0,5.0,5.0,0.0,30.0
TRAIN_combined_high_moto_40789,cluster_245647168_3238255150_3495323634,96.0,5.0,1,0.018524871193203066,0.0,5.0,5.0,5.0,0.0,40.0
TRAIN_combined_high_moto_40789,cluster_245647168_3238255150_3495323634,101.0,5.0,2,34.004970522478224,5.0,0.0,5.0,5.0,0.0,40.0
TRAIN_combined_high_moto_40789,cluster_245647168_3238255150_3495323634,106.0,5.0,2,28.424167984552682,5.0,5.0,0.0,5.0,0.0,45.0
TRAIN_combined_high_moto_40789,cluster_245647168_3238255150_3495323634,111.0,10.0,3,11.690117928959825,5.0,5.0,5.0,0.0,0.5,45.0
TRAIN_combined_high_moto_40789,cluster_245647168_3238255150_3495323634,116.0,10.0,4,11.433936057992543,10.0,5.0,5.0,5.0,0.25,60.0
TRAIN_combined_high_moto_40789,cluster_245647168_3238255150_3495323634,121.0,15.0,3,0.004411063915944436,10.0,10.0,5.0,5.0,0.5,45.0
TRAIN_combined_high_moto_40789,cluster_245647168_3238255150_3495323634,126.0,15.0,4,8.59986123700989,15.0,10.0,10.0,5.0,0.5,15.0
TRAIN_combined_high_moto_40789,cluster_245647168_3238255150_3495323634,131.0,20.0,5,13.25102413651546,15.0,15.0,10.0,10.0,0.5,15.0
TRAIN_combined_high_moto_40789,cluster_245647168_3238255150_3495323634,136.0,20.0,6,10.285346251248365,20.0,15.0,15.0,10.0,0.5,20.0
TRAIN_combined_high_moto_40789,cluster_245647168_3238255150_3495323634,141.0,25.0,6,0.06682242771350629,20.0,20.0,15.0,15.0,0.5,25.0
TRAIN_combined_high_moto_40789,cluster_245647168_3238255150_3495323634,146.0,25.0,7,9.770837433017409,25.0,20.0,20.0,15.0,0.5,5.0
TRAIN_combined_high_moto_40789,cluster_245647168_3238255150_3495323634,151.0,30.0,8,4.8446719150634925,25.0,25.0,20.0,20.0,0.5,10.0
TRAIN_combined_high_moto_40789,cluster_245647168_3238255150_3495323634,156.0,40.0,9,4.195965219332172,30.0,25.0,25.0,20.0,1.0,10.0
TRAIN_combined_high_moto_40789,cluster_245647168_3238255150_3495323634,161.0,40.0,10,10.61362752942381,40.0,30.0,25.0,25.0,0.75,10.0
TRAIN_combined_high_moto_40789,cluster_245647168_3238255150_3495323634,166.0,45.0,12,13.381135742708826,40.0,40.0,30.0,25.0,1.0,15.0
TRAIN_combined_high_moto_40789,cluster_245647168_3238255150_3495323634,171.0,45.0,13,6.4811485775007265,45.0,40.0,40.0,30.0,0.75,15.0
TRAIN_combined_high_moto_40789,cluster_245647168_3238255150_3495323634,176.0,60.0,13,0.05584427588540632,45.0,45.0,40.0,40.0,1.0,15.0
TRAIN_combined_high_moto_40789,cluster_245647168_3238255150_3495323634,181.0,45.0,11,4.813456194063235,60.0,45.0,45.0,40.0,0.25,15.0
TRAIN_combined_high_moto_40789,cluster_245647168_3238255150_3495323634,186.0,15.0,8,8.750924806155878,45.0,60.0,45.0,45.0,-1.5,30.0
TRAIN_combined_high_moto_40789,cluster_245647168_3238255150_3495323634,191.0,15.0,5,20.880334759650815,15.0,45.0,60.0,45.0,-1.5,30.0
TRAIN_combined_high_moto_40789,cluster_245647168_3238255150_3495323634,196.0,20.0,5,0.5665113190450397,15.0,15.0,45.0,60.0,-2.0,30.0
TRAIN_combined_high_moto_40789,cluster_245647168_3238255150_3495323634,201.0,25.0,6,7.903242602729451,20.0,15.0,15.0,45.0,-1.0,35.0
TRAIN_combined_high_moto_40789,cluster_245647168_3238255150_3495323634,206.0,5.0,4,5.767663835324966,25.0,20.0,15.0,15.0,-0.5,40.0
TRAIN_combined_high_moto_40789,cluster_245647168_3238255150_3495323634,211.0,10.0,2,0.0004206430977695657,5.0,25.0,20.0,15.0,-0.25,30.0
TRAIN_combined_high_moto_40789,cluster_245647168_3238255150_3495323634,216.0,10.0,2,0.0,10.0,5.0,25.0,20.0,-0.5,10.0
TRAIN_combined_high_moto_40789,cluster_245647168_3238255150_3495323634,221.0,10.0,4,19.682044175919486,10.0,10.0,5.0,25.0,-0.75,15.0
TRAIN_combined_high_moto_40789,cluster_245647168_3238255150_3495323634,226.0,15.0,3,0.011693413486578371,10.0,10.0,10.0,5.0,0.5,15.0
TRAIN_combined_high_moto_40789,cluster_245647168_3238255150_3495323634,231.0,15.0,3,0.0,15.0,10.0,10.0,10.0,0.25,25.0
TRAIN_combined_high_moto_40789,cluster_245647168_3238255150_3495323634,236.0,15.0,5,24.661746062741294,15.0,15.0,10.0,10.0,0.25,15.0
TRAIN_combined_high_moto_40789,cluster_245647168_3238255150_3495323634,241.0,15.0,7,11.163729651616727,15.0,15.0,15.0,10.0,0.25,25.0
TRAIN_combined_high_moto_40789,cluster_245647168_3238255150_3495323634,246.0,30.0,8,0.20307113314234373,15.0,15.0,15.0,15.0,0.75,35.0
TRAIN_combined_high_moto_40789,cluster_245647168_3238255150_3495323634,251.0,30.0,6,0.0,30.0,15.0,15.0,15.0,0.75,40.0
TRAIN_combined_high_moto_40789,cluster_245647168_3238255150_3495323634,256.0,30.0,8,18.656298089879666,30.0,30.0,15.0,15.0,0.75,35.0
TRAIN_combined_high_moto_40789,cluster_245647168_3238255150_3495323634,261.0,35.0,9,7.312488310725745,30.0,30.0,30.0,15.0,1.0,35.0
TRAIN_combined_high_moto_40789,cluster_245647168_3238255150_3495323634,266.0,40.0,11,7.9839426241513625,35.0,30.0,30.0,30.0,0.5,35.0
TRAIN_combined_high_moto_40789,cluster_245647168_3238255150_3495323634,271.0,30.0,9,9.42509825854709,40.0,35.0,30.0,30.0,0.0,35.0
TRAIN_combined_high_moto_40789,cluster_245647168_3238255150_3495323634,276.0,10.0,8,31.585625410047186,30.0,40.0,35.0,30.0,-1.0,40.0
TRAIN_combined_high_moto_40789,cluster_245647168_3238255150_3495323634,281.0,15.0,4,10.359747179431329,10.0,30.0,40.0,35.0,-1.0,45.0
TRAIN_combined_high_moto_40789,cluster_245647168_3238255150_3495323634,286.0,15.0,5,7.795123002563536,15.0,10.0,30.0,40.0,-1.25,55.0
TRAIN_combined_high_moto_40789,cluster_245647168_3238255150_3495323634,291.0,25.0,7,14.43826586652526,15.0,15.0,10.0,30.0,-0.25,65.0
TRAIN_combined_high_moto_40789,cluster_245647168_3238255150_3495323634,296.0,15.0,7,20.915759978275855,25.0,15.0,15.0,10.0,0.25,75.0
TRAIN_combined_high_moto_40789,cluster_245647168_3238255150_3495323634,301.0,25.0,7,10.520331503398445,15.0,25.0,15.0,15.0,0.5,60.0
TRAIN_combined_high_moto_40789,cluster_245647168_3238255150_3495323634,306.0,35.0,9,15.615510987059679,25.0,15.0,25.0,15.0,1.0,10.0
TRAIN_combined_high_moto_40789,cluster_245647168_3238255150_3495323634,311.0,40.0,10,4.3387360946683975,35.0,25.0,15.0,25.0,0.75,15.0
TRAIN_combined_high_moto_40789,cluster_245647168_3238255150_3495323634,316.0,35.0,9,1.6294716999342762,40.0,35.0,25.0,15.0,1.0,15.0
TRAIN_combined_high_moto_40789,cluster_245647168_3238255150_3495323634,321.0,35.0,7,0.0016408318971567778,35.0,40.0,35.0,25.0,0.5,15.0
TRAIN_combined_high_moto_40789,cluster_245647168_3238255150_3495323634,326.0,35.0,8,7.347528776017484,35.0,35.0,40.0,35.0,0.0,20.0
TRAIN_combined_high_moto_40789,cluster_245647168_3238255150_3495323634,331.0,35.0,9,8.233762430394757,35.0,35.0,35.0,40.0,-0.25,30.0
TRAIN_combined_high_moto_40789,cluster_245647168_3238255150_3495323634,336.0,40.0,12,15.256627230814589,35.0,35.0,35.0,35.0,0.25,35.0
TRAIN_combined_high_moto_40789,cluster_245647168_3238255150_3495323634,341.0,45.0,12,8.297025636524973,40.0,35.0,35.0,35.0,0.5,30.0
TRAIN_combined_high_moto_40789,cluster_245647168_3238255150_3495323634,346.0,55.0,14,7.0600719557428695,45.0,40.0,35.0,35.0,1.0,30.0
TRAIN_combined_high_moto_40789,cluster_245647168_3238255150_3495323634,351.0,65.0,16,8.781389112890817,55.0,45.0,40.0,35.0,1.5,30.0
TRAIN_combined_high_moto_40789,cluster_245647168_3238255150_3495323634,356.0,75.0,16,0.707157077705109,65.0,55.0,45.0,40.0,1.75,35.0
TRAIN_combined_high_moto_40789,cluster_245647168_3238255150_3495323634,361.0,60.0,12,0.006246333395301986,75.0,65.0,55.0,45.0,0.75,40.0
TRAIN_combined_high_moto_40789,cluster_245647168_3238255150_3495323634,366.0,10.0,9,19.38641245868221,60.0,75.0,65.0,55.0,-2.25,40.0
TRAIN_combined_high_moto_40789,cluster_245647168_3238255150_3495323634,371.0,15.0,3,0.026681315653549757,10.0,60.0,75.0,65.0,-2.5,50.0
TRAIN_combined_high_moto_40789,cluster_245647168_3238255150_3495323634,376.0,15.0,5,25.63038902838841,15.0,10.0,60.0,75.0,-3.0,55.0
TRAIN_combined_high_moto_40789,cluster_245647168_3238255150_3495323634,381.0,15.0,7,8.72755614325321,15.0,15.0,10.0,60.0,-2.25,70.0
TRAIN_combined_high_moto_40789,cluster_245647168_3238255150_3495323634,386.0,20.0,6,12.349635402214643,15.0,15.0,15.0,10.0,0.5,65.0
TRAIN_combined_high_moto_40789,cluster_245647168_3238255150_3495323634,391.0,30.0,7,2.72995079607956,20.0,15.0,15.0,15.0,0.75,65.0
TRAIN_combined_high_moto_40789,cluster_245647168_3238255150_3495323634,396.0,35.0,7,0.0004313858915882175,30.0,20.0,15.0,15.0,1.0,15.0
TRAIN_combined_high_moto_40789,cluster_245647168_3238255150_3495323634,401.0,30.0,8,7.651315764808984,35.0,30.0,20.0,15.0,0.75,20.0
TRAIN_combined_high_moto_40789,cluster_245647168_3238255150_3495323634,406.0,30.0,8,7.639210751813629,30.0,35.0,30.0,20.0,0.5,25.0
TRAIN_combined_high_moto_40789,cluster_245647168_3238255150_3495323634,411.0,30.0,7,0.09160657657387937,30.0,30.0,35.0,30.0,0.0,30.0
TRAIN_combined_high_moto_40789,cluster_245647168_3238255150_3495323634,416.0,35.0,8,8.547847830101597,30.0,30.0,30.0,35.0,0.0,25.0
TRAIN_combined_high_moto_40789,cluster_245647168_3238255150_3495323634,421.0,40.0,10,13.871955101708517,35.0,30.0,30.0,30.0,0.5,25.0
TRAIN_combined_high_moto_40789,cluster_245647168_3238255150_3495323634,426.0,40.0,11,8.891819789080984,40.0,35.0,30.0,30.0,0.5,30.0
TRAIN_combined_high_moto_40789,cluster_245647168_3238255150_3495323634,431.0,50.0,13,11.8330819456386,40.0,40.0,35.0,30.0,1.0,30.0
TRAIN_combined_high_moto_40789,cluster_245647168_3238255150_3495323634,436.0,55.0,14,2.574824913136169,50.0,40.0,40.0,35.0,1.0,25.0
TRAIN_combined_high_moto_40789,cluster_245647168_3238255150_3495323634,441.0,70.0,16,5.960812888272578,55.0,50.0,40.0,40.0,1.5,20.0
TRAIN_combined_high_moto_40789,cluster_245647168_3238255150_3495323634,446.0,65.0,17,4.064485413348671,70.0,55.0,50.0,40.0,1.25,25.0
TRAIN_combined_high_moto_40789,cluster_245647168_3238255150_3495323634,451.0,65.0,16,7.091017893687773,65.0,70.0,55.0,50.0,0.75,25.0
TRAIN_combined_high_moto_40789,cluster_245647168_3238255150_3495323634,456.0,15.0,11,7.959382879644019,65.0,65.0,70.0,55.0,-2.0,30.0
TRAIN_combined_high_moto_40789,cluster_245647168_3238255150_3495323634,461.0,20.0,6,10.936204574339852,15.0,65.0,65.0,70.0,-2.5,30.0
TRAIN_combined_high_moto_40789,cluster_245647168_3238255150_3495323634,466.0,25.0,6,3.400796497787905,20.0,15.0,65.0,65.0,-2.0,40.0
TRAIN_combined_high_moto_40789,cluster_245647168_3238255150_3495323634,471.0,30.0,7,5.924967713428206,25.0,20.0,15.0,65.0,-1.75,45.0
TRAIN_combined_high_moto_40789,cluster_245647168_3238255150_3495323634,476.0,25.0,8,18.081217111545392,30.0,25.0,20.0,15.0,0.5,60.0
TRAIN_combined_high_moto_40789,cluster_245647168_3238255150_3495323634,481.0,25.0,6,0.147997103379107,25.0,30.0,25.0,20.0,0.25,45.0
TRAIN_combined_high_moto_40789,cluster_245647168_3238255150_3495323634,486.0,30.0,6,0.0,25.0,25.0,30.0,25.0,0.25,5.0
TRAIN_combined_high_moto_40789,cluster_245647168_3238255150_3495323634,491.0,30.0,7,2.532171752565609,30.0,25.0,25.0,30.0,0.0,10.0
TRAIN_combined_high_moto_40789,cluster_245647168_3238255150_3495323634,496.0,25.0,7,6.959865063492709,30.0,30.0,25.0,25.0,0.0,10.0
TRAIN_combined_high_moto_40789,cluster_245647168_3238255150_3495323634,501.0,20.0,5,1.7265261266754526,25.0,30.0,30.0,25.0,-0.25,10.0
TRAIN_combined_high_moto_40789,cluster_245647168_3238255150_3495323634,506.0,25.0,7,17.14216297655096,20.0,25.0,30.0,30.0,-0.25,5.0
TRAIN_combined_high_moto_40789,cluster_245647168_3238255150_3495323634,511.0,25.0,7,14.332389470659582,25.0,20.0,25.0,30.0,-0.25,5.0
TRAIN_combined_high_moto_40789,cluster_245647168_3238255150_3495323634,516.0,30.0,9,14.019382538076297,25.0,25.0,20.0,25.0,0.25,10.0
TRAIN_combined_high_moto_40789,cluster_245647168_3238255150_3495323634,521.0,30.0,8,2.490476363041573,30.0,25.0,25.0,20.0,0.5,15.0
TRAIN_combined_high_moto_40789,cluster_245647168_3238255150_3495323634,526.0,40.0,10,11.57385024377752,30.0,30.0,25.0,25.0,0.75,25.0
TRAIN_combined_high_moto_40789,cluster_245647168_3238255150_3495323634,531.0,45.0,12,5.171492588125189,40.0,30.0,30.0,25.0,1.0,25.0
TRAIN_combined_high_moto_40789,cluster_245647168_3238255150_3495323634,536.0,60.0,13,1.7779931883746734,45.0,40.0,30.0,30.0,1.5,25.0
TRAIN_combined_high_moto_40789,cluster_245647168_3238255150_3495323634,541.0,45.0,9,0.00011829757614371906,60.0,45.0,40.0,30.0,0.75,25.0
TRAIN_combined_high_moto_40789,cluster_245647168_3238255150_3495323634,546.0,5.0,6,30.689164520530024,45.0,60.0,45.0,40.0,-1.75,35.0
TRAIN_combined_high_moto_40789,cluster_245647168_3238255150_3495323634,551.0,10.0,2,0.004244998187403517,5.0,45.0,60.0,45.0,-1.75,30.0
TRAIN_combined_high_moto_40789,cluster_245647168_3238255150_3495323634,556.0,10.0,2,0.0,10.0,5.0,45.0,60.0,-2.5,30.0
TRAIN_combined_high_moto_40789,cluster_245647168_3238255150_3495323634,561.0,10.0,2,0.0,10.0,10.0,5.0,45.0,-1.75,35.0
TRAIN_combined_high_moto_40789,cluster_245647168_3238255150_3495323634,566.0,5.0,1,0.0,10.0,10.0,10.0,5.0,0.0,40.0
TRAIN_combined_high_moto_40789,cluster_245647168_3238255150_3495323634,571.0,5.0,2,16.098511478605236,5.0,10.0,10.0,10.0,-0.25,25.0
TRAIN_combined_high_moto_40789,cluster_245647168_3238255150_3495323634,576.0,10.0,3,8.340135081673997,5.0,5.0,10.0,10.0,0.0,5.0
TRAIN_combined_high_moto_40789,cluster_245647168_3238255150_3495323634,581.0,15.0,5,11.013784477368754,10.0,5.0,5.0,10.0,0.25,10.0
TRAIN_combined_high_moto_40789,cluster_245647168_3238255150_3495323634,586.0,25.0,5,0.02305677104652851,15.0,10.0,5.0,5.0,1.0,5.0
TRAIN_combined_high_moto_40789,cluster_245647168_3238255150_3495323634,591.0,25.0,5,0.0,25.0,15.0,10.0,5.0,1.0,10.0
TRAIN_combined_high_moto_40789,cluster_245647168_3238255150_3495323634,596.0,25.0,6,11.17443664992457,25.0,25.0,15.0,10.0,0.75,5.0
TRAIN_combined_high_moto_40789,cluster_245647168_3238255150_3495323634,601.0,25.0,8,15.089109696121293,25.0,25.0,25.0,15.0,0.5,5.0
TRAIN_combined_high_moto_40789,cluster_245647168_3238255150_3495323634,606.0,35.0,9,7.154824929617047,25.0,25.0,25.0,25.0,0.5,15.0
TRAIN_combined_high_moto_40789,cluster_245647168_3238255150_3495323634,611.0,30.0,7,2.4531348566611384,35.0,25.0,25.0,25.0,0.25,15.0
TRAIN_combined_high_moto_40789,cluster_245647168_3238255150_3495323634,616.0,30.0,7,6.027297142322341,30.0,35.0,25.0,25.0,0.25,20.0
TRAIN_combined_high_moto_40789,cluster_245647168_3238255150_3495323634,621.0,35.0,8,6.610346462823934,30.0,30.0,35.0,25.0,0.5,20.0
TRAIN_combined_high_moto_40789,cluster_245647168_3238255150_3495323634,626.0,40.0,9,3.6022203115595848,35.0,30.0,30.0,35.0,0.25,20.0
TRAIN_combined_high_moto_40789,cluster_245647168_3238255150_3495323634,631.0,25.0,7,19.367704053604793,40.0,35.0,30.0,30.0,-0.25,25.0
TRAIN_combined_high_moto_40789,cluster_245647168_3238255150_3495323634,636.0,5.0,3,16.7973523005348,25.0,40.0,35.0,30.0,-1.25,30.0
TRAIN_combined_high_moto_40789,cluster_245647168_3238255150_3495323634,641.0,10.0,2,0.0017866021800014825,5.0,25.0,40.0,35.0,-1.25,30.0
TRAIN_combined_high_moto_40789,cluster_245647168_3238255150_3495323634,646.0,5.0,2,28.53171971861759,10.0,5.0,25.0,40.0,-1.75,30.0
TRAIN_combined_high_moto_40789,cluster_245647168_3238255150_3495323634,651.0,10.0,2,0.0025386959214231015,5.0,10.0,5.0,25.0,-0.75,35.0
TRAIN_combined_high_moto_40789,cluster_245647168_3238255150_3495323634,656.0,5.0,1,0.0,10.0,5.0,10.0,5.0,0.0,45.0
TRAIN_combined_high_moto_40789,cluster_245647168_3238255150_3495323634,661.0,5.0,3,33.44297704644924,5.0,10.0,5.0,10.0,-0.25,25.0
TRAIN_combined_high_moto_40789,cluster_245647168_3238255150_3495323634,666.0,15.0,3,0.0784681601311566,5.0,5.0,10.0,5.0,0.5,0.0
TRAIN_combined_high_moto_40789,cluster_245647168_3238255150_3495323634,671.0,15.0,4,4.863875450180926,15.0,5.0,5.0,10.0,0.25,0.0
TRAIN_combined_high_moto_40789,cluster_245647168_3238255150_3495323634,676.0,20.0,4,0.0,15.0,15.0,5.0,5.0,0.75,0.0
TRAIN_combined_high_moto_40789,cluster_245647168_3238255150_3495323634,681.0,20.0,5,13.52484800488651,20.0,15.0,15.0,5.0,0.75,0.0
TRAIN_combined_high_moto_40789,cluster_245647168_3238255150_3495323634,686.0,20.0,6,10.327764332546181,20.0,20.0,15.0,15.0,0.25,0.0
TRAIN_combined_high_moto_40789,cluster_245647168_3238255150_3495323634,691.0,25.0,6,2.307513660352219,20.0,20.0,20.0,15.0,0.5,0.0
TRAIN_combined_high_moto_40789,cluster_245647168_3238255150_3495323634,696.0,30.0,6,0.01583511703341075,25.0,20.0,20.0,20.0,0.5,0.0
TRAIN_combined_high_moto_40789,cluster_245647168_3238255150_3495323634,701.0,30.0,6,0.0,30.0,25.0,20.0,20.0,0.5,5.0
TRAIN_combined_high_moto_40789,cluster_245647168_3238255150_3495323634,706.0,30.0,8,15.429477068264532,30.0,30.0,25.0,20.0,0.5,5.0
TRAIN_combined_high_moto_40789,cluster_245647168_3238255150_3495323634,711.0,35.0,10,16.698762859025706,30.0,30.0,30.0,25.0,0.5,5.0
TRAIN_combined_high_moto_40789,cluster_245647168_3238255150_3495323634,716.0,45.0,10,1.3986027776327583,35.0,30.0,30.0,30.0,0.75,5.0
TRAIN_combined_high_moto_40789,cluster_245647168_3238255150_3495323634,721.0,25.0,7,5.181650440667383,45.0,35.0,30.0,30.0,-0.25,5.0
TRAIN_combined_high_moto_40789,cluster_245647168_3238255150_3495323634,726.0,0.0,1,17.660273126852683,25.0,45.0,35.0,30.0,-1.5,5.0
TRAIN_combined_high_moto_40789,cluster_245647168_3238255150_3495323634,731.0,0.0,0,0.0,0.0,25.0,45.0,35.0,-1.75,5.0
TRAIN_combined_high_moto_40789,cluster_245647168_3238255150_3495323634,736.0,0.0,0,0.0,0.0,0.0,25.0,45.0,-2.25,5.0
TRAIN_combined_incident_heavy_87581,cluster_13546492148_1838721956,16.0,0.0,0,0.0,0.0,0.0,0.0,0.0,0.0,0.0
TRAIN_combined_incident_heavy_87581,cluster_13546492148_1838721956,21.0,0.0,0,0.0,0.0,0.0,0.0,0.0,0.0,0.0
TRAIN_combined_incident_heavy_87581,cluster_13546492148_1838721956,26.0,0.0,0,0.0,0.0,0.0,0.0,0.0,0.0,0.0
TRAIN_combined_incident_heavy_87581,cluster_13546492148_1838721956,31.0,0.0,0,0.0,0.0,0.0,0.0,0.0,0.0,0.0
TRAIN_combined_incident_heavy_87581,cluster_13546492148_1838721956,36.0,0.0,0,0.0,0.0,0.0,0.0,0.0,0.0,0.0
TRAIN_combined_incident_heavy_87581,cluster_13546492148_1838721956,41.0,0.0,0,0.0,0.0,0.0,0.0,0.0,0.0,5.0
TRAIN_combined_incident_heavy_87581,cluster_13546492148_1838721956,46.0,0.0,0,0.0,0.0,0.0,0.0,0.0,0.0,5.0
TRAIN_combined_incident_heavy_87581,cluster_13546492148_1838721956,51.0,0.0,0,0.0,0.0,0.0,0.0,0.0,0.0,5.0
TRAIN_combined_incident_heavy_87581,cluster_13546492148_1838721956,56.0,0.0,0,0.0,0.0,0.0,0.0,0.0,0.0,10.0
TRAIN_combined_incident_heavy_87581,cluster_13546492148_1838721956,61.0,0.0,0,0.0,0.0,0.0,0.0,0.0,0.0,10.0
TRAIN_combined_incident_heavy_87581,cluster_13546492148_1838721956,66.0,0.0,0,0.0,0.0,0.0,0.0,0.0,0.0,10.0
TRAIN_combined_incident_heavy_87581,cluster_13546492148_1838721956,71.0,0.0,0,0.0,0.0,0.0,0.0,0.0,0.0,10.0
TRAIN_combined_incident_heavy_87581,cluster_13546492148_1838721956,76.0,0.0,0,0.0,0.0,0.0,0.0,0.0,0.0,0.0
TRAIN_combined_incident_heavy_87581,cluster_13546492148_1838721956,81.0,0.0,0,0.0,0.0,0.0,0.0,0.0,0.0,0.0
TRAIN_combined_incident_heavy_87581,cluster_13546492148_1838721956,86.0,0.0,0,0.0,0.0,0.0,0.0,0.0,0.0,0.0
TRAIN_combined_incident_heavy_87581,cluster_13546492148_1838721956,91.0,0.0,0,0.0,0.0,0.0,0.0,0.0,0.0,0.0
TRAIN_combined_incident_heavy_87581,cluster_13546492148_1838721956,96.0,0.0,0,0.0,0.0,0.0,0.0,0.0,0.0,0.0
TRAIN_combined_incident_heavy_87581,cluster_13546492148_1838721956,101.0,5.0,1,0.031467686817333605,0.0,0.0,0.0,0.0,0.0,0.0
TRAIN_combined_incident_heavy_87581,cluster_13546492148_1838721956,106.0,5.0,1,0.0,5.0,0.0,0.0,0.0,0.0,0.0
TRAIN_combined_incident_heavy_87581,cluster_13546492148_1838721956,111.0,5.0,1,0.0,5.0,5.0,0.0,0.0,0.25,0.0
TRAIN_combined_incident_heavy_87581,cluster_13546492148_1838721956,116.0,10.0,2,0.1233466642951808,5.0,5.0,5.0,0.0,0.5,0.0
TRAIN_combined_incident_heavy_87581,cluster_13546492148_1838721956,121.0,10.0,2,0.0,10.0,5.0,5.0,5.0,0.25,0.0
TRAIN_combined_incident_heavy_87581,cluster_13546492148_1838721956,126.0,10.0,2,0.0,10.0,10.0,5.0,5.0,0.25,0.0
TRAIN_combined_incident_heavy_87581,cluster_13546492148_1838721956,131.0,10.0,2,0.0,10.0,10.0,10.0,5.0,0.25,0.0
TRAIN_combined_incident_heavy_87581,cluster_13546492148_1838721956,136.0,0.0,1,3.044127996219322,10.0,10.0,10.0,10.0,-0.5,0.0
TRAIN_combined_incident_heavy_87581,cluster_13546492148_1838721956,141.0,0.0,0,0.0,0.0,10.0,10.0,10.0,-0.5,0.0
TRAIN_combined_incident_heavy_87581,cluster_13546492148_1838721956,146.0,0.0,0,0.0,0.0,0.0,10.0,10.0,-0.5,0.0
TRAIN_combined_incident_heavy_87581,cluster_13546492148_1838721956,151.0,0.0,0,0.0,0.0,0.0,0.0,10.0,-0.5,0.0
TRAIN_combined_incident_heavy_87581,cluster_13546492148_1838721956,156.0,0.0,0,0.0,0.0,0.0,0.0,0.0,0.0,0.0
TRAIN_combined_incident_heavy_87581,cluster_13546492148_1838721956,161.0,0.0,0,0.0,0.0,0.0,0.0,0.0,0.0,0.0
TRAIN_combined_incident_heavy_87581,cluster_13546492148_1838721956,166.0,0.0,0,0.0,0.0,0.0,0.0,0.0,0.0,0.0
TRAIN_combined_incident_heavy_87581,cluster_13546492148_1838721956,171.0,0.0,0,0.0,0.0,0.0,0.0,0.0,0.0,5.0
TRAIN_combined_incident_heavy_87581,cluster_13546492148_1838721956,176.0,0.0,0,0.0,0.0,0.0,0.0,0.0,0.0,5.0
TRAIN_combined_incident_heavy_87581,cluster_13546492148_1838721956,181.0,0.0,0,0.0,0.0,0.0,0.0,0.0,0.0,5.0
TRAIN_combined_incident_heavy_87581,cluster_13546492148_1838721956,186.0,0.0,0,0.0,0.0,0.0,0.0,0.0,0.0,5.0
TRAIN_combined_incident_heavy_87581,cluster_13546492148_1838721956,191.0,0.0,0,0.0,0.0,0.0,0.0,0.0,0.0,5.0
TRAIN_combined_incident_heavy_87581,cluster_13546492148_1838721956,196.0,0.0,0,0.0,0.0,0.0,0.0,0.0,0.0,5.0
TRAIN_combined_incident_heavy_87581,cluster_13546492148_1838721956,201.0,0.0,0,0.0,0.0,0.0,0.0,0.0,0.0,5.0
TRAIN_combined_incident_heavy_87581,cluster_13546492148_1838721956,206.0,0.0,0,0.0,0.0,0.0,0.0,0.0,0.0,5.0
TRAIN_combined_incident_heavy_87581,cluster_13546492148_1838721956,211.0,0.0,0,0.0,0.0,0.0,0.0,0.0,0.0,0.0
TRAIN_combined_incident_heavy_87581,cluster_13546492148_1838721956,216.0,0.0,0,0.0,0.0,0.0,0.0,0.0,0.0,0.0
TRAIN_combined_incident_heavy_87581,cluster_13546492148_1838721956,221.0,0.0,0,0.0,0.0,0.0,0.0,0.0,0.0,0.0
TRAIN_combined_incident_heavy_87581,cluster_13546492148_1838721956,226.0,0.0,1,1.9665587925088839,0.0,0.0,0.0,0.0,0.0,0.0
TRAIN_combined_incident_heavy_87581,cluster_13546492148_1838721956,231.0,5.0,1,0.0019033033994525267,0.0,0.0,0.0,0.0,0.25,0.0
TRAIN_combined_incident_heavy_87581,cluster_13546492148_1838721956,236.0,5.0,1,0.0,5.0,0.0,0.0,0.0,0.25,5.0
TRAIN_combined_incident_heavy_87581,cluster_13546492148_1838721956,241.0,5.0,1,0.0,5.0,5.0,0.0,0.0,0.25,5.0
TRAIN_combined_incident_heavy_87581,cluster_13546492148_1838721956,246.0,5.0,1,0.0,5.0,5.0,5.0,0.0,0.25,5.0
TRAIN_combined_incident_heavy_87581,cluster_13546492148_1838721956,251.0,5.0,1,0.0,5.0,5.0,5.0,5.0,0.0,5.0
TRAIN_combined_incident_heavy_87581,cluster_13546492148_1838721956,256.0,5.0,1,0.0,5.0,5.0,5.0,5.0,0.0,0.0
TRAIN_combined_incident_heavy_87581,cluster_13546492148_1838721956,261.0,5.0,1,0.0,5.0,5.0,5.0,5.0,0.0,0.0
TRAIN_combined_incident_heavy_87581,cluster_13546492148_1838721956,266.0,5.0,1,0.0,5.0,5.0,5.0,5.0,0.0,0.0
TRAIN_combined_incident_heavy_87581,cluster_13546492148_1838721956,271.0,0.0,0,0.0,5.0,5.0,5.0,5.0,-0.25,0.0
TRAIN_combined_incident_heavy_87581,cluster_13546492148_1838721956,276.0,0.0,0,0.0,0.0,5.0,5.0,5.0,-0.25,0.0
TRAIN_combined_incident_heavy_87581,cluster_13546492148_1838721956,281.0,0.0,0,0.0,0.0,0.0,5.0,5.0,-0.25,0.0
TRAIN_combined_incident_heavy_87581,cluster_13546492148_1838721956,286.0,0.0,0,0.0,0.0,0.0,0.0,5.0,-0.25,0.0
TRAIN_combined_incident_heavy_87581,cluster_13546492148_1838721956,291.0,0.0,0,0.0,0.0,0.0,0.0,0.0,0.0,0.0
TRAIN_combined_incident_heavy_87581,cluster_13546492148_1838721956,296.0,5.0,1,0.013694458636777006,0.0,0.0,0.0,0.0,0.25,0.0
TRAIN_combined_incident_heavy_87581,cluster_13546492148_1838721956,301.0,5.0,1,0.0,5.0,0.0,0.0,0.0,0.25,0.0
TRAIN_combined_incident_heavy_87581,cluster_13546492148_1838721956,306.0,5.0,1,0.0,5.0,5.0,0.0,0.0,0.25,0.0
TRAIN_combined_incident_heavy_87581,cluster_13546492148_1838721956,311.0,5.0,1,0.0,5.0,5.0,5.0,0.0,0.25,0.0
TRAIN_combined_incident_heavy_87581,cluster_13546492148_1838721956,316.0,0.0,0,0.0,5.0,5.0,5.0,5.0,-0.25,0.0
TRAIN_combined_incident_heavy_87581,cluster_13546492148_1838721956,321.0,0.0,0,0.0,0.0,5.0,5.0,5.0,-0.25,0.0
TRAIN_combined_incident_heavy_87581,cluster_13546492148_1838721956,326.0,0.0,1,52.77077639135532,0.0,0.0,5.0,5.0,-0.25,0.0
TRAIN_combined_incident_heavy_87581,cluster_13546492148_1838721956,331.0,0.0,0,0.0,0.0,0.0,0.0,5.0,-0.25,0.0
TRAIN_combined_incident_heavy_87581,cluster_13546492148_1838721956,336.0,0.0,0,0.0,0.0,0.0,0.0,0.0,0.0,0.0
TRAIN_combined_incident_heavy_87581,cluster_13546492148_1838721956,341.0,0.0,0,0.0,0.0,0.0,0.0,0.0,0.0,0.0
TRAIN_combined_incident_heavy_87581,cluster_13546492148_1838721956,346.0,0.0,0,0.0,0.0,0.0,0.0,0.0,0.0,0.0
TRAIN_combined_incident_heavy_87581,cluster_13546492148_1838721956,351.0,0.0,0,0.0,0.0,0.0,0.0,0.0,0.0,0.0
TRAIN_combined_incident_heavy_87581,cluster_13546492148_1838721956,356.0,0.0,1,26.206813377046373,0.0,0.0,0.0,0.0,0.0,0.0
TRAIN_combined_incident_heavy_87581,cluster_13546492148_1838721956,361.0,0.0,0,0.0,0.0,0.0,0.0,0.0,0.0,0.0
TRAIN_combined_incident_heavy_87581,cluster_13546492148_1838721956,366.0,0.0,0,0.0,0.0,0.0,0.0,0.0,0.0,5.0
TRAIN_combined_incident_heavy_87581,cluster_13546492148_1838721956,371.0,0.0,0,0.0,0.0,0.0,0.0,0.0,0.0,5.0
TRAIN_combined_incident_heavy_87581,cluster_13546492148_1838721956,376.0,0.0,0,0.0,0.0,0.0,0.0,0.0,0.0,5.0
TRAIN_combined_incident_heavy_87581,cluster_13546492148_1838721956,381.0,0.0,0,0.0,0.0,0.0,0.0,0.0,0.0,5.0
TRAIN_combined_incident_heavy_87581,cluster_13546492148_1838721956,386.0,0.0,0,0.0,0.0,0.0,0.0,0.0,0.0,5.0
TRAIN_combined_incident_heavy_87581,cluster_13546492148_1838721956,391.0,0.0,0,0.0,0.0,0.0,0.0,0.0,0.0,0.0
TRAIN_combined_incident_heavy_87581,cluster_13546492148_1838721956,396.0,0.0,0,0.0,0.0,0.0,0.0,0.0,0.0,0.0
TRAIN_combined_incident_heavy_87581,cluster_13546492148_1838721956,401.0,0.0,0,0.0,0.0,0.0,0.0,0.0,0.0,0.0
TRAIN_combined_incident_heavy_87581,cluster_13546492148_1838721956,406.0,0.0,0,0.0,0.0,0.0,0.0,0.0,0.0,0.0
TRAIN_combined_incident_heavy_87581,cluster_13546492148_1838721956,411.0,0.0,0,0.0,0.0,0.0,0.0,0.0,0.0,0.0
TRAIN_combined_incident_heavy_87581,cluster_13546492148_1838721956,416.0,0.0,0,0.0,0.0,0.0,0.0,0.0,0.0,0.0
TRAIN_combined_incident_heavy_87581,cluster_13546492148_1838721956,421.0,0.0,1,1.6220153240421291,0.0,0.0,0.0,0.0,0.0,0.0
TRAIN_combined_incident_heavy_87581,cluster_13546492148_1838721956,426.0,5.0,1,0.001267189480375996,0.0,0.0,0.0,0.0,0.25,5.0
TRAIN_combined_incident_heavy_87581,cluster_13546492148_1838721956,431.0,5.0,1,0.0,5.0,0.0,0.0,0.0,0.25,5.0
TRAIN_combined_incident_heavy_87581,cluster_13546492148_1838721956,436.0,5.0,1,0.0,5.0,5.0,0.0,0.0,0.25,0.0
TRAIN_combined_incident_heavy_87581,cluster_13546492148_1838721956,441.0,5.0,1,0.0,5.0,5.0,5.0,0.0,0.25,0.0
TRAIN_combined_incident_heavy_87581,cluster_13546492148_1838721956,446.0,5.0,1,0.0,5.0,5.0,5.0,5.0,0.0,0.0
TRAIN_combined_incident_heavy_87581,cluster_13546492148_1838721956,451.0,0.0,0,0.0,5.0,5.0,5.0,5.0,-0.25,0.0
TRAIN_combined_incident_heavy_87581,cluster_13546492148_1838721956,456.0,0.0,0,0.0,0.0,5.0,5.0,5.0,-0.25,5.0
TRAIN_combined_incident_heavy_87581,cluster_13546492148_1838721956,461.0,0.0,0,0.0,0.0,0.0,5.0,5.0,-0.25,5.0
TRAIN_combined_incident_heavy_87581,cluster_13546492148_1838721956,466.0,0.0,0,0.0,0.0,0.0,0.0,5.0,-0.25,5.0
TRAIN_combined_incident_heavy_87581,cluster_13546492148_1838721956,471.0,0.0,0,0.0,0.0,0.0,0.0,0.0,0.0,5.0
TRAIN_combined_incident_heavy_87581,cluster_13546492148_1838721956,476.0,0.0,0,0.0,0.0,0.0,0.0,0.0,0.0,5.0
TRAIN_combined_incident_heavy_87581,cluster_13546492148_1838721956,481.0,0.0,1,6.949468808723778,0.0,0.0,0.0,0.0,0.0,0.0
TRAIN_combined_incident_heavy_87581,cluster_13546492148_1838721956,486.0,5.0,1,0.0,0.0,0.0,0.0,0.0,0.25,0.0
TRAIN_combined_incident_heavy_87581,cluster_13546492148_1838721956,491.0,5.0,1,0.0,5.0,0.0,0.0,0.0,0.25,0.0
TRAIN_combined_incident_heavy_87581,cluster_13546492148_1838721956,496.0,0.0,1,3.388190752314404,5.0,5.0,0.0,0.0,0.0,0.0
TRAIN_combined_incident_heavy_87581,cluster_13546492148_1838721956,501.0,0.0,0,0.0,0.0,5.0,5.0,0.0,0.0,0.0
TRAIN_combined_incident_heavy_87581,cluster_13546492148_1838721956,506.0,0.0,0,0.0,0.0,0.0,5.0,5.0,-0.25,5.0
TRAIN_combined_incident_heavy_87581,cluster_13546492148_1838721956,511.0,0.0,0,0.0,0.0,0.0,0.0,5.0,-0.25,5.0
TRAIN_combined_incident_heavy_87581,cluster_13546492148_1838721956,516.0,5.0,1,0.19176792697337564,0.0,0.0,0.0,0.0,0.25,5.0
TRAIN_combined_incident_heavy_87581,cluster_13546492148_1838721956,521.0,5.0,1,0.0,5.0,0.0,0.0,0.0,0.25,5.0
TRAIN_combined_incident_heavy_87581,cluster_13546492148_1838721956,526.0,5.0,1,0.0,5.0,5.0,0.0,0.0,0.25,0.0
TRAIN_combined_incident_heavy_87581,cluster_13546492148_1838721956,531.0,5.0,1,0.0,5.0,5.0,5.0,0.0,0.25,0.0
TRAIN_combined_incident_heavy_87581,cluster_13546492148_1838721956,536.0,5.0,1,0.0,5.0,5.0,5.0,5.0,0.0,0.0
TRAIN_combined_incident_heavy_87581,cluster_13546492148_1838721956,541.0,0.0,0,0.0,5.0,5.0,5.0,5.0,-0.25,0.0
TRAIN_combined_incident_heavy_87581,cluster_13546492148_1838721956,546.0,0.0,0,0.0,0.0,5.0,5.0,5.0,-0.25,5.0
TRAIN_combined_incident_heavy_87581,cluster_13546492148_1838721956,551.0,0.0,0,0.0,0.0,0.0,5.0,5.0,-0.25,10.0
TRAIN_combined_incident_heavy_87581,cluster_13546492148_1838721956,556.0,0.0,0,0.0,0.0,0.0,0.0,5.0,-0.25,10.0
TRAIN_combined_incident_heavy_87581,cluster_13546492148_1838721956,561.0,0.0,1,22.6140481053477,0.0,0.0,0.0,0.0,0.0,10.0
TRAIN_combined_incident_heavy_87581,cluster_13546492148_1838721956,566.0,5.0,1,0.003971658212948157,0.0,0.0,0.0,0.0,0.25,10.0
TRAIN_combined_incident_heavy_87581,cluster_13546492148_1838721956,571.0,5.0,1,0.0,5.0,0.0,0.0,0.0,0.25,0.0
TRAIN_combined_incident_heavy_87581,cluster_13546492148_1838721956,576.0,5.0,1,0.0,5.0,5.0,0.0,0.0,0.25,0.0
TRAIN_combined_incident_heavy_87581,cluster_13546492148_1838721956,581.0,5.0,1,0.0,5.0,5.0,5.0,0.0,0.25,0.0
TRAIN_combined_incident_heavy_87581,cluster_13546492148_1838721956,586.0,0.0,0,0.0,5.0,5.0,5.0,5.0,-0.25,0.0
TRAIN_combined_incident_heavy_87581,cluster_13546492148_1838721956,591.0,0.0,0,0.0,0.0,5.0,5.0,5.0,-0.25,0.0
TRAIN_combined_incident_heavy_87581,cluster_13546492148_1838721956,596.0,0.0,0,0.0,0.0,0.0,5.0,5.0,-0.25,0.0
TRAIN_combined_incident_heavy_87581,cluster_13546492148_1838721956,601.0,0.0,1,3.6875762580723617,0.0,0.0,0.0,5.0,-0.25,0.0
TRAIN_combined_incident_heavy_87581,cluster_13546492148_1838721956,606.0,5.0,1,0.002834741281485271,0.0,0.0,0.0,0.0,0.25,0.0
TRAIN_combined_incident_heavy_87581,cluster_13546492148_1838721956,611.0,10.0,2,0.06296117536093357,5.0,0.0,0.0,0.0,0.5,0.0
TRAIN_combined_incident_heavy_87581,cluster_13546492148_1838721956,616.0,10.0,3,17.93198120906018,10.0,5.0,0.0,0.0,0.5,0.0
TRAIN_combined_incident_heavy_87581,cluster_13546492148_1838721956,621.0,10.0,2,0.0,10.0,10.0,5.0,0.0,0.5,0.0
TRAIN_combined_incident_heavy_87581,cluster_13546492148_1838721956,626.0,10.0,2,0.0,10.0,10.0,10.0,5.0,0.25,0.0
TRAIN_combined_incident_heavy_87581,cluster_13546492148_1838721956,631.0,0.0,2,2.560403947136365,10.0,10.0,10.0,10.0,-0.5,0.0
TRAIN_combined_incident_heavy_87581,cluster_13546492148_1838721956,636.0,0.0,1,20.570055133432103,0.0,10.0,10.0,10.0,-0.5,0.0
TRAIN_combined_incident_heavy_87581,cluster_13546492148_1838721956,641.0,0.0,0,0.0,0.0,0.0,10.0,10.0,-0.5,0.0
TRAIN_combined_incident_heavy_87581,cluster_13546492148_1838721956,646.0,0.0,0,0.0,0.0,0.0,0.0,10.0,-0.5,0.0
TRAIN_combined_incident_heavy_87581,cluster_13546492148_1838721956,651.0,0.0,1,43.898143021542886,0.0,0.0,0.0,0.0,0.0,0.0
TRAIN_combined_incident_heavy_87581,cluster_13546492148_1838721956,656.0,0.0,0,0.0,0.0,0.0,0.0,0.0,0.0,0.0
TRAIN_combined_incident_heavy_87581,cluster_13546492148_1838721956,661.0,0.0,0,0.0,0.0,0.0,0.0,0.0,0.0,0.0
TRAIN_combined_incident_heavy_87581,cluster_13546492148_1838721956,666.0,0.0,0,0.0,0.0,0.0,0.0,0.0,0.0,0.0
TRAIN_combined_incident_heavy_87581,cluster_13546492148_1838721956,671.0,0.0,0,0.0,0.0,0.0,0.0,0.0,0.0,0.0
TRAIN_combined_incident_heavy_87581,cluster_13546492148_1838721956,676.0,0.0,0,0.0,0.0,0.0,0.0,0.0,0.0,0.0
TRAIN_combined_incident_heavy_87581,cluster_13546492148_1838721956,681.0,0.0,0,0.0,0.0,0.0,0.0,0.0,0.0,0.0
TRAIN_combined_incident_heavy_87581,cluster_13546492148_1838721956,686.0,0.0,0,0.0,0.0,0.0,0.0,0.0,0.0,0.0
TRAIN_combined_incident_heavy_87581,cluster_13546492148_1838721956,691.0,0.0,0,0.0,0.0,0.0,0.0,0.0,0.0,0.0
TRAIN_combined_incident_heavy_87581,cluster_13546492148_1838721956,696.0,0.0,0,0.0,0.0,0.0,0.0,0.0,0.0,0.0
TRAIN_combined_incident_heavy_87581,cluster_13546492148_1838721956,701.0,0.0,0,0.0,0.0,0.0,0.0,0.0,0.0,0.0
TRAIN_combined_incident_heavy_87581,cluster_13546492148_1838721956,706.0,0.0,0,0.0,0.0,0.0,0.0,0.0,0.0,0.0
TRAIN_combined_incident_heavy_87581,cluster_13546492148_1838721956,711.0,0.0,0,0.0,0.0,0.0,0.0,0.0,0.0,0.0
TRAIN_combined_incident_heavy_87581,cluster_13546492148_1838721956,716.0,0.0,0,0.0,0.0,0.0,0.0,0.0,0.0,0.0
TRAIN_combined_incident_heavy_87581,cluster_13546492148_1838721956,721.0,0.0,1,58.145923586155035,0.0,0.0,0.0,0.0,0.0,0.0
TRAIN_combined_incident_heavy_87581,cluster_13546492148_1838721956,726.0,0.0,0,0.0,0.0,0.0,0.0,0.0,0.0,0.0
TRAIN_combined_incident_heavy_87581,cluster_13546492148_1838721956,731.0,0.0,0,0.0,0.0,0.0,0.0,0.0,0.0,0.0
TRAIN_combined_incident_heavy_87581,cluster_13546492148_1838721956,736.0,0.0,0,0.0,0.0,0.0,0.0,0.0,0.0,0.0
TRAIN_combined_incident_heavy_87581,cluster_2061304035_245647208,16.0,0.0,0,0.0,0.0,0.0,0.0,0.0,0.0,0.0
TRAIN_combined_incident_heavy_87581,cluster_2061304035_245647208,21.0,0.0,0,0.0,0.0,0.0,0.0,0.0,0.0,0.0
TRAIN_combined_incident_heavy_87581,cluster_2061304035_245647208,26.0,0.0,0,0.0,0.0,0.0,0.0,0.0,0.0,0.0
TRAIN_combined_incident_heavy_87581,cluster_2061304035_245647208,31.0,0.0,0,0.0,0.0,0.0,0.0,0.0,0.0,0.0
TRAIN_combined_incident_heavy_87581,cluster_2061304035_245647208,36.0,0.0,0,0.0,0.0,0.0,0.0,0.0,0.0,0.0
TRAIN_combined_incident_heavy_87581,cluster_2061304035_245647208,41.0,0.0,0,0.0,0.0,0.0,0.0,0.0,0.0,0.0
TRAIN_combined_incident_heavy_87581,cluster_2061304035_245647208,46.0,0.0,0,0.0,0.0,0.0,0.0,0.0,0.0,0.0
TRAIN_combined_incident_heavy_87581,cluster_2061304035_245647208,51.0,0.0,0,0.0,0.0,0.0,0.0,0.0,0.0,0.0
TRAIN_combined_incident_heavy_87581,cluster_2061304035_245647208,56.0,0.0,0,0.0,0.0,0.0,0.0,0.0,0.0,0.0
TRAIN_combined_incident_heavy_87581,cluster_2061304035_245647208,61.0,0.0,0,0.0,0.0,0.0,0.0,0.0,0.0,0.0
TRAIN_combined_incident_heavy_87581,cluster_2061304035_245647208,66.0,0.0,0,0.0,0.0,0.0,0.0,0.0,0.0,0.0
TRAIN_combined_incident_heavy_87581,cluster_2061304035_245647208,71.0,0.0,0,0.0,0.0,0.0,0.0,0.0,0.0,0.0
TRAIN_combined_incident_heavy_87581,cluster_2061304035_245647208,76.0,0.0,0,0.0,0.0,0.0,0.0,0.0,0.0,0.0
TRAIN_combined_incident_heavy_87581,cluster_2061304035_245647208,81.0,0.0,0,0.0,0.0,0.0,0.0,0.0,0.0,0.0
TRAIN_combined_incident_heavy_87581,cluster_2061304035_245647208,86.0,0.0,0,0.0,0.0,0.0,0.0,0.0,0.0,0.0
TRAIN_combined_incident_heavy_87581,cluster_2061304035_245647208,91.0,0.0,0,0.0,0.0,0.0,0.0,0.0,0.0,0.0
TRAIN_combined_incident_heavy_87581,cluster_2061304035_245647208,96.0,0.0,0,0.0,0.0,0.0,0.0,0.0,0.0,0.0
TRAIN_combined_incident_heavy_87581,cluster_2061304035_245647208,101.0,0.0,0,0.0,0.0,0.0,0.0,0.0,0.0,0.0
TRAIN_combined_incident_heavy_87581,cluster_2061304035_245647208,106.0,0.0,1,80.53054525922607,0.0,0.0,0.0,0.0,0.0,0.0
TRAIN_combined_incident_heavy_87581,cluster_2061304035_245647208,111.0,0.0,0,0.0,0.0,0.0,0.0,0.0,0.0,0.0
TRAIN_combined_incident_heavy_87581,cluster_2061304035_245647208,116.0,0.0,0,0.0,0.0,0.0,0.0,0.0,0.0,0.0
TRAIN_combined_incident_heavy_87581,cluster_2061304035_245647208,121.0,0.0,0,0.0,0.0,0.0,0.0,0.0,0.0,0.0
TRAIN_combined_incident_heavy_87581,cluster_2061304035_245647208,126.0,0.0,0,0.0,0.0,0.0,0.0,0.0,0.0,0.0
TRAIN_combined_incident_heavy_87581,cluster_2061304035_245647208,131.0,0.0,0,0.0,0.0,0.0,0.0,0.0,0.0,0.0
TRAIN_combined_incident_heavy_87581,cluster_2061304035_245647208,136.0,0.0,0,0.0,0.0,0.0,0.0,0.0,0.0,0.0
TRAIN_combined_incident_heavy_87581,cluster_2061304035_245647208,141.0,0.0,0,0.0,0.0,0.0,0.0,0.0,0.0,0.0
TRAIN_combined_incident_heavy_87581,cluster_2061304035_245647208,146.0,0.0,0,0.0,0.0,0.0,0.0,0.0,0.0,0.0
TRAIN_combined_incident_heavy_87581,cluster_2061304035_245647208,151.0,0.0,1,39.96222861521003,0.0,0.0,0.0,0.0,0.0,0.0
TRAIN_combined_incident_heavy_87581,cluster_2061304035_245647208,156.0,0.0,0,0.0,0.0,0.0,0.0,0.0,0.0,0.0
TRAIN_combined_incident_heavy_87581,cluster_2061304035_245647208,161.0,0.0,1,23.342064055021325,0.0,0.0,0.0,0.0,0.0,0.0
TRAIN_combined_incident_heavy_87581,cluster_2061304035_245647208,166.0,0.0,0,0.0,0.0,0.0,0.0,0.0,0.0,0.0
TRAIN_combined_incident_heavy_87581,cluster_2061304035_245647208,171.0,0.0,0,0.0,0.0,0.0,0.0,0.0,0.0,0.0
TRAIN_combined_incident_heavy_87581,cluster_2061304035_245647208,176.0,0.0,1,50.34486179717,0.0,0.0,0.0,0.0,0.0,0.0
TRAIN_combined_incident_heavy_87581,cluster_2061304035_245647208,181.0,0.0,0,0.0,0.0,0.0,0.0,0.0,0.0,0.0
TRAIN_combined_incident_heavy_87581,cluster_2061304035_245647208,186.0,0.0,0,0.0,0.0,0.0,0.0,0.0,0.0,0.0
TRAIN_combined_incident_heavy_87581,cluster_2061304035_245647208,191.0,0.0,0,0.0,0.0,0.0,0.0,0.0,0.0,0.0
TRAIN_combined_incident_heavy_87581,cluster_2061304035_245647208,196.0,0.0,0,0.0,0.0,0.0,0.0,0.0,0.0,0.0
TRAIN_combined_incident_heavy_87581,cluster_2061304035_245647208,201.0,0.0,0,0.0,0.0,0.0,0.0,0.0,0.0,0.0
TRAIN_combined_incident_heavy_87581,cluster_2061304035_245647208,206.0,0.0,1,72.64014961341843,0.0,0.0,0.0,0.0,0.0,0.0
TRAIN_combined_incident_heavy_87581,cluster_2061304035_245647208,211.0,0.0,0,0.0,0.0,0.0,0.0,0.0,0.0,0.0
TRAIN_combined_incident_heavy_87581,cluster_2061304035_245647208,216.0,0.0,0,0.0,0.0,0.0,0.0,0.0,0.0,0.0
TRAIN_combined_incident_heavy_87581,cluster_2061304035_245647208,221.0,0.0,1,46.7922528,0.0,0.0,0.0,0.0,0.0,0.0
TRAIN_combined_incident_heavy_87581,cluster_2061304035_245647208,226.0,0.0,0,0.0,0.0,0.0,0.0,0.0,0.0,0.0
TRAIN_combined_incident_heavy_87581,cluster_2061304035_245647208,231.0,0.0,0,0.0,0.0,0.0,0.0,0.0,0.0,0.0
TRAIN_combined_incident_heavy_87581,cluster_2061304035_245647208,236.0,0.0,0,0.0,0.0,0.0,0.0,0.0,0.0,0.0
TRAIN_combined_incident_heavy_87581,cluster_2061304035_245647208,241.0,0.0,0,0.0,0.0,0.0,0.0,0.0,0.0,0.0
TRAIN_combined_incident_heavy_87581,cluster_2061304035_245647208,246.0,0.0,0,0.0,0.0,0.0,0.0,0.0,0.0,0.0
TRAIN_combined_incident_heavy_87581,cluster_2061304035_245647208,251.0,0.0,0,0.0,0.0,0.0,0.0,0.0,0.0,0.0
TRAIN_combined_incident_heavy_87581,cluster_2061304035_245647208,256.0,0.0,0,0.0,0.0,0.0,0.0,0.0,0.0,0.0
TRAIN_combined_incident_heavy_87581,cluster_2061304035_245647208,261.0,0.0,0,0.0,0.0,0.0,0.0,0.0,0.0,0.0
TRAIN_combined_incident_heavy_87581,cluster_2061304035_245647208,266.0,0.0,0,0.0,0.0,0.0,0.0,0.0,0.0,0.0
TRAIN_combined_incident_heavy_87581,cluster_2061304035_245647208,271.0,0.0,0,0.0,0.0,0.0,0.0,0.0,0.0,0.0
TRAIN_combined_incident_heavy_87581,cluster_2061304035_245647208,276.0,0.0,1,38.85151884650308,0.0,0.0,0.0,0.0,0.0,0.0
TRAIN_combined_incident_heavy_87581,cluster_2061304035_245647208,281.0,0.0,0,0.0,0.0,0.0,0.0,0.0,0.0,0.0
TRAIN_combined_incident_heavy_87581,cluster_2061304035_245647208,286.0,0.0,1,54.43173793734621,0.0,0.0,0.0,0.0,0.0,0.0
TRAIN_combined_incident_heavy_87581,cluster_2061304035_245647208,291.0,0.0,0,0.0,0.0,0.0,0.0,0.0,0.0,0.0
TRAIN_combined_incident_heavy_87581,cluster_2061304035_245647208,296.0,0.0,0,0.0,0.0,0.0,0.0,0.0,0.0,0.0
TRAIN_combined_incident_heavy_87581,cluster_2061304035_245647208,301.0,0.0,0,0.0,0.0,0.0,0.0,0.0,0.0,0.0
TRAIN_combined_incident_heavy_87581,cluster_2061304035_245647208,306.0,0.0,0,0.0,0.0,0.0,0.0,0.0,0.0,5.0
TRAIN_combined_incident_heavy_87581,cluster_2061304035_245647208,311.0,0.0,0,0.0,0.0,0.0,0.0,0.0,0.0,5.0
TRAIN_combined_incident_heavy_87581,cluster_2061304035_245647208,316.0,0.0,0,0.0,0.0,0.0,0.0,0.0,0.0,5.0
TRAIN_combined_incident_heavy_87581,cluster_2061304035_245647208,321.0,0.0,0,0.0,0.0,0.0,0.0,0.0,0.0,5.0
TRAIN_combined_incident_heavy_87581,cluster_2061304035_245647208,326.0,0.0,0,0.0,0.0,0.0,0.0,0.0,0.0,5.0
TRAIN_combined_incident_heavy_87581,cluster_2061304035_245647208,331.0,0.0,1,35.546089570168434,0.0,0.0,0.0,0.0,0.0,10.0
TRAIN_combined_incident_heavy_87581,cluster_2061304035_245647208,336.0,0.0,0,0.0,0.0,0.0,0.0,0.0,0.0,10.0
TRAIN_combined_incident_heavy_87581,cluster_2061304035_245647208,341.0,0.0,1,53.89290734301321,0.0,0.0,0.0,0.0,0.0,10.0
TRAIN_combined_incident_heavy_87581,cluster_2061304035_245647208,346.0,0.0,1,38.28936071210454,0.0,0.0,0.0,0.0,0.0,5.0
TRAIN_combined_incident_heavy_87581,cluster_2061304035_245647208,351.0,0.0,0,0.0,0.0,0.0,0.0,0.0,0.0,0.0
TRAIN_combined_incident_heavy_87581,cluster_2061304035_245647208,356.0,0.0,0,0.0,0.0,0.0,0.0,0.0,0.0,0.0
TRAIN_combined_incident_heavy_87581,cluster_2061304035_245647208,361.0,0.0,1,29.746571435808825,0.0,0.0,0.0,0.0,0.0,0.0
TRAIN_combined_incident_heavy_87581,cluster_2061304035_245647208,366.0,5.0,1,0.05809492948022583,0.0,0.0,0.0,0.0,0.25,0.0
TRAIN_combined_incident_heavy_87581,cluster_2061304035_245647208,371.0,5.0,1,0.0,5.0,0.0,0.0,0.0,0.25,0.0
TRAIN_combined_incident_heavy_87581,cluster_2061304035_245647208,376.0,5.0,2,26.162942883110293,5.0,5.0,0.0,0.0,0.25,0.0
TRAIN_combined_incident_heavy_87581,cluster_2061304035_245647208,381.0,5.0,1,0.0,5.0,5.0,5.0,0.0,0.25,0.0
TRAIN_combined_incident_heavy_87581,cluster_2061304035_245647208,386.0,5.0,1,0.0,5.0,5.0,5.0,5.0,0.0,0.0
TRAIN_combined_incident_heavy_87581,cluster_2061304035_245647208,391.0,10.0,2,0.06300740067389293,5.0,5.0,5.0,5.0,0.25,0.0
TRAIN_combined_incident_heavy_87581,cluster_2061304035_245647208,396.0,10.0,2,0.0,10.0,5.0,5.0,5.0,0.25,0.0
TRAIN_combined_incident_heavy_87581,cluster_2061304035_245647208,401.0,10.0,2,0.0,10.0,10.0,5.0,5.0,0.25,0.0
TRAIN_combined_incident_heavy_87581,cluster_2061304035_245647208,406.0,5.0,2,0.9523975796531886,10.0,10.0,10.0,5.0,0.0,0.0
TRAIN_combined_incident_heavy_87581,cluster_2061304035_245647208,411.0,0.0,1,13.032350599318743,5.0,10.0,10.0,10.0,-0.5,5.0
TRAIN_combined_incident_heavy_87581,cluster_2061304035_245647208,416.0,0.0,0,0.0,0.0,5.0,10.0,10.0,-0.5,5.0
TRAIN_combined_incident_heavy_87581,cluster_2061304035_245647208,421.0,0.0,0,0.0,0.0,0.0,5.0,10.0,-0.5,5.0
TRAIN_combined_incident_heavy_87581,cluster_2061304035_245647208,426.0,0.0,0,0.0,0.0,0.0,0.0,5.0,-0.25,5.0
TRAIN_combined_incident_heavy_87581,cluster_2061304035_245647208,431.0,0.0,0,0.0,0.0,0.0,0.0,0.0,0.0,5.0
TRAIN_combined_incident_heavy_87581,cluster_2061304035_245647208,436.0,0.0,0,0.0,0.0,0.0,0.0,0.0,0.0,0.0
TRAIN_combined_incident_heavy_87581,cluster_2061304035_245647208,441.0,0.0,0,0.0,0.0,0.0,0.0,0.0,0.0,0.0
TRAIN_combined_incident_heavy_87581,cluster_2061304035_245647208,446.0,0.0,0,0.0,0.0,0.0,0.0,0.0,0.0,0.0
TRAIN_combined_incident_heavy_87581,cluster_2061304035_245647208,451.0,0.0,0,0.0,0.0,0.0,0.0,0.0,0.0,0.0
TRAIN_combined_incident_heavy_87581,cluster_2061304035_245647208,456.0,0.0,0,0.0,0.0,0.0,0.0,0.0,0.0,0.0
TRAIN_combined_incident_heavy_87581,cluster_2061304035_245647208,461.0,0.0,0,0.0,0.0,0.0,0.0,0.0,0.0,0.0
TRAIN_combined_incident_heavy_87581,cluster_2061304035_245647208,466.0,0.0,1,43.940905339496325,0.0,0.0,0.0,0.0,0.0,0.0
TRAIN_combined_incident_heavy_87581,cluster_2061304035_245647208,471.0,5.0,1,0.0595767908894084,0.0,0.0,0.0,0.0,0.25,0.0
TRAIN_combined_incident_heavy_87581,cluster_2061304035_245647208,476.0,5.0,2,37.90129602410957,5.0,0.0,0.0,0.0,0.25,0.0
TRAIN_combined_incident_heavy_87581,cluster_2061304035_245647208,481.0,5.0,1,0.0,5.0,5.0,0.0,0.0,0.25,0.0
TRAIN_combined_incident_heavy_87581,cluster_2061304035_245647208,486.0,5.0,1,0.0,5.0,5.0,5.0,0.0,0.25,0.0
TRAIN_combined_incident_heavy_87581,cluster_2061304035_245647208,491.0,5.0,1,0.0,5.0,5.0,5.0,5.0,0.0,0.0
TRAIN_combined_incident_heavy_87581,cluster_2061304035_245647208,496.0,0.0,0,0.0,5.0,5.0,5.0,5.0,-0.25,0.0
TRAIN_combined_incident_heavy_87581,cluster_2061304035_245647208,501.0,0.0,0,0.0,0.0,5.0,5.0,5.0,-0.25,0.0
TRAIN_combined_incident_heavy_87581,cluster_2061304035_245647208,506.0,0.0,0,0.0,0.0,0.0,5.0,5.0,-0.25,0.0
TRAIN_combined_incident_heavy_87581,cluster_2061304035_245647208,511.0,0.0,0,0.0,0.0,0.0,0.0,5.0,-0.25,0.0
TRAIN_combined_incident_heavy_87581,cluster_2061304035_245647208,516.0,0.0,0,0.0,0.0,0.0,0.0,0.0,0.0,0.0
TRAIN_combined_incident_heavy_87581,cluster_2061304035_245647208,521.0,0.0,0,0.0,0.0,0.0,0.0,0.0,0.0,0.0
TRAIN_combined_incident_heavy_87581,cluster_2061304035_245647208,526.0,0.0,0,0.0,0.0,0.0,0.0,0.0,0.0,0.0
TRAIN_combined_incident_heavy_87581,cluster_2061304035_245647208,531.0,0.0,0,0.0,0.0,0.0,0.0,0.0,0.0,0.0
TRAIN_combined_incident_heavy_87581,cluster_2061304035_245647208,536.0,0.0,0,0.0,0.0,0.0,0.0,0.0,0.0,0.0
TRAIN_combined_incident_heavy_87581,cluster_2061304035_245647208,541.0,0.0,0,0.0,0.0,0.0,0.0,0.0,0.0,0.0
TRAIN_combined_incident_heavy_87581,cluster_2061304035_245647208,546.0,0.0,0,0.0,0.0,0.0,0.0,0.0,0.0,0.0
TRAIN_combined_incident_heavy_87581,cluster_2061304035_245647208,551.0,0.0,0,0.0,0.0,0.0,0.0,0.0,0.0,0.0
TRAIN_combined_incident_heavy_87581,cluster_2061304035_245647208,556.0,0.0,1,49.10274576500745,0.0,0.0,0.0,0.0,0.0,0.0
TRAIN_combined_incident_heavy_87581,cluster_2061304035_245647208,561.0,0.0,0,0.0,0.0,0.0,0.0,0.0,0.0,0.0
TRAIN_combined_incident_heavy_87581,cluster_2061304035_245647208,566.0,0.0,1,64.04935582873794,0.0,0.0,0.0,0.0,0.0,0.0
TRAIN_combined_incident_heavy_87581,cluster_2061304035_245647208,571.0,0.0,0,0.0,0.0,0.0,0.0,0.0,0.0,0.0
TRAIN_combined_incident_heavy_87581,cluster_2061304035_245647208,576.0,0.0,0,0.0,0.0,0.0,0.0,0.0,0.0,0.0
TRAIN_combined_incident_heavy_87581,cluster_2061304035_245647208,581.0,0.0,0,0.0,0.0,0.0,0.0,0.0,0.0,0.0
TRAIN_combined_incident_heavy_87581,cluster_2061304035_245647208,586.0,0.0,1,35.08330032738171,0.0,0.0,0.0,0.0,0.0,0.0
TRAIN_combined_incident_heavy_87581,cluster_2061304035_245647208,591.0,0.0,0,0.0,0.0,0.0,0.0,0.0,0.0,0.0
TRAIN_combined_incident_heavy_87581,cluster_2061304035_245647208,596.0,0.0,0,0.0,0.0,0.0,0.0,0.0,0.0,0.0
TRAIN_combined_incident_heavy_87581,cluster_2061304035_245647208,601.0,0.0,1,52.949765383128934,0.0,0.0,0.0,0.0,0.0,0.0
TRAIN_combined_incident_heavy_87581,cluster_2061304035_245647208,606.0,0.0,0,0.0,0.0,0.0,0.0,0.0,0.0,0.0
TRAIN_combined_incident_heavy_87581,cluster_2061304035_245647208,611.0,0.0,0,0.0,0.0,0.0,0.0,0.0,0.0,0.0
TRAIN_combined_incident_heavy_87581,cluster_2061304035_245647208,616.0,0.0,0,0.0,0.0,0.0,0.0,0.0,0.0,0.0
TRAIN_combined_incident_heavy_87581,cluster_2061304035_245647208,621.0,0.0,0,0.0,0.0,0.0,0.0,0.0,0.0,0.0
TRAIN_combined_incident_heavy_87581,cluster_2061304035_245647208,626.0,0.0,0,0.0,0.0,0.0,0.0,0.0,0.0,0.0
TRAIN_combined_incident_heavy_87581,cluster_2061304035_245647208,631.0,0.0,1,41.81407137256036,0.0,0.0,0.0,0.0,0.0,0.0
TRAIN_combined_incident_heavy_87581,cluster_2061304035_245647208,636.0,0.0,0,0.0,0.0,0.0,0.0,0.0,0.0,0.0
TRAIN_combined_incident_heavy_87581,cluster_2061304035_245647208,641.0,0.0,0,0.0,0.0,0.0,0.0,0.0,0.0,0.0
TRAIN_combined_incident_heavy_87581,cluster_2061304035_245647208,646.0,0.0,1,73.63204626554624,0.0,0.0,0.0,0.0,0.0,0.0
TRAIN_combined_incident_heavy_87581,cluster_2061304035_245647208,651.0,0.0,0,0.0,0.0,0.0,0.0,0.0,0.0,0.0
TRAIN_combined_incident_heavy_87581,cluster_2061304035_245647208,656.0,0.0,1,44.126853122346525,0.0,0.0,0.0,0.0,0.0,0.0
TRAIN_combined_incident_heavy_87581,cluster_2061304035_245647208,661.0,0.0,2,34.67291261836313,0.0,0.0,0.0,0.0,0.0,0.0
TRAIN_combined_incident_heavy_87581,cluster_2061304035_245647208,666.0,0.0,1,53.07270305575803,0.0,0.0,0.0,0.0,0.0,0.0
TRAIN_combined_incident_heavy_87581,cluster_2061304035_245647208,671.0,0.0,0,0.0,0.0,0.0,0.0,0.0,0.0,0.0
TRAIN_combined_incident_heavy_87581,cluster_2061304035_245647208,676.0,0.0,0,0.0,0.0,0.0,0.0,0.0,0.0,0.0
TRAIN_combined_incident_heavy_87581,cluster_2061304035_245647208,681.0,0.0,0,0.0,0.0,0.0,0.0,0.0,0.0,0.0
TRAIN_combined_incident_heavy_87581,cluster_2061304035_245647208,686.0,0.0,0,0.0,0.0,0.0,0.0,0.0,0.0,0.0
TRAIN_combined_incident_heavy_87581,cluster_2061304035_245647208,691.0,0.0,0,0.0,0.0,0.0,0.0,0.0,0.0,0.0
TRAIN_combined_incident_heavy_87581,cluster_2061304035_245647208,696.0,0.0,0,0.0,0.0,0.0,0.0,0.0,0.0,0.0
TRAIN_combined_incident_heavy_87581,cluster_2061304035_245647208,701.0,0.0,1,56.05061422066703,0.0,0.0,0.0,0.0,0.0,0.0
TRAIN_combined_incident_heavy_87581,cluster_2061304035_245647208,706.0,0.0,0,0.0,0.0,0.0,0.0,0.0,0.0,0.0
TRAIN_combined_incident_heavy_87581,cluster_2061304035_245647208,711.0,0.0,0,0.0,0.0,0.0,0.0,0.0,0.0,0.0
TRAIN_combined_incident_heavy_87581,cluster_2061304035_245647208,716.0,0.0,0,0.0,0.0,0.0,0.0,0.0,0.0,0.0
TRAIN_combined_incident_heavy_87581,cluster_2061304035_245647208,721.0,0.0,0,0.0,0.0,0.0,0.0,0.0,0.0,0.0
TRAIN_combined_incident_heavy_87581,cluster_2061304035_245647208,726.0,0.0,0,0.0,0.0,0.0,0.0,0.0,0.0,0.0
TRAIN_combined_incident_heavy_87581,cluster_2061304035_245647208,731.0,0.0,0,0.0,0.0,0.0,0.0,0.0,0.0,0.0
TRAIN_combined_incident_heavy_87581,cluster_2061304035_245647208,736.0,0.0,0,0.0,0.0,0.0,0.0,0.0,0.0,0.0
TRAIN_combined_incident_heavy_87581,cluster_245647168_3238255150_3495323634,16.0,5.0,1,0.0744676344667803,5.0,5.0,5.0,5.0,0.0,5.0
TRAIN_combined_incident_heavy_87581,cluster_245647168_3238255150_3495323634,21.0,5.0,1,0.0,5.0,5.0,5.0,5.0,0.0,5.0
TRAIN_combined_incident_heavy_87581,cluster_245647168_3238255150_3495323634,26.0,5.0,1,0.0,5.0,5.0,5.0,5.0,0.0,5.0
TRAIN_combined_incident_heavy_87581,cluster_245647168_3238255150_3495323634,31.0,5.0,1,0.0,5.0,5.0,5.0,5.0,0.0,0.0
TRAIN_combined_incident_heavy_87581,cluster_245647168_3238255150_3495323634,36.0,5.0,1,0.0,5.0,5.0,5.0,5.0,0.0,0.0
TRAIN_combined_incident_heavy_87581,cluster_245647168_3238255150_3495323634,41.0,5.0,1,0.0,5.0,5.0,5.0,5.0,0.0,0.0
TRAIN_combined_incident_heavy_87581,cluster_245647168_3238255150_3495323634,46.0,5.0,1,0.0,5.0,5.0,5.0,5.0,0.0,5.0
TRAIN_combined_incident_heavy_87581,cluster_245647168_3238255150_3495323634,51.0,5.0,1,0.0,5.0,5.0,5.0,5.0,0.0,5.0
TRAIN_combined_incident_heavy_87581,cluster_245647168_3238255150_3495323634,56.0,5.0,1,0.0,5.0,5.0,5.0,5.0,0.0,10.0
TRAIN_combined_incident_heavy_87581,cluster_245647168_3238255150_3495323634,61.0,5.0,2,30.53835184313357,5.0,5.0,5.0,5.0,0.0,10.0
TRAIN_combined_incident_heavy_87581,cluster_245647168_3238255150_3495323634,66.0,5.0,2,0.8120004074480848,5.0,5.0,5.0,5.0,0.0,10.0
TRAIN_combined_incident_heavy_87581,cluster_245647168_3238255150_3495323634,71.0,5.0,1,0.0,5.0,5.0,5.0,5.0,0.0,10.0
TRAIN_combined_incident_heavy_87581,cluster_245647168_3238255150_3495323634,76.0,5.0,1,0.00036624621546553444,5.0,5.0,5.0,5.0,0.0,10.0
TRAIN_combined_incident_heavy_87581,cluster_245647168_3238255150_3495323634,81.0,5.0,1,0.0,5.0,5.0,5.0,5.0,0.0,15.0
TRAIN_combined_incident_heavy_87581,cluster_245647168_3238255150_3495323634,86.0,5.0,1,0.0,5.0,5.0,5.0,5.0,0.0,15.0
TRAIN_combined_incident_heavy_87581,cluster_245647168_3238255150_3495323634,91.0,0.0,1,52.1734463313072,5.0,5.0,5.0,5.0,0.0,15.0
TRAIN_combined_incident_heavy_87581,cluster_245647168_3238255150_3495323634,96.0,0.0,1,42.369471610278374,0.0,5.0,5.0,5.0,0.0,15.0
TRAIN_combined_incident_heavy_87581,cluster_245647168_3238255150_3495323634,101.0,0.0,1,2.0258761179082603,0.0,0.0,5.0,5.0,0.0,10.0
TRAIN_combined_incident_heavy_87581,cluster_245647168_3238255150_3495323634,106.0,5.0,1,0.0,0.0,0.0,0.0,5.0,0.0,15.0
TRAIN_combined_incident_heavy_87581,cluster_245647168_3238255150_3495323634,111.0,5.0,2,19.353199736875276,5.0,0.0,0.0,0.0,0.25,20.0
TRAIN_combined_incident_heavy_87581,cluster_245647168_3238255150_3495323634,116.0,10.0,2,0.068468052164112,5.0,5.0,0.0,0.0,0.5,25.0
TRAIN_combined_incident_heavy_87581,cluster_245647168_3238255150_3495323634,121.0,10.0,2,0.00043551966882025074,10.0,5.0,5.0,0.0,0.5,15.0
TRAIN_combined_incident_heavy_87581,cluster_245647168_3238255150_3495323634,126.0,10.0,2,0.0,10.0,10.0,5.0,5.0,0.25,10.0
TRAIN_combined_incident_heavy_87581,cluster_245647168_3238255150_3495323634,131.0,10.0,2,0.0,10.0,10.0,10.0,5.0,0.25,15.0
TRAIN_combined_incident_heavy_87581,cluster_245647168_3238255150_3495323634,136.0,10.0,3,0.9934897477369755,10.0,10.0,10.0,10.0,0.0,15.0
TRAIN_combined_incident_heavy_87581,cluster_245647168_3238255150_3495323634,141.0,15.0,3,0.0,10.0,10.0,10.0,10.0,0.25,15.0
TRAIN_combined_incident_heavy_87581,cluster_245647168_3238255150_3495323634,146.0,15.0,3,0.0,15.0,10.0,10.0,10.0,0.25,5.0
TRAIN_combined_incident_heavy_87581,cluster_245647168_3238255150_3495323634,151.0,15.0,3,0.0,15.0,15.0,10.0,10.0,0.25,5.0
TRAIN_combined_incident_heavy_87581,cluster_245647168_3238255150_3495323634,156.0,15.0,3,0.0,15.0,15.0,15.0,10.0,0.25,5.0
TRAIN_combined_incident_heavy_87581,cluster_245647168_3238255150_3495323634,161.0,10.0,5,25.967535838071523,15.0,15.0,15.0,15.0,-0.25,5.0
TRAIN_combined_incident_heavy_87581,cluster_245647168_3238255150_3495323634,166.0,15.0,5,19.251900582508707,10.0,15.0,15.0,15.0,0.0,10.0
TRAIN_combined_incident_heavy_87581,cluster_245647168_3238255150_3495323634,171.0,20.0,5,0.2144074012542141,15.0,10.0,15.0,15.0,0.25,10.0
TRAIN_combined_incident_heavy_87581,cluster_245647168_3238255150_3495323634,176.0,25.0,6,9.554930219593633,20.0,15.0,10.0,15.0,0.5,10.0
TRAIN_combined_incident_heavy_87581,cluster_245647168_3238255150_3495323634,181.0,15.0,5,9.841012968810588,25.0,20.0,15.0,10.0,0.25,10.0
TRAIN_combined_incident_heavy_87581,cluster_245647168_3238255150_3495323634,186.0,10.0,4,11.483772352389103,15.0,25.0,20.0,15.0,-0.25,15.0
TRAIN_combined_incident_heavy_87581,cluster_245647168_3238255150_3495323634,191.0,15.0,3,0.03428139878767896,10.0,15.0,25.0,20.0,-0.25,30.0
TRAIN_combined_incident_heavy_87581,cluster_245647168_3238255150_3495323634,196.0,15.0,4,13.164335323835259,15.0,10.0,15.0,25.0,-0.5,30.0
TRAIN_combined_incident_heavy_87581,cluster_245647168_3238255150_3495323634,201.0,15.0,4,6.967545612829204,15.0,15.0,10.0,15.0,0.0,30.0
TRAIN_combined_incident_heavy_87581,cluster_245647168_3238255150_3495323634,206.0,5.0,2,3.085676125350429,15.0,15.0,15.0,10.0,-0.25,30.0
TRAIN_combined_incident_heavy_87581,cluster_245647168_3238255150_3495323634,211.0,5.0,1,0.0,5.0,15.0,15.0,15.0,-0.5,15.0
TRAIN_combined_incident_heavy_87581,cluster_245647168_3238255150_3495323634,216.0,5.0,1,0.0,5.0,5.0,15.0,15.0,-0.5,15.0
TRAIN_combined_incident_heavy_87581,cluster_245647168_3238255150_3495323634,221.0,5.0,2,18.381701925179446,5.0,5.0,5.0,15.0,-0.5,15.0
TRAIN_combined_incident_heavy_87581,cluster_245647168_3238255150_3495323634,226.0,10.0,2,0.040817570138924675,5.0,5.0,5.0,5.0,0.25,15.0
TRAIN_combined_incident_heavy_87581,cluster_245647168_3238255150_3495323634,231.0,10.0,2,0.0,10.0,5.0,5.0,5.0,0.25,20.0
TRAIN_combined_incident_heavy_87581,cluster_245647168_3238255150_3495323634,236.0,10.0,2,0.0,10.0,10.0,5.0,5.0,0.25,15.0
TRAIN_combined_incident_heavy_87581,cluster_245647168_3238255150_3495323634,241.0,10.0,4,27.580354216088335,10.0,10.0,10.0,5.0,0.25,15.0
TRAIN_combined_incident_heavy_87581,cluster_245647168_3238255150_3495323634,246.0,15.0,6,17.47897161116021,10.0,10.0,10.0,10.0,0.25,20.0
TRAIN_combined_incident_heavy_87581,cluster_245647168_3238255150_3495323634,251.0,30.0,6,0.0680498975856028,15.0,10.0,10.0,10.0,1.0,20.0
TRAIN_combined_incident_heavy_87581,cluster_245647168_3238255150_3495323634,256.0,30.0,6,7.272245841008244e-05,30.0,15.0,10.0,10.0,1.0,10.0
TRAIN_combined_incident_heavy_87581,cluster_245647168_3238255150_3495323634,261.0,30.0,6,0.0,30.0,30.0,15.0,10.0,1.0,15.0
TRAIN_combined_incident_heavy_87581,cluster_245647168_3238255150_3495323634,266.0,30.0,7,6.978733974931302,30.0,30.0,30.0,15.0,0.75,15.0
TRAIN_combined_incident_heavy_87581,cluster_245647168_3238255150_3495323634,271.0,15.0,5,0.8253671684721859,30.0,30.0,30.0,30.0,-0.75,15.0
TRAIN_combined_incident_heavy_87581,cluster_245647168_3238255150_3495323634,276.0,15.0,3,0.001063836630496373,15.0,30.0,30.0,30.0,-0.75,25.0
TRAIN_combined_incident_heavy_87581,cluster_245647168_3238255150_3495323634,281.0,15.0,3,0.0,15.0,15.0,30.0,30.0,-0.75,20.0
TRAIN_combined_incident_heavy_87581,cluster_245647168_3238255150_3495323634,286.0,15.0,4,9.77365401905825,15.0,15.0,15.0,30.0,-0.75,30.0
TRAIN_combined_incident_heavy_87581,cluster_245647168_3238255150_3495323634,291.0,20.0,4,0.04281404246480787,15.0,15.0,15.0,15.0,0.25,30.0
TRAIN_combined_incident_heavy_87581,cluster_245647168_3238255150_3495323634,296.0,15.0,4,13.188075365975966,20.0,15.0,15.0,15.0,0.0,45.0
TRAIN_combined_incident_heavy_87581,cluster_245647168_3238255150_3495323634,301.0,15.0,4,5.493428175062035,15.0,20.0,15.0,15.0,0.0,35.0
TRAIN_combined_incident_heavy_87581,cluster_245647168_3238255150_3495323634,306.0,20.0,4,0.0028534061881717123,15.0,15.0,20.0,15.0,0.25,5.0
TRAIN_combined_incident_heavy_87581,cluster_245647168_3238255150_3495323634,311.0,20.0,5,10.446651799540195,20.0,15.0,15.0,20.0,0.0,0.0
TRAIN_combined_incident_heavy_87581,cluster_245647168_3238255150_3495323634,316.0,10.0,4,0.9974440477396028,20.0,20.0,15.0,15.0,-0.25,0.0
TRAIN_combined_incident_heavy_87581,cluster_245647168_3238255150_3495323634,321.0,15.0,3,0.00015361074348184612,10.0,20.0,20.0,15.0,0.0,0.0
TRAIN_combined_incident_heavy_87581,cluster_245647168_3238255150_3495323634,326.0,15.0,4,9.558699180546768,15.0,10.0,20.0,20.0,-0.25,0.0
TRAIN_combined_incident_heavy_87581,cluster_245647168_3238255150_3495323634,331.0,15.0,5,4.778453947845103,15.0,15.0,10.0,20.0,-0.25,15.0
TRAIN_combined_incident_heavy_87581,cluster_245647168_3238255150_3495323634,336.0,25.0,6,7.4094959636918585,15.0,15.0,15.0,10.0,0.75,15.0
TRAIN_combined_incident_heavy_87581,cluster_245647168_3238255150_3495323634,341.0,20.0,6,9.724073439742165,25.0,15.0,15.0,15.0,0.25,20.0
TRAIN_combined_incident_heavy_87581,cluster_245647168_3238255150_3495323634,346.0,30.0,8,14.299630075371795,20.0,25.0,15.0,15.0,0.75,20.0
TRAIN_combined_incident_heavy_87581,cluster_245647168_3238255150_3495323634,351.0,30.0,10,10.793470870513312,30.0,20.0,25.0,15.0,0.75,20.0
TRAIN_combined_incident_heavy_87581,cluster_245647168_3238255150_3495323634,356.0,45.0,11,5.009810484384452,30.0,30.0,20.0,25.0,1.0,25.0
TRAIN_combined_incident_heavy_87581,cluster_245647168_3238255150_3495323634,361.0,35.0,11,6.068426980457746,45.0,30.0,30.0,20.0,0.75,25.0
TRAIN_combined_incident_heavy_87581,cluster_245647168_3238255150_3495323634,366.0,5.0,8,6.247061188304609,35.0,45.0,30.0,30.0,-1.25,30.0
TRAIN_combined_incident_heavy_87581,cluster_245647168_3238255150_3495323634,371.0,0.0,3,17.024419810902693,5.0,35.0,45.0,30.0,-1.5,25.0
TRAIN_combined_incident_heavy_87581,cluster_245647168_3238255150_3495323634,376.0,0.0,0,0.0,0.0,5.0,35.0,45.0,-2.25,40.0
TRAIN_combined_incident_heavy_87581,cluster_245647168_3238255150_3495323634,381.0,0.0,2,57.36516035000569,0.0,0.0,5.0,35.0,-1.75,50.0
TRAIN_combined_incident_heavy_87581,cluster_245647168_3238255150_3495323634,386.0,0.0,3,12.371250090867594,0.0,0.0,0.0,5.0,-0.25,55.0
TRAIN_combined_incident_heavy_87581,cluster_245647168_3238255150_3495323634,391.0,15.0,4,5.885043060245754,0.0,0.0,0.0,0.0,0.75,40.0
TRAIN_combined_incident_heavy_87581,cluster_245647168_3238255150_3495323634,396.0,15.0,4,2.680795078494059,15.0,0.0,0.0,0.0,0.75,10.0
TRAIN_combined_incident_heavy_87581,cluster_245647168_3238255150_3495323634,401.0,20.0,4,0.002388976793501451,15.0,15.0,0.0,0.0,1.0,5.0
TRAIN_combined_incident_heavy_87581,cluster_245647168_3238255150_3495323634,406.0,20.0,4,0.0,20.0,15.0,15.0,0.0,1.0,5.0
TRAIN_combined_incident_heavy_87581,cluster_245647168_3238255150_3495323634,411.0,20.0,5,4.984772317495623,20.0,20.0,15.0,15.0,0.25,10.0
TRAIN_combined_incident_heavy_87581,cluster_245647168_3238255150_3495323634,416.0,25.0,6,10.446067095485398,20.0,20.0,20.0,15.0,0.5,5.0
TRAIN_combined_incident_heavy_87581,cluster_245647168_3238255150_3495323634,421.0,25.0,6,0.18111385116920062,25.0,20.0,20.0,20.0,0.25,10.0
TRAIN_combined_incident_heavy_87581,cluster_245647168_3238255150_3495323634,426.0,30.0,7,12.495731127389167,25.0,25.0,20.0,20.0,0.5,15.0
TRAIN_combined_incident_heavy_87581,cluster_245647168_3238255150_3495323634,431.0,25.0,9,14.789469442358937,30.0,25.0,25.0,20.0,0.25,20.0
TRAIN_combined_incident_heavy_87581,cluster_245647168_3238255150_3495323634,436.0,40.0,11,3.588163339243445,25.0,30.0,25.0,25.0,0.75,25.0
TRAIN_combined_incident_heavy_87581,cluster_245647168_3238255150_3495323634,441.0,50.0,11,0.3112709143601479,40.0,25.0,30.0,25.0,1.25,30.0
TRAIN_combined_incident_heavy_87581,cluster_245647168_3238255150_3495323634,446.0,55.0,11,0.0,50.0,40.0,25.0,30.0,1.25,35.0
TRAIN_combined_incident_heavy_87581,cluster_245647168_3238255150_3495323634,451.0,40.0,9,0.27135817063972356,55.0,50.0,40.0,25.0,0.75,35.0
TRAIN_combined_incident_heavy_87581,cluster_245647168_3238255150_3495323634,456.0,10.0,7,7.771393262969513,40.0,55.0,50.0,40.0,-1.5,35.0
TRAIN_combined_incident_heavy_87581,cluster_245647168_3238255150_3495323634,461.0,5.0,4,11.702155631849307,10.0,40.0,55.0,50.0,-2.25,40.0
TRAIN_combined_incident_heavy_87581,cluster_245647168_3238255150_3495323634,466.0,5.0,2,5.437407064203006,5.0,10.0,40.0,55.0,-2.5,45.0
TRAIN_combined_incident_heavy_87581,cluster_245647168_3238255150_3495323634,471.0,10.0,2,0.0,5.0,5.0,10.0,40.0,-1.5,45.0
TRAIN_combined_incident_heavy_87581,cluster_245647168_3238255150_3495323634,476.0,5.0,3,32.35408612967166,10.0,5.0,5.0,10.0,-0.25,45.0
TRAIN_combined_incident_heavy_87581,cluster_245647168_3238255150_3495323634,481.0,10.0,4,24.92034824771326,5.0,10.0,5.0,5.0,0.25,35.0
TRAIN_combined_incident_heavy_87581,cluster_245647168_3238255150_3495323634,486.0,15.0,5,15.351906543074843,10.0,5.0,10.0,5.0,0.5,15.0
TRAIN_combined_incident_heavy_87581,cluster_245647168_3238255150_3495323634,491.0,20.0,5,0.5374776342125139,15.0,10.0,5.0,10.0,0.5,0.0
TRAIN_combined_incident_heavy_87581,cluster_245647168_3238255150_3495323634,496.0,25.0,7,13.53331999688403,20.0,15.0,10.0,5.0,1.0,0.0
TRAIN_combined_incident_heavy_87581,cluster_245647168_3238255150_3495323634,501.0,30.0,7,3.168215955496743,25.0,20.0,15.0,10.0,1.0,10.0
TRAIN_combined_incident_heavy_87581,cluster_245647168_3238255150_3495323634,506.0,35.0,7,0.011841377946050604,30.0,25.0,20.0,15.0,1.0,15.0
TRAIN_combined_incident_heavy_87581,cluster_245647168_3238255150_3495323634,511.0,35.0,8,2.2371998323821334,35.0,30.0,25.0,20.0,0.75,15.0
TRAIN_combined_incident_heavy_87581,cluster_245647168_3238255150_3495323634,516.0,35.0,9,6.5450244023837145,35.0,35.0,30.0,25.0,0.5,20.0
TRAIN_combined_incident_heavy_87581,cluster_245647168_3238255150_3495323634,521.0,40.0,9,1.4222431920057717,35.0,35.0,35.0,30.0,0.5,25.0
TRAIN_combined_incident_heavy_87581,cluster_245647168_3238255150_3495323634,526.0,45.0,9,0.000955681291164603,40.0,35.0,35.0,35.0,0.5,30.0
TRAIN_combined_incident_heavy_87581,cluster_245647168_3238255150_3495323634,531.0,45.0,9,0.0,45.0,40.0,35.0,35.0,0.5,30.0
TRAIN_combined_incident_heavy_87581,cluster_245647168_3238255150_3495323634,536.0,45.0,9,0.0,45.0,45.0,40.0,35.0,0.5,30.0
TRAIN_combined_incident_heavy_87581,cluster_245647168_3238255150_3495323634,541.0,35.0,8,0.4102245212212438,45.0,45.0,45.0,40.0,-0.25,30.0
TRAIN_combined_incident_heavy_87581,cluster_245647168_3238255150_3495323634,546.0,15.0,6,2.5680329469765506,35.0,45.0,45.0,45.0,-1.5,35.0
TRAIN_combined_incident_heavy_87581,cluster_245647168_3238255150_3495323634,551.0,0.0,5,25.379424301194746,15.0,35.0,45.0,45.0,-2.25,35.0
TRAIN_combined_incident_heavy_87581,cluster_245647168_3238255150_3495323634,556.0,0.0,5,35.480787722169225,0.0,15.0,35.0,45.0,-2.25,50.0
TRAIN_combined_incident_heavy_87581,cluster_245647168_3238255150_3495323634,561.0,10.0,4,0.24945444295728375,0.0,0.0,15.0,35.0,-1.25,55.0
TRAIN_combined_incident_heavy_87581,cluster_245647168_3238255150_3495323634,566.0,15.0,4,11.183255611587871,10.0,0.0,0.0,15.0,0.0,55.0
TRAIN_combined_incident_heavy_87581,cluster_245647168_3238255150_3495323634,571.0,15.0,5,17.02237001847423,15.0,10.0,0.0,0.0,0.75,40.0
TRAIN_combined_incident_heavy_87581,cluster_245647168_3238255150_3495323634,576.0,20.0,5,1.648192593964325,15.0,15.0,10.0,0.0,1.0,0.0
TRAIN_combined_incident_heavy_87581,cluster_245647168_3238255150_3495323634,581.0,25.0,6,4.822087665545907,20.0,15.0,15.0,10.0,0.75,0.0
TRAIN_combined_incident_heavy_87581,cluster_245647168_3238255150_3495323634,586.0,30.0,6,0.014760705669017053,25.0,20.0,15.0,15.0,0.75,0.0
TRAIN_combined_incident_heavy_87581,cluster_245647168_3238255150_3495323634,591.0,30.0,6,0.0,30.0,25.0,20.0,15.0,0.75,5.0
TRAIN_combined_incident_heavy_87581,cluster_245647168_3238255150_3495323634,596.0,30.0,6,0.0,30.0,30.0,25.0,20.0,0.5,5.0
TRAIN_combined_incident_heavy_87581,cluster_245647168_3238255150_3495323634,601.0,30.0,8,13.358206847069058,30.0,30.0,30.0,25.0,0.25,10.0
TRAIN_combined_incident_heavy_87581,cluster_245647168_3238255150_3495323634,606.0,35.0,10,7.620835639737546,30.0,30.0,30.0,30.0,0.25,10.0
TRAIN_combined_incident_heavy_87581,cluster_245647168_3238255150_3495323634,611.0,35.0,10,0.8373464685970925,35.0,30.0,30.0,30.0,0.25,20.0
TRAIN_combined_incident_heavy_87581,cluster_245647168_3238255150_3495323634,616.0,50.0,11,5.717438461394732,35.0,35.0,30.0,30.0,1.0,25.0
TRAIN_combined_incident_heavy_87581,cluster_245647168_3238255150_3495323634,621.0,55.0,11,0.02165468031649074,50.0,35.0,35.0,30.0,1.25,30.0
TRAIN_combined_incident_heavy_87581,cluster_245647168_3238255150_3495323634,626.0,55.0,11,0.0,55.0,50.0,35.0,35.0,1.0,30.0
TRAIN_combined_incident_heavy_87581,cluster_245647168_3238255150_3495323634,631.0,40.0,8,0.0,55.0,55.0,50.0,35.0,0.25,30.0
TRAIN_combined_incident_heavy_87581,cluster_245647168_3238255150_3495323634,636.0,0.0,7,11.86386663614399,40.0,55.0,55.0,50.0,-2.5,35.0
TRAIN_combined_incident_heavy_87581,cluster_245647168_3238255150_3495323634,641.0,0.0,4,17.536756557581803,0.0,40.0,55.0,55.0,-2.75,35.0
TRAIN_combined_incident_heavy_87581,cluster_245647168_3238255150_3495323634,646.0,0.0,1,13.6562066487777,0.0,0.0,40.0,55.0,-2.75,35.0
TRAIN_combined_incident_heavy_87581,cluster_245647168_3238255150_3495323634,651.0,5.0,2,26.501050076641643,0.0,0.0,0.0,40.0,-1.75,35.0
TRAIN_combined_incident_heavy_87581,cluster_245647168_3238255150_3495323634,656.0,5.0,2,10.241200290877908,5.0,0.0,0.0,0.0,0.25,35.0
TRAIN_combined_incident_heavy_87581,cluster_245647168_3238255150_3495323634,661.0,10.0,3,16.921570096972943,5.0,5.0,0.0,0.0,0.5,15.0
TRAIN_combined_incident_heavy_87581,cluster_245647168_3238255150_3495323634,666.0,10.0,4,10.098835749404879,10.0,5.0,5.0,0.0,0.5,5.0
TRAIN_combined_incident_heavy_87581,cluster_245647168_3238255150_3495323634,671.0,20.0,5,6.394839091136281,10.0,10.0,5.0,5.0,0.75,5.0
TRAIN_combined_incident_heavy_87581,cluster_245647168_3238255150_3495323634,676.0,25.0,7,13.091767911527153,20.0,10.0,10.0,5.0,1.0,5.0
TRAIN_combined_incident_heavy_87581,cluster_245647168_3238255150_3495323634,681.0,30.0,7,1.3081077161681143,25.0,20.0,10.0,10.0,1.0,5.0
TRAIN_combined_incident_heavy_87581,cluster_245647168_3238255150_3495323634,686.0,30.0,7,1.2571295430842917,30.0,25.0,20.0,10.0,1.0,0.0
TRAIN_combined_incident_heavy_87581,cluster_245647168_3238255150_3495323634,691.0,30.0,7,2.500730720809574,30.0,30.0,25.0,20.0,0.5,0.0
TRAIN_combined_incident_heavy_87581,cluster_245647168_3238255150_3495323634,696.0,35.0,7,0.0025283729566002396,30.0,30.0,30.0,25.0,0.5,5.0
TRAIN_combined_incident_heavy_87581,cluster_245647168_3238255150_3495323634,701.0,35.0,7,0.0,35.0,30.0,30.0,30.0,0.25,5.0
TRAIN_combined_incident_heavy_87581,cluster_245647168_3238255150_3495323634,706.0,35.0,7,0.0,35.0,35.0,30.0,30.0,0.25,5.0
TRAIN_combined_incident_heavy_87581,cluster_245647168_3238255150_3495323634,711.0,35.0,7,0.0,35.0,35.0,35.0,30.0,0.25,5.0
TRAIN_combined_incident_heavy_87581,cluster_245647168_3238255150_3495323634,716.0,35.0,8,8.704286944417188,35.0,35.0,35.0,35.0,0.0,5.0
TRAIN_combined_incident_heavy_87581,cluster_245647168_3238255150_3495323634,721.0,15.0,7,1.1696220601140033,35.0,35.0,35.0,35.0,-1.0,5.0
TRAIN_combined_incident_heavy_87581,cluster_245647168_3238255150_3495323634,726.0,5.0,3,7.621845150650348,15.0,35.0,35.0,35.0,-1.5,5.0
TRAIN_combined_incident_heavy_87581,cluster_245647168_3238255150_3495323634,731.0,5.0,1,0.0,5.0,15.0,35.0,35.0,-1.5,5.0
TRAIN_combined_incident_heavy_87581,cluster_245647168_3238255150_3495323634,736.0,5.0,1,0.0,5.0,5.0,15.0,35.0,-1.5,5.0
TRAIN_extreme_90638,cluster_13546492148_1838721956,16.0,0.0,0,0.0,0.0,0.0,0.0,0.0,0.0,0.0
TRAIN_extreme_90638,cluster_13546492148_1838721956,21.0,0.0,0,0.0,0.0,0.0,0.0,0.0,0.0,0.0
TRAIN_extreme_90638,cluster_13546492148_1838721956,26.0,0.0,0,0.0,0.0,0.0,0.0,0.0,0.0,0.0
TRAIN_extreme_90638,cluster_13546492148_1838721956,31.0,0.0,0,0.0,0.0,0.0,0.0,0.0,0.0,5.0
TRAIN_extreme_90638,cluster_13546492148_1838721956,36.0,0.0,0,0.0,0.0,0.0,0.0,0.0,0.0,5.0
TRAIN_extreme_90638,cluster_13546492148_1838721956,41.0,0.0,0,0.0,0.0,0.0,0.0,0.0,0.0,5.0
TRAIN_extreme_90638,cluster_13546492148_1838721956,46.0,0.0,0,0.0,0.0,0.0,0.0,0.0,0.0,5.0
TRAIN_extreme_90638,cluster_13546492148_1838721956,51.0,0.0,0,0.0,0.0,0.0,0.0,0.0,0.0,5.0
TRAIN_extreme_90638,cluster_13546492148_1838721956,56.0,0.0,0,0.0,0.0,0.0,0.0,0.0,0.0,5.0
TRAIN_extreme_90638,cluster_13546492148_1838721956,61.0,0.0,0,0.0,0.0,0.0,0.0,0.0,0.0,10.0
TRAIN_extreme_90638,cluster_13546492148_1838721956,66.0,0.0,0,0.0,0.0,0.0,0.0,0.0,0.0,10.0
TRAIN_extreme_90638,cluster_13546492148_1838721956,71.0,0.0,0,0.0,0.0,0.0,0.0,0.0,0.0,10.0
TRAIN_extreme_90638,cluster_13546492148_1838721956,76.0,0.0,0,0.0,0.0,0.0,0.0,0.0,0.0,0.0
TRAIN_extreme_90638,cluster_13546492148_1838721956,81.0,0.0,0,0.0,0.0,0.0,0.0,0.0,0.0,0.0
TRAIN_extreme_90638,cluster_13546492148_1838721956,86.0,0.0,0,0.0,0.0,0.0,0.0,0.0,0.0,0.0
TRAIN_extreme_90638,cluster_13546492148_1838721956,91.0,5.0,2,27.06572412780466,0.0,0.0,0.0,0.0,0.0,10.0
TRAIN_extreme_90638,cluster_13546492148_1838721956,96.0,5.0,1,0.0,5.0,0.0,0.0,0.0,0.0,10.0
TRAIN_extreme_90638,cluster_13546492148_1838721956,101.0,5.0,1,0.0,5.0,5.0,0.0,0.0,0.0,10.0
TRAIN_extreme_90638,cluster_13546492148_1838721956,106.0,5.0,1,0.0,5.0,5.0,5.0,0.0,0.0,10.0
TRAIN_extreme_90638,cluster_13546492148_1838721956,111.0,5.0,1,0.0,5.0,5.0,5.0,5.0,0.0,20.0
TRAIN_extreme_90638,cluster_13546492148_1838721956,116.0,5.0,1,0.0,5.0,5.0,5.0,5.0,0.0,25.0
TRAIN_extreme_90638,cluster_13546492148_1838721956,121.0,10.0,2,0.01227871553312508,5.0,5.0,5.0,5.0,0.25,10.0
TRAIN_extreme_90638,cluster_13546492148_1838721956,126.0,10.0,2,0.0,10.0,5.0,5.0,5.0,0.25,0.0
TRAIN_extreme_90638,cluster_13546492148_1838721956,131.0,10.0,2,0.0,10.0,10.0,5.0,5.0,0.25,5.0
TRAIN_extreme_90638,cluster_13546492148_1838721956,136.0,0.0,0,0.0,10.0,10.0,10.0,5.0,-0.25,5.0
TRAIN_extreme_90638,cluster_13546492148_1838721956,141.0,0.0,1,23.653953160936855,0.0,10.0,10.0,10.0,-0.5,5.0
TRAIN_extreme_90638,cluster_13546492148_1838721956,146.0,0.0,2,20.097110124341274,0.0,0.0,10.0,10.0,-0.5,10.0
TRAIN_extreme_90638,cluster_13546492148_1838721956,151.0,10.0,2,0.08424933428397045,0.0,0.0,0.0,10.0,0.0,10.0
TRAIN_extreme_90638,cluster_13546492148_1838721956,156.0,10.0,2,0.00019044720082523223,10.0,0.0,0.0,0.0,0.5,10.0
TRAIN_extreme_90638,cluster_13546492148_1838721956,161.0,10.0,2,0.0,10.0,10.0,0.0,0.0,0.5,10.0
TRAIN_extreme_90638,cluster_13546492148_1838721956,166.0,10.0,3,0.4676565333234416,10.0,10.0,10.0,0.0,0.5,5.0
TRAIN_extreme_90638,cluster_13546492148_1838721956,171.0,20.0,4,0.0,10.0,10.0,10.0,10.0,0.5,5.0
TRAIN_extreme_90638,cluster_13546492148_1838721956,176.0,25.0,5,0.0002732784668618667,20.0,10.0,10.0,10.0,0.75,5.0
TRAIN_extreme_90638,cluster_13546492148_1838721956,181.0,10.0,2,0.0,25.0,20.0,10.0,10.0,0.0,10.0
TRAIN_extreme_90638,cluster_13546492148_1838721956,186.0,0.0,1,0.46305343588350406,10.0,25.0,20.0,10.0,-0.5,15.0
TRAIN_extreme_90638,cluster_13546492148_1838721956,191.0,5.0,1,0.0,0.0,10.0,25.0,20.0,-0.75,15.0
TRAIN_extreme_90638,cluster_13546492148_1838721956,196.0,5.0,1,0.0,5.0,0.0,10.0,25.0,-1.0,15.0
TRAIN_extreme_90638,cluster_13546492148_1838721956,201.0,5.0,2,7.455035325830621,5.0,5.0,0.0,10.0,-0.25,20.0
TRAIN_extreme_90638,cluster_13546492148_1838721956,206.0,10.0,2,0.005986426844796518,5.0,5.0,5.0,0.0,0.5,20.0
TRAIN_extreme_90638,cluster_13546492148_1838721956,211.0,10.0,2,0.0,10.0,5.0,5.0,5.0,0.25,10.0
TRAIN_extreme_90638,cluster_13546492148_1838721956,216.0,10.0,2,0.0,10.0,10.0,5.0,5.0,0.25,0.0
TRAIN_extreme_90638,cluster_13546492148_1838721956,221.0,10.0,2,0.0,10.0,10.0,10.0,5.0,0.25,0.0
TRAIN_extreme_90638,cluster_13546492148_1838721956,226.0,5.0,1,0.21579294566954513,10.0,10.0,10.0,10.0,-0.25,0.0
TRAIN_extreme_90638,cluster_13546492148_1838721956,231.0,5.0,2,11.557054295878842,5.0,10.0,10.0,10.0,-0.25,0.0
TRAIN_extreme_90638,cluster_13546492148_1838721956,236.0,5.0,2,11.613592151708998,5.0,5.0,10.0,10.0,-0.25,5.0
TRAIN_extreme_90638,cluster_13546492148_1838721956,241.0,10.0,2,0.0055481408462649704,5.0,5.0,5.0,10.0,0.0,5.0
TRAIN_extreme_90638,cluster_13546492148_1838721956,246.0,15.0,3,0.00415890149109449,10.0,5.0,5.0,5.0,0.5,10.0
TRAIN_extreme_90638,cluster_13546492148_1838721956,251.0,15.0,3,0.0,15.0,10.0,5.0,5.0,0.5,10.0
TRAIN_extreme_90638,cluster_13546492148_1838721956,256.0,15.0,3,0.04523879368352026,15.0,15.0,10.0,5.0,0.5,5.0
TRAIN_extreme_90638,cluster_13546492148_1838721956,261.0,20.0,4,0.001559934140811265,15.0,15.0,15.0,10.0,0.5,5.0
TRAIN_extreme_90638,cluster_13546492148_1838721956,266.0,20.0,4,0.0,20.0,15.0,15.0,15.0,0.25,10.0
TRAIN_extreme_90638,cluster_13546492148_1838721956,271.0,10.0,2,0.019974552075394558,20.0,20.0,15.0,15.0,-0.25,25.0
TRAIN_extreme_90638,cluster_13546492148_1838721956,276.0,0.0,1,24.49968558755013,10.0,20.0,20.0,15.0,-0.75,25.0
TRAIN_extreme_90638,cluster_13546492148_1838721956,281.0,0.0,0,0.0,0.0,10.0,20.0,20.0,-1.0,25.0
TRAIN_extreme_90638,cluster_13546492148_1838721956,286.0,0.0,0,0.0,0.0,0.0,10.0,20.0,-1.0,25.0
TRAIN_extreme_90638,cluster_13546492148_1838721956,291.0,0.0,0,0.0,0.0,0.0,0.0,10.0,-0.5,25.0
TRAIN_extreme_90638,cluster_13546492148_1838721956,296.0,5.0,1,0.10921696830913705,0.0,0.0,0.0,0.0,0.25,25.0
TRAIN_extreme_90638,cluster_13546492148_1838721956,301.0,5.0,2,0.18313304344319714,5.0,0.0,0.0,0.0,0.25,10.0
TRAIN_extreme_90638,cluster_13546492148_1838721956,306.0,10.0,2,0.0,5.0,5.0,0.0,0.0,0.5,0.0
TRAIN_extreme_90638,cluster_13546492148_1838721956,311.0,10.0,2,0.0,10.0,5.0,5.0,0.0,0.5,0.0
TRAIN_extreme_90638,cluster_13546492148_1838721956,316.0,5.0,1,0.33218010446894697,10.0,10.0,5.0,5.0,0.0,5.0
TRAIN_extreme_90638,cluster_13546492148_1838721956,321.0,5.0,2,0.5683839345127094,5.0,10.0,10.0,5.0,0.0,5.0
TRAIN_extreme_90638,cluster_13546492148_1838721956,326.0,10.0,2,0.00224119680632367,5.0,5.0,10.0,10.0,0.0,5.0
TRAIN_extreme_90638,cluster_13546492148_1838721956,331.0,25.0,5,0.02072380115832139,10.0,5.0,5.0,10.0,0.75,5.0
TRAIN_extreme_90638,cluster_13546492148_1838721956,336.0,25.0,5,0.0,25.0,10.0,5.0,5.0,1.0,5.0
TRAIN_extreme_90638,cluster_13546492148_1838721956,341.0,25.0,5,0.0,25.0,25.0,10.0,5.0,1.0,10.0
TRAIN_extreme_90638,cluster_13546492148_1838721956,346.0,25.0,5,0.0,25.0,25.0,25.0,10.0,0.75,0.0
TRAIN_extreme_90638,cluster_13546492148_1838721956,351.0,25.0,5,0.0,25.0,25.0,25.0,25.0,0.0,0.0
TRAIN_extreme_90638,cluster_13546492148_1838721956,356.0,25.0,5,0.0,25.0,25.0,25.0,25.0,0.0,5.0
TRAIN_extreme_90638,cluster_13546492148_1838721956,361.0,10.0,2,0.0,25.0,25.0,25.0,25.0,-0.75,5.0
TRAIN_extreme_90638,cluster_13546492148_1838721956,366.0,0.0,1,25.400132563812278,10.0,25.0,25.0,25.0,-1.25,10.0
TRAIN_extreme_90638,cluster_13546492148_1838721956,371.0,0.0,0,0.0,0.0,10.0,25.0,25.0,-1.25,15.0
TRAIN_extreme_90638,cluster_13546492148_1838721956,376.0,5.0,1,0.0683388405542024,0.0,0.0,10.0,25.0,-1.0,15.0
TRAIN_extreme_90638,cluster_13546492148_1838721956,381.0,5.0,2,32.38643097082644,5.0,0.0,0.0,10.0,-0.25,15.0
TRAIN_extreme_90638,cluster_13546492148_1838721956,386.0,5.0,1,0.0,5.0,5.0,0.0,0.0,0.25,15.0
TRAIN_extreme_90638,cluster_13546492148_1838721956,391.0,5.0,2,31.38993985719355,5.0,5.0,5.0,0.0,0.25,10.0
TRAIN_extreme_90638,cluster_13546492148_1838721956,396.0,5.0,1,0.0,5.0,5.0,5.0,5.0,0.0,5.0
TRAIN_extreme_90638,cluster_13546492148_1838721956,401.0,10.0,2,0.00024524595800184105,5.0,5.0,5.0,5.0,0.25,5.0
TRAIN_extreme_90638,cluster_13546492148_1838721956,406.0,0.0,0,0.0,10.0,5.0,5.0,5.0,-0.25,5.0
TRAIN_extreme_90638,cluster_13546492148_1838721956,411.0,0.0,0,0.0,0.0,10.0,5.0,5.0,-0.25,5.0
TRAIN_extreme_90638,cluster_13546492148_1838721956,416.0,5.0,1,0.2973182573864026,0.0,0.0,10.0,5.0,0.0,10.0
TRAIN_extreme_90638,cluster_13546492148_1838721956,421.0,5.0,2,0.5600979896139658,5.0,0.0,0.0,10.0,-0.25,10.0
TRAIN_extreme_90638,cluster_13546492148_1838721956,426.0,10.0,3,6.551064363286643,5.0,5.0,0.0,0.0,0.5,10.0
TRAIN_extreme_90638,cluster_13546492148_1838721956,431.0,15.0,3,0.000607594854650892,10.0,5.0,5.0,0.0,0.75,10.0
TRAIN_extreme_90638,cluster_13546492148_1838721956,436.0,15.0,3,0.0,15.0,10.0,5.0,5.0,0.5,5.0
TRAIN_extreme_90638,cluster_13546492148_1838721956,441.0,15.0,3,0.0,15.0,15.0,10.0,5.0,0.5,5.0
TRAIN_extreme_90638,cluster_13546492148_1838721956,446.0,15.0,3,0.0,15.0,15.0,15.0,10.0,0.25,5.0
TRAIN_extreme_90638,cluster_13546492148_1838721956,451.0,10.0,3,0.4856154356188028,15.0,15.0,15.0,15.0,-0.25,5.0
TRAIN_extreme_90638,cluster_13546492148_1838721956,456.0,5.0,1,0.0,10.0,15.0,15.0,15.0,-0.5,10.0
TRAIN_extreme_90638,cluster_13546492148_1838721956,461.0,5.0,1,0.0,5.0,10.0,15.0,15.0,-0.5,10.0
TRAIN_extreme_90638,cluster_13546492148_1838721956,466.0,5.0,1,0.0,5.0,5.0,10.0,15.0,-0.5,15.0
TRAIN_extreme_90638,cluster_13546492148_1838721956,471.0,5.0,1,0.0,5.0,5.0,5.0,10.0,-0.25,15.0
TRAIN_extreme_90638,cluster_13546492148_1838721956,476.0,10.0,2,0.003749755948462214,5.0,5.0,5.0,5.0,0.25,15.0
TRAIN_extreme_90638,cluster_13546492148_1838721956,481.0,10.0,2,0.0,10.0,5.0,5.0,5.0,0.25,0.0
TRAIN_extreme_90638,cluster_13546492148_1838721956,486.0,10.0,2,0.0,10.0,10.0,5.0,5.0,0.25,5.0
TRAIN_extreme_90638,cluster_13546492148_1838721956,491.0,10.0,2,0.0,10.0,10.0,10.0,5.0,0.25,5.0
TRAIN_extreme_90638,cluster_13546492148_1838721956,496.0,5.0,1,0.08118512203136975,10.0,10.0,10.0,10.0,-0.25,5.0
TRAIN_extreme_90638,cluster_13546492148_1838721956,501.0,5.0,3,16.163828136363186,5.0,10.0,10.0,10.0,-0.25,5.0
TRAIN_extreme_90638,cluster_13546492148_1838721956,506.0,5.0,1,0.0,5.0,5.0,10.0,10.0,-0.25,10.0
TRAIN_extreme_90638,cluster_13546492148_1838721956,511.0,5.0,2,2.702137314204903,5.0,5.0,5.0,10.0,-0.25,10.0
TRAIN_extreme_90638,cluster_13546492148_1838721956,516.0,10.0,2,0.0,5.0,5.0,5.0,5.0,0.25,10.0
TRAIN_extreme_90638,cluster_13546492148_1838721956,521.0,10.0,4,21.538341766130713,10.0,5.0,5.0,5.0,0.25,10.0
TRAIN_extreme_90638,cluster_13546492148_1838721956,526.0,15.0,3,0.0003107186168965627,10.0,10.0,5.0,5.0,0.5,0.0
TRAIN_extreme_90638,cluster_13546492148_1838721956,531.0,15.0,3,0.0,15.0,10.0,10.0,5.0,0.5,5.0
TRAIN_extreme_90638,cluster_13546492148_1838721956,536.0,15.0,3,0.0,15.0,15.0,10.0,10.0,0.25,10.0
TRAIN_extreme_90638,cluster_13546492148_1838721956,541.0,0.0,1,0.8384129420918729,15.0,15.0,15.0,10.0,-0.5,15.0
TRAIN_extreme_90638,cluster_13546492148_1838721956,546.0,5.0,1,0.0,0.0,15.0,15.0,15.0,-0.5,20.0
TRAIN_extreme_90638,cluster_13546492148_1838721956,551.0,5.0,1,0.0,5.0,0.0,15.0,15.0,-0.5,20.0
TRAIN_extreme_90638,cluster_13546492148_1838721956,556.0,5.0,1,0.0,5.0,5.0,0.0,15.0,-0.5,25.0
TRAIN_extreme_90638,cluster_13546492148_1838721956,561.0,5.0,2,12.780750985347963,5.0,5.0,5.0,0.0,0.25,25.0
TRAIN_extreme_90638,cluster_13546492148_1838721956,566.0,10.0,2,0.0005066582111602644,5.0,5.0,5.0,5.0,0.25,25.0
TRAIN_extreme_90638,cluster_13546492148_1838721956,571.0,10.0,2,0.0,10.0,5.0,5.0,5.0,0.25,10.0
TRAIN_extreme_90638,cluster_13546492148_1838721956,576.0,10.0,2,0.0,10.0,10.0,5.0,5.0,0.25,0.0
TRAIN_extreme_90638,cluster_13546492148_1838721956,581.0,10.0,2,0.0,10.0,10.0,10.0,5.0,0.25,5.0
TRAIN_extreme_90638,cluster_13546492148_1838721956,586.0,0.0,1,16.293402142387677,10.0,10.0,10.0,10.0,-0.5,5.0
TRAIN_extreme_90638,cluster_13546492148_1838721956,591.0,5.0,1,0.008392384424739168,0.0,10.0,10.0,10.0,-0.25,5.0
TRAIN_extreme_90638,cluster_13546492148_1838721956,596.0,10.0,3,0.25021198820368795,5.0,0.0,10.0,10.0,0.0,10.0
TRAIN_extreme_90638,cluster_13546492148_1838721956,601.0,15.0,4,0.7501126022539067,10.0,5.0,0.0,10.0,0.25,10.0
TRAIN_extreme_90638,cluster_13546492148_1838721956,606.0,20.0,4,0.0,15.0,10.0,5.0,0.0,1.0,10.0
TRAIN_extreme_90638,cluster_13546492148_1838721956,611.0,20.0,5,0.6009833194387144,20.0,15.0,10.0,5.0,0.75,10.0
TRAIN_extreme_90638,cluster_13546492148_1838721956,616.0,25.0,5,0.000519470668865465,20.0,20.0,15.0,10.0,0.75,5.0
TRAIN_extreme_90638,cluster_13546492148_1838721956,621.0,25.0,5,0.0,25.0,20.0,20.0,15.0,0.5,5.0
TRAIN_extreme_90638,cluster_13546492148_1838721956,626.0,25.0,5,0.0,25.0,25.0,20.0,20.0,0.25,10.0
TRAIN_extreme_90638,cluster_13546492148_1838721956,631.0,10.0,2,0.0,25.0,25.0,25.0,20.0,-0.5,10.0
TRAIN_extreme_90638,cluster_13546492148_1838721956,636.0,0.0,2,23.15622200325557,10.0,25.0,25.0,25.0,-1.25,10.0
TRAIN_extreme_90638,cluster_13546492148_1838721956,641.0,5.0,1,0.010405750738637701,0.0,10.0,25.0,25.0,-1.0,15.0
TRAIN_extreme_90638,cluster_13546492148_1838721956,646.0,5.0,1,0.0,5.0,0.0,10.0,25.0,-1.0,20.0
TRAIN_extreme_90638,cluster_13546492148_1838721956,651.0,5.0,1,0.0,5.0,5.0,0.0,10.0,-0.25,25.0
TRAIN_extreme_90638,cluster_13546492148_1838721956,656.0,10.0,2,0.001080474587188725,5.0,5.0,5.0,0.0,0.5,25.0
TRAIN_extreme_90638,cluster_13546492148_1838721956,661.0,10.0,2,0.0,10.0,5.0,5.0,5.0,0.25,10.0
TRAIN_extreme_90638,cluster_13546492148_1838721956,666.0,10.0,2,0.0,10.0,10.0,5.0,5.0,0.25,0.0
TRAIN_extreme_90638,cluster_13546492148_1838721956,671.0,10.0,2,0.0,10.0,10.0,10.0,5.0,0.25,0.0
TRAIN_extreme_90638,cluster_13546492148_1838721956,676.0,5.0,1,0.00893867318967108,10.0,10.0,10.0,10.0,-0.25,0.0
TRAIN_extreme_90638,cluster_13546492148_1838721956,681.0,5.0,3,6.405773735331122,5.0,10.0,10.0,10.0,-0.25,0.0
TRAIN_extreme_90638,cluster_13546492148_1838721956,686.0,10.0,2,0.0018338321703585798,5.0,5.0,10.0,10.0,0.0,5.0
TRAIN_extreme_90638,cluster_13546492148_1838721956,691.0,10.0,2,0.0,10.0,5.0,5.0,10.0,0.0,5.0
TRAIN_extreme_90638,cluster_13546492148_1838721956,696.0,10.0,3,2.227000473269484,10.0,10.0,5.0,5.0,0.25,5.0
TRAIN_extreme_90638,cluster_13546492148_1838721956,701.0,15.0,4,0.09725002057596421,10.0,10.0,10.0,5.0,0.5,5.0
TRAIN_extreme_90638,cluster_13546492148_1838721956,706.0,20.0,4,0.0,15.0,10.0,10.0,10.0,0.5,0.0
TRAIN_extreme_90638,cluster_13546492148_1838721956,711.0,25.0,5,0.00012404206555645598,20.0,15.0,10.0,10.0,0.75,0.0
TRAIN_extreme_90638,cluster_13546492148_1838721956,716.0,25.0,5,0.0,25.0,20.0,15.0,10.0,0.75,0.0
TRAIN_extreme_90638,cluster_13546492148_1838721956,721.0,10.0,2,0.0,25.0,25.0,20.0,15.0,-0.25,5.0
TRAIN_extreme_90638,cluster_13546492148_1838721956,726.0,0.0,1,24.231195832918324,10.0,25.0,25.0,20.0,-1.0,5.0
TRAIN_extreme_90638,cluster_13546492148_1838721956,731.0,0.0,0,0.0,0.0,10.0,25.0,25.0,-1.25,5.0
TRAIN_extreme_90638,cluster_13546492148_1838721956,736.0,0.0,0,0.0,0.0,0.0,10.0,25.0,-1.25,5.0
TRAIN_extreme_90638,cluster_2061304035_245647208,16.0,0.0,0,0.0,0.0,0.0,0.0,0.0,0.0,0.0
TRAIN_extreme_90638,cluster_2061304035_245647208,21.0,0.0,0,0.0,0.0,0.0,0.0,0.0,0.0,0.0
TRAIN_extreme_90638,cluster_2061304035_245647208,26.0,0.0,0,0.0,0.0,0.0,0.0,0.0,0.0,0.0
TRAIN_extreme_90638,cluster_2061304035_245647208,31.0,0.0,0,0.0,0.0,0.0,0.0,0.0,0.0,0.0
TRAIN_extreme_90638,cluster_2061304035_245647208,36.0,0.0,0,0.0,0.0,0.0,0.0,0.0,0.0,0.0
TRAIN_extreme_90638,cluster_2061304035_245647208,41.0,0.0,0,0.0,0.0,0.0,0.0,0.0,0.0,0.0
TRAIN_extreme_90638,cluster_2061304035_245647208,46.0,0.0,0,0.0,0.0,0.0,0.0,0.0,0.0,0.0
TRAIN_extreme_90638,cluster_2061304035_245647208,51.0,0.0,0,0.0,0.0,0.0,0.0,0.0,0.0,5.0
TRAIN_extreme_90638,cluster_2061304035_245647208,56.0,0.0,0,0.0,0.0,0.0,0.0,0.0,0.0,5.0
TRAIN_extreme_90638,cluster_2061304035_245647208,61.0,0.0,0,0.0,0.0,0.0,0.0,0.0,0.0,5.0
TRAIN_extreme_90638,cluster_2061304035_245647208,66.0,0.0,0,0.0,0.0,0.0,0.0,0.0,0.0,5.0
TRAIN_extreme_90638,cluster_2061304035_245647208,71.0,0.0,0,0.0,0.0,0.0,0.0,0.0,0.0,10.0
TRAIN_extreme_90638,cluster_2061304035_245647208,76.0,0.0,1,21.765544934300006,0.0,0.0,0.0,0.0,0.0,0.0
TRAIN_extreme_90638,cluster_2061304035_245647208,81.0,0.0,1,23.744664842351934,0.0,0.0,0.0,0.0,0.0,0.0
TRAIN_extreme_90638,cluster_2061304035_245647208,86.0,0.0,0,0.0,0.0,0.0,0.0,0.0,0.0,5.0
TRAIN_extreme_90638,cluster_2061304035_245647208,91.0,0.0,0,0.0,0.0,0.0,0.0,0.0,0.0,5.0
TRAIN_extreme_90638,cluster_2061304035_245647208,96.0,0.0,0,0.0,0.0,0.0,0.0,0.0,0.0,5.0
TRAIN_extreme_90638,cluster_2061304035_245647208,101.0,0.0,1,60.38489636459335,0.0,0.0,0.0,0.0,0.0,5.0
TRAIN_extreme_90638,cluster_2061304035_245647208,106.0,0.0,1,0.7590541095595,0.0,0.0,0.0,0.0,0.0,5.0
TRAIN_extreme_90638,cluster_2061304035_245647208,111.0,5.0,1,0.0,0.0,0.0,0.0,0.0,0.25,5.0
TRAIN_extreme_90638,cluster_2061304035_245647208,116.0,5.0,1,0.0,5.0,0.0,0.0,0.0,0.25,5.0
TRAIN_extreme_90638,cluster_2061304035_245647208,121.0,5.0,1,0.0,5.0,5.0,0.0,0.0,0.25,0.0
TRAIN_extreme_90638,cluster_2061304035_245647208,126.0,5.0,3,34.11178789570354,5.0,5.0,5.0,0.0,0.25,0.0
TRAIN_extreme_90638,cluster_2061304035_245647208,131.0,10.0,2,0.0005935077157439464,5.0,5.0,5.0,5.0,0.25,0.0
TRAIN_extreme_90638,cluster_2061304035_245647208,136.0,0.0,0,0.0,10.0,5.0,5.0,5.0,-0.25,0.0
TRAIN_extreme_90638,cluster_2061304035_245647208,141.0,0.0,1,50.70328160098071,0.0,10.0,5.0,5.0,-0.25,0.0
TRAIN_extreme_90638,cluster_2061304035_245647208,146.0,5.0,1,0.01283508081239602,0.0,0.0,10.0,5.0,0.0,15.0
TRAIN_extreme_90638,cluster_2061304035_245647208,151.0,5.0,2,23.15854376847773,5.0,0.0,0.0,10.0,-0.25,20.0
TRAIN_extreme_90638,cluster_2061304035_245647208,156.0,5.0,3,18.524990519046302,5.0,5.0,0.0,0.0,0.25,25.0
TRAIN_extreme_90638,cluster_2061304035_245647208,161.0,5.0,3,14.65942313200259,5.0,5.0,5.0,0.0,0.25,25.0
TRAIN_extreme_90638,cluster_2061304035_245647208,166.0,5.0,3,11.096594624447775,5.0,5.0,5.0,5.0,0.0,15.0
TRAIN_extreme_90638,cluster_2061304035_245647208,171.0,5.0,3,10.88512925652046,5.0,5.0,5.0,5.0,0.0,0.0
TRAIN_extreme_90638,cluster_2061304035_245647208,176.0,5.0,3,12.08385329402408,5.0,5.0,5.0,5.0,0.0,0.0
TRAIN_extreme_90638,cluster_2061304035_245647208,181.0,0.0,2,21.791368237454222,5.0,5.0,5.0,5.0,-0.25,0.0
TRAIN_extreme_90638,cluster_2061304035_245647208,186.0,0.0,0,0.0,0.0,5.0,5.0,5.0,-0.25,0.0
TRAIN_extreme_90638,cluster_2061304035_245647208,191.0,0.0,0,0.0,0.0,0.0,5.0,5.0,-0.25,0.0
TRAIN_extreme_90638,cluster_2061304035_245647208,196.0,0.0,2,51.30697670160187,0.0,0.0,0.0,5.0,-0.25,0.0
TRAIN_extreme_90638,cluster_2061304035_245647208,201.0,0.0,3,30.186343188171538,0.0,0.0,0.0,0.0,0.0,0.0
TRAIN_extreme_90638,cluster_2061304035_245647208,206.0,15.0,4,0.8374017331492948,0.0,0.0,0.0,0.0,0.75,0.0
TRAIN_extreme_90638,cluster_2061304035_245647208,211.0,20.0,5,9.544931501265216,15.0,0.0,0.0,0.0,1.0,0.0
TRAIN_extreme_90638,cluster_2061304035_245647208,216.0,25.0,5,0.06010992398145705,20.0,15.0,0.0,0.0,1.25,5.0
TRAIN_extreme_90638,cluster_2061304035_245647208,221.0,25.0,5,0.0,25.0,20.0,15.0,0.0,1.25,5.0
TRAIN_extreme_90638,cluster_2061304035_245647208,226.0,15.0,3,0.040023169802693395,25.0,25.0,20.0,15.0,0.0,5.0
TRAIN_extreme_90638,cluster_2061304035_245647208,231.0,0.0,1,25.224242479897068,15.0,25.0,25.0,20.0,-1.0,15.0
TRAIN_extreme_90638,cluster_2061304035_245647208,236.0,0.0,0,0.0,0.0,15.0,25.0,25.0,-1.25,35.0
TRAIN_extreme_90638,cluster_2061304035_245647208,241.0,0.0,3,65.52241260684312,0.0,0.0,15.0,25.0,-1.25,35.0
TRAIN_extreme_90638,cluster_2061304035_245647208,246.0,0.0,3,46.10334153151904,0.0,0.0,0.0,15.0,-0.75,35.0
TRAIN_extreme_90638,cluster_2061304035_245647208,251.0,0.0,2,17.638046597841605,0.0,0.0,0.0,0.0,0.0,35.0
TRAIN_extreme_90638,cluster_2061304035_245647208,256.0,0.0,2,32.01184224358181,0.0,0.0,0.0,0.0,0.0,30.0
TRAIN_extreme_90638,cluster_2061304035_245647208,261.0,0.0,2,36.9079542870524,0.0,0.0,0.0,0.0,0.0,0.0
TRAIN_extreme_90638,cluster_2061304035_245647208,266.0,0.0,0,0.0,0.0,0.0,0.0,0.0,0.0,0.0
TRAIN_extreme_90638,cluster_2061304035_245647208,271.0,0.0,0,0.0,0.0,0.0,0.0,0.0,0.0,0.0
TRAIN_extreme_90638,cluster_2061304035_245647208,276.0,5.0,1,0.02936475871521971,0.0,0.0,0.0,0.0,0.25,0.0
TRAIN_extreme_90638,cluster_2061304035_245647208,281.0,5.0,1,0.0,5.0,0.0,0.0,0.0,0.25,0.0
TRAIN_extreme_90638,cluster_2061304035_245647208,286.0,5.0,4,27.53694685118186,5.0,5.0,0.0,0.0,0.25,0.0
TRAIN_extreme_90638,cluster_2061304035_245647208,291.0,15.0,7,2.8347763158529053,5.0,5.0,5.0,0.0,0.75,0.0
TRAIN_extreme_90638,cluster_2061304035_245647208,296.0,35.0,7,0.020421352141583093,15.0,5.0,5.0,5.0,1.5,0.0
TRAIN_extreme_90638,cluster_2061304035_245647208,301.0,35.0,7,8.376540157826898e-05,35.0,15.0,5.0,5.0,1.5,0.0
TRAIN_extreme_90638,cluster_2061304035_245647208,306.0,35.0,7,5.185000963097275e-05,35.0,35.0,15.0,5.0,1.5,0.0
TRAIN_extreme_90638,cluster_2061304035_245647208,311.0,35.0,8,4.325624153946449,35.0,35.0,35.0,15.0,1.0,0.0
TRAIN_extreme_90638,cluster_2061304035_245647208,316.0,30.0,6,0.054463681873657015,35.0,35.0,35.0,35.0,-0.25,0.0
TRAIN_extreme_90638,cluster_2061304035_245647208,321.0,0.0,3,15.269200425650286,30.0,35.0,35.0,35.0,-1.75,10.0
TRAIN_extreme_90638,cluster_2061304035_245647208,326.0,0.0,1,32.72458610963227,0.0,30.0,35.0,35.0,-1.75,20.0
TRAIN_extreme_90638,cluster_2061304035_245647208,331.0,0.0,1,65.95666284163413,0.0,0.0,30.0,35.0,-1.75,30.0
TRAIN_extreme_90638,cluster_2061304035_245647208,336.0,0.0,0,0.0,0.0,0.0,0.0,30.0,-1.5,35.0
TRAIN_extreme_90638,cluster_2061304035_245647208,341.0,0.0,0,0.0,0.0,0.0,0.0,0.0,0.0,40.0
TRAIN_extreme_90638,cluster_2061304035_245647208,346.0,0.0,0,0.0,0.0,0.0,0.0,0.0,0.0,30.0
TRAIN_extreme_90638,cluster_2061304035_245647208,351.0,0.0,0,0.0,0.0,0.0,0.0,0.0,0.0,0.0
TRAIN_extreme_90638,cluster_2061304035_245647208,356.0,0.0,0,0.0,0.0,0.0,0.0,0.0,0.0,0.0
TRAIN_extreme_90638,cluster_2061304035_245647208,361.0,0.0,0,0.0,0.0,0.0,0.0,0.0,0.0,0.0
TRAIN_extreme_90638,cluster_2061304035_245647208,366.0,0.0,0,0.0,0.0,0.0,0.0,0.0,0.0,0.0
TRAIN_extreme_90638,cluster_2061304035_245647208,371.0,0.0,0,0.0,0.0,0.0,0.0,0.0,0.0,0.0
TRAIN_extreme_90638,cluster_2061304035_245647208,376.0,0.0,2,34.85046777269488,0.0,0.0,0.0,0.0,0.0,0.0
TRAIN_extreme_90638,cluster_2061304035_245647208,381.0,10.0,5,21.031983739055143,0.0,0.0,0.0,0.0,0.5,0.0
TRAIN_extreme_90638,cluster_2061304035_245647208,386.0,20.0,8,15.626878325558742,10.0,0.0,0.0,0.0,1.0,0.0
TRAIN_extreme_90638,cluster_2061304035_245647208,391.0,30.0,7,4.788125350291542,20.0,10.0,0.0,0.0,1.5,5.0
TRAIN_extreme_90638,cluster_2061304035_245647208,396.0,35.0,9,13.14333280297804,30.0,20.0,10.0,0.0,1.75,5.0
TRAIN_extreme_90638,cluster_2061304035_245647208,401.0,40.0,9,4.021712973564858,35.0,30.0,20.0,10.0,1.5,5.0
TRAIN_extreme_90638,cluster_2061304035_245647208,406.0,30.0,6,0.0009297715731314656,40.0,35.0,30.0,20.0,0.5,5.0
TRAIN_extreme_90638,cluster_2061304035_245647208,411.0,0.0,3,19.32849652647602,30.0,40.0,35.0,30.0,-1.5,15.0
TRAIN_extreme_90638,cluster_2061304035_245647208,416.0,0.0,0,0.0,0.0,30.0,40.0,35.0,-1.75,25.0
TRAIN_extreme_90638,cluster_2061304035_245647208,421.0,0.0,1,44.01533733928943,0.0,0.0,30.0,40.0,-2.0,35.0
TRAIN_extreme_90638,cluster_2061304035_245647208,426.0,0.0,0,0.0,0.0,0.0,0.0,30.0,-1.5,35.0
TRAIN_extreme_90638,cluster_2061304035_245647208,431.0,0.0,0,0.0,0.0,0.0,0.0,0.0,0.0,35.0
TRAIN_extreme_90638,cluster_2061304035_245647208,436.0,0.0,0,0.0,0.0,0.0,0.0,0.0,0.0,25.0
TRAIN_extreme_90638,cluster_2061304035_245647208,441.0,0.0,0,0.0,0.0,0.0,0.0,0.0,0.0,0.0
TRAIN_extreme_90638,cluster_2061304035_245647208,446.0,0.0,1,57.06662663432444,0.0,0.0,0.0,0.0,0.0,0.0
TRAIN_extreme_90638,cluster_2061304035_245647208,451.0,5.0,1,0.06125488300551319,0.0,0.0,0.0,0.0,0.25,0.0
TRAIN_extreme_90638,cluster_2061304035_245647208,456.0,5.0,1,0.0,5.0,0.0,0.0,0.0,0.25,0.0
TRAIN_extreme_90638,cluster_2061304035_245647208,461.0,5.0,1,0.0,5.0,5.0,0.0,0.0,0.25,0.0
TRAIN_extreme_90638,cluster_2061304035_245647208,466.0,5.0,4,34.94147599670947,5.0,5.0,5.0,0.0,0.25,0.0
TRAIN_extreme_90638,cluster_2061304035_245647208,471.0,15.0,7,12.932871206928663,5.0,5.0,5.0,5.0,0.5,0.0
TRAIN_extreme_90638,cluster_2061304035_245647208,476.0,25.0,7,0.9181994734008443,15.0,5.0,5.0,5.0,1.0,0.0
TRAIN_extreme_90638,cluster_2061304035_245647208,481.0,35.0,8,3.8030596446490925,25.0,15.0,5.0,5.0,1.5,0.0
TRAIN_extreme_90638,cluster_2061304035_245647208,486.0,35.0,7,0.0,35.0,25.0,15.0,5.0,1.5,0.0
TRAIN_extreme_90638,cluster_2061304035_245647208,491.0,35.0,9,5.2852516149766835,35.0,35.0,25.0,15.0,1.0,0.0
TRAIN_extreme_90638,cluster_2061304035_245647208,496.0,25.0,6,2.339028361801549,35.0,35.0,35.0,25.0,0.0,0.0
TRAIN_extreme_90638,cluster_2061304035_245647208,501.0,0.0,3,19.592755968722,25.0,35.0,35.0,35.0,-1.75,5.0
TRAIN_extreme_90638,cluster_2061304035_245647208,506.0,0.0,0,0.0,0.0,25.0,35.0,35.0,-1.75,5.0
TRAIN_extreme_90638,cluster_2061304035_245647208,511.0,0.0,1,52.85533498321623,0.0,0.0,25.0,35.0,-1.75,5.0
TRAIN_extreme_90638,cluster_2061304035_245647208,516.0,0.0,4,29.76120480867879,0.0,0.0,0.0,25.0,-1.25,5.0
TRAIN_extreme_90638,cluster_2061304035_245647208,521.0,0.0,3,20.3929420925921,0.0,0.0,0.0,0.0,0.0,5.0
TRAIN_extreme_90638,cluster_2061304035_245647208,526.0,0.0,2,20.60209120309995,0.0,0.0,0.0,0.0,0.0,0.0
TRAIN_extreme_90638,cluster_2061304035_245647208,531.0,0.0,2,18.456167944110323,0.0,0.0,0.0,0.0,0.0,0.0
TRAIN_extreme_90638,cluster_2061304035_245647208,536.0,0.0,1,20.846353550320032,0.0,0.0,0.0,0.0,0.0,0.0
TRAIN_extreme_90638,cluster_2061304035_245647208,541.0,0.0,1,33.13529422754022,0.0,0.0,0.0,0.0,0.0,0.0
TRAIN_extreme_90638,cluster_2061304035_245647208,546.0,0.0,0,0.0,0.0,0.0,0.0,0.0,0.0,0.0
TRAIN_extreme_90638,cluster_2061304035_245647208,551.0,0.0,0,0.0,0.0,0.0,0.0,0.0,0.0,0.0
TRAIN_extreme_90638,cluster_2061304035_245647208,556.0,0.0,3,56.404690290605686,0.0,0.0,0.0,0.0,0.0,0.0
TRAIN_extreme_90638,cluster_2061304035_245647208,561.0,5.0,3,30.76743313381261,0.0,0.0,0.0,0.0,0.25,0.0
TRAIN_extreme_90638,cluster_2061304035_245647208,566.0,5.0,3,35.184047517625245,5.0,0.0,0.0,0.0,0.25,0.0
TRAIN_extreme_90638,cluster_2061304035_245647208,571.0,5.0,1,0.0,5.0,5.0,0.0,0.0,0.25,0.0
TRAIN_extreme_90638,cluster_2061304035_245647208,576.0,5.0,1,0.0,5.0,5.0,5.0,0.0,0.25,0.0
TRAIN_extreme_90638,cluster_2061304035_245647208,581.0,5.0,1,0.0,5.0,5.0,5.0,5.0,0.0,0.0
TRAIN_extreme_90638,cluster_2061304035_245647208,586.0,0.0,1,62.57313515888031,5.0,5.0,5.0,5.0,-0.25,0.0
TRAIN_extreme_90638,cluster_2061304035_245647208,591.0,0.0,0,0.0,0.0,5.0,5.0,5.0,-0.25,5.0
TRAIN_extreme_90638,cluster_2061304035_245647208,596.0,0.0,0,0.0,0.0,0.0,5.0,5.0,-0.25,10.0
TRAIN_extreme_90638,cluster_2061304035_245647208,601.0,0.0,2,76.18540612728603,0.0,0.0,0.0,5.0,-0.25,15.0
TRAIN_extreme_90638,cluster_2061304035_245647208,606.0,0.0,0,0.0,0.0,0.0,0.0,0.0,0.0,20.0
TRAIN_extreme_90638,cluster_2061304035_245647208,611.0,0.0,0,0.0,0.0,0.0,0.0,0.0,0.0,20.0
TRAIN_extreme_90638,cluster_2061304035_245647208,616.0,0.0,1,99.92741291892324,0.0,0.0,0.0,0.0,0.0,10.0
TRAIN_extreme_90638,cluster_2061304035_245647208,621.0,0.0,0,0.0,0.0,0.0,0.0,0.0,0.0,0.0
TRAIN_extreme_90638,cluster_2061304035_245647208,626.0,0.0,2,21.753766147168044,0.0,0.0,0.0,0.0,0.0,0.0
TRAIN_extreme_90638,cluster_2061304035_245647208,631.0,0.0,0,0.0,0.0,0.0,0.0,0.0,0.0,0.0
TRAIN_extreme_90638,cluster_2061304035_245647208,636.0,0.0,0,0.0,0.0,0.0,0.0,0.0,0.0,0.0
TRAIN_extreme_90638,cluster_2061304035_245647208,641.0,0.0,0,0.0,0.0,0.0,0.0,0.0,0.0,0.0
TRAIN_extreme_90638,cluster_2061304035_245647208,646.0,0.0,3,51.116145809653354,0.0,0.0,0.0,0.0,0.0,0.0
TRAIN_extreme_90638,cluster_2061304035_245647208,651.0,5.0,4,13.834634008193476,0.0,0.0,0.0,0.0,0.25,0.0
TRAIN_extreme_90638,cluster_2061304035_245647208,656.0,10.0,4,1.0315985436660258,5.0,0.0,0.0,0.0,0.5,0.0
TRAIN_extreme_90638,cluster_2061304035_245647208,661.0,15.0,4,0.6309546961370573,10.0,5.0,0.0,0.0,0.75,0.0
TRAIN_extreme_90638,cluster_2061304035_245647208,666.0,20.0,5,18.597193450601104,15.0,10.0,5.0,0.0,1.0,0.0
TRAIN_extreme_90638,cluster_2061304035_245647208,671.0,20.0,5,0.38851579280105397,20.0,15.0,10.0,5.0,0.75,0.0
TRAIN_extreme_90638,cluster_2061304035_245647208,676.0,10.0,2,0.00019826312416097006,20.0,20.0,15.0,10.0,0.0,0.0
TRAIN_extreme_90638,cluster_2061304035_245647208,681.0,0.0,1,24.570493556415425,10.0,20.0,20.0,15.0,-0.75,10.0
TRAIN_extreme_90638,cluster_2061304035_245647208,686.0,0.0,0,0.0,0.0,10.0,20.0,20.0,-1.0,35.0
TRAIN_extreme_90638,cluster_2061304035_245647208,691.0,0.0,0,0.0,0.0,0.0,10.0,20.0,-1.0,40.0
TRAIN_extreme_90638,cluster_2061304035_245647208,696.0,0.0,2,22.01833243793398,0.0,0.0,0.0,10.0,-0.5,40.0
TRAIN_extreme_90638,cluster_2061304035_245647208,701.0,0.0,0,0.0,0.0,0.0,0.0,0.0,0.0,45.0
TRAIN_extreme_90638,cluster_2061304035_245647208,706.0,0.0,0,0.0,0.0,0.0,0.0,0.0,0.0,30.0
TRAIN_extreme_90638,cluster_2061304035_245647208,711.0,0.0,0,0.0,0.0,0.0,0.0,0.0,0.0,0.0
TRAIN_extreme_90638,cluster_2061304035_245647208,716.0,0.0,0,0.0,0.0,0.0,0.0,0.0,0.0,0.0
TRAIN_extreme_90638,cluster_2061304035_245647208,721.0,0.0,0,0.0,0.0,0.0,0.0,0.0,0.0,0.0
TRAIN_extreme_90638,cluster_2061304035_245647208,726.0,0.0,0,0.0,0.0,0.0,0.0,0.0,0.0,0.0
TRAIN_extreme_90638,cluster_2061304035_245647208,731.0,0.0,0,0.0,0.0,0.0,0.0,0.0,0.0,0.0
TRAIN_extreme_90638,cluster_2061304035_245647208,736.0,0.0,3,48.04469560467026,0.0,0.0,0.0,0.0,0.0,0.0
TRAIN_extreme_90638,cluster_245647168_3238255150_3495323634,16.0,0.0,0,0.0,0.0,0.0,0.0,0.0,0.0,10.0
TRAIN_extreme_90638,cluster_245647168_3238255150_3495323634,21.0,0.0,0,0.0,0.0,0.0,0.0,0.0,0.0,15.0
TRAIN_extreme_90638,cluster_245647168_3238255150_3495323634,26.0,0.0,0,0.0,0.0,0.0,0.0,0.0,0.0,20.0
TRAIN_extreme_90638,cluster_245647168_3238255150_3495323634,31.0,0.0,0,0.0,0.0,0.0,0.0,0.0,0.0,10.0
TRAIN_extreme_90638,cluster_245647168_3238255150_3495323634,36.0,0.0,0,0.0,0.0,0.0,0.0,0.0,0.0,10.0
TRAIN_extreme_90638,cluster_245647168_3238255150_3495323634,41.0,0.0,2,50.1939689423692,0.0,0.0,0.0,0.0,0.0,10.0
TRAIN_extreme_90638,cluster_245647168_3238255150_3495323634,46.0,5.0,2,0.9918791756925124,0.0,0.0,0.0,0.0,0.0,10.0
TRAIN_extreme_90638,cluster_245647168_3238255150_3495323634,51.0,10.0,2,0.0,5.0,0.0,0.0,0.0,0.0,10.0
TRAIN_extreme_90638,cluster_245647168_3238255150_3495323634,56.0,10.0,3,14.269566338777066,10.0,5.0,0.0,0.0,0.0,10.0
TRAIN_extreme_90638,cluster_245647168_3238255150_3495323634,61.0,10.0,3,21.577116736069325,10.0,10.0,5.0,0.0,0.0,20.0
TRAIN_extreme_90638,cluster_245647168_3238255150_3495323634,66.0,10.0,3,2.369450976140942,10.0,10.0,10.0,5.0,0.0,20.0
TRAIN_extreme_90638,cluster_245647168_3238255150_3495323634,71.0,10.0,3,17.544590639911952,10.0,10.0,10.0,10.0,0.0,20.0
TRAIN_extreme_90638,cluster_245647168_3238255150_3495323634,76.0,10.0,4,12.083882449460084,10.0,10.0,10.0,10.0,0.0,20.0
TRAIN_extreme_90638,cluster_245647168_3238255150_3495323634,81.0,15.0,4,0.12164535291904967,10.0,10.0,10.0,10.0,0.0,30.0
TRAIN_extreme_90638,cluster_245647168_3238255150_3495323634,86.0,20.0,4,0.0,15.0,10.0,10.0,10.0,0.0,30.0
TRAIN_extreme_90638,cluster_245647168_3238255150_3495323634,91.0,10.0,3,27.419307856050054,20.0,15.0,10.0,10.0,0.0,40.0
TRAIN_extreme_90638,cluster_245647168_3238255150_3495323634,96.0,10.0,3,33.10029823467276,10.0,20.0,15.0,10.0,0.0,50.0
TRAIN_extreme_90638,cluster_245647168_3238255150_3495323634,101.0,10.0,3,23.943586358120672,10.0,10.0,20.0,15.0,0.0,65.0
TRAIN_extreme_90638,cluster_245647168_3238255150_3495323634,106.0,10.0,4,30.68719630906608,10.0,10.0,10.0,20.0,0.0,55.0
TRAIN_extreme_90638,cluster_245647168_3238255150_3495323634,111.0,10.0,4,4.614746519447487,10.0,10.0,10.0,10.0,0.0,80.0
TRAIN_extreme_90638,cluster_245647168_3238255150_3495323634,116.0,10.0,4,10.523241751018878,10.0,10.0,10.0,10.0,0.0,100.0
TRAIN_extreme_90638,cluster_245647168_3238255150_3495323634,121.0,20.0,4,0.05987527881053023,10.0,10.0,10.0,10.0,0.5,100.0
TRAIN_extreme_90638,cluster_245647168_3238255150_3495323634,126.0,20.0,6,12.526944579185692,20.0,10.0,10.0,10.0,0.5,45.0
TRAIN_extreme_90638,cluster_245647168_3238255150_3495323634,131.0,20.0,7,21.377774876513,20.0,20.0,10.0,10.0,0.5,5.0
TRAIN_extreme_90638,cluster_245647168_3238255150_3495323634,136.0,20.0,7,6.4747998155560955,20.0,20.0,20.0,10.0,0.5,10.0
TRAIN_extreme_90638,cluster_245647168_3238255150_3495323634,141.0,30.0,6,0.001512187109088065,20.0,20.0,20.0,20.0,0.5,35.0
TRAIN_extreme_90638,cluster_245647168_3238255150_3495323634,146.0,30.0,8,9.681726755848278,30.0,20.0,20.0,20.0,0.5,75.0
TRAIN_extreme_90638,cluster_245647168_3238255150_3495323634,151.0,40.0,10,7.199548654159266,30.0,30.0,20.0,20.0,1.0,85.0
TRAIN_extreme_90638,cluster_245647168_3238255150_3495323634,156.0,50.0,13,8.09447828668751,40.0,30.0,30.0,20.0,1.5,90.0
TRAIN_extreme_90638,cluster_245647168_3238255150_3495323634,161.0,65.0,15,2.7704117991762227,50.0,40.0,30.0,30.0,1.75,95.0
TRAIN_extreme_90638,cluster_245647168_3238255150_3495323634,166.0,55.0,19,9.94162518282744,65.0,50.0,40.0,30.0,1.25,90.0
TRAIN_extreme_90638,cluster_245647168_3238255150_3495323634,171.0,80.0,20,5.023124878192349,55.0,65.0,50.0,40.0,2.0,85.0
TRAIN_extreme_90638,cluster_245647168_3238255150_3495323634,176.0,100.0,24,5.6799669081891055,80.0,55.0,65.0,50.0,2.5,85.0
TRAIN_extreme_90638,cluster_245647168_3238255150_3495323634,181.0,100.0,25,8.029557752019999,100.0,80.0,55.0,65.0,1.75,85.0
TRAIN_extreme_90638,cluster_245647168_3238255150_3495323634,186.0,45.0,23,10.445055286687005,100.0,100.0,80.0,55.0,-0.5,90.0
TRAIN_extreme_90638,cluster_245647168_3238255150_3495323634,191.0,5.0,19,19.684009145241035,45.0,100.0,100.0,80.0,-3.75,90.0
TRAIN_extreme_90638,cluster_245647168_3238255150_3495323634,196.0,10.0,17,19.913719669922553,5.0,45.0,100.0,100.0,-4.5,90.0
TRAIN_extreme_90638,cluster_245647168_3238255150_3495323634,201.0,35.0,19,8.289698710931214,10.0,5.0,45.0,100.0,-3.25,115.0
TRAIN_extreme_90638,cluster_245647168_3238255150_3495323634,206.0,75.0,18,0.16502195464959743,35.0,10.0,5.0,45.0,1.5,125.0
TRAIN_extreme_90638,cluster_245647168_3238255150_3495323634,211.0,85.0,19,3.9742407483011677,75.0,35.0,10.0,5.0,4.0,130.0
TRAIN_extreme_90638,cluster_245647168_3238255150_3495323634,216.0,90.0,20,3.600587401559481,85.0,75.0,35.0,10.0,4.0,45.0
TRAIN_extreme_90638,cluster_245647168_3238255150_3495323634,221.0,95.0,20,0.39575927922198806,90.0,85.0,75.0,35.0,3.0,5.0
TRAIN_extreme_90638,cluster_245647168_3238255150_3495323634,226.0,90.0,19,0.24185425382200193,95.0,90.0,85.0,75.0,0.75,5.0
TRAIN_extreme_90638,cluster_245647168_3238255150_3495323634,231.0,85.0,17,0.0,90.0,95.0,90.0,85.0,0.0,20.0
TRAIN_extreme_90638,cluster_245647168_3238255150_3495323634,236.0,85.0,17,0.0,85.0,90.0,95.0,90.0,-0.25,50.0
TRAIN_extreme_90638,cluster_245647168_3238255150_3495323634,241.0,85.0,19,8.028254410122187,85.0,85.0,90.0,95.0,-0.5,85.0
TRAIN_extreme_90638,cluster_245647168_3238255150_3495323634,246.0,90.0,19,0.5370651346235052,85.0,85.0,85.0,90.0,0.0,90.0
TRAIN_extreme_90638,cluster_245647168_3238255150_3495323634,251.0,90.0,21,6.940545264284884,90.0,85.0,85.0,85.0,0.25,100.0
TRAIN_extreme_90638,cluster_245647168_3238255150_3495323634,256.0,90.0,25,7.764437538730393,90.0,90.0,85.0,85.0,0.25,95.0
TRAIN_extreme_90638,cluster_245647168_3238255150_3495323634,261.0,115.0,27,5.720215353059486,90.0,90.0,90.0,85.0,1.5,95.0
TRAIN_extreme_90638,cluster_245647168_3238255150_3495323634,266.0,125.0,32,2.205216497410151,115.0,90.0,90.0,90.0,1.75,100.0
TRAIN_extreme_90638,cluster_245647168_3238255150_3495323634,271.0,130.0,30,3.2077121770013686,125.0,115.0,90.0,90.0,2.0,105.0
TRAIN_extreme_90638,cluster_245647168_3238255150_3495323634,276.0,45.0,29,7.532809855634603,130.0,125.0,115.0,90.0,-2.25,110.0
TRAIN_extreme_90638,cluster_245647168_3238255150_3495323634,281.0,5.0,20,9.252756329290587,45.0,130.0,125.0,115.0,-5.5,105.0
TRAIN_extreme_90638,cluster_245647168_3238255150_3495323634,286.0,5.0,15,14.04209529490163,5.0,45.0,130.0,125.0,-6.0,115.0
TRAIN_extreme_90638,cluster_245647168_3238255150_3495323634,291.0,20.0,17,9.81749595568063,5.0,5.0,45.0,130.0,-5.5,115.0
TRAIN_extreme_90638,cluster_245647168_3238255150_3495323634,296.0,50.0,19,5.176187655455537,20.0,5.0,5.0,45.0,0.25,130.0
TRAIN_extreme_90638,cluster_245647168_3238255150_3495323634,301.0,85.0,20,1.9695951558640568,50.0,20.0,5.0,5.0,4.0,115.0
TRAIN_extreme_90638,cluster_245647168_3238255150_3495323634,306.0,90.0,20,0.16667632523761686,85.0,50.0,20.0,5.0,4.25,50.0
TRAIN_extreme_90638,cluster_245647168_3238255150_3495323634,311.0,100.0,20,0.0004566344319545587,90.0,85.0,50.0,20.0,4.0,15.0
TRAIN_extreme_90638,cluster_245647168_3238255150_3495323634,316.0,95.0,19,3.548921687140361e-05,100.0,90.0,85.0,50.0,2.25,15.0
TRAIN_extreme_90638,cluster_245647168_3238255150_3495323634,321.0,95.0,20,0.6170438362547638,95.0,100.0,90.0,85.0,0.5,30.0
TRAIN_extreme_90638,cluster_245647168_3238255150_3495323634,326.0,100.0,22,2.480443903806157,95.0,95.0,100.0,90.0,0.5,65.0
TRAIN_extreme_90638,cluster_245647168_3238255150_3495323634,331.0,105.0,22,1.1504478937355265,100.0,95.0,95.0,100.0,0.25,90.0
TRAIN_extreme_90638,cluster_245647168_3238255150_3495323634,336.0,110.0,23,2.4639027367091004,105.0,100.0,95.0,95.0,0.75,115.0
TRAIN_extreme_90638,cluster_245647168_3238255150_3495323634,341.0,105.0,22,0.04521719900422127,110.0,105.0,100.0,95.0,0.5,130.0
TRAIN_extreme_90638,cluster_245647168_3238255150_3495323634,346.0,115.0,27,7.498710943406405,105.0,110.0,105.0,100.0,0.75,130.0
TRAIN_extreme_90638,cluster_245647168_3238255150_3495323634,351.0,115.0,26,1.0527854403964152,115.0,105.0,110.0,105.0,0.5,135.0
TRAIN_extreme_90638,cluster_245647168_3238255150_3495323634,356.0,130.0,26,0.00033623456753946847,115.0,115.0,105.0,110.0,1.0,140.0
TRAIN_extreme_90638,cluster_245647168_3238255150_3495323634,361.0,115.0,23,0.0,130.0,115.0,115.0,105.0,0.5,140.0
TRAIN_extreme_90638,cluster_245647168_3238255150_3495323634,366.0,50.0,21,6.815656709468316,115.0,130.0,115.0,115.0,-3.25,140.0
TRAIN_extreme_90638,cluster_245647168_3238255150_3495323634,371.0,15.0,13,10.992606818587802,50.0,115.0,130.0,115.0,-5.0,115.0
TRAIN_extreme_90638,cluster_245647168_3238255150_3495323634,376.0,15.0,11,20.77921681897201,15.0,50.0,115.0,130.0,-5.75,130.0
TRAIN_extreme_90638,cluster_245647168_3238255150_3495323634,381.0,30.0,16,14.040496981453838,15.0,15.0,50.0,115.0,-4.25,135.0
TRAIN_extreme_90638,cluster_245647168_3238255150_3495323634,386.0,65.0,20,9.086375933042065,30.0,15.0,15.0,50.0,0.75,145.0
TRAIN_extreme_90638,cluster_245647168_3238255150_3495323634,391.0,90.0,24,4.059384423200011,65.0,30.0,15.0,15.0,3.75,130.0
TRAIN_extreme_90638,cluster_245647168_3238255150_3495323634,396.0,115.0,26,1.865743467605055,90.0,65.0,30.0,15.0,5.0,70.0
TRAIN_extreme_90638,cluster_245647168_3238255150_3495323634,401.0,130.0,28,1.903946099236377,115.0,90.0,65.0,30.0,5.0,30.0
TRAIN_extreme_90638,cluster_245647168_3238255150_3495323634,406.0,130.0,28,0.4007939227812436,130.0,115.0,90.0,65.0,3.25,10.0
TRAIN_extreme_90638,cluster_245647168_3238255150_3495323634,411.0,135.0,28,1.5392401977499945,130.0,130.0,115.0,90.0,2.25,25.0
TRAIN_extreme_90638,cluster_245647168_3238255150_3495323634,416.0,140.0,29,2.056180177431427,135.0,130.0,130.0,115.0,1.25,40.0
TRAIN_extreme_90638,cluster_245647168_3238255150_3495323634,421.0,140.0,29,3.246411103901248,140.0,135.0,130.0,130.0,0.5,70.0
TRAIN_extreme_90638,cluster_245647168_3238255150_3495323634,426.0,140.0,31,5.013090399563348,140.0,140.0,135.0,130.0,0.5,100.0
TRAIN_extreme_90638,cluster_245647168_3238255150_3495323634,431.0,115.0,28,4.789234544050267,140.0,140.0,140.0,135.0,-1.0,105.0
TRAIN_extreme_90638,cluster_245647168_3238255150_3495323634,436.0,130.0,28,3.87874013734114,115.0,140.0,140.0,140.0,-0.5,100.0
TRAIN_extreme_90638,cluster_245647168_3238255150_3495323634,441.0,135.0,29,1.121720776397132,130.0,115.0,140.0,140.0,-0.25,100.0
TRAIN_extreme_90638,cluster_245647168_3238255150_3495323634,446.0,145.0,29,0.002991199451169857,135.0,130.0,115.0,140.0,0.25,100.0
TRAIN_extreme_90638,cluster_245647168_3238255150_3495323634,451.0,130.0,26,0.0,145.0,135.0,130.0,115.0,0.75,105.0
TRAIN_extreme_90638,cluster_245647168_3238255150_3495323634,456.0,70.0,22,4.7089730053871905,130.0,145.0,135.0,130.0,-3.0,110.0
TRAIN_extreme_90638,cluster_245647168_3238255150_3495323634,461.0,30.0,15,9.582775309975785,70.0,130.0,145.0,135.0,-5.25,110.0
TRAIN_extreme_90638,cluster_245647168_3238255150_3495323634,466.0,10.0,12,12.517474537987527,30.0,70.0,130.0,145.0,-6.75,115.0
TRAIN_extreme_90638,cluster_245647168_3238255150_3495323634,471.0,25.0,15,10.889105742265643,10.0,30.0,70.0,130.0,-5.25,120.0
TRAIN_extreme_90638,cluster_245647168_3238255150_3495323634,476.0,40.0,18,5.8605292545577266,25.0,10.0,30.0,70.0,-1.5,130.0
TRAIN_extreme_90638,cluster_245647168_3238255150_3495323634,481.0,70.0,21,1.4305521552843548,40.0,25.0,10.0,30.0,2.0,120.0
TRAIN_extreme_90638,cluster_245647168_3238255150_3495323634,486.0,100.0,21,0.05005452575242139,70.0,40.0,25.0,10.0,4.5,60.0
TRAIN_extreme_90638,cluster_245647168_3238255150_3495323634,491.0,105.0,21,0.00045590185051122827,100.0,70.0,40.0,25.0,4.0,20.0
TRAIN_extreme_90638,cluster_245647168_3238255150_3495323634,496.0,100.0,20,3.69507696095161e-05,105.0,100.0,70.0,40.0,3.0,20.0
TRAIN_extreme_90638,cluster_245647168_3238255150_3495323634,501.0,100.0,20,0.0,100.0,105.0,100.0,70.0,1.5,45.0
TRAIN_extreme_90638,cluster_245647168_3238255150_3495323634,506.0,100.0,20,0.0,100.0,100.0,105.0,100.0,0.0,70.0
TRAIN_extreme_90638,cluster_245647168_3238255150_3495323634,511.0,105.0,22,0.6516182283489195,100.0,100.0,100.0,105.0,0.0,105.0
TRAIN_extreme_90638,cluster_245647168_3238255150_3495323634,516.0,110.0,23,2.705779453119701,105.0,100.0,100.0,100.0,0.5,135.0
TRAIN_extreme_90638,cluster_245647168_3238255150_3495323634,521.0,110.0,24,3.9677637236099508,110.0,105.0,100.0,100.0,0.5,140.0
TRAIN_extreme_90638,cluster_245647168_3238255150_3495323634,526.0,115.0,25,3.139571950086334,110.0,110.0,105.0,100.0,0.75,140.0
TRAIN_extreme_90638,cluster_245647168_3238255150_3495323634,531.0,120.0,27,5.381394745301607,115.0,110.0,110.0,105.0,0.75,135.0
TRAIN_extreme_90638,cluster_245647168_3238255150_3495323634,536.0,130.0,29,5.443585157530174,120.0,115.0,110.0,110.0,1.0,140.0
TRAIN_extreme_90638,cluster_245647168_3238255150_3495323634,541.0,120.0,26,2.25629388068253,130.0,120.0,115.0,110.0,0.5,160.0
TRAIN_extreme_90638,cluster_245647168_3238255150_3495323634,546.0,60.0,24,6.205252070899455,120.0,130.0,120.0,115.0,-2.75,170.0
TRAIN_extreme_90638,cluster_245647168_3238255150_3495323634,551.0,20.0,20,16.06482344019585,60.0,120.0,130.0,120.0,-5.0,170.0
TRAIN_extreme_90638,cluster_245647168_3238255150_3495323634,556.0,20.0,17,22.687274031802446,20.0,60.0,120.0,130.0,-5.5,170.0
TRAIN_extreme_90638,cluster_245647168_3238255150_3495323634,561.0,45.0,22,9.89541749558291,20.0,20.0,60.0,120.0,-3.75,170.0
TRAIN_extreme_90638,cluster_245647168_3238255150_3495323634,566.0,70.0,25,5.214135994710416,45.0,20.0,20.0,60.0,0.5,180.0
TRAIN_extreme_90638,cluster_245647168_3238255150_3495323634,571.0,105.0,28,4.490102145050609,70.0,45.0,20.0,20.0,4.25,160.0
TRAIN_extreme_90638,cluster_245647168_3238255150_3495323634,576.0,135.0,29,2.777964885176609,105.0,70.0,45.0,20.0,5.75,75.0
TRAIN_extreme_90638,cluster_245647168_3238255150_3495323634,581.0,140.0,30,1.6137180751089837,135.0,105.0,70.0,45.0,4.75,20.0
TRAIN_extreme_90638,cluster_245647168_3238255150_3495323634,586.0,140.0,30,0.6286416542658743,140.0,135.0,105.0,70.0,3.5,20.0
TRAIN_extreme_90638,cluster_245647168_3238255150_3495323634,591.0,135.0,32,3.481509121286792,140.0,140.0,135.0,105.0,1.5,30.0
TRAIN_extreme_90638,cluster_245647168_3238255150_3495323634,596.0,140.0,34,2.8931321308896227,135.0,140.0,140.0,135.0,0.25,50.0
TRAIN_extreme_90638,cluster_245647168_3238255150_3495323634,601.0,160.0,34,0.20313465135830572,140.0,135.0,140.0,140.0,1.0,75.0
TRAIN_extreme_90638,cluster_245647168_3238255150_3495323634,606.0,170.0,35,0.13849707717703108,160.0,140.0,135.0,140.0,1.5,115.0
TRAIN_extreme_90638,cluster_245647168_3238255150_3495323634,611.0,170.0,34,9.084440515723029e-05,170.0,160.0,140.0,135.0,1.75,115.0
TRAIN_extreme_90638,cluster_245647168_3238255150_3495323634,616.0,170.0,35,1.3147398212530212,170.0,170.0,160.0,140.0,1.5,125.0
TRAIN_extreme_90638,cluster_245647168_3238255150_3495323634,621.0,170.0,36,0.4715567518720905,170.0,170.0,170.0,160.0,0.5,115.0
TRAIN_extreme_90638,cluster_245647168_3238255150_3495323634,626.0,180.0,36,0.0009962445677830169,170.0,170.0,170.0,170.0,0.5,125.0
TRAIN_extreme_90638,cluster_245647168_3238255150_3495323634,631.0,160.0,33,1.5071340767071977,180.0,170.0,170.0,170.0,-0.5,125.0
TRAIN_extreme_90638,cluster_245647168_3238255150_3495323634,636.0,75.0,28,5.940078083197867,160.0,180.0,170.0,170.0,-4.75,130.0
TRAIN_extreme_90638,cluster_245647168_3238255150_3495323634,641.0,20.0,20,14.75053887238764,75.0,160.0,180.0,170.0,-7.5,135.0
TRAIN_extreme_90638,cluster_245647168_3238255150_3495323634,646.0,20.0,13,20.983166949989197,20.0,75.0,160.0,180.0,-8.0,140.0
TRAIN_extreme_90638,cluster_245647168_3238255150_3495323634,651.0,30.0,16,9.719852391174433,20.0,20.0,75.0,160.0,-6.5,140.0
TRAIN_extreme_90638,cluster_245647168_3238255150_3495323634,656.0,50.0,20,7.081623061619597,30.0,20.0,20.0,75.0,-1.25,145.0
TRAIN_extreme_90638,cluster_245647168_3238255150_3495323634,661.0,75.0,23,4.3420055379733435,50.0,30.0,20.0,20.0,2.75,135.0
TRAIN_extreme_90638,cluster_245647168_3238255150_3495323634,666.0,115.0,24,2.891529521817166,75.0,50.0,30.0,20.0,4.75,45.0
TRAIN_extreme_90638,cluster_245647168_3238255150_3495323634,671.0,115.0,25,1.43882567126753,115.0,75.0,50.0,30.0,4.25,0.0
TRAIN_extreme_90638,cluster_245647168_3238255150_3495323634,676.0,125.0,25,0.0051747708556704654,115.0,115.0,75.0,50.0,3.75,10.0
TRAIN_extreme_90638,cluster_245647168_3238255150_3495323634,681.0,115.0,25,0.6630203191750783,125.0,115.0,115.0,75.0,2.0,20.0
TRAIN_extreme_90638,cluster_245647168_3238255150_3495323634,686.0,125.0,25,0.0,115.0,125.0,115.0,115.0,0.5,55.0
TRAIN_extreme_90638,cluster_245647168_3238255150_3495323634,691.0,125.0,26,0.764372491796046,125.0,115.0,125.0,115.0,0.5,80.0
TRAIN_extreme_90638,cluster_245647168_3238255150_3495323634,696.0,130.0,27,0.5867828073047174,125.0,125.0,115.0,125.0,0.25,110.0
TRAIN_extreme_90638,cluster_245647168_3238255150_3495323634,701.0,135.0,28,2.6284435434028897,130.0,125.0,125.0,115.0,1.0,110.0
TRAIN_extreme_90638,cluster_245647168_3238255150_3495323634,706.0,140.0,28,0.0,135.0,130.0,125.0,125.0,0.75,110.0
TRAIN_extreme_90638,cluster_245647168_3238255150_3495323634,711.0,140.0,30,3.2384302590580964,140.0,135.0,130.0,125.0,0.75,110.0
TRAIN_extreme_90638,cluster_245647168_3238255150_3495323634,716.0,145.0,31,0.5749982460068398,140.0,140.0,135.0,130.0,0.75,110.0
TRAIN_extreme_90638,cluster_245647168_3238255150_3495323634,721.0,135.0,27,0.0005755775130931122,145.0,140.0,140.0,135.0,0.0,110.0
TRAIN_extreme_90638,cluster_245647168_3238255150_3495323634,726.0,45.0,22,4.836276387247255,135.0,145.0,140.0,140.0,-4.75,115.0
TRAIN_extreme_90638,cluster_245647168_3238255150_3495323634,731.0,0.0,15,7.953566193551041,45.0,135.0,145.0,140.0,-7.0,125.0
TRAIN_extreme_90638,cluster_245647168_3238255150_3495323634,736.0,10.0,14,14.961519716298021,0.0,45.0,135.0,145.0,-6.75,120.0
TRAIN_heavy_vehicle_92514,cluster_13546492148_1838721956,16.0,0.0,0,0.0,0.0,0.0,0.0,0.0,0.0,0.0
TRAIN_heavy_vehicle_92514,cluster_13546492148_1838721956,21.0,0.0,0,0.0,0.0,0.0,0.0,0.0,0.0,0.0
TRAIN_heavy_vehicle_92514,cluster_13546492148_1838721956,26.0,0.0,0,0.0,0.0,0.0,0.0,0.0,0.0,0.0
TRAIN_heavy_vehicle_92514,cluster_13546492148_1838721956,31.0,0.0,0,0.0,0.0,0.0,0.0,0.0,0.0,0.0
TRAIN_heavy_vehicle_92514,cluster_13546492148_1838721956,36.0,0.0,0,0.0,0.0,0.0,0.0,0.0,0.0,0.0
TRAIN_heavy_vehicle_92514,cluster_13546492148_1838721956,41.0,0.0,0,0.0,0.0,0.0,0.0,0.0,0.0,0.0
TRAIN_heavy_vehicle_92514,cluster_13546492148_1838721956,46.0,0.0,0,0.0,0.0,0.0,0.0,0.0,0.0,0.0
TRAIN_heavy_vehicle_92514,cluster_13546492148_1838721956,51.0,0.0,0,0.0,0.0,0.0,0.0,0.0,0.0,0.0
TRAIN_heavy_vehicle_92514,cluster_13546492148_1838721956,56.0,0.0,0,0.0,0.0,0.0,0.0,0.0,0.0,0.0
TRAIN_heavy_vehicle_92514,cluster_13546492148_1838721956,61.0,0.0,0,0.0,0.0,0.0,0.0,0.0,0.0,0.0
TRAIN_heavy_vehicle_92514,cluster_13546492148_1838721956,66.0,0.0,0,0.0,0.0,0.0,0.0,0.0,0.0,0.0
TRAIN_heavy_vehicle_92514,cluster_13546492148_1838721956,71.0,0.0,0,0.0,0.0,0.0,0.0,0.0,0.0,0.0
TRAIN_heavy_vehicle_92514,cluster_13546492148_1838721956,76.0,0.0,0,0.0,0.0,0.0,0.0,0.0,0.0,0.0
TRAIN_heavy_vehicle_92514,cluster_13546492148_1838721956,81.0,0.0,0,0.0,0.0,0.0,0.0,0.0,0.0,0.0
TRAIN_heavy_vehicle_92514,cluster_13546492148_1838721956,86.0,0.0,0,0.0,0.0,0.0,0.0,0.0,0.0,0.0
TRAIN_heavy_vehicle_92514,cluster_13546492148_1838721956,91.0,0.0,0,0.0,0.0,0.0,0.0,0.0,0.0,0.0
TRAIN_heavy_vehicle_92514,cluster_13546492148_1838721956,96.0,0.0,0,0.0,0.0,0.0,0.0,0.0,0.0,5.0
TRAIN_heavy_vehicle_92514,cluster_13546492148_1838721956,101.0,0.0,0,0.0,0.0,0.0,0.0,0.0,0.0,5.0
TRAIN_heavy_vehicle_92514,cluster_13546492148_1838721956,106.0,0.0,0,0.0,0.0,0.0,0.0,0.0,0.0,5.0
TRAIN_heavy_vehicle_92514,cluster_13546492148_1838721956,111.0,0.0,0,0.0,0.0,0.0,0.0,0.0,0.0,10.0
TRAIN_heavy_vehicle_92514,cluster_13546492148_1838721956,116.0,0.0,0,0.0,0.0,0.0,0.0,0.0,0.0,10.0
TRAIN_heavy_vehicle_92514,cluster_13546492148_1838721956,121.0,0.0,0,0.0,0.0,0.0,0.0,0.0,0.0,0.0
TRAIN_heavy_vehicle_92514,cluster_13546492148_1838721956,126.0,0.0,0,0.0,0.0,0.0,0.0,0.0,0.0,0.0
TRAIN_heavy_vehicle_92514,cluster_13546492148_1838721956,131.0,0.0,0,0.0,0.0,0.0,0.0,0.0,0.0,0.0
TRAIN_heavy_vehicle_92514,cluster_13546492148_1838721956,136.0,0.0,0,0.0,0.0,0.0,0.0,0.0,0.0,0.0
TRAIN_heavy_vehicle_92514,cluster_13546492148_1838721956,141.0,0.0,0,0.0,0.0,0.0,0.0,0.0,0.0,0.0
TRAIN_heavy_vehicle_92514,cluster_13546492148_1838721956,146.0,0.0,0,0.0,0.0,0.0,0.0,0.0,0.0,5.0
TRAIN_heavy_vehicle_92514,cluster_13546492148_1838721956,151.0,0.0,1,4.040338593770441,0.0,0.0,0.0,0.0,0.0,5.0
TRAIN_heavy_vehicle_92514,cluster_13546492148_1838721956,156.0,5.0,1,0.00198256077221285,0.0,0.0,0.0,0.0,0.25,5.0
TRAIN_heavy_vehicle_92514,cluster_13546492148_1838721956,161.0,5.0,1,0.0,5.0,0.0,0.0,0.0,0.25,5.0
TRAIN_heavy_vehicle_92514,cluster_13546492148_1838721956,166.0,5.0,2,1.6746303417768085,5.0,5.0,0.0,0.0,0.25,0.0
TRAIN_heavy_vehicle_92514,cluster_13546492148_1838721956,171.0,10.0,2,0.00039140075133614177,5.0,5.0,5.0,0.0,0.5,0.0
TRAIN_heavy_vehicle_92514,cluster_13546492148_1838721956,176.0,10.0,2,0.0,10.0,5.0,5.0,5.0,0.25,0.0
TRAIN_heavy_vehicle_92514,cluster_13546492148_1838721956,181.0,0.0,0,0.0,10.0,10.0,5.0,5.0,-0.25,0.0
TRAIN_heavy_vehicle_92514,cluster_13546492148_1838721956,186.0,0.0,0,0.0,0.0,10.0,10.0,5.0,-0.25,0.0
TRAIN_heavy_vehicle_92514,cluster_13546492148_1838721956,191.0,0.0,0,0.0,0.0,0.0,10.0,10.0,-0.5,5.0
TRAIN_heavy_vehicle_92514,cluster_13546492148_1838721956,196.0,0.0,0,0.0,0.0,0.0,0.0,10.0,-0.5,5.0
TRAIN_heavy_vehicle_92514,cluster_13546492148_1838721956,201.0,0.0,1,20.481093837999115,0.0,0.0,0.0,0.0,0.0,5.0
TRAIN_heavy_vehicle_92514,cluster_13546492148_1838721956,206.0,5.0,1,0.0,0.0,0.0,0.0,0.0,0.25,5.0
TRAIN_heavy_vehicle_92514,cluster_13546492148_1838721956,211.0,5.0,1,0.0,5.0,0.0,0.0,0.0,0.25,0.0
TRAIN_heavy_vehicle_92514,cluster_13546492148_1838721956,216.0,5.0,1,0.0,5.0,5.0,0.0,0.0,0.25,0.0
TRAIN_heavy_vehicle_92514,cluster_13546492148_1838721956,221.0,5.0,1,0.0,5.0,5.0,5.0,0.0,0.25,0.0
TRAIN_heavy_vehicle_92514,cluster_13546492148_1838721956,226.0,0.0,0,0.0,5.0,5.0,5.0,5.0,-0.25,0.0
TRAIN_heavy_vehicle_92514,cluster_13546492148_1838721956,231.0,0.0,0,0.0,0.0,5.0,5.0,5.0,-0.25,0.0
TRAIN_heavy_vehicle_92514,cluster_13546492148_1838721956,236.0,0.0,0,0.0,0.0,0.0,5.0,5.0,-0.25,5.0
TRAIN_heavy_vehicle_92514,cluster_13546492148_1838721956,241.0,0.0,0,0.0,0.0,0.0,0.0,5.0,-0.25,10.0
TRAIN_heavy_vehicle_92514,cluster_13546492148_1838721956,246.0,0.0,1,0.6116045688993964,0.0,0.0,0.0,0.0,0.0,10.0
TRAIN_heavy_vehicle_92514,cluster_13546492148_1838721956,251.0,5.0,1,0.0,0.0,0.0,0.0,0.0,0.25,10.0
TRAIN_heavy_vehicle_92514,cluster_13546492148_1838721956,256.0,5.0,1,0.0,5.0,0.0,0.0,0.0,0.25,0.0
TRAIN_heavy_vehicle_92514,cluster_13546492148_1838721956,261.0,5.0,1,0.0,5.0,5.0,0.0,0.0,0.25,0.0
TRAIN_heavy_vehicle_92514,cluster_13546492148_1838721956,266.0,5.0,1,0.0,5.0,5.0,5.0,0.0,0.25,5.0
TRAIN_heavy_vehicle_92514,cluster_13546492148_1838721956,271.0,0.0,2,1.7880727913239634,5.0,5.0,5.0,5.0,-0.25,5.0
TRAIN_heavy_vehicle_92514,cluster_13546492148_1838721956,276.0,0.0,1,8.673334225741119,0.0,5.0,5.0,5.0,-0.25,5.0
TRAIN_heavy_vehicle_92514,cluster_13546492148_1838721956,281.0,0.0,0,0.0,0.0,0.0,5.0,5.0,-0.25,5.0
TRAIN_heavy_vehicle_92514,cluster_13546492148_1838721956,286.0,0.0,0,0.0,0.0,0.0,0.0,5.0,-0.25,5.0
TRAIN_heavy_vehicle_92514,cluster_13546492148_1838721956,291.0,0.0,1,23.057640376199494,0.0,0.0,0.0,0.0,0.0,5.0
TRAIN_heavy_vehicle_92514,cluster_13546492148_1838721956,296.0,5.0,2,0.5169308490763864,0.0,0.0,0.0,0.0,0.25,10.0
TRAIN_heavy_vehicle_92514,cluster_13546492148_1838721956,301.0,10.0,2,0.002858087603679151,5.0,0.0,0.0,0.0,0.5,0.0
TRAIN_heavy_vehicle_92514,cluster_13546492148_1838721956,306.0,10.0,2,0.0,10.0,5.0,0.0,0.0,0.5,0.0
TRAIN_heavy_vehicle_92514,cluster_13546492148_1838721956,311.0,10.0,2,0.0,10.0,10.0,5.0,0.0,0.5,0.0
TRAIN_heavy_vehicle_92514,cluster_13546492148_1838721956,316.0,0.0,0,0.0,10.0,10.0,10.0,5.0,-0.25,0.0
TRAIN_heavy_vehicle_92514,cluster_13546492148_1838721956,321.0,0.0,0,0.0,0.0,10.0,10.0,10.0,-0.5,0.0
TRAIN_heavy_vehicle_92514,cluster_13546492148_1838721956,326.0,5.0,1,0.1472799615387982,0.0,0.0,10.0,10.0,-0.25,0.0
TRAIN_heavy_vehicle_92514,cluster_13546492148_1838721956,331.0,5.0,1,0.001390008982659196,5.0,0.0,0.0,10.0,-0.25,0.0
TRAIN_heavy_vehicle_92514,cluster_13546492148_1838721956,336.0,5.0,1,0.0,5.0,5.0,0.0,0.0,0.25,0.0
TRAIN_heavy_vehicle_92514,cluster_13546492148_1838721956,341.0,5.0,1,0.0,5.0,5.0,5.0,0.0,0.25,10.0
TRAIN_heavy_vehicle_92514,cluster_13546492148_1838721956,346.0,5.0,1,0.0,5.0,5.0,5.0,5.0,0.0,0.0
TRAIN_heavy_vehicle_92514,cluster_13546492148_1838721956,351.0,5.0,2,11.606255090245238,5.0,5.0,5.0,5.0,0.0,10.0
TRAIN_heavy_vehicle_92514,cluster_13546492148_1838721956,356.0,10.0,2,0.011665874154933437,5.0,5.0,5.0,5.0,0.25,20.0
TRAIN_heavy_vehicle_92514,cluster_13546492148_1838721956,361.0,0.0,1,2.4583853863112832,10.0,5.0,5.0,5.0,-0.25,20.0
TRAIN_heavy_vehicle_92514,cluster_13546492148_1838721956,366.0,0.0,0,0.0,0.0,10.0,5.0,5.0,-0.25,20.0
TRAIN_heavy_vehicle_92514,cluster_13546492148_1838721956,371.0,0.0,0,0.0,0.0,0.0,10.0,5.0,-0.25,20.0
TRAIN_heavy_vehicle_92514,cluster_13546492148_1838721956,376.0,0.0,0,0.0,0.0,0.0,0.0,10.0,-0.5,20.0
TRAIN_heavy_vehicle_92514,cluster_13546492148_1838721956,381.0,0.0,0,0.0,0.0,0.0,0.0,0.0,0.0,20.0
TRAIN_heavy_vehicle_92514,cluster_13546492148_1838721956,386.0,0.0,0,0.0,0.0,0.0,0.0,0.0,0.0,20.0
TRAIN_heavy_vehicle_92514,cluster_13546492148_1838721956,391.0,0.0,0,0.0,0.0,0.0,0.0,0.0,0.0,5.0
TRAIN_heavy_vehicle_92514,cluster_13546492148_1838721956,396.0,0.0,2,11.520134079144366,0.0,0.0,0.0,0.0,0.0,0.0
TRAIN_heavy_vehicle_92514,cluster_13546492148_1838721956,401.0,10.0,2,0.0003250981083296525,0.0,0.0,0.0,0.0,0.5,0.0
TRAIN_heavy_vehicle_92514,cluster_13546492148_1838721956,406.0,0.0,3,16.54905632038558,10.0,0.0,0.0,0.0,0.0,0.0
TRAIN_heavy_vehicle_92514,cluster_13546492148_1838721956,411.0,10.0,3,0.9357985752753093,0.0,10.0,0.0,0.0,0.5,0.0
TRAIN_heavy_vehicle_92514,cluster_13546492148_1838721956,416.0,20.0,4,0.012965745469540726,10.0,0.0,10.0,0.0,1.0,5.0
TRAIN_heavy_vehicle_92514,cluster_13546492148_1838721956,421.0,20.0,4,0.0,20.0,10.0,0.0,10.0,0.5,5.0
TRAIN_heavy_vehicle_92514,cluster_13546492148_1838721956,426.0,20.0,4,0.0,20.0,20.0,10.0,0.0,1.0,5.0
TRAIN_heavy_vehicle_92514,cluster_13546492148_1838721956,431.0,20.0,4,0.0,20.0,20.0,20.0,10.0,0.5,5.0
TRAIN_heavy_vehicle_92514,cluster_13546492148_1838721956,436.0,20.0,4,0.0,20.0,20.0,20.0,20.0,0.0,0.0
TRAIN_heavy_vehicle_92514,cluster_13546492148_1838721956,441.0,20.0,4,0.0,20.0,20.0,20.0,20.0,0.0,0.0
TRAIN_heavy_vehicle_92514,cluster_13546492148_1838721956,446.0,20.0,4,0.0,20.0,20.0,20.0,20.0,0.0,5.0
TRAIN_heavy_vehicle_92514,cluster_13546492148_1838721956,451.0,5.0,2,0.9797517352038995,20.0,20.0,20.0,20.0,-0.75,5.0
TRAIN_heavy_vehicle_92514,cluster_13546492148_1838721956,456.0,0.0,2,21.075356989894686,5.0,20.0,20.0,20.0,-1.0,5.0
TRAIN_heavy_vehicle_92514,cluster_13546492148_1838721956,461.0,0.0,0,0.0,0.0,5.0,20.0,20.0,-1.0,5.0
TRAIN_heavy_vehicle_92514,cluster_13546492148_1838721956,466.0,0.0,0,0.0,0.0,0.0,5.0,20.0,-1.0,5.0
TRAIN_heavy_vehicle_92514,cluster_13546492148_1838721956,471.0,0.0,0,0.0,0.0,0.0,0.0,5.0,-0.25,5.0
TRAIN_heavy_vehicle_92514,cluster_13546492148_1838721956,476.0,5.0,1,0.02670962210448521,0.0,0.0,0.0,0.0,0.25,5.0
TRAIN_heavy_vehicle_92514,cluster_13546492148_1838721956,481.0,5.0,1,0.0,5.0,0.0,0.0,0.0,0.25,0.0
TRAIN_heavy_vehicle_92514,cluster_13546492148_1838721956,486.0,5.0,1,0.0,5.0,5.0,0.0,0.0,0.25,0.0
TRAIN_heavy_vehicle_92514,cluster_13546492148_1838721956,491.0,5.0,1,0.0,5.0,5.0,5.0,0.0,0.25,0.0
TRAIN_heavy_vehicle_92514,cluster_13546492148_1838721956,496.0,0.0,0,0.0,5.0,5.0,5.0,5.0,-0.25,0.0
TRAIN_heavy_vehicle_92514,cluster_13546492148_1838721956,501.0,0.0,1,22.66541005050824,0.0,5.0,5.0,5.0,-0.25,0.0
TRAIN_heavy_vehicle_92514,cluster_13546492148_1838721956,506.0,5.0,1,0.058103149566032394,0.0,0.0,5.0,5.0,0.0,0.0
TRAIN_heavy_vehicle_92514,cluster_13546492148_1838721956,511.0,5.0,1,0.0,5.0,0.0,0.0,5.0,0.0,0.0
TRAIN_heavy_vehicle_92514,cluster_13546492148_1838721956,516.0,5.0,1,0.0,5.0,5.0,0.0,0.0,0.25,0.0
TRAIN_heavy_vehicle_92514,cluster_13546492148_1838721956,521.0,5.0,1,0.0,5.0,5.0,5.0,0.0,0.25,5.0
TRAIN_heavy_vehicle_92514,cluster_13546492148_1838721956,526.0,5.0,1,0.0,5.0,5.0,5.0,5.0,0.0,0.0
TRAIN_heavy_vehicle_92514,cluster_13546492148_1838721956,531.0,5.0,1,0.0,5.0,5.0,5.0,5.0,0.0,0.0
TRAIN_heavy_vehicle_92514,cluster_13546492148_1838721956,536.0,5.0,1,0.0,5.0,5.0,5.0,5.0,0.0,0.0
TRAIN_heavy_vehicle_92514,cluster_13546492148_1838721956,541.0,0.0,0,0.0,5.0,5.0,5.0,5.0,-0.25,0.0
TRAIN_heavy_vehicle_92514,cluster_13546492148_1838721956,546.0,0.0,0,0.0,0.0,5.0,5.0,5.0,-0.25,5.0
TRAIN_heavy_vehicle_92514,cluster_13546492148_1838721956,551.0,0.0,0,0.0,0.0,0.0,5.0,5.0,-0.25,10.0
TRAIN_heavy_vehicle_92514,cluster_13546492148_1838721956,556.0,0.0,0,0.0,0.0,0.0,0.0,5.0,-0.25,10.0
TRAIN_heavy_vehicle_92514,cluster_13546492148_1838721956,561.0,0.0,0,0.0,0.0,0.0,0.0,0.0,0.0,10.0
TRAIN_heavy_vehicle_92514,cluster_13546492148_1838721956,566.0,0.0,0,0.0,0.0,0.0,0.0,0.0,0.0,10.0
TRAIN_heavy_vehicle_92514,cluster_13546492148_1838721956,571.0,0.0,0,0.0,0.0,0.0,0.0,0.0,0.0,0.0
TRAIN_heavy_vehicle_92514,cluster_13546492148_1838721956,576.0,0.0,1,0.5527616442135028,0.0,0.0,0.0,0.0,0.0,0.0
TRAIN_heavy_vehicle_92514,cluster_13546492148_1838721956,581.0,5.0,1,0.0006840007601971299,0.0,0.0,0.0,0.0,0.25,0.0
TRAIN_heavy_vehicle_92514,cluster_13546492148_1838721956,586.0,0.0,1,1.8460404387675227,5.0,0.0,0.0,0.0,0.0,0.0
TRAIN_heavy_vehicle_92514,cluster_13546492148_1838721956,591.0,0.0,0,0.0,0.0,5.0,0.0,0.0,0.0,0.0
TRAIN_heavy_vehicle_92514,cluster_13546492148_1838721956,596.0,0.0,0,0.0,0.0,0.0,5.0,0.0,0.0,5.0
TRAIN_heavy_vehicle_92514,cluster_13546492148_1838721956,601.0,0.0,1,19.95930461211651,0.0,0.0,0.0,5.0,-0.25,5.0
TRAIN_heavy_vehicle_92514,cluster_13546492148_1838721956,606.0,5.0,2,13.649541219151722,0.0,0.0,0.0,0.0,0.25,5.0
TRAIN_heavy_vehicle_92514,cluster_13546492148_1838721956,611.0,10.0,2,0.008006994010091318,5.0,0.0,0.0,0.0,0.5,5.0
TRAIN_heavy_vehicle_92514,cluster_13546492148_1838721956,616.0,10.0,2,0.00023942839038770464,10.0,5.0,0.0,0.0,0.5,0.0
TRAIN_heavy_vehicle_92514,cluster_13546492148_1838721956,621.0,10.0,2,0.0,10.0,10.0,5.0,0.0,0.5,0.0
TRAIN_heavy_vehicle_92514,cluster_13546492148_1838721956,626.0,10.0,2,0.0,10.0,10.0,10.0,5.0,0.25,10.0
TRAIN_heavy_vehicle_92514,cluster_13546492148_1838721956,631.0,0.0,1,3.0764301428105685,10.0,10.0,10.0,10.0,-0.5,10.0
TRAIN_heavy_vehicle_92514,cluster_13546492148_1838721956,636.0,0.0,0,0.0,0.0,10.0,10.0,10.0,-0.5,10.0
TRAIN_heavy_vehicle_92514,cluster_13546492148_1838721956,641.0,0.0,0,0.0,0.0,0.0,10.0,10.0,-0.5,10.0
TRAIN_heavy_vehicle_92514,cluster_13546492148_1838721956,646.0,0.0,0,0.0,0.0,0.0,0.0,10.0,-0.5,10.0
TRAIN_heavy_vehicle_92514,cluster_13546492148_1838721956,651.0,0.0,0,0.0,0.0,0.0,0.0,0.0,0.0,10.0
TRAIN_heavy_vehicle_92514,cluster_13546492148_1838721956,656.0,5.0,1,0.006117682248845831,0.0,0.0,0.0,0.0,0.25,15.0
TRAIN_heavy_vehicle_92514,cluster_13546492148_1838721956,661.0,5.0,1,0.0,5.0,0.0,0.0,0.0,0.25,0.0
TRAIN_heavy_vehicle_92514,cluster_13546492148_1838721956,666.0,5.0,1,0.0,5.0,5.0,0.0,0.0,0.25,0.0
TRAIN_heavy_vehicle_92514,cluster_13546492148_1838721956,671.0,5.0,1,0.0,5.0,5.0,5.0,0.0,0.25,0.0
TRAIN_heavy_vehicle_92514,cluster_13546492148_1838721956,676.0,0.0,0,0.0,5.0,5.0,5.0,5.0,-0.25,0.0
TRAIN_heavy_vehicle_92514,cluster_13546492148_1838721956,681.0,0.0,1,0.39621014758626866,0.0,5.0,5.0,5.0,-0.25,0.0
TRAIN_heavy_vehicle_92514,cluster_13546492148_1838721956,686.0,10.0,2,0.08908079548850605,0.0,0.0,5.0,5.0,0.25,0.0
TRAIN_heavy_vehicle_92514,cluster_13546492148_1838721956,691.0,10.0,2,0.0,10.0,0.0,0.0,5.0,0.25,0.0
TRAIN_heavy_vehicle_92514,cluster_13546492148_1838721956,696.0,10.0,2,0.0,10.0,10.0,0.0,0.0,0.5,5.0
TRAIN_heavy_vehicle_92514,cluster_13546492148_1838721956,701.0,10.0,2,0.0,10.0,10.0,10.0,0.0,0.5,5.0
TRAIN_heavy_vehicle_92514,cluster_13546492148_1838721956,706.0,10.0,2,0.0,10.0,10.0,10.0,10.0,0.0,0.0
TRAIN_heavy_vehicle_92514,cluster_13546492148_1838721956,711.0,10.0,3,0.3419104563993269,10.0,10.0,10.0,10.0,0.0,0.0
TRAIN_heavy_vehicle_92514,cluster_13546492148_1838721956,716.0,15.0,3,0.0,10.0,10.0,10.0,10.0,0.25,0.0
TRAIN_heavy_vehicle_92514,cluster_13546492148_1838721956,721.0,0.0,2,2.813093333342113,15.0,10.0,10.0,10.0,-0.5,0.0
TRAIN_heavy_vehicle_92514,cluster_13546492148_1838721956,726.0,0.0,0,0.0,0.0,15.0,10.0,10.0,-0.5,0.0
TRAIN_heavy_vehicle_92514,cluster_13546492148_1838721956,731.0,0.0,0,0.0,0.0,0.0,15.0,10.0,-0.5,5.0
TRAIN_heavy_vehicle_92514,cluster_13546492148_1838721956,736.0,0.0,0,0.0,0.0,0.0,0.0,15.0,-0.75,5.0
TRAIN_heavy_vehicle_92514,cluster_2061304035_245647208,16.0,0.0,0,0.0,0.0,0.0,0.0,0.0,0.0,0.0
TRAIN_heavy_vehicle_92514,cluster_2061304035_245647208,21.0,0.0,0,0.0,0.0,0.0,0.0,0.0,0.0,0.0
TRAIN_heavy_vehicle_92514,cluster_2061304035_245647208,26.0,0.0,0,0.0,0.0,0.0,0.0,0.0,0.0,0.0
TRAIN_heavy_vehicle_92514,cluster_2061304035_245647208,31.0,0.0,0,0.0,0.0,0.0,0.0,0.0,0.0,0.0
TRAIN_heavy_vehicle_92514,cluster_2061304035_245647208,36.0,0.0,0,0.0,0.0,0.0,0.0,0.0,0.0,5.0
TRAIN_heavy_vehicle_92514,cluster_2061304035_245647208,41.0,0.0,0,0.0,0.0,0.0,0.0,0.0,0.0,5.0
TRAIN_heavy_vehicle_92514,cluster_2061304035_245647208,46.0,0.0,0,0.0,0.0,0.0,0.0,0.0,0.0,5.0
TRAIN_heavy_vehicle_92514,cluster_2061304035_245647208,51.0,0.0,0,0.0,0.0,0.0,0.0,0.0,0.0,5.0
TRAIN_heavy_vehicle_92514,cluster_2061304035_245647208,56.0,0.0,0,0.0,0.0,0.0,0.0,0.0,0.0,5.0
TRAIN_heavy_vehicle_92514,cluster_2061304035_245647208,61.0,0.0,0,0.0,0.0,0.0,0.0,0.0,0.0,5.0
TRAIN_heavy_vehicle_92514,cluster_2061304035_245647208,66.0,0.0,0,0.0,0.0,0.0,0.0,0.0,0.0,5.0
TRAIN_heavy_vehicle_92514,cluster_2061304035_245647208,71.0,0.0,0,0.0,0.0,0.0,0.0,0.0,0.0,5.0
TRAIN_heavy_vehicle_92514,cluster_2061304035_245647208,76.0,0.0,0,0.0,0.0,0.0,0.0,0.0,0.0,0.0
TRAIN_heavy_vehicle_92514,cluster_2061304035_245647208,81.0,0.0,0,0.0,0.0,0.0,0.0,0.0,0.0,0.0
TRAIN_heavy_vehicle_92514,cluster_2061304035_245647208,86.0,0.0,0,0.0,0.0,0.0,0.0,0.0,0.0,0.0
TRAIN_heavy_vehicle_92514,cluster_2061304035_245647208,91.0,0.0,1,11.576795973936191,0.0,0.0,0.0,0.0,0.0,0.0
TRAIN_heavy_vehicle_92514,cluster_2061304035_245647208,96.0,5.0,1,0.0,0.0,0.0,0.0,0.0,0.0,0.0
TRAIN_heavy_vehicle_92514,cluster_2061304035_245647208,101.0,5.0,1,0.0,5.0,0.0,0.0,0.0,0.0,0.0
TRAIN_heavy_vehicle_92514,cluster_2061304035_245647208,106.0,5.0,1,0.0,5.0,5.0,0.0,0.0,0.0,0.0
TRAIN_heavy_vehicle_92514,cluster_2061304035_245647208,111.0,5.0,1,0.0,5.0,5.0,5.0,0.0,0.25,0.0
TRAIN_heavy_vehicle_92514,cluster_2061304035_245647208,116.0,5.0,1,0.0,5.0,5.0,5.0,5.0,0.0,0.0
TRAIN_heavy_vehicle_92514,cluster_2061304035_245647208,121.0,5.0,1,0.0,5.0,5.0,5.0,5.0,0.0,0.0
TRAIN_heavy_vehicle_92514,cluster_2061304035_245647208,126.0,5.0,1,0.0,5.0,5.0,5.0,5.0,0.0,5.0
TRAIN_heavy_vehicle_92514,cluster_2061304035_245647208,131.0,5.0,1,0.0,5.0,5.0,5.0,5.0,0.0,5.0
TRAIN_heavy_vehicle_92514,cluster_2061304035_245647208,136.0,0.0,0,0.0,5.0,5.0,5.0,5.0,-0.25,5.0
TRAIN_heavy_vehicle_92514,cluster_2061304035_245647208,141.0,0.0,0,0.0,0.0,5.0,5.0,5.0,-0.25,10.0
TRAIN_heavy_vehicle_92514,cluster_2061304035_245647208,146.0,0.0,0,0.0,0.0,0.0,5.0,5.0,-0.25,15.0
TRAIN_heavy_vehicle_92514,cluster_2061304035_245647208,151.0,0.0,0,0.0,0.0,0.0,0.0,5.0,-0.25,15.0
TRAIN_heavy_vehicle_92514,cluster_2061304035_245647208,156.0,0.0,0,0.0,0.0,0.0,0.0,0.0,0.0,15.0
TRAIN_heavy_vehicle_92514,cluster_2061304035_245647208,161.0,0.0,0,0.0,0.0,0.0,0.0,0.0,0.0,15.0
TRAIN_heavy_vehicle_92514,cluster_2061304035_245647208,166.0,0.0,0,0.0,0.0,0.0,0.0,0.0,0.0,5.0
TRAIN_heavy_vehicle_92514,cluster_2061304035_245647208,171.0,0.0,0,0.0,0.0,0.0,0.0,0.0,0.0,0.0
TRAIN_heavy_vehicle_92514,cluster_2061304035_245647208,176.0,0.0,0,0.0,0.0,0.0,0.0,0.0,0.0,0.0
TRAIN_heavy_vehicle_92514,cluster_2061304035_245647208,181.0,0.0,1,30.163995669559895,0.0,0.0,0.0,0.0,0.0,0.0
TRAIN_heavy_vehicle_92514,cluster_2061304035_245647208,186.0,5.0,1,0.002177070092829153,0.0,0.0,0.0,0.0,0.25,0.0
TRAIN_heavy_vehicle_92514,cluster_2061304035_245647208,191.0,5.0,1,0.0,5.0,0.0,0.0,0.0,0.25,0.0
TRAIN_heavy_vehicle_92514,cluster_2061304035_245647208,196.0,5.0,2,16.40424697668946,5.0,5.0,0.0,0.0,0.25,0.0
TRAIN_heavy_vehicle_92514,cluster_2061304035_245647208,201.0,10.0,3,0.5880540048416568,5.0,5.0,5.0,0.0,0.5,0.0
TRAIN_heavy_vehicle_92514,cluster_2061304035_245647208,206.0,15.0,3,0.0,10.0,5.0,5.0,5.0,0.5,0.0
TRAIN_heavy_vehicle_92514,cluster_2061304035_245647208,211.0,15.0,3,0.0,15.0,10.0,5.0,5.0,0.5,0.0
TRAIN_heavy_vehicle_92514,cluster_2061304035_245647208,216.0,15.0,3,0.0,15.0,15.0,10.0,5.0,0.5,0.0
TRAIN_heavy_vehicle_92514,cluster_2061304035_245647208,221.0,15.0,3,0.0,15.0,15.0,15.0,10.0,0.25,5.0
TRAIN_heavy_vehicle_92514,cluster_2061304035_245647208,226.0,5.0,2,1.582731750793755,15.0,15.0,15.0,15.0,-0.5,5.0
TRAIN_heavy_vehicle_92514,cluster_2061304035_245647208,231.0,0.0,1,13.767055200627075,5.0,15.0,15.0,15.0,-0.75,5.0
TRAIN_heavy_vehicle_92514,cluster_2061304035_245647208,236.0,0.0,0,0.0,0.0,5.0,15.0,15.0,-0.75,10.0
TRAIN_heavy_vehicle_92514,cluster_2061304035_245647208,241.0,0.0,0,0.0,0.0,0.0,5.0,15.0,-0.75,15.0
TRAIN_heavy_vehicle_92514,cluster_2061304035_245647208,246.0,0.0,0,0.0,0.0,0.0,0.0,5.0,-0.25,15.0
TRAIN_heavy_vehicle_92514,cluster_2061304035_245647208,251.0,0.0,0,0.0,0.0,0.0,0.0,0.0,0.0,15.0
TRAIN_heavy_vehicle_92514,cluster_2061304035_245647208,256.0,0.0,0,0.0,0.0,0.0,0.0,0.0,0.0,5.0
TRAIN_heavy_vehicle_92514,cluster_2061304035_245647208,261.0,0.0,0,0.0,0.0,0.0,0.0,0.0,0.0,5.0
TRAIN_heavy_vehicle_92514,cluster_2061304035_245647208,266.0,0.0,0,0.0,0.0,0.0,0.0,0.0,0.0,5.0
TRAIN_heavy_vehicle_92514,cluster_2061304035_245647208,271.0,0.0,0,0.0,0.0,0.0,0.0,0.0,0.0,5.0
TRAIN_heavy_vehicle_92514,cluster_2061304035_245647208,276.0,0.0,1,5.514413142528396,0.0,0.0,0.0,0.0,0.0,5.0
TRAIN_heavy_vehicle_92514,cluster_2061304035_245647208,281.0,5.0,1,0.0,0.0,0.0,0.0,0.0,0.25,5.0
TRAIN_heavy_vehicle_92514,cluster_2061304035_245647208,286.0,5.0,1,0.0,5.0,0.0,0.0,0.0,0.25,5.0
TRAIN_heavy_vehicle_92514,cluster_2061304035_245647208,291.0,5.0,3,22.97205978484344,5.0,5.0,0.0,0.0,0.25,5.0
TRAIN_heavy_vehicle_92514,cluster_2061304035_245647208,296.0,10.0,3,0.16589744715064061,5.0,5.0,5.0,0.0,0.5,5.0
TRAIN_heavy_vehicle_92514,cluster_2061304035_245647208,301.0,15.0,3,0.0,10.0,5.0,5.0,5.0,0.5,0.0
TRAIN_heavy_vehicle_92514,cluster_2061304035_245647208,306.0,15.0,3,0.0,15.0,10.0,5.0,5.0,0.5,0.0
TRAIN_heavy_vehicle_92514,cluster_2061304035_245647208,311.0,15.0,3,0.0,15.0,15.0,10.0,5.0,0.5,0.0
TRAIN_heavy_vehicle_92514,cluster_2061304035_245647208,316.0,5.0,3,19.069566561202766,15.0,15.0,15.0,10.0,-0.25,0.0
TRAIN_heavy_vehicle_92514,cluster_2061304035_245647208,321.0,5.0,2,7.728454137514141,5.0,15.0,15.0,15.0,-0.5,0.0
TRAIN_heavy_vehicle_92514,cluster_2061304035_245647208,326.0,5.0,3,15.400285408878696,5.0,5.0,15.0,15.0,-0.5,0.0
TRAIN_heavy_vehicle_92514,cluster_2061304035_245647208,331.0,5.0,2,34.913104778834764,5.0,5.0,5.0,15.0,-0.5,5.0
TRAIN_heavy_vehicle_92514,cluster_2061304035_245647208,336.0,5.0,1,0.0,5.0,5.0,5.0,5.0,0.0,5.0
TRAIN_heavy_vehicle_92514,cluster_2061304035_245647208,341.0,5.0,1,0.0,5.0,5.0,5.0,5.0,0.0,5.0
TRAIN_heavy_vehicle_92514,cluster_2061304035_245647208,346.0,5.0,1,0.0,5.0,5.0,5.0,5.0,0.0,0.0
TRAIN_heavy_vehicle_92514,cluster_2061304035_245647208,351.0,5.0,1,0.0,5.0,5.0,5.0,5.0,0.0,0.0
TRAIN_heavy_vehicle_92514,cluster_2061304035_245647208,356.0,5.0,1,0.0,5.0,5.0,5.0,5.0,0.0,0.0
TRAIN_heavy_vehicle_92514,cluster_2061304035_245647208,361.0,0.0,0,0.0,5.0,5.0,5.0,5.0,-0.25,0.0
TRAIN_heavy_vehicle_92514,cluster_2061304035_245647208,366.0,0.0,0,0.0,0.0,5.0,5.0,5.0,-0.25,0.0
TRAIN_heavy_vehicle_92514,cluster_2061304035_245647208,371.0,0.0,0,0.0,0.0,0.0,5.0,5.0,-0.25,0.0
TRAIN_heavy_vehicle_92514,cluster_2061304035_245647208,376.0,0.0,1,51.4545741921406,0.0,0.0,0.0,5.0,-0.25,0.0
TRAIN_heavy_vehicle_92514,cluster_2061304035_245647208,381.0,0.0,0,0.0,0.0,0.0,0.0,0.0,0.0,0.0
TRAIN_heavy_vehicle_92514,cluster_2061304035_245647208,386.0,0.0,1,24.93241417472434,0.0,0.0,0.0,0.0,0.0,0.0
TRAIN_heavy_vehicle_92514,cluster_2061304035_245647208,391.0,5.0,1,0.007966644838776222,0.0,0.0,0.0,0.0,0.25,0.0
TRAIN_heavy_vehicle_92514,cluster_2061304035_245647208,396.0,5.0,1,0.0,5.0,0.0,0.0,0.0,0.25,0.0
TRAIN_heavy_vehicle_92514,cluster_2061304035_245647208,401.0,5.0,2,26.158951805942426,5.0,5.0,0.0,0.0,0.25,0.0
TRAIN_heavy_vehicle_92514,cluster_2061304035_245647208,406.0,0.0,1,2.590258216112852,5.0,5.0,5.0,0.0,0.0,0.0
TRAIN_heavy_vehicle_92514,cluster_2061304035_245647208,411.0,0.0,0,0.0,0.0,5.0,5.0,5.0,-0.25,0.0
TRAIN_heavy_vehicle_92514,cluster_2061304035_245647208,416.0,0.0,0,0.0,0.0,0.0,5.0,5.0,-0.25,5.0
TRAIN_heavy_vehicle_92514,cluster_2061304035_245647208,421.0,0.0,2,71.81924062574004,0.0,0.0,0.0,5.0,-0.25,15.0
TRAIN_heavy_vehicle_92514,cluster_2061304035_245647208,426.0,0.0,0,0.0,0.0,0.0,0.0,0.0,0.0,20.0
TRAIN_heavy_vehicle_92514,cluster_2061304035_245647208,431.0,0.0,1,48.43930116782902,0.0,0.0,0.0,0.0,0.0,20.0
TRAIN_heavy_vehicle_92514,cluster_2061304035_245647208,436.0,0.0,0,0.0,0.0,0.0,0.0,0.0,0.0,10.0
TRAIN_heavy_vehicle_92514,cluster_2061304035_245647208,441.0,0.0,0,0.0,0.0,0.0,0.0,0.0,0.0,0.0
TRAIN_heavy_vehicle_92514,cluster_2061304035_245647208,446.0,0.0,0,0.0,0.0,0.0,0.0,0.0,0.0,0.0
TRAIN_heavy_vehicle_92514,cluster_2061304035_245647208,451.0,0.0,0,0.0,0.0,0.0,0.0,0.0,0.0,0.0
TRAIN_heavy_vehicle_92514,cluster_2061304035_245647208,456.0,0.0,0,0.0,0.0,0.0,0.0,0.0,0.0,0.0
TRAIN_heavy_vehicle_92514,cluster_2061304035_245647208,461.0,0.0,0,0.0,0.0,0.0,0.0,0.0,0.0,0.0
TRAIN_heavy_vehicle_92514,cluster_2061304035_245647208,466.0,0.0,1,49.09034166680443,0.0,0.0,0.0,0.0,0.0,0.0
TRAIN_heavy_vehicle_92514,cluster_2061304035_245647208,471.0,0.0,3,21.61458672058654,0.0,0.0,0.0,0.0,0.0,0.0
TRAIN_heavy_vehicle_92514,cluster_2061304035_245647208,476.0,5.0,3,25.19948297582305,0.0,0.0,0.0,0.0,0.25,0.0
TRAIN_heavy_vehicle_92514,cluster_2061304035_245647208,481.0,15.0,5,18.402535423790518,5.0,0.0,0.0,0.0,0.75,0.0
TRAIN_heavy_vehicle_92514,cluster_2061304035_245647208,486.0,20.0,4,0.0005600014216934638,15.0,5.0,0.0,0.0,1.0,0.0
TRAIN_heavy_vehicle_92514,cluster_2061304035_245647208,491.0,20.0,5,2.8293439112619554,20.0,15.0,5.0,0.0,1.0,0.0
TRAIN_heavy_vehicle_92514,cluster_2061304035_245647208,496.0,10.0,4,1.4756412623920978,20.0,20.0,15.0,5.0,0.25,0.0
TRAIN_heavy_vehicle_92514,cluster_2061304035_245647208,501.0,0.0,2,12.402172948167568,10.0,20.0,20.0,15.0,-0.75,5.0
TRAIN_heavy_vehicle_92514,cluster_2061304035_245647208,506.0,0.0,0,0.0,0.0,10.0,20.0,20.0,-1.0,5.0
TRAIN_heavy_vehicle_92514,cluster_2061304035_245647208,511.0,0.0,1,63.27398779624099,0.0,0.0,10.0,20.0,-1.0,5.0
TRAIN_heavy_vehicle_92514,cluster_2061304035_245647208,516.0,0.0,0,0.0,0.0,0.0,0.0,10.0,-0.5,5.0
TRAIN_heavy_vehicle_92514,cluster_2061304035_245647208,521.0,0.0,0,0.0,0.0,0.0,0.0,0.0,0.0,5.0
TRAIN_heavy_vehicle_92514,cluster_2061304035_245647208,526.0,0.0,0,0.0,0.0,0.0,0.0,0.0,0.0,0.0
TRAIN_heavy_vehicle_92514,cluster_2061304035_245647208,531.0,0.0,0,0.0,0.0,0.0,0.0,0.0,0.0,0.0
TRAIN_heavy_vehicle_92514,cluster_2061304035_245647208,536.0,0.0,0,0.0,0.0,0.0,0.0,0.0,0.0,0.0
TRAIN_heavy_vehicle_92514,cluster_2061304035_245647208,541.0,0.0,0,0.0,0.0,0.0,0.0,0.0,0.0,0.0
TRAIN_heavy_vehicle_92514,cluster_2061304035_245647208,546.0,0.0,0,0.0,0.0,0.0,0.0,0.0,0.0,0.0
TRAIN_heavy_vehicle_92514,cluster_2061304035_245647208,551.0,0.0,0,0.0,0.0,0.0,0.0,0.0,0.0,0.0
TRAIN_heavy_vehicle_92514,cluster_2061304035_245647208,556.0,0.0,1,30.722849067197185,0.0,0.0,0.0,0.0,0.0,0.0
TRAIN_heavy_vehicle_92514,cluster_2061304035_245647208,561.0,5.0,1,0.02529991466556442,0.0,0.0,0.0,0.0,0.25,0.0
TRAIN_heavy_vehicle_92514,cluster_2061304035_245647208,566.0,5.0,1,0.0,5.0,0.0,0.0,0.0,0.25,0.0
TRAIN_heavy_vehicle_92514,cluster_2061304035_245647208,571.0,5.0,1,0.0,5.0,5.0,0.0,0.0,0.25,0.0
TRAIN_heavy_vehicle_92514,cluster_2061304035_245647208,576.0,5.0,1,0.0,5.0,5.0,5.0,0.0,0.25,0.0
TRAIN_heavy_vehicle_92514,cluster_2061304035_245647208,581.0,5.0,1,0.0,5.0,5.0,5.0,5.0,0.0,0.0
TRAIN_heavy_vehicle_92514,cluster_2061304035_245647208,586.0,0.0,0,0.0,5.0,5.0,5.0,5.0,-0.25,0.0
TRAIN_heavy_vehicle_92514,cluster_2061304035_245647208,591.0,0.0,0,0.0,0.0,5.0,5.0,5.0,-0.25,5.0
TRAIN_heavy_vehicle_92514,cluster_2061304035_245647208,596.0,0.0,0,0.0,0.0,0.0,5.0,5.0,-0.25,5.0
TRAIN_heavy_vehicle_92514,cluster_2061304035_245647208,601.0,0.0,1,72.11502848409559,0.0,0.0,0.0,5.0,-0.25,10.0
TRAIN_heavy_vehicle_92514,cluster_2061304035_245647208,606.0,0.0,0,0.0,0.0,0.0,0.0,0.0,0.0,10.0
TRAIN_heavy_vehicle_92514,cluster_2061304035_245647208,611.0,0.0,1,33.825903945086445,0.0,0.0,0.0,0.0,0.0,15.0
TRAIN_heavy_vehicle_92514,cluster_2061304035_245647208,616.0,0.0,0,0.0,0.0,0.0,0.0,0.0,0.0,5.0
TRAIN_heavy_vehicle_92514,cluster_2061304035_245647208,621.0,0.0,0,0.0,0.0,0.0,0.0,0.0,0.0,0.0
TRAIN_heavy_vehicle_92514,cluster_2061304035_245647208,626.0,0.0,0,0.0,0.0,0.0,0.0,0.0,0.0,5.0
TRAIN_heavy_vehicle_92514,cluster_2061304035_245647208,631.0,0.0,0,0.0,0.0,0.0,0.0,0.0,0.0,5.0
TRAIN_heavy_vehicle_92514,cluster_2061304035_245647208,636.0,0.0,0,0.0,0.0,0.0,0.0,0.0,0.0,5.0
TRAIN_heavy_vehicle_92514,cluster_2061304035_245647208,641.0,0.0,0,0.0,0.0,0.0,0.0,0.0,0.0,5.0
TRAIN_heavy_vehicle_92514,cluster_2061304035_245647208,646.0,0.0,2,29.47517286939629,0.0,0.0,0.0,0.0,0.0,5.0
TRAIN_heavy_vehicle_92514,cluster_2061304035_245647208,651.0,5.0,1,0.0,0.0,0.0,0.0,0.0,0.25,5.0
TRAIN_heavy_vehicle_92514,cluster_2061304035_245647208,656.0,5.0,2,10.117743085670524,5.0,0.0,0.0,0.0,0.25,5.0
TRAIN_heavy_vehicle_92514,cluster_2061304035_245647208,661.0,10.0,2,0.0,5.0,5.0,0.0,0.0,0.5,0.0
TRAIN_heavy_vehicle_92514,cluster_2061304035_245647208,666.0,10.0,2,0.0,10.0,5.0,5.0,0.0,0.5,0.0
TRAIN_heavy_vehicle_92514,cluster_2061304035_245647208,671.0,15.0,3,0.011880749526056212,10.0,10.0,5.0,5.0,0.5,0.0
TRAIN_heavy_vehicle_92514,cluster_2061304035_245647208,676.0,5.0,3,18.22309451624751,15.0,10.0,10.0,5.0,0.0,0.0
TRAIN_heavy_vehicle_92514,cluster_2061304035_245647208,681.0,0.0,2,7.723743163453194,5.0,15.0,10.0,10.0,-0.5,5.0
TRAIN_heavy_vehicle_92514,cluster_2061304035_245647208,686.0,5.0,1,0.0015345464319207653,0.0,5.0,15.0,10.0,-0.25,5.0
TRAIN_heavy_vehicle_92514,cluster_2061304035_245647208,691.0,5.0,2,18.31016459345186,5.0,0.0,5.0,15.0,-0.5,10.0
TRAIN_heavy_vehicle_92514,cluster_2061304035_245647208,696.0,5.0,1,0.0,5.0,5.0,0.0,5.0,0.0,10.0
TRAIN_heavy_vehicle_92514,cluster_2061304035_245647208,701.0,5.0,1,0.0,5.0,5.0,5.0,0.0,0.25,10.0
TRAIN_heavy_vehicle_92514,cluster_2061304035_245647208,706.0,5.0,1,0.0,5.0,5.0,5.0,5.0,0.0,0.0
TRAIN_heavy_vehicle_92514,cluster_2061304035_245647208,711.0,5.0,1,0.0,5.0,5.0,5.0,5.0,0.0,0.0
TRAIN_heavy_vehicle_92514,cluster_2061304035_245647208,716.0,5.0,1,0.0,5.0,5.0,5.0,5.0,0.0,0.0
TRAIN_heavy_vehicle_92514,cluster_2061304035_245647208,721.0,0.0,2,18.91123684341694,5.0,5.0,5.0,5.0,-0.25,0.0
TRAIN_heavy_vehicle_92514,cluster_2061304035_245647208,726.0,0.0,0,0.0,0.0,5.0,5.0,5.0,-0.25,0.0
TRAIN_heavy_vehicle_92514,cluster_2061304035_245647208,731.0,0.0,0,0.0,0.0,0.0,5.0,5.0,-0.25,0.0
TRAIN_heavy_vehicle_92514,cluster_2061304035_245647208,736.0,0.0,1,34.05771978976567,0.0,0.0,0.0,5.0,-0.25,0.0
TRAIN_heavy_vehicle_92514,cluster_245647168_3238255150_3495323634,16.0,0.0,0,0.0,0.0,0.0,0.0,0.0,0.0,10.0
TRAIN_heavy_vehicle_92514,cluster_245647168_3238255150_3495323634,21.0,0.0,0,0.0,0.0,0.0,0.0,0.0,0.0,10.0
TRAIN_heavy_vehicle_92514,cluster_245647168_3238255150_3495323634,26.0,0.0,0,0.0,0.0,0.0,0.0,0.0,0.0,10.0
TRAIN_heavy_vehicle_92514,cluster_245647168_3238255150_3495323634,31.0,0.0,0,0.0,0.0,0.0,0.0,0.0,0.0,0.0
TRAIN_heavy_vehicle_92514,cluster_245647168_3238255150_3495323634,36.0,0.0,0,0.0,0.0,0.0,0.0,0.0,0.0,5.0
TRAIN_heavy_vehicle_92514,cluster_245647168_3238255150_3495323634,41.0,0.0,0,0.0,0.0,0.0,0.0,0.0,0.0,10.0
TRAIN_heavy_vehicle_92514,cluster_245647168_3238255150_3495323634,46.0,0.0,1,66.67834410560187,0.0,0.0,0.0,0.0,0.0,10.0
TRAIN_heavy_vehicle_92514,cluster_245647168_3238255150_3495323634,51.0,5.0,1,0.17203566076846472,0.0,0.0,0.0,0.0,0.0,10.0
TRAIN_heavy_vehicle_92514,cluster_245647168_3238255150_3495323634,56.0,5.0,2,39.041057147957275,5.0,0.0,0.0,0.0,0.0,0.0
TRAIN_heavy_vehicle_92514,cluster_245647168_3238255150_3495323634,61.0,5.0,2,0.6067426790032971,5.0,5.0,0.0,0.0,0.0,0.0
TRAIN_heavy_vehicle_92514,cluster_245647168_3238255150_3495323634,66.0,10.0,2,0.0,5.0,5.0,5.0,0.0,0.0,5.0
TRAIN_heavy_vehicle_92514,cluster_245647168_3238255150_3495323634,71.0,10.0,2,0.0,10.0,5.0,5.0,5.0,0.0,5.0
TRAIN_heavy_vehicle_92514,cluster_245647168_3238255150_3495323634,76.0,10.0,2,0.0,10.0,10.0,5.0,5.0,0.0,10.0
TRAIN_heavy_vehicle_92514,cluster_245647168_3238255150_3495323634,81.0,10.0,2,0.0,10.0,10.0,10.0,5.0,0.0,10.0
TRAIN_heavy_vehicle_92514,cluster_245647168_3238255150_3495323634,86.0,10.0,2,0.0,10.0,10.0,10.0,10.0,0.0,10.0
TRAIN_heavy_vehicle_92514,cluster_245647168_3238255150_3495323634,91.0,0.0,1,7.821559774335061,10.0,10.0,10.0,10.0,0.0,15.0
TRAIN_heavy_vehicle_92514,cluster_245647168_3238255150_3495323634,96.0,5.0,1,0.0,0.0,10.0,10.0,10.0,0.0,15.0
TRAIN_heavy_vehicle_92514,cluster_245647168_3238255150_3495323634,101.0,10.0,2,0.01918555977406216,5.0,0.0,10.0,10.0,0.0,15.0
TRAIN_heavy_vehicle_92514,cluster_245647168_3238255150_3495323634,106.0,10.0,2,0.0,10.0,5.0,0.0,10.0,0.0,20.0
TRAIN_heavy_vehicle_92514,cluster_245647168_3238255150_3495323634,111.0,10.0,2,0.0,10.0,10.0,5.0,0.0,0.5,20.0
TRAIN_heavy_vehicle_92514,cluster_245647168_3238255150_3495323634,116.0,0.0,2,26.897965401992373,10.0,10.0,10.0,5.0,-0.25,20.0
TRAIN_heavy_vehicle_92514,cluster_245647168_3238255150_3495323634,121.0,0.0,2,16.04486974744376,0.0,10.0,10.0,10.0,-0.5,10.0
TRAIN_heavy_vehicle_92514,cluster_245647168_3238255150_3495323634,126.0,5.0,2,28.424406370056563,0.0,0.0,10.0,10.0,-0.25,0.0
TRAIN_heavy_vehicle_92514,cluster_245647168_3238255150_3495323634,131.0,5.0,2,10.27090982399411,5.0,0.0,0.0,10.0,-0.25,0.0
TRAIN_heavy_vehicle_92514,cluster_245647168_3238255150_3495323634,136.0,10.0,2,0.002898782492386848,5.0,5.0,0.0,0.0,0.5,0.0
TRAIN_heavy_vehicle_92514,cluster_245647168_3238255150_3495323634,141.0,10.0,3,24.26287571652807,10.0,5.0,5.0,0.0,0.5,0.0
TRAIN_heavy_vehicle_92514,cluster_245647168_3238255150_3495323634,146.0,10.0,3,5.026687500095486,10.0,10.0,5.0,5.0,0.25,0.0
TRAIN_heavy_vehicle_92514,cluster_245647168_3238255150_3495323634,151.0,15.0,3,0.0016653391647642605,10.0,10.0,10.0,5.0,0.5,0.0
TRAIN_heavy_vehicle_92514,cluster_245647168_3238255150_3495323634,156.0,15.0,4,15.02642400439689,15.0,10.0,10.0,10.0,0.25,0.0
TRAIN_heavy_vehicle_92514,cluster_245647168_3238255150_3495323634,161.0,15.0,4,0.16888221031450748,15.0,15.0,10.0,10.0,0.25,0.0
TRAIN_heavy_vehicle_92514,cluster_245647168_3238255150_3495323634,166.0,20.0,4,0.0,15.0,15.0,15.0,10.0,0.5,0.0
TRAIN_heavy_vehicle_92514,cluster_245647168_3238255150_3495323634,171.0,20.0,4,0.0,20.0,15.0,15.0,15.0,0.25,0.0
TRAIN_heavy_vehicle_92514,cluster_245647168_3238255150_3495323634,176.0,20.0,4,0.0,20.0,20.0,15.0,15.0,0.25,0.0
TRAIN_heavy_vehicle_92514,cluster_245647168_3238255150_3495323634,181.0,10.0,4,12.622588503420547,20.0,20.0,20.0,15.0,-0.25,5.0
TRAIN_heavy_vehicle_92514,cluster_245647168_3238255150_3495323634,186.0,0.0,3,24.00572747720894,10.0,20.0,20.0,20.0,-1.0,10.0
TRAIN_heavy_vehicle_92514,cluster_245647168_3238255150_3495323634,191.0,0.0,0,0.0,0.0,10.0,20.0,20.0,-1.0,10.0
TRAIN_heavy_vehicle_92514,cluster_245647168_3238255150_3495323634,196.0,0.0,0,0.0,0.0,0.0,10.0,20.0,-1.0,30.0
TRAIN_heavy_vehicle_92514,cluster_245647168_3238255150_3495323634,201.0,0.0,0,0.0,0.0,0.0,0.0,10.0,-0.5,30.0
TRAIN_heavy_vehicle_92514,cluster_245647168_3238255150_3495323634,206.0,0.0,0,0.0,0.0,0.0,0.0,0.0,0.0,30.0
TRAIN_heavy_vehicle_92514,cluster_245647168_3238255150_3495323634,211.0,0.0,0,0.0,0.0,0.0,0.0,0.0,0.0,25.0
TRAIN_heavy_vehicle_92514,cluster_245647168_3238255150_3495323634,216.0,0.0,0,0.0,0.0,0.0,0.0,0.0,0.0,10.0
TRAIN_heavy_vehicle_92514,cluster_245647168_3238255150_3495323634,221.0,0.0,0,0.0,0.0,0.0,0.0,0.0,0.0,10.0
TRAIN_heavy_vehicle_92514,cluster_245647168_3238255150_3495323634,226.0,0.0,0,0.0,0.0,0.0,0.0,0.0,0.0,10.0
TRAIN_heavy_vehicle_92514,cluster_245647168_3238255150_3495323634,231.0,0.0,1,52.84099555085041,0.0,0.0,0.0,0.0,0.0,15.0
TRAIN_heavy_vehicle_92514,cluster_245647168_3238255150_3495323634,236.0,0.0,2,38.079481665811514,0.0,0.0,0.0,0.0,0.0,5.0
TRAIN_heavy_vehicle_92514,cluster_245647168_3238255150_3495323634,241.0,5.0,2,12.412619113985421,0.0,0.0,0.0,0.0,0.25,10.0
TRAIN_heavy_vehicle_92514,cluster_245647168_3238255150_3495323634,246.0,10.0,5,37.49970257217878,5.0,0.0,0.0,0.0,0.5,10.0
TRAIN_heavy_vehicle_92514,cluster_245647168_3238255150_3495323634,251.0,10.0,6,12.891490110983694,10.0,5.0,0.0,0.0,0.5,10.0
TRAIN_heavy_vehicle_92514,cluster_245647168_3238255150_3495323634,256.0,30.0,6,0.006224167085700311,10.0,10.0,5.0,0.0,1.5,10.0
TRAIN_heavy_vehicle_92514,cluster_245647168_3238255150_3495323634,261.0,30.0,7,7.542293590628143,30.0,10.0,10.0,5.0,1.25,10.0
TRAIN_heavy_vehicle_92514,cluster_245647168_3238255150_3495323634,266.0,30.0,8,3.92260886976972,30.0,30.0,10.0,10.0,1.0,10.0
TRAIN_heavy_vehicle_92514,cluster_245647168_3238255150_3495323634,271.0,25.0,6,0.31800613549566653,30.0,30.0,30.0,10.0,0.75,10.0
TRAIN_heavy_vehicle_92514,cluster_245647168_3238255150_3495323634,276.0,10.0,4,7.09352669537785,25.0,30.0,30.0,30.0,-1.0,10.0
TRAIN_heavy_vehicle_92514,cluster_245647168_3238255150_3495323634,281.0,10.0,2,0.0,10.0,25.0,30.0,30.0,-1.0,15.0
TRAIN_heavy_vehicle_92514,cluster_245647168_3238255150_3495323634,286.0,10.0,3,13.482137860191816,10.0,10.0,25.0,30.0,-1.0,30.0
TRAIN_heavy_vehicle_92514,cluster_245647168_3238255150_3495323634,291.0,15.0,4,15.951781363394755,10.0,10.0,10.0,25.0,-0.5,30.0
TRAIN_heavy_vehicle_92514,cluster_245647168_3238255150_3495323634,296.0,5.0,3,2.667853246151562,15.0,10.0,10.0,10.0,-0.25,40.0
TRAIN_heavy_vehicle_92514,cluster_245647168_3238255150_3495323634,301.0,10.0,3,18.709156755093325,5.0,15.0,10.0,10.0,0.0,25.0
TRAIN_heavy_vehicle_92514,cluster_245647168_3238255150_3495323634,306.0,10.0,3,1.5594895488692182,10.0,5.0,15.0,10.0,0.0,0.0
TRAIN_heavy_vehicle_92514,cluster_245647168_3238255150_3495323634,311.0,10.0,3,0.12122363298112729,10.0,10.0,5.0,15.0,-0.25,0.0
TRAIN_heavy_vehicle_92514,cluster_245647168_3238255150_3495323634,316.0,10.0,2,0.00019642689442037837,10.0,10.0,10.0,5.0,0.25,0.0
TRAIN_heavy_vehicle_92514,cluster_245647168_3238255150_3495323634,321.0,10.0,2,0.0,10.0,10.0,10.0,10.0,0.0,0.0
TRAIN_heavy_vehicle_92514,cluster_245647168_3238255150_3495323634,326.0,10.0,2,0.0,10.0,10.0,10.0,10.0,0.0,0.0
TRAIN_heavy_vehicle_92514,cluster_245647168_3238255150_3495323634,331.0,10.0,2,0.0,10.0,10.0,10.0,10.0,0.0,0.0
TRAIN_heavy_vehicle_92514,cluster_245647168_3238255150_3495323634,336.0,10.0,5,37.385310989735466,10.0,10.0,10.0,10.0,0.0,0.0
TRAIN_heavy_vehicle_92514,cluster_245647168_3238255150_3495323634,341.0,15.0,6,10.673293231790876,10.0,10.0,10.0,10.0,0.25,0.0
TRAIN_heavy_vehicle_92514,cluster_245647168_3238255150_3495323634,346.0,30.0,7,7.580111503477533,15.0,10.0,10.0,10.0,1.0,0.0
TRAIN_heavy_vehicle_92514,cluster_245647168_3238255150_3495323634,351.0,30.0,8,5.309227032931129,30.0,15.0,10.0,10.0,1.0,0.0
TRAIN_heavy_vehicle_92514,cluster_245647168_3238255150_3495323634,356.0,40.0,8,0.022380494649780053,30.0,30.0,15.0,10.0,1.5,0.0
TRAIN_heavy_vehicle_92514,cluster_245647168_3238255150_3495323634,361.0,25.0,5,0.0,40.0,30.0,30.0,15.0,0.5,5.0
TRAIN_heavy_vehicle_92514,cluster_245647168_3238255150_3495323634,366.0,0.0,2,17.20620186076104,25.0,40.0,30.0,30.0,-1.5,5.0
TRAIN_heavy_vehicle_92514,cluster_245647168_3238255150_3495323634,371.0,0.0,0,0.0,0.0,25.0,40.0,30.0,-1.5,5.0
TRAIN_heavy_vehicle_92514,cluster_245647168_3238255150_3495323634,376.0,0.0,0,0.0,0.0,0.0,25.0,40.0,-2.0,5.0
TRAIN_heavy_vehicle_92514,cluster_245647168_3238255150_3495323634,381.0,0.0,0,0.0,0.0,0.0,0.0,25.0,-1.25,5.0
TRAIN_heavy_vehicle_92514,cluster_245647168_3238255150_3495323634,386.0,0.0,0,0.0,0.0,0.0,0.0,0.0,0.0,10.0
TRAIN_heavy_vehicle_92514,cluster_245647168_3238255150_3495323634,391.0,0.0,0,0.0,0.0,0.0,0.0,0.0,0.0,0.0
TRAIN_heavy_vehicle_92514,cluster_245647168_3238255150_3495323634,396.0,0.0,0,0.0,0.0,0.0,0.0,0.0,0.0,0.0
TRAIN_heavy_vehicle_92514,cluster_245647168_3238255150_3495323634,401.0,0.0,0,0.0,0.0,0.0,0.0,0.0,0.0,0.0
TRAIN_heavy_vehicle_92514,cluster_245647168_3238255150_3495323634,406.0,0.0,0,0.0,0.0,0.0,0.0,0.0,0.0,0.0
TRAIN_heavy_vehicle_92514,cluster_245647168_3238255150_3495323634,411.0,0.0,1,62.31527404797637,0.0,0.0,0.0,0.0,0.0,0.0
TRAIN_heavy_vehicle_92514,cluster_245647168_3238255150_3495323634,416.0,0.0,1,0.5121916828884663,0.0,0.0,0.0,0.0,0.0,0.0
TRAIN_heavy_vehicle_92514,cluster_245647168_3238255150_3495323634,421.0,5.0,1,0.0,0.0,0.0,0.0,0.0,0.25,0.0
TRAIN_heavy_vehicle_92514,cluster_245647168_3238255150_3495323634,426.0,5.0,1,0.0,5.0,0.0,0.0,0.0,0.25,0.0
TRAIN_heavy_vehicle_92514,cluster_245647168_3238255150_3495323634,431.0,5.0,1,0.0,5.0,5.0,0.0,0.0,0.25,10.0
TRAIN_heavy_vehicle_92514,cluster_245647168_3238255150_3495323634,436.0,5.0,2,36.065962745537234,5.0,5.0,5.0,0.0,0.25,5.0
TRAIN_heavy_vehicle_92514,cluster_245647168_3238255150_3495323634,441.0,5.0,2,1.397473789834285,5.0,5.0,5.0,5.0,0.0,15.0
TRAIN_heavy_vehicle_92514,cluster_245647168_3238255150_3495323634,446.0,10.0,2,0.0023985284607820085,5.0,5.0,5.0,5.0,0.25,20.0
TRAIN_heavy_vehicle_92514,cluster_245647168_3238255150_3495323634,451.0,0.0,0,0.0,10.0,5.0,5.0,5.0,-0.25,20.0
TRAIN_heavy_vehicle_92514,cluster_245647168_3238255150_3495323634,456.0,0.0,0,0.0,0.0,10.0,5.0,5.0,-0.25,20.0
TRAIN_heavy_vehicle_92514,cluster_245647168_3238255150_3495323634,461.0,0.0,1,82.84941438477674,0.0,0.0,10.0,5.0,-0.25,20.0
TRAIN_heavy_vehicle_92514,cluster_245647168_3238255150_3495323634,466.0,0.0,0,0.0,0.0,0.0,0.0,10.0,-0.5,25.0
TRAIN_heavy_vehicle_92514,cluster_245647168_3238255150_3495323634,471.0,0.0,0,0.0,0.0,0.0,0.0,0.0,0.0,30.0
TRAIN_heavy_vehicle_92514,cluster_245647168_3238255150_3495323634,476.0,0.0,0,0.0,0.0,0.0,0.0,0.0,0.0,45.0
TRAIN_heavy_vehicle_92514,cluster_245647168_3238255150_3495323634,481.0,0.0,1,71.04809644970605,0.0,0.0,0.0,0.0,0.0,30.0
TRAIN_heavy_vehicle_92514,cluster_245647168_3238255150_3495323634,486.0,0.0,3,43.15673362805877,0.0,0.0,0.0,0.0,0.0,5.0
TRAIN_heavy_vehicle_92514,cluster_245647168_3238255150_3495323634,491.0,10.0,4,16.39653272279349,0.0,0.0,0.0,0.0,0.5,5.0
TRAIN_heavy_vehicle_92514,cluster_245647168_3238255150_3495323634,496.0,5.0,4,7.339694917326346,10.0,0.0,0.0,0.0,0.25,5.0
TRAIN_heavy_vehicle_92514,cluster_245647168_3238255150_3495323634,501.0,15.0,4,1.7409223893897716,5.0,10.0,0.0,0.0,0.75,5.0
TRAIN_heavy_vehicle_92514,cluster_245647168_3238255150_3495323634,506.0,20.0,4,0.0013877846676347211,15.0,5.0,10.0,0.0,1.0,0.0
TRAIN_heavy_vehicle_92514,cluster_245647168_3238255150_3495323634,511.0,20.0,4,0.0,20.0,15.0,5.0,10.0,0.5,0.0
TRAIN_heavy_vehicle_92514,cluster_245647168_3238255150_3495323634,516.0,20.0,6,17.35001830841878,20.0,20.0,15.0,5.0,0.75,5.0
TRAIN_heavy_vehicle_92514,cluster_245647168_3238255150_3495323634,521.0,20.0,6,10.25709020776092,20.0,20.0,20.0,15.0,0.25,10.0
TRAIN_heavy_vehicle_92514,cluster_245647168_3238255150_3495323634,526.0,25.0,8,19.015607637091787,20.0,20.0,20.0,20.0,0.25,10.0
TRAIN_heavy_vehicle_92514,cluster_245647168_3238255150_3495323634,531.0,30.0,10,11.694948067802361,25.0,20.0,20.0,20.0,0.5,10.0
TRAIN_heavy_vehicle_92514,cluster_245647168_3238255150_3495323634,536.0,45.0,11,4.7000719123965755,30.0,25.0,20.0,20.0,1.25,10.0
TRAIN_heavy_vehicle_92514,cluster_245647168_3238255150_3495323634,541.0,30.0,7,0.1962642357544828,45.0,30.0,25.0,20.0,0.5,10.0
TRAIN_heavy_vehicle_92514,cluster_245647168_3238255150_3495323634,546.0,5.0,5,19.081740669118346,30.0,45.0,30.0,25.0,-1.0,10.0
TRAIN_heavy_vehicle_92514,cluster_245647168_3238255150_3495323634,551.0,5.0,1,0.0,5.0,30.0,45.0,30.0,-1.25,15.0
TRAIN_heavy_vehicle_92514,cluster_245647168_3238255150_3495323634,556.0,5.0,1,0.0,5.0,5.0,30.0,45.0,-2.0,25.0
TRAIN_heavy_vehicle_92514,cluster_245647168_3238255150_3495323634,561.0,5.0,2,26.540776823437774,5.0,5.0,5.0,30.0,-1.25,30.0
TRAIN_heavy_vehicle_92514,cluster_245647168_3238255150_3495323634,566.0,0.0,1,43.62384825034395,5.0,5.0,5.0,5.0,-0.25,30.0
TRAIN_heavy_vehicle_92514,cluster_245647168_3238255150_3495323634,571.0,0.0,1,1.0127181280657054,0.0,5.0,5.0,5.0,-0.25,10.0
TRAIN_heavy_vehicle_92514,cluster_245647168_3238255150_3495323634,576.0,5.0,2,21.483899757801556,0.0,0.0,5.0,5.0,0.0,10.0
TRAIN_heavy_vehicle_92514,cluster_245647168_3238255150_3495323634,581.0,10.0,2,0.008918488908520322,5.0,0.0,0.0,5.0,0.25,5.0
TRAIN_heavy_vehicle_92514,cluster_245647168_3238255150_3495323634,586.0,10.0,2,0.0,10.0,5.0,0.0,0.0,0.5,5.0
TRAIN_heavy_vehicle_92514,cluster_245647168_3238255150_3495323634,591.0,10.0,2,0.0,10.0,10.0,5.0,0.0,0.5,5.0
TRAIN_heavy_vehicle_92514,cluster_245647168_3238255150_3495323634,596.0,10.0,2,0.0,10.0,10.0,10.0,5.0,0.25,0.0
TRAIN_heavy_vehicle_92514,cluster_245647168_3238255150_3495323634,601.0,10.0,3,17.16381560369767,10.0,10.0,10.0,10.0,0.0,0.0
TRAIN_heavy_vehicle_92514,cluster_245647168_3238255150_3495323634,606.0,10.0,4,11.42813083844043,10.0,10.0,10.0,10.0,0.0,5.0
TRAIN_heavy_vehicle_92514,cluster_245647168_3238255150_3495323634,611.0,15.0,6,17.24631137652815,10.0,10.0,10.0,10.0,0.25,15.0
TRAIN_heavy_vehicle_92514,cluster_245647168_3238255150_3495323634,616.0,25.0,7,11.788755778898267,15.0,10.0,10.0,10.0,0.75,15.0
TRAIN_heavy_vehicle_92514,cluster_245647168_3238255150_3495323634,621.0,30.0,7,1.0391954858984056,25.0,15.0,10.0,10.0,1.0,20.0
TRAIN_heavy_vehicle_92514,cluster_245647168_3238255150_3495323634,626.0,30.0,6,0.029377047075734852,30.0,25.0,15.0,10.0,1.0,20.0
TRAIN_heavy_vehicle_92514,cluster_245647168_3238255150_3495323634,631.0,10.0,7,9.03777448021762,30.0,30.0,25.0,15.0,-0.25,20.0
TRAIN_heavy_vehicle_92514,cluster_245647168_3238255150_3495323634,636.0,10.0,3,3.8557006189366834,10.0,30.0,30.0,25.0,-0.75,20.0
TRAIN_heavy_vehicle_92514,cluster_245647168_3238255150_3495323634,641.0,5.0,2,13.256230447588877,10.0,10.0,30.0,30.0,-1.25,20.0
TRAIN_heavy_vehicle_92514,cluster_245647168_3238255150_3495323634,646.0,5.0,1,0.0,5.0,10.0,10.0,30.0,-1.25,20.0
TRAIN_heavy_vehicle_92514,cluster_245647168_3238255150_3495323634,651.0,5.0,2,26.698913895478473,5.0,5.0,10.0,10.0,-0.25,25.0
TRAIN_heavy_vehicle_92514,cluster_245647168_3238255150_3495323634,656.0,0.0,1,41.24327945869924,5.0,5.0,5.0,10.0,-0.5,25.0
TRAIN_heavy_vehicle_92514,cluster_245647168_3238255150_3495323634,661.0,0.0,4,39.07595781994705,0.0,5.0,5.0,5.0,-0.25,5.0
TRAIN_heavy_vehicle_92514,cluster_245647168_3238255150_3495323634,666.0,5.0,4,15.2018863070553,0.0,0.0,5.0,5.0,0.0,0.0
TRAIN_heavy_vehicle_92514,cluster_245647168_3238255150_3495323634,671.0,15.0,4,5.591864982820068,5.0,0.0,0.0,5.0,0.5,0.0
TRAIN_heavy_vehicle_92514,cluster_245647168_3238255150_3495323634,676.0,15.0,4,0.806276779003463,15.0,5.0,0.0,0.0,0.75,0.0
TRAIN_heavy_vehicle_92514,cluster_245647168_3238255150_3495323634,681.0,20.0,4,0.00023158070421668318,15.0,15.0,5.0,0.0,1.0,0.0
TRAIN_heavy_vehicle_92514,cluster_245647168_3238255150_3495323634,686.0,20.0,4,0.0,20.0,15.0,15.0,5.0,0.75,0.0
TRAIN_heavy_vehicle_92514,cluster_245647168_3238255150_3495323634,691.0,20.0,4,0.0,20.0,20.0,15.0,15.0,0.25,5.0
TRAIN_heavy_vehicle_92514,cluster_245647168_3238255150_3495323634,696.0,20.0,4,0.0,20.0,20.0,20.0,15.0,0.25,5.0
TRAIN_heavy_vehicle_92514,cluster_245647168_3238255150_3495323634,701.0,20.0,4,0.0,20.0,20.0,20.0,20.0,0.0,5.0
TRAIN_heavy_vehicle_92514,cluster_245647168_3238255150_3495323634,706.0,20.0,5,10.980342004576789,20.0,20.0,20.0,20.0,0.0,5.0
TRAIN_heavy_vehicle_92514,cluster_245647168_3238255150_3495323634,711.0,25.0,5,0.007022444113239963,20.0,20.0,20.0,20.0,0.25,5.0
TRAIN_heavy_vehicle_92514,cluster_245647168_3238255150_3495323634,716.0,25.0,5,0.0,25.0,20.0,20.0,20.0,0.25,5.0
TRAIN_heavy_vehicle_92514,cluster_245647168_3238255150_3495323634,721.0,5.0,3,18.327632376551627,25.0,25.0,20.0,20.0,-0.75,5.0
TRAIN_heavy_vehicle_92514,cluster_245647168_3238255150_3495323634,726.0,0.0,1,12.241363481758148,5.0,25.0,25.0,20.0,-1.0,5.0
TRAIN_heavy_vehicle_92514,cluster_245647168_3238255150_3495323634,731.0,0.0,0,0.0,0.0,5.0,25.0,25.0,-1.25,5.0
TRAIN_heavy_vehicle_92514,cluster_245647168_3238255150_3495323634,736.0,0.0,0,0.0,0.0,0.0,5.0,25.0,-1.25,5.0
TRAIN_high_77287,cluster_13546492148_1838721956,16.0,0.0,0,0.0,0.0,0.0,0.0,0.0,0.0,5.0
TRAIN_high_77287,cluster_13546492148_1838721956,21.0,0.0,0,0.0,0.0,0.0,0.0,0.0,0.0,5.0
TRAIN_high_77287,cluster_13546492148_1838721956,26.0,0.0,0,0.0,0.0,0.0,0.0,0.0,0.0,5.0
TRAIN_high_77287,cluster_13546492148_1838721956,31.0,0.0,0,0.0,0.0,0.0,0.0,0.0,0.0,0.0
TRAIN_high_77287,cluster_13546492148_1838721956,36.0,0.0,0,0.0,0.0,0.0,0.0,0.0,0.0,0.0
TRAIN_high_77287,cluster_13546492148_1838721956,41.0,0.0,0,0.0,0.0,0.0,0.0,0.0,0.0,0.0
TRAIN_high_77287,cluster_13546492148_1838721956,46.0,0.0,0,0.0,0.0,0.0,0.0,0.0,0.0,0.0
TRAIN_high_77287,cluster_13546492148_1838721956,51.0,0.0,0,0.0,0.0,0.0,0.0,0.0,0.0,0.0
TRAIN_high_77287,cluster_13546492148_1838721956,56.0,0.0,0,0.0,0.0,0.0,0.0,0.0,0.0,5.0
TRAIN_high_77287,cluster_13546492148_1838721956,61.0,0.0,0,0.0,0.0,0.0,0.0,0.0,0.0,5.0
TRAIN_high_77287,cluster_13546492148_1838721956,66.0,0.0,1,14.573983932350941,0.0,0.0,0.0,0.0,0.0,5.0
TRAIN_high_77287,cluster_13546492148_1838721956,71.0,5.0,1,0.0018710414558143723,0.0,0.0,0.0,0.0,0.0,10.0
TRAIN_high_77287,cluster_13546492148_1838721956,76.0,5.0,1,0.0,5.0,0.0,0.0,0.0,0.0,0.0
TRAIN_high_77287,cluster_13546492148_1838721956,81.0,5.0,1,0.0,5.0,5.0,0.0,0.0,0.0,0.0
TRAIN_high_77287,cluster_13546492148_1838721956,86.0,5.0,1,0.0,5.0,5.0,5.0,0.0,0.0,0.0
TRAIN_high_77287,cluster_13546492148_1838721956,91.0,0.0,0,0.0,5.0,5.0,5.0,5.0,0.0,5.0
TRAIN_high_77287,cluster_13546492148_1838721956,96.0,0.0,0,0.0,0.0,5.0,5.0,5.0,0.0,5.0
TRAIN_high_77287,cluster_13546492148_1838721956,101.0,0.0,0,0.0,0.0,0.0,5.0,5.0,0.0,5.0
TRAIN_high_77287,cluster_13546492148_1838721956,106.0,0.0,0,0.0,0.0,0.0,0.0,5.0,0.0,15.0
TRAIN_high_77287,cluster_13546492148_1838721956,111.0,0.0,0,0.0,0.0,0.0,0.0,0.0,0.0,15.0
TRAIN_high_77287,cluster_13546492148_1838721956,116.0,5.0,1,0.039225444111793184,0.0,0.0,0.0,0.0,0.25,15.0
TRAIN_high_77287,cluster_13546492148_1838721956,121.0,5.0,1,0.0,5.0,0.0,0.0,0.0,0.25,5.0
TRAIN_high_77287,cluster_13546492148_1838721956,126.0,5.0,2,6.301836241004057,5.0,5.0,0.0,0.0,0.25,0.0
TRAIN_high_77287,cluster_13546492148_1838721956,131.0,10.0,2,0.003065049001496464,5.0,5.0,5.0,0.0,0.5,5.0
TRAIN_high_77287,cluster_13546492148_1838721956,136.0,0.0,0,0.0,10.0,5.0,5.0,5.0,-0.25,5.0
TRAIN_high_77287,cluster_13546492148_1838721956,141.0,0.0,0,0.0,0.0,10.0,5.0,5.0,-0.25,5.0
TRAIN_high_77287,cluster_13546492148_1838721956,146.0,0.0,1,1.2145880936809603,0.0,0.0,10.0,5.0,-0.25,5.0
TRAIN_high_77287,cluster_13546492148_1838721956,151.0,5.0,1,0.0,0.0,0.0,0.0,10.0,-0.25,5.0
TRAIN_high_77287,cluster_13546492148_1838721956,156.0,5.0,1,0.0,5.0,0.0,0.0,0.0,0.25,5.0
TRAIN_high_77287,cluster_13546492148_1838721956,161.0,5.0,1,0.0,5.0,5.0,0.0,0.0,0.25,5.0
TRAIN_high_77287,cluster_13546492148_1838721956,166.0,15.0,3,0.12030729895012492,5.0,5.0,5.0,0.0,0.75,0.0
TRAIN_high_77287,cluster_13546492148_1838721956,171.0,15.0,3,0.0001257415318605356,15.0,5.0,5.0,5.0,0.5,0.0
TRAIN_high_77287,cluster_13546492148_1838721956,176.0,15.0,3,0.0,15.0,15.0,5.0,5.0,0.5,0.0
TRAIN_high_77287,cluster_13546492148_1838721956,181.0,5.0,1,0.0404036005606153,15.0,15.0,15.0,5.0,0.0,0.0
TRAIN_high_77287,cluster_13546492148_1838721956,186.0,0.0,0,0.0,5.0,15.0,15.0,15.0,-0.75,0.0
TRAIN_high_77287,cluster_13546492148_1838721956,191.0,5.0,1,0.13313486357209003,0.0,5.0,15.0,15.0,-0.5,0.0
TRAIN_high_77287,cluster_13546492148_1838721956,196.0,5.0,1,0.0,5.0,0.0,5.0,15.0,-0.5,0.0
TRAIN_high_77287,cluster_13546492148_1838721956,201.0,5.0,1,0.0,5.0,5.0,0.0,5.0,0.0,0.0
TRAIN_high_77287,cluster_13546492148_1838721956,206.0,5.0,1,0.0,5.0,5.0,5.0,0.0,0.25,0.0
TRAIN_high_77287,cluster_13546492148_1838721956,211.0,5.0,1,0.0,5.0,5.0,5.0,5.0,0.0,0.0
TRAIN_high_77287,cluster_13546492148_1838721956,216.0,5.0,1,0.0,5.0,5.0,5.0,5.0,0.0,0.0
TRAIN_high_77287,cluster_13546492148_1838721956,221.0,5.0,1,0.0,5.0,5.0,5.0,5.0,0.0,0.0
TRAIN_high_77287,cluster_13546492148_1838721956,226.0,0.0,0,0.0,5.0,5.0,5.0,5.0,-0.25,0.0
TRAIN_high_77287,cluster_13546492148_1838721956,231.0,0.0,0,0.0,0.0,5.0,5.0,5.0,-0.25,0.0
TRAIN_high_77287,cluster_13546492148_1838721956,236.0,0.0,0,0.0,0.0,0.0,5.0,5.0,-0.25,0.0
TRAIN_high_77287,cluster_13546492148_1838721956,241.0,0.0,0,0.0,0.0,0.0,0.0,5.0,-0.25,0.0
TRAIN_high_77287,cluster_13546492148_1838721956,246.0,0.0,0,0.0,0.0,0.0,0.0,0.0,0.0,0.0
TRAIN_high_77287,cluster_13546492148_1838721956,251.0,0.0,0,0.0,0.0,0.0,0.0,0.0,0.0,0.0
TRAIN_high_77287,cluster_13546492148_1838721956,256.0,0.0,0,0.0,0.0,0.0,0.0,0.0,0.0,0.0
TRAIN_high_77287,cluster_13546492148_1838721956,261.0,0.0,0,0.0,0.0,0.0,0.0,0.0,0.0,0.0
TRAIN_high_77287,cluster_13546492148_1838721956,266.0,0.0,0,0.0,0.0,0.0,0.0,0.0,0.0,0.0
TRAIN_high_77287,cluster_13546492148_1838721956,271.0,0.0,0,0.0,0.0,0.0,0.0,0.0,0.0,0.0
TRAIN_high_77287,cluster_13546492148_1838721956,276.0,0.0,0,0.0,0.0,0.0,0.0,0.0,0.0,5.0
TRAIN_high_77287,cluster_13546492148_1838721956,281.0,0.0,0,0.0,0.0,0.0,0.0,0.0,0.0,5.0
TRAIN_high_77287,cluster_13546492148_1838721956,286.0,0.0,0,0.0,0.0,0.0,0.0,0.0,0.0,5.0
TRAIN_high_77287,cluster_13546492148_1838721956,291.0,0.0,0,0.0,0.0,0.0,0.0,0.0,0.0,5.0
TRAIN_high_77287,cluster_13546492148_1838721956,296.0,0.0,0,0.0,0.0,0.0,0.0,0.0,0.0,5.0
TRAIN_high_77287,cluster_13546492148_1838721956,301.0,0.0,0,0.0,0.0,0.0,0.0,0.0,0.0,0.0
TRAIN_high_77287,cluster_13546492148_1838721956,306.0,0.0,0,0.0,0.0,0.0,0.0,0.0,0.0,0.0
TRAIN_high_77287,cluster_13546492148_1838721956,311.0,0.0,0,0.0,0.0,0.0,0.0,0.0,0.0,0.0
TRAIN_high_77287,cluster_13546492148_1838721956,316.0,0.0,0,0.0,0.0,0.0,0.0,0.0,0.0,0.0
TRAIN_high_77287,cluster_13546492148_1838721956,321.0,0.0,0,0.0,0.0,0.0,0.0,0.0,0.0,0.0
TRAIN_high_77287,cluster_13546492148_1838721956,326.0,0.0,0,0.0,0.0,0.0,0.0,0.0,0.0,10.0
TRAIN_high_77287,cluster_13546492148_1838721956,331.0,0.0,1,1.1197031128046675,0.0,0.0,0.0,0.0,0.0,10.0
TRAIN_high_77287,cluster_13546492148_1838721956,336.0,5.0,1,0.0,0.0,0.0,0.0,0.0,0.25,10.0
TRAIN_high_77287,cluster_13546492148_1838721956,341.0,5.0,1,0.0,5.0,0.0,0.0,0.0,0.25,10.0
TRAIN_high_77287,cluster_13546492148_1838721956,346.0,5.0,1,0.0,5.0,5.0,0.0,0.0,0.25,0.0
TRAIN_high_77287,cluster_13546492148_1838721956,351.0,5.0,1,0.0,5.0,5.0,5.0,0.0,0.25,0.0
TRAIN_high_77287,cluster_13546492148_1838721956,356.0,5.0,2,4.887742607856927,5.0,5.0,5.0,5.0,0.0,0.0
TRAIN_high_77287,cluster_13546492148_1838721956,361.0,0.0,0,0.0,5.0,5.0,5.0,5.0,-0.25,0.0
TRAIN_high_77287,cluster_13546492148_1838721956,366.0,0.0,0,0.0,0.0,5.0,5.0,5.0,-0.25,5.0
TRAIN_high_77287,cluster_13546492148_1838721956,371.0,0.0,0,0.0,0.0,0.0,5.0,5.0,-0.25,5.0
TRAIN_high_77287,cluster_13546492148_1838721956,376.0,0.0,0,0.0,0.0,0.0,0.0,5.0,-0.25,5.0
TRAIN_high_77287,cluster_13546492148_1838721956,381.0,0.0,0,0.0,0.0,0.0,0.0,0.0,0.0,5.0
TRAIN_high_77287,cluster_13546492148_1838721956,386.0,10.0,2,0.053586173910765186,0.0,0.0,0.0,0.0,0.5,5.0
TRAIN_high_77287,cluster_13546492148_1838721956,391.0,10.0,2,0.0,10.0,0.0,0.0,0.0,0.5,0.0
TRAIN_high_77287,cluster_13546492148_1838721956,396.0,10.0,2,0.0,10.0,10.0,0.0,0.0,0.5,0.0
TRAIN_high_77287,cluster_13546492148_1838721956,401.0,10.0,2,0.0,10.0,10.0,10.0,0.0,0.5,0.0
TRAIN_high_77287,cluster_13546492148_1838721956,406.0,0.0,0,0.0,10.0,10.0,10.0,10.0,-0.5,0.0
TRAIN_high_77287,cluster_13546492148_1838721956,411.0,0.0,0,0.0,0.0,10.0,10.0,10.0,-0.5,0.0
TRAIN_high_77287,cluster_13546492148_1838721956,416.0,0.0,0,0.0,0.0,0.0,10.0,10.0,-0.5,5.0
TRAIN_high_77287,cluster_13546492148_1838721956,421.0,0.0,1,14.54914467945905,0.0,0.0,0.0,10.0,-0.5,10.0
TRAIN_high_77287,cluster_13546492148_1838721956,426.0,5.0,1,0.0010077266072092876,0.0,0.0,0.0,0.0,0.25,10.0
TRAIN_high_77287,cluster_13546492148_1838721956,431.0,5.0,1,0.0,5.0,0.0,0.0,0.0,0.25,10.0
TRAIN_high_77287,cluster_13546492148_1838721956,436.0,5.0,1,0.0,5.0,5.0,0.0,0.0,0.25,0.0
TRAIN_high_77287,cluster_13546492148_1838721956,441.0,5.0,1,0.0,5.0,5.0,5.0,0.0,0.25,0.0
TRAIN_high_77287,cluster_13546492148_1838721956,446.0,5.0,1,0.0,5.0,5.0,5.0,5.0,0.0,0.0
TRAIN_high_77287,cluster_13546492148_1838721956,451.0,0.0,0,0.0,5.0,5.0,5.0,5.0,-0.25,0.0
TRAIN_high_77287,cluster_13546492148_1838721956,456.0,0.0,0,0.0,0.0,5.0,5.0,5.0,-0.25,0.0
TRAIN_high_77287,cluster_13546492148_1838721956,461.0,0.0,0,0.0,0.0,0.0,5.0,5.0,-0.25,5.0
TRAIN_high_77287,cluster_13546492148_1838721956,466.0,0.0,0,0.0,0.0,0.0,0.0,5.0,-0.25,5.0
TRAIN_high_77287,cluster_13546492148_1838721956,471.0,0.0,0,0.0,0.0,0.0,0.0,0.0,0.0,10.0
TRAIN_high_77287,cluster_13546492148_1838721956,476.0,5.0,3,25.13357748550864,0.0,0.0,0.0,0.0,0.25,10.0
TRAIN_high_77287,cluster_13546492148_1838721956,481.0,10.0,2,0.0009930896953385079,5.0,0.0,0.0,0.0,0.5,0.0
TRAIN_high_77287,cluster_13546492148_1838721956,486.0,10.0,2,0.0,10.0,5.0,0.0,0.0,0.5,0.0
TRAIN_high_77287,cluster_13546492148_1838721956,491.0,10.0,2,0.0,10.0,10.0,5.0,0.0,0.5,0.0
TRAIN_high_77287,cluster_13546492148_1838721956,496.0,0.0,0,0.0,10.0,10.0,10.0,5.0,-0.25,0.0
TRAIN_high_77287,cluster_13546492148_1838721956,501.0,0.0,0,0.0,0.0,10.0,10.0,10.0,-0.5,0.0
TRAIN_high_77287,cluster_13546492148_1838721956,506.0,0.0,0,0.0,0.0,0.0,10.0,10.0,-0.5,5.0
TRAIN_high_77287,cluster_13546492148_1838721956,511.0,0.0,0,0.0,0.0,0.0,0.0,10.0,-0.5,5.0
TRAIN_high_77287,cluster_13546492148_1838721956,516.0,0.0,0,0.0,0.0,0.0,0.0,0.0,0.0,5.0
TRAIN_high_77287,cluster_13546492148_1838721956,521.0,5.0,1,0.027196413534992952,0.0,0.0,0.0,0.0,0.25,5.0
TRAIN_high_77287,cluster_13546492148_1838721956,526.0,5.0,2,0.34307566070400486,5.0,0.0,0.0,0.0,0.25,0.0
TRAIN_high_77287,cluster_13546492148_1838721956,531.0,10.0,2,0.0007300234252486616,5.0,5.0,0.0,0.0,0.5,5.0
TRAIN_high_77287,cluster_13546492148_1838721956,536.0,10.0,2,0.0,10.0,5.0,5.0,0.0,0.5,5.0
TRAIN_high_77287,cluster_13546492148_1838721956,541.0,0.0,1,32.03846718248635,10.0,10.0,5.0,5.0,-0.25,5.0
TRAIN_high_77287,cluster_13546492148_1838721956,546.0,0.0,1,67.75877784113096,0.0,10.0,10.0,5.0,-0.25,5.0
TRAIN_high_77287,cluster_13546492148_1838721956,551.0,0.0,0,0.0,0.0,0.0,10.0,10.0,-0.5,5.0
TRAIN_high_77287,cluster_13546492148_1838721956,556.0,0.0,0,0.0,0.0,0.0,0.0,10.0,-0.5,5.0
TRAIN_high_77287,cluster_13546492148_1838721956,561.0,0.0,1,22.014223015135006,0.0,0.0,0.0,0.0,0.0,5.0
TRAIN_high_77287,cluster_13546492148_1838721956,566.0,5.0,1,0.0,0.0,0.0,0.0,0.0,0.25,10.0
TRAIN_high_77287,cluster_13546492148_1838721956,571.0,5.0,2,37.280918265373614,5.0,0.0,0.0,0.0,0.25,0.0
TRAIN_high_77287,cluster_13546492148_1838721956,576.0,5.0,1,0.0,5.0,5.0,0.0,0.0,0.25,0.0
TRAIN_high_77287,cluster_13546492148_1838721956,581.0,5.0,1,0.0,5.0,5.0,5.0,0.0,0.25,0.0
TRAIN_high_77287,cluster_13546492148_1838721956,586.0,0.0,1,31.560563194603187,5.0,5.0,5.0,5.0,-0.25,0.0
TRAIN_high_77287,cluster_13546492148_1838721956,591.0,5.0,2,10.707715070310577,0.0,5.0,5.0,5.0,0.0,0.0
TRAIN_high_77287,cluster_13546492148_1838721956,596.0,5.0,1,0.0,5.0,0.0,5.0,5.0,0.0,5.0
TRAIN_high_77287,cluster_13546492148_1838721956,601.0,5.0,1,0.0,5.0,5.0,0.0,5.0,0.0,5.0
TRAIN_high_77287,cluster_13546492148_1838721956,606.0,5.0,1,0.0,5.0,5.0,5.0,0.0,0.25,5.0
TRAIN_high_77287,cluster_13546492148_1838721956,611.0,5.0,1,0.0,5.0,5.0,5.0,5.0,0.0,5.0
TRAIN_high_77287,cluster_13546492148_1838721956,616.0,5.0,1,0.0,5.0,5.0,5.0,5.0,0.0,0.0
TRAIN_high_77287,cluster_13546492148_1838721956,621.0,5.0,2,8.54948001104629,5.0,5.0,5.0,5.0,0.0,0.0
TRAIN_high_77287,cluster_13546492148_1838721956,626.0,10.0,2,0.0008784828728392919,5.0,5.0,5.0,5.0,0.25,0.0
TRAIN_high_77287,cluster_13546492148_1838721956,631.0,0.0,0,0.0,10.0,5.0,5.0,5.0,-0.25,0.0
TRAIN_high_77287,cluster_13546492148_1838721956,636.0,0.0,0,0.0,0.0,10.0,5.0,5.0,-0.25,0.0
TRAIN_high_77287,cluster_13546492148_1838721956,641.0,0.0,0,0.0,0.0,0.0,10.0,5.0,-0.25,0.0
TRAIN_high_77287,cluster_13546492148_1838721956,646.0,0.0,0,0.0,0.0,0.0,0.0,10.0,-0.5,0.0
TRAIN_high_77287,cluster_13546492148_1838721956,651.0,0.0,0,0.0,0.0,0.0,0.0,0.0,0.0,0.0
TRAIN_high_77287,cluster_13546492148_1838721956,656.0,5.0,1,0.14923570754862503,0.0,0.0,0.0,0.0,0.25,0.0
TRAIN_high_77287,cluster_13546492148_1838721956,661.0,5.0,1,0.0,5.0,0.0,0.0,0.0,0.25,0.0
TRAIN_high_77287,cluster_13546492148_1838721956,666.0,5.0,1,0.0,5.0,5.0,0.0,0.0,0.25,0.0
TRAIN_high_77287,cluster_13546492148_1838721956,671.0,5.0,1,0.0,5.0,5.0,5.0,0.0,0.25,0.0
TRAIN_high_77287,cluster_13546492148_1838721956,676.0,0.0,0,0.0,5.0,5.0,5.0,5.0,-0.25,0.0
TRAIN_high_77287,cluster_13546492148_1838721956,681.0,0.0,0,0.0,0.0,5.0,5.0,5.0,-0.25,0.0
TRAIN_high_77287,cluster_13546492148_1838721956,686.0,0.0,0,0.0,0.0,0.0,5.0,5.0,-0.25,0.0
TRAIN_high_77287,cluster_13546492148_1838721956,691.0,0.0,0,0.0,0.0,0.0,0.0,5.0,-0.25,0.0
TRAIN_high_77287,cluster_13546492148_1838721956,696.0,0.0,0,0.0,0.0,0.0,0.0,0.0,0.0,0.0
TRAIN_high_77287,cluster_13546492148_1838721956,701.0,0.0,0,0.0,0.0,0.0,0.0,0.0,0.0,0.0
TRAIN_high_77287,cluster_13546492148_1838721956,706.0,0.0,0,0.0,0.0,0.0,0.0,0.0,0.0,0.0
TRAIN_high_77287,cluster_13546492148_1838721956,711.0,0.0,0,0.0,0.0,0.0,0.0,0.0,0.0,0.0
TRAIN_high_77287,cluster_13546492148_1838721956,716.0,0.0,0,0.0,0.0,0.0,0.0,0.0,0.0,0.0
TRAIN_high_77287,cluster_13546492148_1838721956,721.0,0.0,0,0.0,0.0,0.0,0.0,0.0,0.0,0.0
TRAIN_high_77287,cluster_13546492148_1838721956,726.0,0.0,0,0.0,0.0,0.0,0.0,0.0,0.0,0.0
TRAIN_high_77287,cluster_13546492148_1838721956,731.0,0.0,0,0.0,0.0,0.0,0.0,0.0,0.0,0.0
TRAIN_high_77287,cluster_13546492148_1838721956,736.0,0.0,0,0.0,0.0,0.0,0.0,0.0,0.0,0.0
TRAIN_high_77287,cluster_2061304035_245647208,16.0,0.0,0,0.0,0.0,0.0,0.0,0.0,0.0,0.0
TRAIN_high_77287,cluster_2061304035_245647208,21.0,0.0,0,0.0,0.0,0.0,0.0,0.0,0.0,0.0
TRAIN_high_77287,cluster_2061304035_245647208,26.0,0.0,0,0.0,0.0,0.0,0.0,0.0,0.0,0.0
TRAIN_high_77287,cluster_2061304035_245647208,31.0,0.0,0,0.0,0.0,0.0,0.0,0.0,0.0,0.0
TRAIN_high_77287,cluster_2061304035_245647208,36.0,0.0,0,0.0,0.0,0.0,0.0,0.0,0.0,0.0
TRAIN_high_77287,cluster_2061304035_245647208,41.0,0.0,0,0.0,0.0,0.0,0.0,0.0,0.0,0.0
TRAIN_high_77287,cluster_2061304035_245647208,46.0,0.0,0,0.0,0.0,0.0,0.0,0.0,0.0,0.0
TRAIN_high_77287,cluster_2061304035_245647208,51.0,0.0,0,0.0,0.0,0.0,0.0,0.0,0.0,5.0
TRAIN_high_77287,cluster_2061304035_245647208,56.0,0.0,0,0.0,0.0,0.0,0.0,0.0,0.0,5.0
TRAIN_high_77287,cluster_2061304035_245647208,61.0,0.0,0,0.0,0.0,0.0,0.0,0.0,0.0,5.0
TRAIN_high_77287,cluster_2061304035_245647208,66.0,0.0,0,0.0,0.0,0.0,0.0,0.0,0.0,5.0
TRAIN_high_77287,cluster_2061304035_245647208,71.0,0.0,0,0.0,0.0,0.0,0.0,0.0,0.0,5.0
TRAIN_high_77287,cluster_2061304035_245647208,76.0,0.0,0,0.0,0.0,0.0,0.0,0.0,0.0,0.0
TRAIN_high_77287,cluster_2061304035_245647208,81.0,0.0,0,0.0,0.0,0.0,0.0,0.0,0.0,0.0
TRAIN_high_77287,cluster_2061304035_245647208,86.0,0.0,0,0.0,0.0,0.0,0.0,0.0,0.0,0.0
TRAIN_high_77287,cluster_2061304035_245647208,91.0,0.0,0,0.0,0.0,0.0,0.0,0.0,0.0,0.0
TRAIN_high_77287,cluster_2061304035_245647208,96.0,0.0,0,0.0,0.0,0.0,0.0,0.0,0.0,0.0
TRAIN_high_77287,cluster_2061304035_245647208,101.0,0.0,0,0.0,0.0,0.0,0.0,0.0,0.0,0.0
TRAIN_high_77287,cluster_2061304035_245647208,106.0,0.0,2,42.733801378882184,0.0,0.0,0.0,0.0,0.0,0.0
TRAIN_high_77287,cluster_2061304035_245647208,111.0,5.0,1,0.016936642227509503,0.0,0.0,0.0,0.0,0.25,0.0
TRAIN_high_77287,cluster_2061304035_245647208,116.0,5.0,1,0.0,5.0,0.0,0.0,0.0,0.25,0.0
TRAIN_high_77287,cluster_2061304035_245647208,121.0,5.0,1,0.0,5.0,5.0,0.0,0.0,0.25,0.0
TRAIN_high_77287,cluster_2061304035_245647208,126.0,5.0,2,45.78625532351636,5.0,5.0,5.0,0.0,0.25,0.0
TRAIN_high_77287,cluster_2061304035_245647208,131.0,5.0,2,26.583866185910363,5.0,5.0,5.0,5.0,0.0,0.0
TRAIN_high_77287,cluster_2061304035_245647208,136.0,0.0,0,0.0,5.0,5.0,5.0,5.0,-0.25,0.0
TRAIN_high_77287,cluster_2061304035_245647208,141.0,0.0,0,0.0,0.0,5.0,5.0,5.0,-0.25,5.0
TRAIN_high_77287,cluster_2061304035_245647208,146.0,0.0,0,0.0,0.0,0.0,5.0,5.0,-0.25,10.0
TRAIN_high_77287,cluster_2061304035_245647208,151.0,0.0,1,40.86410541208453,0.0,0.0,0.0,5.0,-0.25,10.0
TRAIN_high_77287,cluster_2061304035_245647208,156.0,0.0,0,0.0,0.0,0.0,0.0,0.0,0.0,10.0
TRAIN_high_77287,cluster_2061304035_245647208,161.0,0.0,0,0.0,0.0,0.0,0.0,0.0,0.0,10.0
TRAIN_high_77287,cluster_2061304035_245647208,166.0,0.0,0,0.0,0.0,0.0,0.0,0.0,0.0,5.0
TRAIN_high_77287,cluster_2061304035_245647208,171.0,0.0,0,0.0,0.0,0.0,0.0,0.0,0.0,0.0
TRAIN_high_77287,cluster_2061304035_245647208,176.0,0.0,0,0.0,0.0,0.0,0.0,0.0,0.0,0.0
TRAIN_high_77287,cluster_2061304035_245647208,181.0,0.0,0,0.0,0.0,0.0,0.0,0.0,0.0,0.0
TRAIN_high_77287,cluster_2061304035_245647208,186.0,0.0,0,0.0,0.0,0.0,0.0,0.0,0.0,0.0
TRAIN_high_77287,cluster_2061304035_245647208,191.0,0.0,0,0.0,0.0,0.0,0.0,0.0,0.0,0.0
TRAIN_high_77287,cluster_2061304035_245647208,196.0,0.0,2,39.977245380473825,0.0,0.0,0.0,0.0,0.0,0.0
TRAIN_high_77287,cluster_2061304035_245647208,201.0,5.0,2,0.9004418884082941,0.0,0.0,0.0,0.0,0.25,0.0
TRAIN_high_77287,cluster_2061304035_245647208,206.0,10.0,2,0.0009141653176343916,5.0,0.0,0.0,0.0,0.5,0.0
TRAIN_high_77287,cluster_2061304035_245647208,211.0,10.0,2,0.0,10.0,5.0,0.0,0.0,0.5,0.0
TRAIN_high_77287,cluster_2061304035_245647208,216.0,10.0,2,0.0,10.0,10.0,5.0,0.0,0.5,0.0
TRAIN_high_77287,cluster_2061304035_245647208,221.0,10.0,3,9.785851364009185,10.0,10.0,10.0,5.0,0.25,0.0
TRAIN_high_77287,cluster_2061304035_245647208,226.0,5.0,2,19.05855456207351,10.0,10.0,10.0,10.0,-0.25,0.0
TRAIN_high_77287,cluster_2061304035_245647208,231.0,0.0,0,0.0,5.0,10.0,10.0,10.0,-0.5,0.0
TRAIN_high_77287,cluster_2061304035_245647208,236.0,0.0,0,0.0,0.0,5.0,10.0,10.0,-0.5,0.0
TRAIN_high_77287,cluster_2061304035_245647208,241.0,0.0,0,0.0,0.0,0.0,5.0,10.0,-0.5,0.0
TRAIN_high_77287,cluster_2061304035_245647208,246.0,0.0,0,0.0,0.0,0.0,0.0,5.0,-0.25,0.0
TRAIN_high_77287,cluster_2061304035_245647208,251.0,0.0,0,0.0,0.0,0.0,0.0,0.0,0.0,5.0
TRAIN_high_77287,cluster_2061304035_245647208,256.0,0.0,2,33.1606306081217,0.0,0.0,0.0,0.0,0.0,0.0
TRAIN_high_77287,cluster_2061304035_245647208,261.0,0.0,1,40.94410877669598,0.0,0.0,0.0,0.0,0.0,0.0
TRAIN_high_77287,cluster_2061304035_245647208,266.0,0.0,0,0.0,0.0,0.0,0.0,0.0,0.0,0.0
TRAIN_high_77287,cluster_2061304035_245647208,271.0,0.0,0,0.0,0.0,0.0,0.0,0.0,0.0,0.0
TRAIN_high_77287,cluster_2061304035_245647208,276.0,0.0,0,0.0,0.0,0.0,0.0,0.0,0.0,0.0
TRAIN_high_77287,cluster_2061304035_245647208,281.0,0.0,0,0.0,0.0,0.0,0.0,0.0,0.0,0.0
TRAIN_high_77287,cluster_2061304035_245647208,286.0,0.0,0,0.0,0.0,0.0,0.0,0.0,0.0,0.0
TRAIN_high_77287,cluster_2061304035_245647208,291.0,0.0,0,0.0,0.0,0.0,0.0,0.0,0.0,0.0
TRAIN_high_77287,cluster_2061304035_245647208,296.0,0.0,0,0.0,0.0,0.0,0.0,0.0,0.0,0.0
TRAIN_high_77287,cluster_2061304035_245647208,301.0,0.0,0,0.0,0.0,0.0,0.0,0.0,0.0,0.0
TRAIN_high_77287,cluster_2061304035_245647208,306.0,0.0,1,24.90338943477033,0.0,0.0,0.0,0.0,0.0,0.0
TRAIN_high_77287,cluster_2061304035_245647208,311.0,5.0,2,27.793056375088717,0.0,0.0,0.0,0.0,0.25,0.0
TRAIN_high_77287,cluster_2061304035_245647208,316.0,0.0,0,0.0,5.0,0.0,0.0,0.0,0.0,0.0
TRAIN_high_77287,cluster_2061304035_245647208,321.0,0.0,0,0.0,0.0,5.0,0.0,0.0,0.0,5.0
TRAIN_high_77287,cluster_2061304035_245647208,326.0,0.0,0,0.0,0.0,0.0,5.0,0.0,0.0,15.0
TRAIN_high_77287,cluster_2061304035_245647208,331.0,0.0,0,0.0,0.0,0.0,0.0,5.0,-0.25,15.0
TRAIN_high_77287,cluster_2061304035_245647208,336.0,0.0,0,0.0,0.0,0.0,0.0,0.0,0.0,15.0
TRAIN_high_77287,cluster_2061304035_245647208,341.0,0.0,1,104.88070600586762,0.0,0.0,0.0,0.0,0.0,20.0
TRAIN_high_77287,cluster_2061304035_245647208,346.0,0.0,0,0.0,0.0,0.0,0.0,0.0,0.0,10.0
TRAIN_high_77287,cluster_2061304035_245647208,351.0,0.0,0,0.0,0.0,0.0,0.0,0.0,0.0,5.0
TRAIN_high_77287,cluster_2061304035_245647208,356.0,0.0,0,0.0,0.0,0.0,0.0,0.0,0.0,5.0
TRAIN_high_77287,cluster_2061304035_245647208,361.0,0.0,0,0.0,0.0,0.0,0.0,0.0,0.0,5.0
TRAIN_high_77287,cluster_2061304035_245647208,366.0,0.0,0,0.0,0.0,0.0,0.0,0.0,0.0,5.0
TRAIN_high_77287,cluster_2061304035_245647208,371.0,0.0,0,0.0,0.0,0.0,0.0,0.0,0.0,5.0
TRAIN_high_77287,cluster_2061304035_245647208,376.0,0.0,2,46.94506109197813,0.0,0.0,0.0,0.0,0.0,5.0
TRAIN_high_77287,cluster_2061304035_245647208,381.0,5.0,4,23.428204359177215,0.0,0.0,0.0,0.0,0.25,5.0
TRAIN_high_77287,cluster_2061304035_245647208,386.0,15.0,4,7.800160278899195,5.0,0.0,0.0,0.0,0.75,5.0
TRAIN_high_77287,cluster_2061304035_245647208,391.0,15.0,3,0.0,15.0,5.0,0.0,0.0,0.75,0.0
TRAIN_high_77287,cluster_2061304035_245647208,396.0,15.0,4,8.37736478386239,15.0,15.0,5.0,0.0,0.75,0.0
TRAIN_high_77287,cluster_2061304035_245647208,401.0,20.0,5,14.537294822292015,15.0,15.0,15.0,5.0,0.75,0.0
TRAIN_high_77287,cluster_2061304035_245647208,406.0,10.0,4,2.0613684331647053,20.0,15.0,15.0,15.0,-0.25,0.0
TRAIN_high_77287,cluster_2061304035_245647208,411.0,5.0,3,11.690722285620964,10.0,20.0,15.0,15.0,-0.5,5.0
TRAIN_high_77287,cluster_2061304035_245647208,416.0,5.0,1,0.0,5.0,10.0,20.0,15.0,-0.5,5.0
TRAIN_high_77287,cluster_2061304035_245647208,421.0,5.0,3,58.58329284366627,5.0,5.0,10.0,20.0,-0.75,5.0
TRAIN_high_77287,cluster_2061304035_245647208,426.0,5.0,1,0.0,5.0,5.0,5.0,10.0,-0.25,5.0
TRAIN_high_77287,cluster_2061304035_245647208,431.0,5.0,2,31.646060484293113,5.0,5.0,5.0,5.0,0.0,10.0
TRAIN_high_77287,cluster_2061304035_245647208,436.0,5.0,1,0.0,5.0,5.0,5.0,5.0,0.0,5.0
TRAIN_high_77287,cluster_2061304035_245647208,441.0,5.0,1,0.0,5.0,5.0,5.0,5.0,0.0,0.0
TRAIN_high_77287,cluster_2061304035_245647208,446.0,5.0,1,0.0,5.0,5.0,5.0,5.0,0.0,0.0
TRAIN_high_77287,cluster_2061304035_245647208,451.0,0.0,0,0.0,5.0,5.0,5.0,5.0,-0.25,0.0
TRAIN_high_77287,cluster_2061304035_245647208,456.0,0.0,0,0.0,0.0,5.0,5.0,5.0,-0.25,0.0
TRAIN_high_77287,cluster_2061304035_245647208,461.0,0.0,0,0.0,0.0,0.0,5.0,5.0,-0.25,0.0
TRAIN_high_77287,cluster_2061304035_245647208,466.0,0.0,1,37.90661325443216,0.0,0.0,0.0,5.0,-0.25,0.0
TRAIN_high_77287,cluster_2061304035_245647208,471.0,5.0,1,0.07596272159419737,0.0,0.0,0.0,0.0,0.25,0.0
TRAIN_high_77287,cluster_2061304035_245647208,476.0,5.0,1,0.0003658717126699522,5.0,0.0,0.0,0.0,0.25,0.0
TRAIN_high_77287,cluster_2061304035_245647208,481.0,5.0,1,0.0,5.0,5.0,0.0,0.0,0.25,0.0
TRAIN_high_77287,cluster_2061304035_245647208,486.0,5.0,2,18.185911617400084,5.0,5.0,5.0,0.0,0.25,0.0
TRAIN_high_77287,cluster_2061304035_245647208,491.0,10.0,2,0.0010070608697728617,5.0,5.0,5.0,5.0,0.25,0.0
TRAIN_high_77287,cluster_2061304035_245647208,496.0,5.0,2,20.473077284673632,10.0,5.0,5.0,5.0,0.0,0.0
TRAIN_high_77287,cluster_2061304035_245647208,501.0,0.0,2,19.954175771504072,5.0,10.0,5.0,5.0,-0.25,10.0
TRAIN_high_77287,cluster_2061304035_245647208,506.0,0.0,0,0.0,0.0,5.0,10.0,5.0,-0.25,15.0
TRAIN_high_77287,cluster_2061304035_245647208,511.0,0.0,2,46.72882346658903,0.0,0.0,5.0,10.0,-0.5,15.0
TRAIN_high_77287,cluster_2061304035_245647208,516.0,0.0,0,0.0,0.0,0.0,0.0,5.0,-0.25,15.0
TRAIN_high_77287,cluster_2061304035_245647208,521.0,0.0,0,0.0,0.0,0.0,0.0,0.0,0.0,15.0
TRAIN_high_77287,cluster_2061304035_245647208,526.0,0.0,0,0.0,0.0,0.0,0.0,0.0,0.0,5.0
TRAIN_high_77287,cluster_2061304035_245647208,531.0,0.0,0,0.0,0.0,0.0,0.0,0.0,0.0,0.0
TRAIN_high_77287,cluster_2061304035_245647208,536.0,0.0,0,0.0,0.0,0.0,0.0,0.0,0.0,0.0
TRAIN_high_77287,cluster_2061304035_245647208,541.0,0.0,0,0.0,0.0,0.0,0.0,0.0,0.0,0.0
TRAIN_high_77287,cluster_2061304035_245647208,546.0,0.0,0,0.0,0.0,0.0,0.0,0.0,0.0,0.0
TRAIN_high_77287,cluster_2061304035_245647208,551.0,0.0,0,0.0,0.0,0.0,0.0,0.0,0.0,0.0
TRAIN_high_77287,cluster_2061304035_245647208,556.0,0.0,4,43.254817492403454,0.0,0.0,0.0,0.0,0.0,0.0
TRAIN_high_77287,cluster_2061304035_245647208,561.0,10.0,3,0.49209910735209517,0.0,0.0,0.0,0.0,0.5,0.0
TRAIN_high_77287,cluster_2061304035_245647208,566.0,15.0,3,0.0016749625353924798,10.0,0.0,0.0,0.0,0.75,0.0
TRAIN_high_77287,cluster_2061304035_245647208,571.0,15.0,3,0.0,15.0,10.0,0.0,0.0,0.75,0.0
TRAIN_high_77287,cluster_2061304035_245647208,576.0,15.0,3,0.0,15.0,15.0,10.0,0.0,0.75,0.0
TRAIN_high_77287,cluster_2061304035_245647208,581.0,15.0,4,7.57410780145135,15.0,15.0,15.0,10.0,0.25,0.0
TRAIN_high_77287,cluster_2061304035_245647208,586.0,5.0,1,0.11814653402618175,15.0,15.0,15.0,15.0,-0.5,0.0
TRAIN_high_77287,cluster_2061304035_245647208,591.0,0.0,0,0.0,5.0,15.0,15.0,15.0,-0.75,0.0
TRAIN_high_77287,cluster_2061304035_245647208,596.0,0.0,1,42.571083398130554,0.0,5.0,15.0,15.0,-0.75,0.0
TRAIN_high_77287,cluster_2061304035_245647208,601.0,0.0,1,52.070840206067956,0.0,0.0,5.0,15.0,-0.75,0.0
TRAIN_high_77287,cluster_2061304035_245647208,606.0,0.0,1,21.780108219268257,0.0,0.0,0.0,5.0,-0.25,0.0
TRAIN_high_77287,cluster_2061304035_245647208,611.0,0.0,0,0.0,0.0,0.0,0.0,0.0,0.0,0.0
TRAIN_high_77287,cluster_2061304035_245647208,616.0,0.0,0,0.0,0.0,0.0,0.0,0.0,0.0,0.0
TRAIN_high_77287,cluster_2061304035_245647208,621.0,0.0,0,0.0,0.0,0.0,0.0,0.0,0.0,0.0
TRAIN_high_77287,cluster_2061304035_245647208,626.0,0.0,0,0.0,0.0,0.0,0.0,0.0,0.0,0.0
TRAIN_high_77287,cluster_2061304035_245647208,631.0,0.0,0,0.0,0.0,0.0,0.0,0.0,0.0,0.0
TRAIN_high_77287,cluster_2061304035_245647208,636.0,0.0,0,0.0,0.0,0.0,0.0,0.0,0.0,0.0
TRAIN_high_77287,cluster_2061304035_245647208,641.0,0.0,0,0.0,0.0,0.0,0.0,0.0,0.0,0.0
TRAIN_high_77287,cluster_2061304035_245647208,646.0,0.0,1,39.78424347547956,0.0,0.0,0.0,0.0,0.0,0.0
TRAIN_high_77287,cluster_2061304035_245647208,651.0,0.0,1,52.40362792622822,0.0,0.0,0.0,0.0,0.0,0.0
TRAIN_high_77287,cluster_2061304035_245647208,656.0,0.0,0,0.0,0.0,0.0,0.0,0.0,0.0,0.0
TRAIN_high_77287,cluster_2061304035_245647208,661.0,0.0,0,0.0,0.0,0.0,0.0,0.0,0.0,0.0
TRAIN_high_77287,cluster_2061304035_245647208,666.0,0.0,0,0.0,0.0,0.0,0.0,0.0,0.0,0.0
TRAIN_high_77287,cluster_2061304035_245647208,671.0,0.0,0,0.0,0.0,0.0,0.0,0.0,0.0,0.0
TRAIN_high_77287,cluster_2061304035_245647208,676.0,0.0,0,0.0,0.0,0.0,0.0,0.0,0.0,0.0
TRAIN_high_77287,cluster_2061304035_245647208,681.0,0.0,0,0.0,0.0,0.0,0.0,0.0,0.0,5.0
TRAIN_high_77287,cluster_2061304035_245647208,686.0,0.0,0,0.0,0.0,0.0,0.0,0.0,0.0,5.0
TRAIN_high_77287,cluster_2061304035_245647208,691.0,0.0,0,0.0,0.0,0.0,0.0,0.0,0.0,5.0
TRAIN_high_77287,cluster_2061304035_245647208,696.0,0.0,0,0.0,0.0,0.0,0.0,0.0,0.0,5.0
TRAIN_high_77287,cluster_2061304035_245647208,701.0,0.0,0,0.0,0.0,0.0,0.0,0.0,0.0,5.0
TRAIN_high_77287,cluster_2061304035_245647208,706.0,0.0,0,0.0,0.0,0.0,0.0,0.0,0.0,0.0
TRAIN_high_77287,cluster_2061304035_245647208,711.0,0.0,0,0.0,0.0,0.0,0.0,0.0,0.0,0.0
TRAIN_high_77287,cluster_2061304035_245647208,716.0,0.0,0,0.0,0.0,0.0,0.0,0.0,0.0,0.0
TRAIN_high_77287,cluster_2061304035_245647208,721.0,0.0,0,0.0,0.0,0.0,0.0,0.0,0.0,0.0
TRAIN_high_77287,cluster_2061304035_245647208,726.0,0.0,0,0.0,0.0,0.0,0.0,0.0,0.0,0.0
TRAIN_high_77287,cluster_2061304035_245647208,731.0,0.0,0,0.0,0.0,0.0,0.0,0.0,0.0,0.0
TRAIN_high_77287,cluster_2061304035_245647208,736.0,0.0,1,17.222550979786046,0.0,0.0,0.0,0.0,0.0,0.0
TRAIN_high_77287,cluster_245647168_3238255150_3495323634,16.0,0.0,0,0.0,0.0,0.0,0.0,0.0,0.0,15.0
TRAIN_high_77287,cluster_245647168_3238255150_3495323634,21.0,0.0,0,0.0,0.0,0.0,0.0,0.0,0.0,15.0
TRAIN_high_77287,cluster_245647168_3238255150_3495323634,26.0,0.0,1,67.18139145777667,0.0,0.0,0.0,0.0,0.0,15.0
TRAIN_high_77287,cluster_245647168_3238255150_3495323634,31.0,0.0,1,0.7023415817471208,0.0,0.0,0.0,0.0,0.0,10.0
TRAIN_high_77287,cluster_245647168_3238255150_3495323634,36.0,5.0,2,33.20306585571099,0.0,0.0,0.0,0.0,0.0,5.0
TRAIN_high_77287,cluster_245647168_3238255150_3495323634,41.0,5.0,2,0.24178661997912504,5.0,0.0,0.0,0.0,0.0,5.0
TRAIN_high_77287,cluster_245647168_3238255150_3495323634,46.0,10.0,2,0.0005950201979959426,5.0,5.0,0.0,0.0,0.0,10.0
TRAIN_high_77287,cluster_245647168_3238255150_3495323634,51.0,10.0,2,0.0,10.0,5.0,5.0,0.0,0.0,20.0
TRAIN_high_77287,cluster_245647168_3238255150_3495323634,56.0,10.0,2,0.0,10.0,10.0,5.0,5.0,0.0,10.0
TRAIN_high_77287,cluster_245647168_3238255150_3495323634,61.0,10.0,2,0.0,10.0,10.0,10.0,5.0,0.0,10.0
TRAIN_high_77287,cluster_245647168_3238255150_3495323634,66.0,10.0,3,13.85712251766403,10.0,10.0,10.0,10.0,0.0,15.0
TRAIN_high_77287,cluster_245647168_3238255150_3495323634,71.0,15.0,3,0.013919328922233758,10.0,10.0,10.0,10.0,0.0,15.0
TRAIN_high_77287,cluster_245647168_3238255150_3495323634,76.0,15.0,3,0.0,15.0,10.0,10.0,10.0,0.0,10.0
TRAIN_high_77287,cluster_245647168_3238255150_3495323634,81.0,15.0,3,0.0,15.0,15.0,10.0,10.0,0.0,10.0
TRAIN_high_77287,cluster_245647168_3238255150_3495323634,86.0,15.0,3,0.0,15.0,15.0,15.0,10.0,0.0,10.0
TRAIN_high_77287,cluster_245647168_3238255150_3495323634,91.0,10.0,2,0.0,15.0,15.0,15.0,15.0,0.0,10.0
TRAIN_high_77287,cluster_245647168_3238255150_3495323634,96.0,5.0,1,0.0,10.0,15.0,15.0,15.0,0.0,15.0
TRAIN_high_77287,cluster_245647168_3238255150_3495323634,101.0,5.0,3,49.576460541986656,5.0,10.0,15.0,15.0,0.0,15.0
TRAIN_high_77287,cluster_245647168_3238255150_3495323634,106.0,10.0,4,9.332998843963146,5.0,5.0,10.0,15.0,0.0,15.0
TRAIN_high_77287,cluster_245647168_3238255150_3495323634,111.0,20.0,6,8.721206316043364,10.0,5.0,5.0,10.0,0.5,15.0
TRAIN_high_77287,cluster_245647168_3238255150_3495323634,116.0,10.0,5,16.05341980370257,20.0,10.0,5.0,5.0,0.25,35.0
TRAIN_high_77287,cluster_245647168_3238255150_3495323634,121.0,10.0,3,1.1909926224832652,10.0,20.0,10.0,5.0,0.25,20.0
TRAIN_high_77287,cluster_245647168_3238255150_3495323634,126.0,15.0,3,0.0008759471754305239,10.0,10.0,20.0,10.0,0.25,5.0
TRAIN_high_77287,cluster_245647168_3238255150_3495323634,131.0,15.0,4,10.235542178885577,15.0,10.0,10.0,20.0,-0.25,5.0
TRAIN_high_77287,cluster_245647168_3238255150_3495323634,136.0,10.0,3,2.254131950853221,15.0,15.0,10.0,10.0,0.0,5.0
TRAIN_high_77287,cluster_245647168_3238255150_3495323634,141.0,10.0,2,0.0,10.0,15.0,15.0,10.0,0.0,10.0
TRAIN_high_77287,cluster_245647168_3238255150_3495323634,146.0,10.0,3,22.19860362003992,10.0,10.0,15.0,15.0,-0.25,10.0
TRAIN_high_77287,cluster_245647168_3238255150_3495323634,151.0,10.0,3,0.47998426197940597,10.0,10.0,10.0,15.0,-0.25,20.0
TRAIN_high_77287,cluster_245647168_3238255150_3495323634,156.0,15.0,3,0.0,10.0,10.0,10.0,10.0,0.25,30.0
TRAIN_high_77287,cluster_245647168_3238255150_3495323634,161.0,15.0,4,13.234713641831172,15.0,10.0,10.0,10.0,0.25,35.0
TRAIN_high_77287,cluster_245647168_3238255150_3495323634,166.0,15.0,6,30.27921333449245,15.0,15.0,10.0,10.0,0.25,35.0
TRAIN_high_77287,cluster_245647168_3238255150_3495323634,171.0,15.0,7,8.81388313177367,15.0,15.0,15.0,10.0,0.25,35.0
TRAIN_high_77287,cluster_245647168_3238255150_3495323634,176.0,35.0,7,0.005854006161544269,15.0,15.0,15.0,15.0,1.0,40.0
TRAIN_high_77287,cluster_245647168_3238255150_3495323634,181.0,20.0,5,17.9158114108961,35.0,15.0,15.0,15.0,0.25,40.0
TRAIN_high_77287,cluster_245647168_3238255150_3495323634,186.0,5.0,2,18.48167302722414,20.0,35.0,15.0,15.0,-0.5,45.0
TRAIN_high_77287,cluster_245647168_3238255150_3495323634,191.0,5.0,1,0.0,5.0,20.0,35.0,15.0,-0.5,45.0
TRAIN_high_77287,cluster_245647168_3238255150_3495323634,196.0,5.0,2,27.755002140033252,5.0,5.0,20.0,35.0,-1.5,50.0
TRAIN_high_77287,cluster_245647168_3238255150_3495323634,201.0,10.0,3,22.53080052746884,5.0,5.0,5.0,20.0,-0.5,55.0
TRAIN_high_77287,cluster_245647168_3238255150_3495323634,206.0,10.0,5,20.582861869049395,10.0,5.0,5.0,5.0,0.25,55.0
TRAIN_high_77287,cluster_245647168_3238255150_3495323634,211.0,20.0,8,22.02910738758336,10.0,10.0,5.0,5.0,0.75,50.0
TRAIN_high_77287,cluster_245647168_3238255150_3495323634,216.0,30.0,7,0.21357787878886803,20.0,10.0,10.0,5.0,1.25,10.0
TRAIN_high_77287,cluster_245647168_3238255150_3495323634,221.0,35.0,8,4.91507782311178,30.0,20.0,10.0,10.0,1.25,15.0
TRAIN_high_77287,cluster_245647168_3238255150_3495323634,226.0,35.0,7,0.03130178249841488,35.0,30.0,20.0,10.0,1.25,10.0
TRAIN_high_77287,cluster_245647168_3238255150_3495323634,231.0,35.0,8,2.0323139845903335,35.0,35.0,30.0,20.0,0.75,10.0
TRAIN_high_77287,cluster_245647168_3238255150_3495323634,236.0,40.0,9,7.108366805041235,35.0,35.0,35.0,30.0,0.5,10.0
TRAIN_high_77287,cluster_245647168_3238255150_3495323634,241.0,40.0,9,0.04735819108540682,40.0,35.0,35.0,35.0,0.25,10.0
TRAIN_high_77287,cluster_245647168_3238255150_3495323634,246.0,45.0,9,0.0,40.0,40.0,35.0,35.0,0.5,20.0
TRAIN_high_77287,cluster_245647168_3238255150_3495323634,251.0,45.0,10,5.4972001830291175,45.0,40.0,40.0,35.0,0.5,25.0
TRAIN_high_77287,cluster_245647168_3238255150_3495323634,256.0,50.0,11,2.2326942936986964,45.0,45.0,40.0,40.0,0.5,25.0
TRAIN_high_77287,cluster_245647168_3238255150_3495323634,261.0,55.0,12,4.424977518300309,50.0,45.0,45.0,40.0,0.75,30.0
TRAIN_high_77287,cluster_245647168_3238255150_3495323634,266.0,55.0,13,2.1572304420767305,55.0,50.0,45.0,45.0,0.5,30.0
TRAIN_high_77287,cluster_245647168_3238255150_3495323634,271.0,50.0,12,11.640023010527457,55.0,55.0,50.0,45.0,0.25,45.0
TRAIN_high_77287,cluster_245647168_3238255150_3495323634,276.0,10.0,11,16.764569014739877,50.0,55.0,55.0,50.0,-2.0,60.0
TRAIN_high_77287,cluster_245647168_3238255150_3495323634,281.0,15.0,5,7.663668183270353,10.0,50.0,55.0,55.0,-2.0,60.0
TRAIN_high_77287,cluster_245647168_3238255150_3495323634,286.0,10.0,3,21.659978914931074,15.0,10.0,50.0,55.0,-2.25,60.0
TRAIN_high_77287,cluster_245647168_3238255150_3495323634,291.0,10.0,4,17.239821091808704,10.0,15.0,10.0,50.0,-2.0,60.0
TRAIN_high_77287,cluster_245647168_3238255150_3495323634,296.0,10.0,3,16.227979898668128,10.0,10.0,15.0,10.0,0.0,70.0
TRAIN_high_77287,cluster_245647168_3238255150_3495323634,301.0,10.0,4,10.492420421554103,10.0,10.0,10.0,15.0,-0.25,55.0
TRAIN_high_77287,cluster_245647168_3238255150_3495323634,306.0,20.0,5,8.516909528645368,10.0,10.0,10.0,10.0,0.5,15.0
TRAIN_high_77287,cluster_245647168_3238255150_3495323634,311.0,25.0,5,0.0014805925315193337,20.0,10.0,10.0,10.0,0.75,10.0
TRAIN_high_77287,cluster_245647168_3238255150_3495323634,316.0,25.0,6,4.640333979339626,25.0,20.0,10.0,10.0,0.75,15.0
TRAIN_high_77287,cluster_245647168_3238255150_3495323634,321.0,30.0,8,12.663315119344954,25.0,25.0,20.0,10.0,1.0,20.0
TRAIN_high_77287,cluster_245647168_3238255150_3495323634,326.0,30.0,11,20.299190877885696,30.0,25.0,25.0,20.0,0.5,10.0
TRAIN_high_77287,cluster_245647168_3238255150_3495323634,331.0,45.0,12,4.3734081695230405,30.0,30.0,25.0,25.0,1.0,15.0
TRAIN_high_77287,cluster_245647168_3238255150_3495323634,336.0,60.0,13,3.1110183800430122,45.0,30.0,30.0,25.0,1.75,20.0
TRAIN_high_77287,cluster_245647168_3238255150_3495323634,341.0,60.0,12,0.0,60.0,45.0,30.0,30.0,1.5,20.0
TRAIN_high_77287,cluster_245647168_3238255150_3495323634,346.0,60.0,14,6.284111361060141,60.0,60.0,45.0,30.0,1.5,30.0
TRAIN_high_77287,cluster_245647168_3238255150_3495323634,351.0,60.0,14,2.419248120609529,60.0,60.0,60.0,45.0,0.75,30.0
TRAIN_high_77287,cluster_245647168_3238255150_3495323634,356.0,70.0,14,0.0,60.0,60.0,60.0,60.0,0.5,35.0
TRAIN_high_77287,cluster_245647168_3238255150_3495323634,361.0,55.0,12,2.208087251051444,70.0,60.0,60.0,60.0,-0.25,35.0
TRAIN_high_77287,cluster_245647168_3238255150_3495323634,366.0,15.0,12,19.80451047686086,55.0,70.0,60.0,60.0,-2.25,45.0
TRAIN_high_77287,cluster_245647168_3238255150_3495323634,371.0,10.0,6,9.897761657388017,15.0,55.0,70.0,60.0,-2.5,60.0
TRAIN_high_77287,cluster_245647168_3238255150_3495323634,376.0,15.0,4,0.1255929082416994,10.0,15.0,55.0,70.0,-2.75,70.0
TRAIN_high_77287,cluster_245647168_3238255150_3495323634,381.0,20.0,5,13.379535562460287,15.0,10.0,15.0,55.0,-1.75,90.0
TRAIN_high_77287,cluster_245647168_3238255150_3495323634,386.0,10.0,5,33.96561359023956,20.0,15.0,10.0,15.0,-0.25,95.0
TRAIN_high_77287,cluster_245647168_3238255150_3495323634,391.0,15.0,4,6.851182741313197,10.0,20.0,15.0,10.0,0.25,85.0
TRAIN_high_77287,cluster_245647168_3238255150_3495323634,396.0,20.0,4,0.01224237058138248,15.0,10.0,20.0,15.0,0.25,35.0
TRAIN_high_77287,cluster_245647168_3238255150_3495323634,401.0,20.0,7,14.220604708572656,20.0,15.0,10.0,20.0,0.0,30.0
TRAIN_high_77287,cluster_245647168_3238255150_3495323634,406.0,30.0,7,7.39717725196417,20.0,20.0,15.0,10.0,1.0,30.0
TRAIN_high_77287,cluster_245647168_3238255150_3495323634,411.0,30.0,7,0.23194149030730896,30.0,20.0,20.0,15.0,0.75,35.0
TRAIN_high_77287,cluster_245647168_3238255150_3495323634,416.0,35.0,7,6.612507174355292e-05,30.0,30.0,20.0,20.0,0.75,25.0
TRAIN_high_77287,cluster_245647168_3238255150_3495323634,421.0,35.0,11,15.235748643059305,35.0,30.0,30.0,20.0,0.75,25.0
TRAIN_high_77287,cluster_245647168_3238255150_3495323634,426.0,45.0,13,8.449010073991296,35.0,35.0,30.0,30.0,0.75,25.0
TRAIN_high_77287,cluster_245647168_3238255150_3495323634,431.0,60.0,17,13.664041777907315,45.0,35.0,35.0,30.0,1.5,25.0
TRAIN_high_77287,cluster_245647168_3238255150_3495323634,436.0,70.0,20,5.589308864634926,60.0,45.0,35.0,35.0,1.75,15.0
TRAIN_high_77287,cluster_245647168_3238255150_3495323634,441.0,90.0,20,2.4526729370585327,70.0,60.0,45.0,35.0,2.75,10.0
TRAIN_high_77287,cluster_245647168_3238255150_3495323634,446.0,95.0,24,8.831093067966112,90.0,70.0,60.0,45.0,2.5,10.0
TRAIN_high_77287,cluster_245647168_3238255150_3495323634,451.0,85.0,20,0.2592445014620298,95.0,90.0,70.0,60.0,1.25,15.0
TRAIN_high_77287,cluster_245647168_3238255150_3495323634,456.0,35.0,16,5.308129636073194,85.0,95.0,90.0,70.0,-1.75,15.0
TRAIN_high_77287,cluster_245647168_3238255150_3495323634,461.0,30.0,12,11.858802533414558,35.0,85.0,95.0,90.0,-3.0,25.0
TRAIN_high_77287,cluster_245647168_3238255150_3495323634,466.0,30.0,7,5.0491673938194985,30.0,35.0,85.0,95.0,-3.25,40.0
TRAIN_high_77287,cluster_245647168_3238255150_3495323634,471.0,35.0,7,0.006610899864527963,30.0,30.0,35.0,85.0,-2.5,45.0
TRAIN_high_77287,cluster_245647168_3238255150_3495323634,476.0,25.0,5,0.0,35.0,30.0,30.0,35.0,-0.5,50.0
TRAIN_high_77287,cluster_245647168_3238255150_3495323634,481.0,25.0,5,0.0,25.0,35.0,30.0,30.0,-0.25,35.0
TRAIN_high_77287,cluster_245647168_3238255150_3495323634,486.0,25.0,5,0.0,25.0,25.0,35.0,30.0,-0.25,15.0
TRAIN_high_77287,cluster_245647168_3238255150_3495323634,491.0,25.0,5,0.0,25.0,25.0,25.0,35.0,-0.5,20.0
TRAIN_high_77287,cluster_245647168_3238255150_3495323634,496.0,15.0,5,12.615682352975934,25.0,25.0,25.0,25.0,-0.5,10.0
TRAIN_high_77287,cluster_245647168_3238255150_3495323634,501.0,10.0,3,5.68242869899672,15.0,25.0,25.0,25.0,-0.75,15.0
TRAIN_high_77287,cluster_245647168_3238255150_3495323634,506.0,10.0,3,4.7539544565372935,10.0,15.0,25.0,25.0,-0.75,15.0
TRAIN_high_77287,cluster_245647168_3238255150_3495323634,511.0,15.0,5,27.374953511857495,10.0,10.0,15.0,25.0,-0.5,15.0
TRAIN_high_77287,cluster_245647168_3238255150_3495323634,516.0,15.0,8,26.49951681295976,15.0,10.0,10.0,15.0,0.0,20.0
TRAIN_high_77287,cluster_245647168_3238255150_3495323634,521.0,25.0,8,3.685797701965549,15.0,15.0,10.0,10.0,0.75,30.0
TRAIN_high_77287,cluster_245647168_3238255150_3495323634,526.0,40.0,10,13.77132712376214,25.0,15.0,15.0,10.0,1.5,20.0
TRAIN_high_77287,cluster_245647168_3238255150_3495323634,531.0,45.0,12,10.017536355057198,40.0,25.0,15.0,15.0,1.5,25.0
TRAIN_high_77287,cluster_245647168_3238255150_3495323634,536.0,50.0,11,0.07255931921938337,45.0,40.0,25.0,15.0,1.75,30.0
TRAIN_high_77287,cluster_245647168_3238255150_3495323634,541.0,35.0,8,4.8482533755584045,50.0,45.0,40.0,25.0,0.5,35.0
TRAIN_high_77287,cluster_245647168_3238255150_3495323634,546.0,15.0,7,18.002379115272014,35.0,50.0,45.0,40.0,-1.25,35.0
TRAIN_high_77287,cluster_245647168_3238255150_3495323634,551.0,20.0,4,0.006796320028864492,15.0,35.0,50.0,45.0,-1.25,25.0
TRAIN_high_77287,cluster_245647168_3238255150_3495323634,556.0,10.0,3,2.6548684242776663,20.0,15.0,35.0,50.0,-2.0,30.0
TRAIN_high_77287,cluster_245647168_3238255150_3495323634,561.0,15.0,3,0.004648951092396433,10.0,20.0,15.0,35.0,-1.0,40.0
TRAIN_high_77287,cluster_245647168_3238255150_3495323634,566.0,15.0,4,12.826391922027668,15.0,10.0,20.0,15.0,0.0,45.0
TRAIN_high_77287,cluster_245647168_3238255150_3495323634,571.0,15.0,5,16.0074293633256,15.0,15.0,10.0,20.0,-0.25,35.0
TRAIN_high_77287,cluster_245647168_3238255150_3495323634,576.0,20.0,6,10.67745729958016,15.0,15.0,15.0,10.0,0.5,0.0
TRAIN_high_77287,cluster_245647168_3238255150_3495323634,581.0,30.0,6,0.005650573010966508,20.0,15.0,15.0,15.0,0.75,0.0
TRAIN_high_77287,cluster_245647168_3238255150_3495323634,586.0,20.0,6,8.795165082281303,30.0,20.0,15.0,15.0,0.25,0.0
TRAIN_high_77287,cluster_245647168_3238255150_3495323634,591.0,25.0,6,3.174107708110364,20.0,30.0,20.0,15.0,0.5,5.0
TRAIN_high_77287,cluster_245647168_3238255150_3495323634,596.0,30.0,7,6.415705668241971,25.0,20.0,30.0,20.0,0.5,5.0
TRAIN_high_77287,cluster_245647168_3238255150_3495323634,601.0,35.0,7,0.006048879027484767,30.0,25.0,20.0,30.0,0.25,15.0
TRAIN_high_77287,cluster_245647168_3238255150_3495323634,606.0,35.0,7,0.0,35.0,30.0,25.0,20.0,0.75,25.0
TRAIN_high_77287,cluster_245647168_3238255150_3495323634,611.0,25.0,7,18.287857776257095,35.0,35.0,30.0,25.0,0.0,30.0
TRAIN_high_77287,cluster_245647168_3238255150_3495323634,616.0,30.0,8,7.1867957445033595,25.0,35.0,35.0,30.0,0.0,30.0
TRAIN_high_77287,cluster_245647168_3238255150_3495323634,621.0,40.0,10,9.774364900873387,30.0,25.0,35.0,35.0,0.25,30.0
TRAIN_high_77287,cluster_245647168_3238255150_3495323634,626.0,45.0,13,12.774066128605744,40.0,30.0,25.0,35.0,0.5,35.0
TRAIN_high_77287,cluster_245647168_3238255150_3495323634,631.0,35.0,11,15.318352762707772,45.0,40.0,30.0,25.0,0.5,35.0
TRAIN_high_77287,cluster_245647168_3238255150_3495323634,636.0,0.0,7,16.44225601551316,35.0,45.0,40.0,30.0,-1.5,35.0
TRAIN_high_77287,cluster_245647168_3238255150_3495323634,641.0,0.0,1,29.24044635126672,0.0,35.0,45.0,40.0,-2.0,35.0
TRAIN_high_77287,cluster_245647168_3238255150_3495323634,646.0,0.0,2,49.45977029148011,0.0,0.0,35.0,45.0,-2.25,35.0
TRAIN_high_77287,cluster_245647168_3238255150_3495323634,651.0,5.0,4,31.48984236959151,0.0,0.0,0.0,35.0,-1.5,40.0
TRAIN_high_77287,cluster_245647168_3238255150_3495323634,656.0,5.0,4,11.503365075697031,5.0,0.0,0.0,0.0,0.25,45.0
TRAIN_high_77287,cluster_245647168_3238255150_3495323634,661.0,15.0,6,30.206342027184288,5.0,5.0,0.0,0.0,0.75,35.0
TRAIN_high_77287,cluster_245647168_3238255150_3495323634,666.0,25.0,6,3.5905935188821276,15.0,5.0,5.0,0.0,1.25,0.0
TRAIN_high_77287,cluster_245647168_3238255150_3495323634,671.0,30.0,6,0.007204847432868536,25.0,15.0,5.0,5.0,1.25,0.0
TRAIN_high_77287,cluster_245647168_3238255150_3495323634,676.0,30.0,6,6.437975728314704e-05,30.0,25.0,15.0,5.0,1.25,0.0
TRAIN_high_77287,cluster_245647168_3238255150_3495323634,681.0,30.0,7,7.221272874040699,30.0,30.0,25.0,15.0,0.75,0.0
TRAIN_high_77287,cluster_245647168_3238255150_3495323634,686.0,35.0,7,0.01668205818401844,30.0,30.0,30.0,25.0,0.5,0.0
TRAIN_high_77287,cluster_245647168_3238255150_3495323634,691.0,35.0,7,0.0,35.0,30.0,30.0,30.0,0.25,0.0
TRAIN_high_77287,cluster_245647168_3238255150_3495323634,696.0,35.0,7,0.0,35.0,35.0,30.0,30.0,0.25,0.0
TRAIN_high_77287,cluster_245647168_3238255150_3495323634,701.0,35.0,7,0.0,35.0,35.0,35.0,30.0,0.25,0.0
TRAIN_high_77287,cluster_245647168_3238255150_3495323634,706.0,35.0,9,12.989190825065885,35.0,35.0,35.0,35.0,0.0,0.0
TRAIN_high_77287,cluster_245647168_3238255150_3495323634,711.0,40.0,10,7.534516652315851,35.0,35.0,35.0,35.0,0.25,0.0
TRAIN_high_77287,cluster_245647168_3238255150_3495323634,716.0,45.0,10,0.15977129714014474,40.0,35.0,35.0,35.0,0.5,0.0
TRAIN_high_77287,cluster_245647168_3238255150_3495323634,721.0,35.0,7,0.0,45.0,40.0,35.0,35.0,0.0,0.0
TRAIN_high_77287,cluster_245647168_3238255150_3495323634,726.0,0.0,4,17.992007326291574,35.0,45.0,40.0,35.0,-1.75,0.0
TRAIN_high_77287,cluster_245647168_3238255150_3495323634,731.0,0.0,0,0.0,0.0,35.0,45.0,40.0,-2.0,0.0
TRAIN_high_77287,cluster_245647168_3238255150_3495323634,736.0,0.0,0,0.0,0.0,0.0,35.0,45.0,-2.25,0.0
TRAIN_incident_60585,cluster_13546492148_1838721956,16.0,0.0,0,0.0,0.0,0.0,0.0,0.0,0.0,0.0
TRAIN_incident_60585,cluster_13546492148_1838721956,21.0,0.0,0,0.0,0.0,0.0,0.0,0.0,0.0,0.0
TRAIN_incident_60585,cluster_13546492148_1838721956,26.0,0.0,0,0.0,0.0,0.0,0.0,0.0,0.0,0.0
TRAIN_incident_60585,cluster_13546492148_1838721956,31.0,0.0,0,0.0,0.0,0.0,0.0,0.0,0.0,0.0
TRAIN_incident_60585,cluster_13546492148_1838721956,36.0,0.0,0,0.0,0.0,0.0,0.0,0.0,0.0,0.0
TRAIN_incident_60585,cluster_13546492148_1838721956,41.0,0.0,0,0.0,0.0,0.0,0.0,0.0,0.0,0.0
TRAIN_incident_60585,cluster_13546492148_1838721956,46.0,0.0,0,0.0,0.0,0.0,0.0,0.0,0.0,0.0
TRAIN_incident_60585,cluster_13546492148_1838721956,51.0,0.0,0,0.0,0.0,0.0,0.0,0.0,0.0,0.0
TRAIN_incident_60585,cluster_13546492148_1838721956,56.0,0.0,0,0.0,0.0,0.0,0.0,0.0,0.0,5.0
TRAIN_incident_60585,cluster_13546492148_1838721956,61.0,0.0,0,0.0,0.0,0.0,0.0,0.0,0.0,5.0
TRAIN_incident_60585,cluster_13546492148_1838721956,66.0,0.0,0,0.0,0.0,0.0,0.0,0.0,0.0,10.0
TRAIN_incident_60585,cluster_13546492148_1838721956,71.0,0.0,0,0.0,0.0,0.0,0.0,0.0,0.0,10.0
TRAIN_incident_60585,cluster_13546492148_1838721956,76.0,0.0,0,0.0,0.0,0.0,0.0,0.0,0.0,0.0
TRAIN_incident_60585,cluster_13546492148_1838721956,81.0,0.0,0,0.0,0.0,0.0,0.0,0.0,0.0,0.0
TRAIN_incident_60585,cluster_13546492148_1838721956,86.0,0.0,0,0.0,0.0,0.0,0.0,0.0,0.0,0.0
TRAIN_incident_60585,cluster_13546492148_1838721956,91.0,0.0,0,0.0,0.0,0.0,0.0,0.0,0.0,5.0
TRAIN_incident_60585,cluster_13546492148_1838721956,96.0,0.0,0,0.0,0.0,0.0,0.0,0.0,0.0,5.0
TRAIN_incident_60585,cluster_13546492148_1838721956,101.0,0.0,0,0.0,0.0,0.0,0.0,0.0,0.0,5.0
TRAIN_incident_60585,cluster_13546492148_1838721956,106.0,0.0,0,0.0,0.0,0.0,0.0,0.0,0.0,5.0
TRAIN_incident_60585,cluster_13546492148_1838721956,111.0,0.0,0,0.0,0.0,0.0,0.0,0.0,0.0,5.0
TRAIN_incident_60585,cluster_13546492148_1838721956,116.0,5.0,1,0.07290470874132639,0.0,0.0,0.0,0.0,0.25,5.0
TRAIN_incident_60585,cluster_13546492148_1838721956,121.0,5.0,2,0.3542637457366967,5.0,0.0,0.0,0.0,0.25,0.0
TRAIN_incident_60585,cluster_13546492148_1838721956,126.0,10.0,2,0.0,5.0,5.0,0.0,0.0,0.5,0.0
TRAIN_incident_60585,cluster_13546492148_1838721956,131.0,10.0,2,0.0,10.0,5.0,5.0,0.0,0.5,0.0
TRAIN_incident_60585,cluster_13546492148_1838721956,136.0,0.0,0,0.0,10.0,10.0,5.0,5.0,-0.25,0.0
TRAIN_incident_60585,cluster_13546492148_1838721956,141.0,0.0,0,0.0,0.0,10.0,10.0,5.0,-0.25,0.0
TRAIN_incident_60585,cluster_13546492148_1838721956,146.0,0.0,1,14.657974858841794,0.0,0.0,10.0,10.0,-0.5,0.0
TRAIN_incident_60585,cluster_13546492148_1838721956,151.0,5.0,1,0.0023765311127768676,0.0,0.0,0.0,10.0,-0.25,0.0
TRAIN_incident_60585,cluster_13546492148_1838721956,156.0,5.0,1,0.0,5.0,0.0,0.0,0.0,0.25,0.0
TRAIN_incident_60585,cluster_13546492148_1838721956,161.0,5.0,1,0.0,5.0,5.0,0.0,0.0,0.25,0.0
TRAIN_incident_60585,cluster_13546492148_1838721956,166.0,5.0,1,0.0,5.0,5.0,5.0,0.0,0.25,0.0
TRAIN_incident_60585,cluster_13546492148_1838721956,171.0,5.0,1,0.0,5.0,5.0,5.0,5.0,0.0,0.0
TRAIN_incident_60585,cluster_13546492148_1838721956,176.0,5.0,1,0.0,5.0,5.0,5.0,5.0,0.0,5.0
TRAIN_incident_60585,cluster_13546492148_1838721956,181.0,0.0,0,0.0,5.0,5.0,5.0,5.0,-0.25,5.0
TRAIN_incident_60585,cluster_13546492148_1838721956,186.0,0.0,0,0.0,0.0,5.0,5.0,5.0,-0.25,5.0
TRAIN_incident_60585,cluster_13546492148_1838721956,191.0,0.0,0,0.0,0.0,0.0,5.0,5.0,-0.25,5.0
TRAIN_incident_60585,cluster_13546492148_1838721956,196.0,0.0,0,0.0,0.0,0.0,0.0,5.0,-0.25,5.0
TRAIN_incident_60585,cluster_13546492148_1838721956,201.0,0.0,0,0.0,0.0,0.0,0.0,0.0,0.0,10.0
TRAIN_incident_60585,cluster_13546492148_1838721956,206.0,0.0,0,0.0,0.0,0.0,0.0,0.0,0.0,10.0
TRAIN_incident_60585,cluster_13546492148_1838721956,211.0,0.0,0,0.0,0.0,0.0,0.0,0.0,0.0,0.0
TRAIN_incident_60585,cluster_13546492148_1838721956,216.0,0.0,0,0.0,0.0,0.0,0.0,0.0,0.0,0.0
TRAIN_incident_60585,cluster_13546492148_1838721956,221.0,0.0,0,0.0,0.0,0.0,0.0,0.0,0.0,0.0
TRAIN_incident_60585,cluster_13546492148_1838721956,226.0,0.0,0,0.0,0.0,0.0,0.0,0.0,0.0,0.0
TRAIN_incident_60585,cluster_13546492148_1838721956,231.0,0.0,0,0.0,0.0,0.0,0.0,0.0,0.0,0.0
TRAIN_incident_60585,cluster_13546492148_1838721956,236.0,5.0,1,0.04476181421454742,0.0,0.0,0.0,0.0,0.25,5.0
TRAIN_incident_60585,cluster_13546492148_1838721956,241.0,5.0,2,24.748989415463026,5.0,0.0,0.0,0.0,0.25,5.0
TRAIN_incident_60585,cluster_13546492148_1838721956,246.0,5.0,1,0.0,5.0,5.0,0.0,0.0,0.25,5.0
TRAIN_incident_60585,cluster_13546492148_1838721956,251.0,5.0,1,0.0,5.0,5.0,5.0,0.0,0.25,10.0
TRAIN_incident_60585,cluster_13546492148_1838721956,256.0,5.0,1,0.0,5.0,5.0,5.0,5.0,0.0,0.0
TRAIN_incident_60585,cluster_13546492148_1838721956,261.0,10.0,2,0.004074244679694735,5.0,5.0,5.0,5.0,0.25,0.0
TRAIN_incident_60585,cluster_13546492148_1838721956,266.0,10.0,2,0.0,10.0,5.0,5.0,5.0,0.25,0.0
TRAIN_incident_60585,cluster_13546492148_1838721956,271.0,0.0,0,0.0,10.0,10.0,5.0,5.0,-0.25,0.0
TRAIN_incident_60585,cluster_13546492148_1838721956,276.0,0.0,0,0.0,0.0,10.0,10.0,5.0,-0.25,0.0
TRAIN_incident_60585,cluster_13546492148_1838721956,281.0,0.0,0,0.0,0.0,0.0,10.0,10.0,-0.5,0.0
TRAIN_incident_60585,cluster_13546492148_1838721956,286.0,0.0,0,0.0,0.0,0.0,0.0,10.0,-0.5,0.0
TRAIN_incident_60585,cluster_13546492148_1838721956,291.0,0.0,1,21.2240107622148,0.0,0.0,0.0,0.0,0.0,0.0
TRAIN_incident_60585,cluster_13546492148_1838721956,296.0,5.0,1,0.002524628076479857,0.0,0.0,0.0,0.0,0.25,0.0
TRAIN_incident_60585,cluster_13546492148_1838721956,301.0,5.0,1,0.0,5.0,0.0,0.0,0.0,0.25,0.0
TRAIN_incident_60585,cluster_13546492148_1838721956,306.0,5.0,1,0.0,5.0,5.0,0.0,0.0,0.25,0.0
TRAIN_incident_60585,cluster_13546492148_1838721956,311.0,10.0,2,0.10030047660254238,5.0,5.0,5.0,0.0,0.5,0.0
TRAIN_incident_60585,cluster_13546492148_1838721956,316.0,0.0,0,0.0,10.0,5.0,5.0,5.0,-0.25,0.0
TRAIN_incident_60585,cluster_13546492148_1838721956,321.0,0.0,0,0.0,0.0,10.0,5.0,5.0,-0.25,0.0
TRAIN_incident_60585,cluster_13546492148_1838721956,326.0,0.0,0,0.0,0.0,0.0,10.0,5.0,-0.25,0.0
TRAIN_incident_60585,cluster_13546492148_1838721956,331.0,0.0,0,0.0,0.0,0.0,0.0,10.0,-0.5,5.0
TRAIN_incident_60585,cluster_13546492148_1838721956,336.0,0.0,0,0.0,0.0,0.0,0.0,0.0,0.0,5.0
TRAIN_incident_60585,cluster_13546492148_1838721956,341.0,0.0,0,0.0,0.0,0.0,0.0,0.0,0.0,5.0
TRAIN_incident_60585,cluster_13546492148_1838721956,346.0,0.0,0,0.0,0.0,0.0,0.0,0.0,0.0,0.0
TRAIN_incident_60585,cluster_13546492148_1838721956,351.0,0.0,0,0.0,0.0,0.0,0.0,0.0,0.0,0.0
TRAIN_incident_60585,cluster_13546492148_1838721956,356.0,0.0,0,0.0,0.0,0.0,0.0,0.0,0.0,0.0
TRAIN_incident_60585,cluster_13546492148_1838721956,361.0,0.0,0,0.0,0.0,0.0,0.0,0.0,0.0,0.0
TRAIN_incident_60585,cluster_13546492148_1838721956,366.0,0.0,0,0.0,0.0,0.0,0.0,0.0,0.0,0.0
TRAIN_incident_60585,cluster_13546492148_1838721956,371.0,0.0,0,0.0,0.0,0.0,0.0,0.0,0.0,0.0
TRAIN_incident_60585,cluster_13546492148_1838721956,376.0,0.0,1,68.70844818578436,0.0,0.0,0.0,0.0,0.0,0.0
TRAIN_incident_60585,cluster_13546492148_1838721956,381.0,0.0,0,0.0,0.0,0.0,0.0,0.0,0.0,0.0
TRAIN_incident_60585,cluster_13546492148_1838721956,386.0,0.0,1,9.14761753721032,0.0,0.0,0.0,0.0,0.0,0.0
TRAIN_incident_60585,cluster_13546492148_1838721956,391.0,5.0,1,0.0,0.0,0.0,0.0,0.0,0.25,0.0
TRAIN_incident_60585,cluster_13546492148_1838721956,396.0,5.0,1,0.0,5.0,0.0,0.0,0.0,0.25,0.0
TRAIN_incident_60585,cluster_13546492148_1838721956,401.0,5.0,2,9.832605733280056,5.0,5.0,0.0,0.0,0.25,0.0
TRAIN_incident_60585,cluster_13546492148_1838721956,406.0,0.0,0,0.0,5.0,5.0,5.0,0.0,0.0,0.0
TRAIN_incident_60585,cluster_13546492148_1838721956,411.0,0.0,0,0.0,0.0,5.0,5.0,5.0,-0.25,0.0
TRAIN_incident_60585,cluster_13546492148_1838721956,416.0,0.0,0,0.0,0.0,0.0,5.0,5.0,-0.25,5.0
TRAIN_incident_60585,cluster_13546492148_1838721956,421.0,0.0,0,0.0,0.0,0.0,0.0,5.0,-0.25,10.0
TRAIN_incident_60585,cluster_13546492148_1838721956,426.0,0.0,0,0.0,0.0,0.0,0.0,0.0,0.0,10.0
TRAIN_incident_60585,cluster_13546492148_1838721956,431.0,0.0,0,0.0,0.0,0.0,0.0,0.0,0.0,10.0
TRAIN_incident_60585,cluster_13546492148_1838721956,436.0,0.0,0,0.0,0.0,0.0,0.0,0.0,0.0,0.0
TRAIN_incident_60585,cluster_13546492148_1838721956,441.0,0.0,0,0.0,0.0,0.0,0.0,0.0,0.0,0.0
TRAIN_incident_60585,cluster_13546492148_1838721956,446.0,0.0,0,0.0,0.0,0.0,0.0,0.0,0.0,5.0
TRAIN_incident_60585,cluster_13546492148_1838721956,451.0,0.0,0,0.0,0.0,0.0,0.0,0.0,0.0,5.0
TRAIN_incident_60585,cluster_13546492148_1838721956,456.0,0.0,0,0.0,0.0,0.0,0.0,0.0,0.0,5.0
TRAIN_incident_60585,cluster_13546492148_1838721956,461.0,0.0,0,0.0,0.0,0.0,0.0,0.0,0.0,5.0
TRAIN_incident_60585,cluster_13546492148_1838721956,466.0,0.0,0,0.0,0.0,0.0,0.0,0.0,0.0,5.0
TRAIN_incident_60585,cluster_13546492148_1838721956,471.0,0.0,0,0.0,0.0,0.0,0.0,0.0,0.0,5.0
TRAIN_incident_60585,cluster_13546492148_1838721956,476.0,5.0,2,6.761524287484118,0.0,0.0,0.0,0.0,0.25,5.0
TRAIN_incident_60585,cluster_13546492148_1838721956,481.0,10.0,2,0.005899902012905688,5.0,0.0,0.0,0.0,0.5,0.0
TRAIN_incident_60585,cluster_13546492148_1838721956,486.0,10.0,2,0.0,10.0,5.0,0.0,0.0,0.5,0.0
TRAIN_incident_60585,cluster_13546492148_1838721956,491.0,10.0,2,0.0,10.0,10.0,5.0,0.0,0.5,0.0
TRAIN_incident_60585,cluster_13546492148_1838721956,496.0,0.0,0,0.0,10.0,10.0,10.0,5.0,-0.25,0.0
TRAIN_incident_60585,cluster_13546492148_1838721956,501.0,0.0,1,0.5570045046033205,0.0,10.0,10.0,10.0,-0.5,0.0
TRAIN_incident_60585,cluster_13546492148_1838721956,506.0,5.0,1,0.0,0.0,0.0,10.0,10.0,-0.25,5.0
TRAIN_incident_60585,cluster_13546492148_1838721956,511.0,5.0,1,0.0,5.0,0.0,0.0,10.0,-0.25,5.0
TRAIN_incident_60585,cluster_13546492148_1838721956,516.0,5.0,1,0.0,5.0,5.0,0.0,0.0,0.25,5.0
TRAIN_incident_60585,cluster_13546492148_1838721956,521.0,5.0,1,0.0,5.0,5.0,5.0,0.0,0.25,5.0
TRAIN_incident_60585,cluster_13546492148_1838721956,526.0,5.0,1,0.0,5.0,5.0,5.0,5.0,0.0,0.0
TRAIN_incident_60585,cluster_13546492148_1838721956,531.0,5.0,1,0.0,5.0,5.0,5.0,5.0,0.0,0.0
TRAIN_incident_60585,cluster_13546492148_1838721956,536.0,5.0,2,0.582471727058501,5.0,5.0,5.0,5.0,0.0,0.0
TRAIN_incident_60585,cluster_13546492148_1838721956,541.0,0.0,0,0.0,5.0,5.0,5.0,5.0,-0.25,0.0
TRAIN_incident_60585,cluster_13546492148_1838721956,546.0,0.0,0,0.0,0.0,5.0,5.0,5.0,-0.25,0.0
TRAIN_incident_60585,cluster_13546492148_1838721956,551.0,0.0,0,0.0,0.0,0.0,5.0,5.0,-0.25,0.0
TRAIN_incident_60585,cluster_13546492148_1838721956,556.0,0.0,0,0.0,0.0,0.0,0.0,5.0,-0.25,0.0
TRAIN_incident_60585,cluster_13546492148_1838721956,561.0,0.0,0,0.0,0.0,0.0,0.0,0.0,0.0,0.0
TRAIN_incident_60585,cluster_13546492148_1838721956,566.0,5.0,1,0.0,0.0,0.0,0.0,0.0,0.25,0.0
TRAIN_incident_60585,cluster_13546492148_1838721956,571.0,5.0,1,0.0,5.0,0.0,0.0,0.0,0.25,0.0
TRAIN_incident_60585,cluster_13546492148_1838721956,576.0,5.0,1,0.0,5.0,5.0,0.0,0.0,0.25,0.0
TRAIN_incident_60585,cluster_13546492148_1838721956,581.0,5.0,1,0.0,5.0,5.0,5.0,0.0,0.25,0.0
TRAIN_incident_60585,cluster_13546492148_1838721956,586.0,0.0,0,0.0,5.0,5.0,5.0,5.0,-0.25,0.0
TRAIN_incident_60585,cluster_13546492148_1838721956,591.0,0.0,0,0.0,0.0,5.0,5.0,5.0,-0.25,0.0
TRAIN_incident_60585,cluster_13546492148_1838721956,596.0,0.0,0,0.0,0.0,0.0,5.0,5.0,-0.25,0.0
TRAIN_incident_60585,cluster_13546492148_1838721956,601.0,0.0,0,0.0,0.0,0.0,0.0,5.0,-0.25,0.0
TRAIN_incident_60585,cluster_13546492148_1838721956,606.0,0.0,0,0.0,0.0,0.0,0.0,0.0,0.0,5.0
TRAIN_incident_60585,cluster_13546492148_1838721956,611.0,0.0,0,0.0,0.0,0.0,0.0,0.0,0.0,5.0
TRAIN_incident_60585,cluster_13546492148_1838721956,616.0,0.0,0,0.0,0.0,0.0,0.0,0.0,0.0,0.0
TRAIN_incident_60585,cluster_13546492148_1838721956,621.0,0.0,0,0.0,0.0,0.0,0.0,0.0,0.0,0.0
TRAIN_incident_60585,cluster_13546492148_1838721956,626.0,0.0,0,0.0,0.0,0.0,0.0,0.0,0.0,0.0
TRAIN_incident_60585,cluster_13546492148_1838721956,631.0,0.0,0,0.0,0.0,0.0,0.0,0.0,0.0,5.0
TRAIN_incident_60585,cluster_13546492148_1838721956,636.0,0.0,0,0.0,0.0,0.0,0.0,0.0,0.0,10.0
TRAIN_incident_60585,cluster_13546492148_1838721956,641.0,0.0,0,0.0,0.0,0.0,0.0,0.0,0.0,10.0
TRAIN_incident_60585,cluster_13546492148_1838721956,646.0,0.0,0,0.0,0.0,0.0,0.0,0.0,0.0,10.0
TRAIN_incident_60585,cluster_13546492148_1838721956,651.0,0.0,0,0.0,0.0,0.0,0.0,0.0,0.0,10.0
TRAIN_incident_60585,cluster_13546492148_1838721956,656.0,0.0,0,0.0,0.0,0.0,0.0,0.0,0.0,15.0
TRAIN_incident_60585,cluster_13546492148_1838721956,661.0,0.0,1,7.506260478018633,0.0,0.0,0.0,0.0,0.0,0.0
TRAIN_incident_60585,cluster_13546492148_1838721956,666.0,5.0,1,0.0004073397236817408,0.0,0.0,0.0,0.0,0.25,0.0
TRAIN_incident_60585,cluster_13546492148_1838721956,671.0,5.0,1,0.0,5.0,0.0,0.0,0.0,0.25,0.0
TRAIN_incident_60585,cluster_13546492148_1838721956,676.0,0.0,0,0.0,5.0,5.0,0.0,0.0,0.0,0.0
TRAIN_incident_60585,cluster_13546492148_1838721956,681.0,0.0,0,0.0,0.0,5.0,5.0,0.0,0.0,0.0
TRAIN_incident_60585,cluster_13546492148_1838721956,686.0,0.0,1,0.3783788728878474,0.0,0.0,5.0,5.0,-0.25,0.0
TRAIN_incident_60585,cluster_13546492148_1838721956,691.0,5.0,2,0.2843158667624421,0.0,0.0,0.0,5.0,0.0,0.0
TRAIN_incident_60585,cluster_13546492148_1838721956,696.0,10.0,2,0.0,5.0,0.0,0.0,0.0,0.5,0.0
TRAIN_incident_60585,cluster_13546492148_1838721956,701.0,10.0,2,0.0,10.0,5.0,0.0,0.0,0.5,0.0
TRAIN_incident_60585,cluster_13546492148_1838721956,706.0,10.0,2,0.0,10.0,10.0,5.0,0.0,0.5,0.0
TRAIN_incident_60585,cluster_13546492148_1838721956,711.0,10.0,2,0.0,10.0,10.0,10.0,5.0,0.25,0.0
TRAIN_incident_60585,cluster_13546492148_1838721956,716.0,15.0,3,0.012737783761760213,10.0,10.0,10.0,10.0,0.25,0.0
TRAIN_incident_60585,cluster_13546492148_1838721956,721.0,0.0,0,0.0,15.0,10.0,10.0,10.0,-0.5,0.0
TRAIN_incident_60585,cluster_13546492148_1838721956,726.0,0.0,0,0.0,0.0,15.0,10.0,10.0,-0.5,0.0
TRAIN_incident_60585,cluster_13546492148_1838721956,731.0,0.0,0,0.0,0.0,0.0,15.0,10.0,-0.5,0.0
TRAIN_incident_60585,cluster_13546492148_1838721956,736.0,0.0,0,0.0,0.0,0.0,0.0,15.0,-0.75,0.0
TRAIN_incident_60585,cluster_2061304035_245647208,16.0,0.0,0,0.0,0.0,0.0,0.0,0.0,0.0,0.0
TRAIN_incident_60585,cluster_2061304035_245647208,21.0,0.0,0,0.0,0.0,0.0,0.0,0.0,0.0,0.0
TRAIN_incident_60585,cluster_2061304035_245647208,26.0,0.0,0,0.0,0.0,0.0,0.0,0.0,0.0,0.0
TRAIN_incident_60585,cluster_2061304035_245647208,31.0,0.0,0,0.0,0.0,0.0,0.0,0.0,0.0,0.0
TRAIN_incident_60585,cluster_2061304035_245647208,36.0,0.0,0,0.0,0.0,0.0,0.0,0.0,0.0,0.0
TRAIN_incident_60585,cluster_2061304035_245647208,41.0,0.0,0,0.0,0.0,0.0,0.0,0.0,0.0,0.0
TRAIN_incident_60585,cluster_2061304035_245647208,46.0,0.0,0,0.0,0.0,0.0,0.0,0.0,0.0,0.0
TRAIN_incident_60585,cluster_2061304035_245647208,51.0,0.0,0,0.0,0.0,0.0,0.0,0.0,0.0,0.0
TRAIN_incident_60585,cluster_2061304035_245647208,56.0,0.0,0,0.0,0.0,0.0,0.0,0.0,0.0,0.0
TRAIN_incident_60585,cluster_2061304035_245647208,61.0,0.0,0,0.0,0.0,0.0,0.0,0.0,0.0,0.0
TRAIN_incident_60585,cluster_2061304035_245647208,66.0,0.0,0,0.0,0.0,0.0,0.0,0.0,0.0,0.0
TRAIN_incident_60585,cluster_2061304035_245647208,71.0,0.0,0,0.0,0.0,0.0,0.0,0.0,0.0,0.0
TRAIN_incident_60585,cluster_2061304035_245647208,76.0,0.0,0,0.0,0.0,0.0,0.0,0.0,0.0,0.0
TRAIN_incident_60585,cluster_2061304035_245647208,81.0,0.0,0,0.0,0.0,0.0,0.0,0.0,0.0,0.0
TRAIN_incident_60585,cluster_2061304035_245647208,86.0,0.0,0,0.0,0.0,0.0,0.0,0.0,0.0,0.0
TRAIN_incident_60585,cluster_2061304035_245647208,91.0,0.0,0,0.0,0.0,0.0,0.0,0.0,0.0,0.0
TRAIN_incident_60585,cluster_2061304035_245647208,96.0,0.0,0,0.0,0.0,0.0,0.0,0.0,0.0,0.0
TRAIN_incident_60585,cluster_2061304035_245647208,101.0,0.0,0,0.0,0.0,0.0,0.0,0.0,0.0,0.0
TRAIN_incident_60585,cluster_2061304035_245647208,106.0,0.0,0,0.0,0.0,0.0,0.0,0.0,0.0,0.0
TRAIN_incident_60585,cluster_2061304035_245647208,111.0,0.0,0,0.0,0.0,0.0,0.0,0.0,0.0,0.0
TRAIN_incident_60585,cluster_2061304035_245647208,116.0,0.0,0,0.0,0.0,0.0,0.0,0.0,0.0,0.0
TRAIN_incident_60585,cluster_2061304035_245647208,121.0,0.0,0,0.0,0.0,0.0,0.0,0.0,0.0,0.0
TRAIN_incident_60585,cluster_2061304035_245647208,126.0,0.0,0,0.0,0.0,0.0,0.0,0.0,0.0,0.0
TRAIN_incident_60585,cluster_2061304035_245647208,131.0,0.0,0,0.0,0.0,0.0,0.0,0.0,0.0,0.0
TRAIN_incident_60585,cluster_2061304035_245647208,136.0,0.0,0,0.0,0.0,0.0,0.0,0.0,0.0,0.0
TRAIN_incident_60585,cluster_2061304035_245647208,141.0,0.0,0,0.0,0.0,0.0,0.0,0.0,0.0,0.0
TRAIN_incident_60585,cluster_2061304035_245647208,146.0,0.0,0,0.0,0.0,0.0,0.0,0.0,0.0,5.0
TRAIN_incident_60585,cluster_2061304035_245647208,151.0,0.0,3,45.33524003296668,0.0,0.0,0.0,0.0,0.0,5.0
TRAIN_incident_60585,cluster_2061304035_245647208,156.0,0.0,0,0.0,0.0,0.0,0.0,0.0,0.0,5.0
TRAIN_incident_60585,cluster_2061304035_245647208,161.0,0.0,0,0.0,0.0,0.0,0.0,0.0,0.0,5.0
TRAIN_incident_60585,cluster_2061304035_245647208,166.0,0.0,0,0.0,0.0,0.0,0.0,0.0,0.0,0.0
TRAIN_incident_60585,cluster_2061304035_245647208,171.0,0.0,0,0.0,0.0,0.0,0.0,0.0,0.0,0.0
TRAIN_incident_60585,cluster_2061304035_245647208,176.0,0.0,0,0.0,0.0,0.0,0.0,0.0,0.0,0.0
TRAIN_incident_60585,cluster_2061304035_245647208,181.0,0.0,0,0.0,0.0,0.0,0.0,0.0,0.0,0.0
TRAIN_incident_60585,cluster_2061304035_245647208,186.0,0.0,0,0.0,0.0,0.0,0.0,0.0,0.0,0.0
TRAIN_incident_60585,cluster_2061304035_245647208,191.0,0.0,0,0.0,0.0,0.0,0.0,0.0,0.0,0.0
TRAIN_incident_60585,cluster_2061304035_245647208,196.0,0.0,1,52.09872921272647,0.0,0.0,0.0,0.0,0.0,0.0
TRAIN_incident_60585,cluster_2061304035_245647208,201.0,0.0,1,3.4787204825988827,0.0,0.0,0.0,0.0,0.0,0.0
TRAIN_incident_60585,cluster_2061304035_245647208,206.0,5.0,1,0.0,0.0,0.0,0.0,0.0,0.25,0.0
TRAIN_incident_60585,cluster_2061304035_245647208,211.0,5.0,1,0.0,5.0,0.0,0.0,0.0,0.25,0.0
TRAIN_incident_60585,cluster_2061304035_245647208,216.0,5.0,2,39.034935171522704,5.0,5.0,0.0,0.0,0.25,0.0
TRAIN_incident_60585,cluster_2061304035_245647208,221.0,5.0,1,0.0,5.0,5.0,5.0,0.0,0.25,0.0
TRAIN_incident_60585,cluster_2061304035_245647208,226.0,0.0,0,0.0,5.0,5.0,5.0,5.0,-0.25,0.0
TRAIN_incident_60585,cluster_2061304035_245647208,231.0,0.0,0,0.0,0.0,5.0,5.0,5.0,-0.25,5.0
TRAIN_incident_60585,cluster_2061304035_245647208,236.0,0.0,0,0.0,0.0,0.0,5.0,5.0,-0.25,5.0
TRAIN_incident_60585,cluster_2061304035_245647208,241.0,0.0,0,0.0,0.0,0.0,0.0,5.0,-0.25,5.0
TRAIN_incident_60585,cluster_2061304035_245647208,246.0,0.0,0,0.0,0.0,0.0,0.0,0.0,0.0,5.0
TRAIN_incident_60585,cluster_2061304035_245647208,251.0,0.0,1,54.169546511903334,0.0,0.0,0.0,0.0,0.0,10.0
TRAIN_incident_60585,cluster_2061304035_245647208,256.0,0.0,1,31.945275628994946,0.0,0.0,0.0,0.0,0.0,5.0
TRAIN_incident_60585,cluster_2061304035_245647208,261.0,0.0,0,0.0,0.0,0.0,0.0,0.0,0.0,0.0
TRAIN_incident_60585,cluster_2061304035_245647208,266.0,0.0,0,0.0,0.0,0.0,0.0,0.0,0.0,0.0
TRAIN_incident_60585,cluster_2061304035_245647208,271.0,0.0,0,0.0,0.0,0.0,0.0,0.0,0.0,0.0
TRAIN_incident_60585,cluster_2061304035_245647208,276.0,0.0,0,0.0,0.0,0.0,0.0,0.0,0.0,0.0
TRAIN_incident_60585,cluster_2061304035_245647208,281.0,0.0,0,0.0,0.0,0.0,0.0,0.0,0.0,0.0
TRAIN_incident_60585,cluster_2061304035_245647208,286.0,0.0,2,26.40582126443657,0.0,0.0,0.0,0.0,0.0,0.0
TRAIN_incident_60585,cluster_2061304035_245647208,291.0,5.0,2,23.003191777915102,0.0,0.0,0.0,0.0,0.25,0.0
TRAIN_incident_60585,cluster_2061304035_245647208,296.0,5.0,1,0.0,5.0,0.0,0.0,0.0,0.25,0.0
TRAIN_incident_60585,cluster_2061304035_245647208,301.0,5.0,1,0.0,5.0,5.0,0.0,0.0,0.25,0.0
TRAIN_incident_60585,cluster_2061304035_245647208,306.0,5.0,1,0.0,5.0,5.0,5.0,0.0,0.25,0.0
TRAIN_incident_60585,cluster_2061304035_245647208,311.0,10.0,2,0.0858448766709411,5.0,5.0,5.0,5.0,0.25,0.0
TRAIN_incident_60585,cluster_2061304035_245647208,316.0,5.0,2,11.330020755904092,10.0,5.0,5.0,5.0,0.0,0.0
TRAIN_incident_60585,cluster_2061304035_245647208,321.0,0.0,1,6.183556741129837,5.0,10.0,5.0,5.0,-0.25,0.0
TRAIN_incident_60585,cluster_2061304035_245647208,326.0,0.0,0,0.0,0.0,5.0,10.0,5.0,-0.25,0.0
TRAIN_incident_60585,cluster_2061304035_245647208,331.0,0.0,1,54.08108204224573,0.0,0.0,5.0,10.0,-0.5,5.0
TRAIN_incident_60585,cluster_2061304035_245647208,336.0,0.0,0,0.0,0.0,0.0,0.0,5.0,-0.25,5.0
TRAIN_incident_60585,cluster_2061304035_245647208,341.0,0.0,0,0.0,0.0,0.0,0.0,0.0,0.0,5.0
TRAIN_incident_60585,cluster_2061304035_245647208,346.0,0.0,0,0.0,0.0,0.0,0.0,0.0,0.0,0.0
TRAIN_incident_60585,cluster_2061304035_245647208,351.0,0.0,0,0.0,0.0,0.0,0.0,0.0,0.0,0.0
TRAIN_incident_60585,cluster_2061304035_245647208,356.0,0.0,0,0.0,0.0,0.0,0.0,0.0,0.0,0.0
TRAIN_incident_60585,cluster_2061304035_245647208,361.0,0.0,0,0.0,0.0,0.0,0.0,0.0,0.0,0.0
TRAIN_incident_60585,cluster_2061304035_245647208,366.0,0.0,0,0.0,0.0,0.0,0.0,0.0,0.0,0.0
TRAIN_incident_60585,cluster_2061304035_245647208,371.0,0.0,0,0.0,0.0,0.0,0.0,0.0,0.0,0.0
TRAIN_incident_60585,cluster_2061304035_245647208,376.0,0.0,0,0.0,0.0,0.0,0.0,0.0,0.0,0.0
TRAIN_incident_60585,cluster_2061304035_245647208,381.0,0.0,1,26.227222926344737,0.0,0.0,0.0,0.0,0.0,0.0
TRAIN_incident_60585,cluster_2061304035_245647208,386.0,0.0,1,48.12868242219369,0.0,0.0,0.0,0.0,0.0,0.0
TRAIN_incident_60585,cluster_2061304035_245647208,391.0,5.0,1,0.12324500356077085,0.0,0.0,0.0,0.0,0.25,0.0
TRAIN_incident_60585,cluster_2061304035_245647208,396.0,5.0,1,0.0,5.0,0.0,0.0,0.0,0.25,0.0
TRAIN_incident_60585,cluster_2061304035_245647208,401.0,5.0,1,0.0,5.0,5.0,0.0,0.0,0.25,0.0
TRAIN_incident_60585,cluster_2061304035_245647208,406.0,0.0,0,0.0,5.0,5.0,5.0,0.0,0.0,5.0
TRAIN_incident_60585,cluster_2061304035_245647208,411.0,0.0,0,0.0,0.0,5.0,5.0,5.0,-0.25,5.0
TRAIN_incident_60585,cluster_2061304035_245647208,416.0,0.0,0,0.0,0.0,0.0,5.0,5.0,-0.25,5.0
TRAIN_incident_60585,cluster_2061304035_245647208,421.0,0.0,0,0.0,0.0,0.0,0.0,5.0,-0.25,5.0
TRAIN_incident_60585,cluster_2061304035_245647208,426.0,0.0,0,0.0,0.0,0.0,0.0,0.0,0.0,5.0
TRAIN_incident_60585,cluster_2061304035_245647208,431.0,0.0,0,0.0,0.0,0.0,0.0,0.0,0.0,5.0
TRAIN_incident_60585,cluster_2061304035_245647208,436.0,0.0,0,0.0,0.0,0.0,0.0,0.0,0.0,5.0
TRAIN_incident_60585,cluster_2061304035_245647208,441.0,0.0,0,0.0,0.0,0.0,0.0,0.0,0.0,0.0
TRAIN_incident_60585,cluster_2061304035_245647208,446.0,0.0,0,0.0,0.0,0.0,0.0,0.0,0.0,0.0
TRAIN_incident_60585,cluster_2061304035_245647208,451.0,0.0,0,0.0,0.0,0.0,0.0,0.0,0.0,0.0
TRAIN_incident_60585,cluster_2061304035_245647208,456.0,0.0,0,0.0,0.0,0.0,0.0,0.0,0.0,0.0
TRAIN_incident_60585,cluster_2061304035_245647208,461.0,0.0,1,59.91317884238242,0.0,0.0,0.0,0.0,0.0,0.0
TRAIN_incident_60585,cluster_2061304035_245647208,466.0,5.0,1,0.021132276994395845,0.0,0.0,0.0,0.0,0.25,0.0
TRAIN_incident_60585,cluster_2061304035_245647208,471.0,5.0,2,16.35665802495258,5.0,0.0,0.0,0.0,0.25,0.0
TRAIN_incident_60585,cluster_2061304035_245647208,476.0,5.0,2,22.84953171131171,5.0,5.0,0.0,0.0,0.25,0.0
TRAIN_incident_60585,cluster_2061304035_245647208,481.0,5.0,1,0.0,5.0,5.0,5.0,0.0,0.25,0.0
TRAIN_incident_60585,cluster_2061304035_245647208,486.0,5.0,1,0.0,5.0,5.0,5.0,5.0,0.0,0.0
TRAIN_incident_60585,cluster_2061304035_245647208,491.0,5.0,2,25.47029407190321,5.0,5.0,5.0,5.0,0.0,0.0
TRAIN_incident_60585,cluster_2061304035_245647208,496.0,5.0,1,0.0,5.0,5.0,5.0,5.0,0.0,0.0
TRAIN_incident_60585,cluster_2061304035_245647208,501.0,0.0,0,0.0,5.0,5.0,5.0,5.0,-0.25,10.0
TRAIN_incident_60585,cluster_2061304035_245647208,506.0,0.0,0,0.0,0.0,5.0,5.0,5.0,-0.25,20.0
TRAIN_incident_60585,cluster_2061304035_245647208,511.0,0.0,1,45.23762474162779,0.0,0.0,5.0,5.0,-0.25,20.0
TRAIN_incident_60585,cluster_2061304035_245647208,516.0,0.0,0,0.0,0.0,0.0,0.0,5.0,-0.25,20.0
TRAIN_incident_60585,cluster_2061304035_245647208,521.0,0.0,0,0.0,0.0,0.0,0.0,0.0,0.0,20.0
TRAIN_incident_60585,cluster_2061304035_245647208,526.0,0.0,1,59.75380715982247,0.0,0.0,0.0,0.0,0.0,15.0
TRAIN_incident_60585,cluster_2061304035_245647208,531.0,0.0,0,0.0,0.0,0.0,0.0,0.0,0.0,0.0
TRAIN_incident_60585,cluster_2061304035_245647208,536.0,0.0,0,0.0,0.0,0.0,0.0,0.0,0.0,0.0
TRAIN_incident_60585,cluster_2061304035_245647208,541.0,0.0,0,0.0,0.0,0.0,0.0,0.0,0.0,0.0
TRAIN_incident_60585,cluster_2061304035_245647208,546.0,0.0,0,0.0,0.0,0.0,0.0,0.0,0.0,0.0
TRAIN_incident_60585,cluster_2061304035_245647208,551.0,0.0,0,0.0,0.0,0.0,0.0,0.0,0.0,0.0
TRAIN_incident_60585,cluster_2061304035_245647208,556.0,0.0,2,30.500681433202754,0.0,0.0,0.0,0.0,0.0,0.0
TRAIN_incident_60585,cluster_2061304035_245647208,561.0,10.0,4,2.2035413901387813,0.0,0.0,0.0,0.0,0.5,0.0
TRAIN_incident_60585,cluster_2061304035_245647208,566.0,20.0,4,0.003696324343112168,10.0,0.0,0.0,0.0,1.0,0.0
TRAIN_incident_60585,cluster_2061304035_245647208,571.0,20.0,4,0.0,20.0,10.0,0.0,0.0,1.0,0.0
TRAIN_incident_60585,cluster_2061304035_245647208,576.0,20.0,4,0.0,20.0,20.0,10.0,0.0,1.0,0.0
TRAIN_incident_60585,cluster_2061304035_245647208,581.0,20.0,4,0.0,20.0,20.0,20.0,10.0,0.5,0.0
TRAIN_incident_60585,cluster_2061304035_245647208,586.0,15.0,3,0.0,20.0,20.0,20.0,20.0,-0.25,0.0
TRAIN_incident_60585,cluster_2061304035_245647208,591.0,0.0,3,15.029484160776954,15.0,20.0,20.0,20.0,-1.0,0.0
TRAIN_incident_60585,cluster_2061304035_245647208,596.0,0.0,1,22.822192137354747,0.0,15.0,20.0,20.0,-1.0,0.0
TRAIN_incident_60585,cluster_2061304035_245647208,601.0,0.0,0,0.0,0.0,0.0,15.0,20.0,-1.0,0.0
TRAIN_incident_60585,cluster_2061304035_245647208,606.0,0.0,0,0.0,0.0,0.0,0.0,15.0,-0.75,0.0
TRAIN_incident_60585,cluster_2061304035_245647208,611.0,0.0,0,0.0,0.0,0.0,0.0,0.0,0.0,0.0
TRAIN_incident_60585,cluster_2061304035_245647208,616.0,0.0,0,0.0,0.0,0.0,0.0,0.0,0.0,0.0
TRAIN_incident_60585,cluster_2061304035_245647208,621.0,0.0,0,0.0,0.0,0.0,0.0,0.0,0.0,0.0
TRAIN_incident_60585,cluster_2061304035_245647208,626.0,0.0,0,0.0,0.0,0.0,0.0,0.0,0.0,0.0
TRAIN_incident_60585,cluster_2061304035_245647208,631.0,0.0,0,0.0,0.0,0.0,0.0,0.0,0.0,0.0
TRAIN_incident_60585,cluster_2061304035_245647208,636.0,0.0,0,0.0,0.0,0.0,0.0,0.0,0.0,0.0
TRAIN_incident_60585,cluster_2061304035_245647208,641.0,0.0,1,63.07477420733295,0.0,0.0,0.0,0.0,0.0,0.0
TRAIN_incident_60585,cluster_2061304035_245647208,646.0,0.0,0,0.0,0.0,0.0,0.0,0.0,0.0,0.0
TRAIN_incident_60585,cluster_2061304035_245647208,651.0,0.0,0,0.0,0.0,0.0,0.0,0.0,0.0,0.0
TRAIN_incident_60585,cluster_2061304035_245647208,656.0,0.0,0,0.0,0.0,0.0,0.0,0.0,0.0,0.0
TRAIN_incident_60585,cluster_2061304035_245647208,661.0,0.0,0,0.0,0.0,0.0,0.0,0.0,0.0,0.0
TRAIN_incident_60585,cluster_2061304035_245647208,666.0,0.0,0,0.0,0.0,0.0,0.0,0.0,0.0,0.0
TRAIN_incident_60585,cluster_2061304035_245647208,671.0,0.0,0,0.0,0.0,0.0,0.0,0.0,0.0,0.0
TRAIN_incident_60585,cluster_2061304035_245647208,676.0,0.0,0,0.0,0.0,0.0,0.0,0.0,0.0,0.0
TRAIN_incident_60585,cluster_2061304035_245647208,681.0,0.0,0,0.0,0.0,0.0,0.0,0.0,0.0,15.0
TRAIN_incident_60585,cluster_2061304035_245647208,686.0,0.0,0,0.0,0.0,0.0,0.0,0.0,0.0,20.0
TRAIN_incident_60585,cluster_2061304035_245647208,691.0,0.0,0,0.0,0.0,0.0,0.0,0.0,0.0,20.0
TRAIN_incident_60585,cluster_2061304035_245647208,696.0,0.0,0,0.0,0.0,0.0,0.0,0.0,0.0,20.0
TRAIN_incident_60585,cluster_2061304035_245647208,701.0,0.0,0,0.0,0.0,0.0,0.0,0.0,0.0,20.0
TRAIN_incident_60585,cluster_2061304035_245647208,706.0,0.0,0,0.0,0.0,0.0,0.0,0.0,0.0,10.0
TRAIN_incident_60585,cluster_2061304035_245647208,711.0,0.0,0,0.0,0.0,0.0,0.0,0.0,0.0,0.0
TRAIN_incident_60585,cluster_2061304035_245647208,716.0,0.0,0,0.0,0.0,0.0,0.0,0.0,0.0,0.0
TRAIN_incident_60585,cluster_2061304035_245647208,721.0,0.0,0,0.0,0.0,0.0,0.0,0.0,0.0,0.0
TRAIN_incident_60585,cluster_2061304035_245647208,726.0,0.0,0,0.0,0.0,0.0,0.0,0.0,0.0,0.0
TRAIN_incident_60585,cluster_2061304035_245647208,731.0,0.0,0,0.0,0.0,0.0,0.0,0.0,0.0,0.0
TRAIN_incident_60585,cluster_2061304035_245647208,736.0,0.0,3,32.401381657258156,0.0,0.0,0.0,0.0,0.0,0.0
TRAIN_incident_60585,cluster_245647168_3238255150_3495323634,16.0,0.0,0,0.0,0.0,0.0,0.0,0.0,0.0,0.0
TRAIN_incident_60585,cluster_245647168_3238255150_3495323634,21.0,0.0,0,0.0,0.0,0.0,0.0,0.0,0.0,0.0
TRAIN_incident_60585,cluster_245647168_3238255150_3495323634,26.0,0.0,0,0.0,0.0,0.0,0.0,0.0,0.0,0.0
TRAIN_incident_60585,cluster_245647168_3238255150_3495323634,31.0,0.0,0,0.0,0.0,0.0,0.0,0.0,0.0,0.0
TRAIN_incident_60585,cluster_245647168_3238255150_3495323634,36.0,0.0,0,0.0,0.0,0.0,0.0,0.0,0.0,0.0
TRAIN_incident_60585,cluster_245647168_3238255150_3495323634,41.0,0.0,0,0.0,0.0,0.0,0.0,0.0,0.0,0.0
TRAIN_incident_60585,cluster_245647168_3238255150_3495323634,46.0,0.0,0,0.0,0.0,0.0,0.0,0.0,0.0,0.0
TRAIN_incident_60585,cluster_245647168_3238255150_3495323634,51.0,0.0,0,0.0,0.0,0.0,0.0,0.0,0.0,5.0
TRAIN_incident_60585,cluster_245647168_3238255150_3495323634,56.0,0.0,0,0.0,0.0,0.0,0.0,0.0,0.0,0.0
TRAIN_incident_60585,cluster_245647168_3238255150_3495323634,61.0,0.0,0,0.0,0.0,0.0,0.0,0.0,0.0,0.0
TRAIN_incident_60585,cluster_245647168_3238255150_3495323634,66.0,0.0,0,0.0,0.0,0.0,0.0,0.0,0.0,0.0
TRAIN_incident_60585,cluster_245647168_3238255150_3495323634,71.0,0.0,0,0.0,0.0,0.0,0.0,0.0,0.0,0.0
TRAIN_incident_60585,cluster_245647168_3238255150_3495323634,76.0,0.0,0,0.0,0.0,0.0,0.0,0.0,0.0,0.0
TRAIN_incident_60585,cluster_245647168_3238255150_3495323634,81.0,0.0,0,0.0,0.0,0.0,0.0,0.0,0.0,5.0
TRAIN_incident_60585,cluster_245647168_3238255150_3495323634,86.0,0.0,0,0.0,0.0,0.0,0.0,0.0,0.0,5.0
TRAIN_incident_60585,cluster_245647168_3238255150_3495323634,91.0,0.0,0,0.0,0.0,0.0,0.0,0.0,0.0,5.0
TRAIN_incident_60585,cluster_245647168_3238255150_3495323634,96.0,0.0,0,0.0,0.0,0.0,0.0,0.0,0.0,5.0
TRAIN_incident_60585,cluster_245647168_3238255150_3495323634,101.0,0.0,0,0.0,0.0,0.0,0.0,0.0,0.0,5.0
TRAIN_incident_60585,cluster_245647168_3238255150_3495323634,106.0,0.0,1,36.558899819284235,0.0,0.0,0.0,0.0,0.0,5.0
TRAIN_incident_60585,cluster_245647168_3238255150_3495323634,111.0,5.0,1,0.10190551923778186,0.0,0.0,0.0,0.0,0.25,5.0
TRAIN_incident_60585,cluster_245647168_3238255150_3495323634,116.0,0.0,0,0.0,5.0,0.0,0.0,0.0,0.0,15.0
TRAIN_incident_60585,cluster_245647168_3238255150_3495323634,121.0,0.0,0,0.0,0.0,5.0,0.0,0.0,0.0,10.0
TRAIN_incident_60585,cluster_245647168_3238255150_3495323634,126.0,0.0,1,54.23086614883196,0.0,0.0,5.0,0.0,0.0,5.0
TRAIN_incident_60585,cluster_245647168_3238255150_3495323634,131.0,0.0,0,0.0,0.0,0.0,0.0,5.0,-0.25,5.0
TRAIN_incident_60585,cluster_245647168_3238255150_3495323634,136.0,0.0,2,52.3092246375722,0.0,0.0,0.0,0.0,0.0,5.0
TRAIN_incident_60585,cluster_245647168_3238255150_3495323634,141.0,5.0,1,0.08967935224368732,0.0,0.0,0.0,0.0,0.25,15.0
TRAIN_incident_60585,cluster_245647168_3238255150_3495323634,146.0,5.0,1,0.0,5.0,0.0,0.0,0.0,0.25,20.0
TRAIN_incident_60585,cluster_245647168_3238255150_3495323634,151.0,5.0,1,0.0,5.0,5.0,0.0,0.0,0.25,25.0
TRAIN_incident_60585,cluster_245647168_3238255150_3495323634,156.0,5.0,1,0.0,5.0,5.0,5.0,0.0,0.25,30.0
TRAIN_incident_60585,cluster_245647168_3238255150_3495323634,161.0,5.0,1,0.0,5.0,5.0,5.0,5.0,0.0,30.0
TRAIN_incident_60585,cluster_245647168_3238255150_3495323634,166.0,5.0,3,55.07528991292904,5.0,5.0,5.0,5.0,0.0,25.0
TRAIN_incident_60585,cluster_245647168_3238255150_3495323634,171.0,5.0,4,16.706039218553165,5.0,5.0,5.0,5.0,0.0,20.0
TRAIN_incident_60585,cluster_245647168_3238255150_3495323634,176.0,15.0,5,16.986650229907053,5.0,5.0,5.0,5.0,0.5,25.0
TRAIN_incident_60585,cluster_245647168_3238255150_3495323634,181.0,10.0,2,0.001000868210625163,15.0,5.0,5.0,5.0,0.25,30.0
TRAIN_incident_60585,cluster_245647168_3238255150_3495323634,186.0,5.0,2,35.18283265573719,10.0,15.0,5.0,5.0,0.0,30.0
TRAIN_incident_60585,cluster_245647168_3238255150_3495323634,191.0,5.0,1,0.0,5.0,10.0,15.0,5.0,0.0,30.0
TRAIN_incident_60585,cluster_245647168_3238255150_3495323634,196.0,5.0,4,33.05255220970287,5.0,5.0,10.0,15.0,-0.5,30.0
TRAIN_incident_60585,cluster_245647168_3238255150_3495323634,201.0,15.0,6,20.472140070824118,5.0,5.0,5.0,10.0,0.25,35.0
TRAIN_incident_60585,cluster_245647168_3238255150_3495323634,206.0,20.0,5,3.3078771348558913,15.0,5.0,5.0,5.0,0.75,35.0
TRAIN_incident_60585,cluster_245647168_3238255150_3495323634,211.0,25.0,6,6.003386286773356,20.0,15.0,5.0,5.0,1.0,30.0
TRAIN_incident_60585,cluster_245647168_3238255150_3495323634,216.0,30.0,6,0.03611607230666043,25.0,20.0,15.0,5.0,1.25,5.0
TRAIN_incident_60585,cluster_245647168_3238255150_3495323634,221.0,30.0,7,7.28945038423613,30.0,25.0,20.0,15.0,0.75,5.0
TRAIN_incident_60585,cluster_245647168_3238255150_3495323634,226.0,25.0,6,0.6403240906279045,30.0,30.0,25.0,20.0,0.25,5.0
TRAIN_incident_60585,cluster_245647168_3238255150_3495323634,231.0,20.0,5,8.073610694849814,25.0,30.0,30.0,25.0,-0.25,5.0
TRAIN_incident_60585,cluster_245647168_3238255150_3495323634,236.0,25.0,6,6.669713965182946,20.0,25.0,30.0,30.0,-0.25,5.0
TRAIN_incident_60585,cluster_245647168_3238255150_3495323634,241.0,30.0,6,0.0020981543702035524,25.0,20.0,25.0,30.0,0.0,5.0
TRAIN_incident_60585,cluster_245647168_3238255150_3495323634,246.0,30.0,6,0.0,30.0,25.0,20.0,25.0,0.25,5.0
TRAIN_incident_60585,cluster_245647168_3238255150_3495323634,251.0,30.0,7,8.756395222221634,30.0,30.0,25.0,20.0,0.5,15.0
TRAIN_incident_60585,cluster_245647168_3238255150_3495323634,256.0,30.0,7,0.8195458399021709,30.0,30.0,30.0,25.0,0.25,10.0
TRAIN_incident_60585,cluster_245647168_3238255150_3495323634,261.0,35.0,7,0.00042738058388790335,30.0,30.0,30.0,30.0,0.25,10.0
TRAIN_incident_60585,cluster_245647168_3238255150_3495323634,266.0,35.0,9,15.947563623525882,35.0,30.0,30.0,30.0,0.25,15.0
TRAIN_incident_60585,cluster_245647168_3238255150_3495323634,271.0,30.0,8,12.561498290675068,35.0,35.0,30.0,30.0,0.0,25.0
TRAIN_incident_60585,cluster_245647168_3238255150_3495323634,276.0,5.0,5,14.782214025181545,30.0,35.0,35.0,30.0,-1.25,25.0
TRAIN_incident_60585,cluster_245647168_3238255150_3495323634,281.0,5.0,1,0.0,5.0,30.0,35.0,35.0,-1.5,30.0
TRAIN_incident_60585,cluster_245647168_3238255150_3495323634,286.0,5.0,1,0.0,5.0,5.0,30.0,35.0,-1.5,40.0
TRAIN_incident_60585,cluster_245647168_3238255150_3495323634,291.0,5.0,1,0.0,5.0,5.0,5.0,30.0,-1.25,45.0
TRAIN_incident_60585,cluster_245647168_3238255150_3495323634,296.0,5.0,1,0.0,5.0,5.0,5.0,5.0,0.0,60.0
TRAIN_incident_60585,cluster_245647168_3238255150_3495323634,301.0,5.0,2,39.81998815809964,5.0,5.0,5.0,5.0,0.0,50.0
TRAIN_incident_60585,cluster_245647168_3238255150_3495323634,306.0,5.0,3,16.97536337873178,5.0,5.0,5.0,5.0,0.0,15.0
TRAIN_incident_60585,cluster_245647168_3238255150_3495323634,311.0,15.0,3,0.016894698147719316,5.0,5.0,5.0,5.0,0.5,15.0
TRAIN_incident_60585,cluster_245647168_3238255150_3495323634,316.0,10.0,2,0.0,15.0,5.0,5.0,5.0,0.25,15.0
TRAIN_incident_60585,cluster_245647168_3238255150_3495323634,321.0,10.0,3,10.520164199564373,10.0,15.0,5.0,5.0,0.25,15.0
TRAIN_incident_60585,cluster_245647168_3238255150_3495323634,326.0,15.0,5,16.603519522283822,10.0,10.0,15.0,5.0,0.5,5.0
TRAIN_incident_60585,cluster_245647168_3238255150_3495323634,331.0,25.0,5,0.011662434678415252,15.0,10.0,10.0,15.0,0.5,5.0
TRAIN_incident_60585,cluster_245647168_3238255150_3495323634,336.0,25.0,7,15.392826345591885,25.0,15.0,10.0,10.0,0.75,5.0
TRAIN_incident_60585,cluster_245647168_3238255150_3495323634,341.0,30.0,9,11.361987538458738,25.0,25.0,15.0,10.0,1.0,10.0
TRAIN_incident_60585,cluster_245647168_3238255150_3495323634,346.0,40.0,10,6.54268655909351,30.0,25.0,25.0,15.0,1.25,15.0
TRAIN_incident_60585,cluster_245647168_3238255150_3495323634,351.0,45.0,13,12.405431120330233,40.0,30.0,25.0,25.0,1.0,15.0
TRAIN_incident_60585,cluster_245647168_3238255150_3495323634,356.0,60.0,14,2.3362386462739257,45.0,40.0,30.0,25.0,1.75,20.0
TRAIN_incident_60585,cluster_245647168_3238255150_3495323634,361.0,50.0,10,0.001458472097015372,60.0,45.0,40.0,30.0,1.0,20.0
TRAIN_incident_60585,cluster_245647168_3238255150_3495323634,366.0,15.0,6,6.883253276009317,50.0,60.0,45.0,40.0,-1.25,25.0
TRAIN_incident_60585,cluster_245647168_3238255150_3495323634,371.0,15.0,3,0.0,15.0,50.0,60.0,45.0,-1.5,20.0
TRAIN_incident_60585,cluster_245647168_3238255150_3495323634,376.0,15.0,3,0.0,15.0,15.0,50.0,60.0,-2.25,20.0
TRAIN_incident_60585,cluster_245647168_3238255150_3495323634,381.0,15.0,3,0.0,15.0,15.0,15.0,50.0,-1.75,25.0
TRAIN_incident_60585,cluster_245647168_3238255150_3495323634,386.0,5.0,1,0.0,15.0,15.0,15.0,15.0,-0.5,30.0
TRAIN_incident_60585,cluster_245647168_3238255150_3495323634,391.0,5.0,1,0.0,5.0,15.0,15.0,15.0,-0.5,20.0
TRAIN_incident_60585,cluster_245647168_3238255150_3495323634,396.0,5.0,3,40.486360953813936,5.0,5.0,15.0,15.0,-0.5,5.0
TRAIN_incident_60585,cluster_245647168_3238255150_3495323634,401.0,10.0,3,2.2758885217673024,5.0,5.0,5.0,15.0,-0.25,5.0
TRAIN_incident_60585,cluster_245647168_3238255150_3495323634,406.0,15.0,4,14.587746942384802,10.0,5.0,5.0,5.0,0.5,10.0
TRAIN_incident_60585,cluster_245647168_3238255150_3495323634,411.0,15.0,4,1.3735189571907964,15.0,10.0,5.0,5.0,0.5,10.0
TRAIN_incident_60585,cluster_245647168_3238255150_3495323634,416.0,20.0,5,10.834570021349041,15.0,15.0,10.0,5.0,0.75,0.0
TRAIN_incident_60585,cluster_245647168_3238255150_3495323634,421.0,20.0,5,1.4045813032612353,20.0,15.0,15.0,10.0,0.5,0.0
TRAIN_incident_60585,cluster_245647168_3238255150_3495323634,426.0,25.0,5,0.003757407364408723,20.0,20.0,15.0,15.0,0.5,0.0
TRAIN_incident_60585,cluster_245647168_3238255150_3495323634,431.0,20.0,5,12.127914790876954,25.0,20.0,20.0,15.0,0.25,5.0
TRAIN_incident_60585,cluster_245647168_3238255150_3495323634,436.0,20.0,6,22.07252139108301,20.0,25.0,20.0,20.0,0.0,10.0
TRAIN_incident_60585,cluster_245647168_3238255150_3495323634,441.0,25.0,6,4.6296634409428865,20.0,20.0,25.0,20.0,0.25,10.0
TRAIN_incident_60585,cluster_245647168_3238255150_3495323634,446.0,30.0,7,0.2200151752995647,25.0,20.0,20.0,25.0,0.25,10.0
TRAIN_incident_60585,cluster_245647168_3238255150_3495323634,451.0,20.0,5,11.495520233292506,30.0,25.0,20.0,20.0,0.0,10.0
TRAIN_incident_60585,cluster_245647168_3238255150_3495323634,456.0,5.0,3,14.0811943135011,20.0,30.0,25.0,20.0,-0.75,15.0
TRAIN_incident_60585,cluster_245647168_3238255150_3495323634,461.0,5.0,3,33.7477069166403,5.0,20.0,30.0,25.0,-1.0,10.0
TRAIN_incident_60585,cluster_245647168_3238255150_3495323634,466.0,10.0,2,0.0013268448139546808,5.0,5.0,20.0,30.0,-1.0,10.0
TRAIN_incident_60585,cluster_245647168_3238255150_3495323634,471.0,10.0,2,0.0,10.0,5.0,5.0,20.0,-0.5,10.0
TRAIN_incident_60585,cluster_245647168_3238255150_3495323634,476.0,0.0,0,0.0,10.0,10.0,5.0,5.0,-0.25,15.0
TRAIN_incident_60585,cluster_245647168_3238255150_3495323634,481.0,0.0,0,0.0,0.0,10.0,10.0,5.0,-0.25,10.0
TRAIN_incident_60585,cluster_245647168_3238255150_3495323634,486.0,0.0,2,30.267199360515228,0.0,0.0,10.0,10.0,-0.5,0.0
TRAIN_incident_60585,cluster_245647168_3238255150_3495323634,491.0,5.0,2,0.18535558949272038,0.0,0.0,0.0,10.0,-0.25,0.0
TRAIN_incident_60585,cluster_245647168_3238255150_3495323634,496.0,10.0,2,0.0,5.0,0.0,0.0,0.0,0.5,0.0
TRAIN_incident_60585,cluster_245647168_3238255150_3495323634,501.0,10.0,2,0.0,10.0,5.0,0.0,0.0,0.5,5.0
TRAIN_incident_60585,cluster_245647168_3238255150_3495323634,506.0,10.0,2,0.0,10.0,10.0,5.0,0.0,0.5,0.0
TRAIN_incident_60585,cluster_245647168_3238255150_3495323634,511.0,10.0,4,34.84408908924338,10.0,10.0,10.0,5.0,0.25,5.0
TRAIN_incident_60585,cluster_245647168_3238255150_3495323634,516.0,15.0,4,4.907250066466496,10.0,10.0,10.0,10.0,0.25,10.0
TRAIN_incident_60585,cluster_245647168_3238255150_3495323634,521.0,10.0,3,4.452131819854133,15.0,10.0,10.0,10.0,0.0,10.0
TRAIN_incident_60585,cluster_245647168_3238255150_3495323634,526.0,10.0,3,26.023869868212095,10.0,15.0,10.0,10.0,0.0,5.0
TRAIN_incident_60585,cluster_245647168_3238255150_3495323634,531.0,10.0,3,4.884276553355317,10.0,10.0,15.0,10.0,0.0,5.0
TRAIN_incident_60585,cluster_245647168_3238255150_3495323634,536.0,15.0,4,20.631827941684712,10.0,10.0,10.0,15.0,0.0,5.0
TRAIN_incident_60585,cluster_245647168_3238255150_3495323634,541.0,10.0,4,32.08624832951874,15.0,10.0,10.0,10.0,0.0,5.0
TRAIN_incident_60585,cluster_245647168_3238255150_3495323634,546.0,0.0,1,46.02621193435824,10.0,15.0,10.0,10.0,-0.5,10.0
TRAIN_incident_60585,cluster_245647168_3238255150_3495323634,551.0,0.0,0,0.0,0.0,10.0,15.0,10.0,-0.5,25.0
TRAIN_incident_60585,cluster_245647168_3238255150_3495323634,556.0,0.0,1,32.36794635063276,0.0,0.0,10.0,15.0,-0.75,30.0
TRAIN_incident_60585,cluster_245647168_3238255150_3495323634,561.0,5.0,2,24.8721160121764,0.0,0.0,0.0,10.0,-0.25,35.0
TRAIN_incident_60585,cluster_245647168_3238255150_3495323634,566.0,0.0,1,13.62057249871574,5.0,0.0,0.0,0.0,0.0,35.0
TRAIN_incident_60585,cluster_245647168_3238255150_3495323634,571.0,5.0,2,25.301217425702614,0.0,5.0,0.0,0.0,0.25,15.0
TRAIN_incident_60585,cluster_245647168_3238255150_3495323634,576.0,10.0,2,0.11508029707687957,5.0,0.0,5.0,0.0,0.5,0.0
TRAIN_incident_60585,cluster_245647168_3238255150_3495323634,581.0,10.0,2,0.0,10.0,5.0,0.0,5.0,0.25,0.0
TRAIN_incident_60585,cluster_245647168_3238255150_3495323634,586.0,5.0,1,0.0,10.0,10.0,5.0,0.0,0.25,0.0
TRAIN_incident_60585,cluster_245647168_3238255150_3495323634,591.0,5.0,1,0.0,5.0,10.0,10.0,5.0,0.0,0.0
TRAIN_incident_60585,cluster_245647168_3238255150_3495323634,596.0,5.0,2,38.88316108200681,5.0,5.0,10.0,10.0,-0.25,0.0
TRAIN_incident_60585,cluster_245647168_3238255150_3495323634,601.0,5.0,3,30.646205658407663,5.0,5.0,5.0,10.0,-0.25,0.0
TRAIN_incident_60585,cluster_245647168_3238255150_3495323634,606.0,10.0,6,31.31841480248953,5.0,5.0,5.0,5.0,0.25,5.0
TRAIN_incident_60585,cluster_245647168_3238255150_3495323634,611.0,25.0,7,13.46192225119079,10.0,5.0,5.0,5.0,1.0,5.0
TRAIN_incident_60585,cluster_245647168_3238255150_3495323634,616.0,30.0,7,0.32704780111500625,25.0,10.0,5.0,5.0,1.25,5.0
TRAIN_incident_60585,cluster_245647168_3238255150_3495323634,621.0,35.0,7,0.00021640660370260547,30.0,25.0,10.0,5.0,1.5,5.0
TRAIN_incident_60585,cluster_245647168_3238255150_3495323634,626.0,35.0,7,0.0,35.0,30.0,25.0,10.0,1.25,5.0
TRAIN_incident_60585,cluster_245647168_3238255150_3495323634,631.0,15.0,5,19.50998696114953,35.0,35.0,30.0,25.0,-0.5,10.0
TRAIN_incident_60585,cluster_245647168_3238255150_3495323634,636.0,0.0,0,0.0,15.0,35.0,35.0,30.0,-1.5,10.0
TRAIN_incident_60585,cluster_245647168_3238255150_3495323634,641.0,0.0,0,0.0,0.0,15.0,35.0,35.0,-1.75,10.0
TRAIN_incident_60585,cluster_245647168_3238255150_3495323634,646.0,0.0,0,0.0,0.0,0.0,15.0,35.0,-1.75,10.0
TRAIN_incident_60585,cluster_245647168_3238255150_3495323634,651.0,0.0,0,0.0,0.0,0.0,0.0,15.0,-0.75,10.0
TRAIN_incident_60585,cluster_245647168_3238255150_3495323634,656.0,0.0,1,89.43493789178473,0.0,0.0,0.0,0.0,0.0,10.0
TRAIN_incident_60585,cluster_245647168_3238255150_3495323634,661.0,0.0,1,13.175565439980167,0.0,0.0,0.0,0.0,0.0,0.0
TRAIN_incident_60585,cluster_245647168_3238255150_3495323634,666.0,5.0,2,19.38478528460925,0.0,0.0,0.0,0.0,0.25,0.0
TRAIN_incident_60585,cluster_245647168_3238255150_3495323634,671.0,5.0,2,1.5789439694666472,5.0,0.0,0.0,0.0,0.25,0.0
TRAIN_incident_60585,cluster_245647168_3238255150_3495323634,676.0,5.0,1,0.0,5.0,5.0,0.0,0.0,0.25,0.0
TRAIN_incident_60585,cluster_245647168_3238255150_3495323634,681.0,5.0,1,0.0,5.0,5.0,5.0,0.0,0.25,0.0
TRAIN_incident_60585,cluster_245647168_3238255150_3495323634,686.0,5.0,2,28.634034012214922,5.0,5.0,5.0,5.0,0.0,0.0
TRAIN_incident_60585,cluster_245647168_3238255150_3495323634,691.0,10.0,2,0.0019046873592311164,5.0,5.0,5.0,5.0,0.25,0.0
TRAIN_incident_60585,cluster_245647168_3238255150_3495323634,696.0,10.0,2,0.0,10.0,5.0,5.0,5.0,0.25,0.0
TRAIN_incident_60585,cluster_245647168_3238255150_3495323634,701.0,10.0,2,0.0,10.0,10.0,5.0,5.0,0.25,0.0
TRAIN_incident_60585,cluster_245647168_3238255150_3495323634,706.0,10.0,2,0.0,10.0,10.0,10.0,5.0,0.25,0.0
TRAIN_incident_60585,cluster_245647168_3238255150_3495323634,711.0,10.0,2,0.0,10.0,10.0,10.0,10.0,0.0,0.0
TRAIN_incident_60585,cluster_245647168_3238255150_3495323634,716.0,10.0,2,0.0,10.0,10.0,10.0,10.0,0.0,0.0
TRAIN_incident_60585,cluster_245647168_3238255150_3495323634,721.0,0.0,1,55.81309086237692,10.0,10.0,10.0,10.0,-0.5,0.0
TRAIN_incident_60585,cluster_245647168_3238255150_3495323634,726.0,0.0,0,0.0,0.0,10.0,10.0,10.0,-0.5,0.0
TRAIN_incident_60585,cluster_245647168_3238255150_3495323634,731.0,0.0,0,0.0,0.0,0.0,10.0,10.0,-0.5,5.0
TRAIN_incident_60585,cluster_245647168_3238255150_3495323634,736.0,0.0,0,0.0,0.0,0.0,0.0,10.0,-0.5,10.0
TRAIN_low_56288,cluster_13546492148_1838721956,16.0,0.0,0,0.0,0.0,0.0,0.0,0.0,0.0,0.0
TRAIN_low_56288,cluster_13546492148_1838721956,21.0,0.0,0,0.0,0.0,0.0,0.0,0.0,0.0,0.0
TRAIN_low_56288,cluster_13546492148_1838721956,26.0,0.0,0,0.0,0.0,0.0,0.0,0.0,0.0,0.0
TRAIN_low_56288,cluster_13546492148_1838721956,31.0,0.0,0,0.0,0.0,0.0,0.0,0.0,0.0,0.0
TRAIN_low_56288,cluster_13546492148_1838721956,36.0,0.0,0,0.0,0.0,0.0,0.0,0.0,0.0,0.0
TRAIN_low_56288,cluster_13546492148_1838721956,41.0,0.0,0,0.0,0.0,0.0,0.0,0.0,0.0,0.0
TRAIN_low_56288,cluster_13546492148_1838721956,46.0,0.0,0,0.0,0.0,0.0,0.0,0.0,0.0,0.0
TRAIN_low_56288,cluster_13546492148_1838721956,51.0,0.0,0,0.0,0.0,0.0,0.0,0.0,0.0,0.0
TRAIN_low_56288,cluster_13546492148_1838721956,56.0,0.0,0,0.0,0.0,0.0,0.0,0.0,0.0,0.0
TRAIN_low_56288,cluster_13546492148_1838721956,61.0,0.0,0,0.0,0.0,0.0,0.0,0.0,0.0,0.0
TRAIN_low_56288,cluster_13546492148_1838721956,66.0,0.0,0,0.0,0.0,0.0,0.0,0.0,0.0,0.0
TRAIN_low_56288,cluster_13546492148_1838721956,71.0,0.0,0,0.0,0.0,0.0,0.0,0.0,0.0,0.0
TRAIN_low_56288,cluster_13546492148_1838721956,76.0,0.0,0,0.0,0.0,0.0,0.0,0.0,0.0,0.0
TRAIN_low_56288,cluster_13546492148_1838721956,81.0,0.0,0,0.0,0.0,0.0,0.0,0.0,0.0,0.0
TRAIN_low_56288,cluster_13546492148_1838721956,86.0,0.0,0,0.0,0.0,0.0,0.0,0.0,0.0,0.0
TRAIN_low_56288,cluster_13546492148_1838721956,91.0,0.0,0,0.0,0.0,0.0,0.0,0.0,0.0,0.0
TRAIN_low_56288,cluster_13546492148_1838721956,96.0,0.0,0,0.0,0.0,0.0,0.0,0.0,0.0,0.0
TRAIN_low_56288,cluster_13546492148_1838721956,101.0,0.0,0,0.0,0.0,0.0,0.0,0.0,0.0,0.0
TRAIN_low_56288,cluster_13546492148_1838721956,106.0,0.0,0,0.0,0.0,0.0,0.0,0.0,0.0,0.0
TRAIN_low_56288,cluster_13546492148_1838721956,111.0,0.0,0,0.0,0.0,0.0,0.0,0.0,0.0,0.0
TRAIN_low_56288,cluster_13546492148_1838721956,116.0,0.0,0,0.0,0.0,0.0,0.0,0.0,0.0,0.0
TRAIN_low_56288,cluster_13546492148_1838721956,121.0,0.0,0,0.0,0.0,0.0,0.0,0.0,0.0,0.0
TRAIN_low_56288,cluster_13546492148_1838721956,126.0,0.0,0,0.0,0.0,0.0,0.0,0.0,0.0,0.0
TRAIN_low_56288,cluster_13546492148_1838721956,131.0,0.0,0,0.0,0.0,0.0,0.0,0.0,0.0,0.0
TRAIN_low_56288,cluster_13546492148_1838721956,136.0,0.0,0,0.0,0.0,0.0,0.0,0.0,0.0,0.0
TRAIN_low_56288,cluster_13546492148_1838721956,141.0,0.0,0,0.0,0.0,0.0,0.0,0.0,0.0,5.0
TRAIN_low_56288,cluster_13546492148_1838721956,146.0,0.0,0,0.0,0.0,0.0,0.0,0.0,0.0,10.0
TRAIN_low_56288,cluster_13546492148_1838721956,151.0,0.0,0,0.0,0.0,0.0,0.0,0.0,0.0,10.0
TRAIN_low_56288,cluster_13546492148_1838721956,156.0,0.0,0,0.0,0.0,0.0,0.0,0.0,0.0,10.0
TRAIN_low_56288,cluster_13546492148_1838721956,161.0,0.0,0,0.0,0.0,0.0,0.0,0.0,0.0,10.0
TRAIN_low_56288,cluster_13546492148_1838721956,166.0,0.0,0,0.0,0.0,0.0,0.0,0.0,0.0,0.0
TRAIN_low_56288,cluster_13546492148_1838721956,171.0,0.0,0,0.0,0.0,0.0,0.0,0.0,0.0,0.0
TRAIN_low_56288,cluster_13546492148_1838721956,176.0,0.0,0,0.0,0.0,0.0,0.0,0.0,0.0,0.0
TRAIN_low_56288,cluster_13546492148_1838721956,181.0,0.0,0,0.0,0.0,0.0,0.0,0.0,0.0,0.0
TRAIN_low_56288,cluster_13546492148_1838721956,186.0,0.0,0,0.0,0.0,0.0,0.0,0.0,0.0,5.0
TRAIN_low_56288,cluster_13546492148_1838721956,191.0,0.0,0,0.0,0.0,0.0,0.0,0.0,0.0,5.0
TRAIN_low_56288,cluster_13546492148_1838721956,196.0,0.0,1,6.292289984075673,0.0,0.0,0.0,0.0,0.0,5.0
TRAIN_low_56288,cluster_13546492148_1838721956,201.0,5.0,2,9.917726262812803,0.0,0.0,0.0,0.0,0.25,5.0
TRAIN_low_56288,cluster_13546492148_1838721956,206.0,10.0,2,0.0006323840140385194,5.0,0.0,0.0,0.0,0.5,5.0
TRAIN_low_56288,cluster_13546492148_1838721956,211.0,10.0,2,0.0,10.0,5.0,0.0,0.0,0.5,0.0
TRAIN_low_56288,cluster_13546492148_1838721956,216.0,10.0,2,0.00018121378178071737,10.0,10.0,5.0,0.0,0.5,0.0
TRAIN_low_56288,cluster_13546492148_1838721956,221.0,10.0,2,0.0,10.0,10.0,10.0,5.0,0.25,0.0
TRAIN_low_56288,cluster_13546492148_1838721956,226.0,0.0,0,0.0,10.0,10.0,10.0,10.0,-0.5,0.0
TRAIN_low_56288,cluster_13546492148_1838721956,231.0,0.0,0,0.0,0.0,10.0,10.0,10.0,-0.5,0.0
TRAIN_low_56288,cluster_13546492148_1838721956,236.0,0.0,0,0.0,0.0,0.0,10.0,10.0,-0.5,0.0
TRAIN_low_56288,cluster_13546492148_1838721956,241.0,0.0,1,0.7549790196442694,0.0,0.0,0.0,10.0,-0.5,0.0
TRAIN_low_56288,cluster_13546492148_1838721956,246.0,5.0,1,0.0005444886996407215,0.0,0.0,0.0,0.0,0.25,0.0
TRAIN_low_56288,cluster_13546492148_1838721956,251.0,5.0,1,0.0,5.0,0.0,0.0,0.0,0.25,0.0
TRAIN_low_56288,cluster_13546492148_1838721956,256.0,5.0,1,0.0,5.0,5.0,0.0,0.0,0.25,0.0
TRAIN_low_56288,cluster_13546492148_1838721956,261.0,5.0,1,0.0,5.0,5.0,5.0,0.0,0.25,0.0
TRAIN_low_56288,cluster_13546492148_1838721956,266.0,5.0,1,0.0,5.0,5.0,5.0,5.0,0.0,5.0
TRAIN_low_56288,cluster_13546492148_1838721956,271.0,0.0,0,0.0,5.0,5.0,5.0,5.0,-0.25,5.0
TRAIN_low_56288,cluster_13546492148_1838721956,276.0,0.0,0,0.0,0.0,5.0,5.0,5.0,-0.25,10.0
TRAIN_low_56288,cluster_13546492148_1838721956,281.0,0.0,0,0.0,0.0,0.0,5.0,5.0,-0.25,10.0
TRAIN_low_56288,cluster_13546492148_1838721956,286.0,0.0,0,0.0,0.0,0.0,0.0,5.0,-0.25,10.0
TRAIN_low_56288,cluster_13546492148_1838721956,291.0,0.0,0,0.0,0.0,0.0,0.0,0.0,0.0,15.0
TRAIN_low_56288,cluster_13546492148_1838721956,296.0,0.0,0,0.0,0.0,0.0,0.0,0.0,0.0,15.0
TRAIN_low_56288,cluster_13546492148_1838721956,301.0,0.0,0,0.0,0.0,0.0,0.0,0.0,0.0,0.0
TRAIN_low_56288,cluster_13546492148_1838721956,306.0,0.0,0,0.0,0.0,0.0,0.0,0.0,0.0,0.0
TRAIN_low_56288,cluster_13546492148_1838721956,311.0,0.0,0,0.0,0.0,0.0,0.0,0.0,0.0,0.0
TRAIN_low_56288,cluster_13546492148_1838721956,316.0,0.0,0,0.0,0.0,0.0,0.0,0.0,0.0,0.0
TRAIN_low_56288,cluster_13546492148_1838721956,321.0,0.0,1,20.54147056148259,0.0,0.0,0.0,0.0,0.0,0.0
TRAIN_low_56288,cluster_13546492148_1838721956,326.0,5.0,1,0.002415259973353599,0.0,0.0,0.0,0.0,0.25,5.0
TRAIN_low_56288,cluster_13546492148_1838721956,331.0,5.0,2,13.63966404837432,5.0,0.0,0.0,0.0,0.25,5.0
TRAIN_low_56288,cluster_13546492148_1838721956,336.0,10.0,2,0.0,5.0,5.0,0.0,0.0,0.5,5.0
TRAIN_low_56288,cluster_13546492148_1838721956,341.0,10.0,2,0.00019216581350682131,10.0,5.0,5.0,0.0,0.5,5.0
TRAIN_low_56288,cluster_13546492148_1838721956,346.0,10.0,2,0.0,10.0,10.0,5.0,5.0,0.25,0.0
TRAIN_low_56288,cluster_13546492148_1838721956,351.0,15.0,3,0.058411231585719085,10.0,10.0,10.0,5.0,0.5,5.0
TRAIN_low_56288,cluster_13546492148_1838721956,356.0,15.0,3,0.0,15.0,10.0,10.0,10.0,0.25,5.0
TRAIN_low_56288,cluster_13546492148_1838721956,361.0,0.0,0,0.0,15.0,15.0,10.0,10.0,-0.5,5.0
TRAIN_low_56288,cluster_13546492148_1838721956,366.0,0.0,0,0.0,0.0,15.0,15.0,10.0,-0.5,5.0
TRAIN_low_56288,cluster_13546492148_1838721956,371.0,0.0,0,0.0,0.0,0.0,15.0,15.0,-0.75,5.0
TRAIN_low_56288,cluster_13546492148_1838721956,376.0,0.0,0,0.0,0.0,0.0,0.0,15.0,-0.75,5.0
TRAIN_low_56288,cluster_13546492148_1838721956,381.0,0.0,0,0.0,0.0,0.0,0.0,0.0,0.0,5.0
TRAIN_low_56288,cluster_13546492148_1838721956,386.0,5.0,1,0.03019551587187674,0.0,0.0,0.0,0.0,0.25,5.0
TRAIN_low_56288,cluster_13546492148_1838721956,391.0,5.0,1,0.0,5.0,0.0,0.0,0.0,0.25,0.0
TRAIN_low_56288,cluster_13546492148_1838721956,396.0,5.0,1,0.0,5.0,5.0,0.0,0.0,0.25,0.0
TRAIN_low_56288,cluster_13546492148_1838721956,401.0,5.0,1,0.0,5.0,5.0,5.0,0.0,0.25,0.0
TRAIN_low_56288,cluster_13546492148_1838721956,406.0,0.0,0,0.0,5.0,5.0,5.0,5.0,-0.25,0.0
TRAIN_low_56288,cluster_13546492148_1838721956,411.0,5.0,1,0.06184897270607342,0.0,5.0,5.0,5.0,0.0,0.0
TRAIN_low_56288,cluster_13546492148_1838721956,416.0,5.0,1,0.0,5.0,0.0,5.0,5.0,0.0,5.0
TRAIN_low_56288,cluster_13546492148_1838721956,421.0,5.0,1,0.0,5.0,5.0,0.0,5.0,0.0,5.0
TRAIN_low_56288,cluster_13546492148_1838721956,426.0,5.0,1,0.0,5.0,5.0,5.0,0.0,0.25,5.0
TRAIN_low_56288,cluster_13546492148_1838721956,431.0,5.0,1,0.0,5.0,5.0,5.0,5.0,0.0,5.0
TRAIN_low_56288,cluster_13546492148_1838721956,436.0,5.0,1,0.0,5.0,5.0,5.0,5.0,0.0,0.0
TRAIN_low_56288,cluster_13546492148_1838721956,441.0,5.0,1,0.0,5.0,5.0,5.0,5.0,0.0,0.0
TRAIN_low_56288,cluster_13546492148_1838721956,446.0,5.0,1,0.0,5.0,5.0,5.0,5.0,0.0,0.0
TRAIN_low_56288,cluster_13546492148_1838721956,451.0,0.0,0,0.0,5.0,5.0,5.0,5.0,-0.25,5.0
TRAIN_low_56288,cluster_13546492148_1838721956,456.0,0.0,0,0.0,0.0,5.0,5.0,5.0,-0.25,5.0
TRAIN_low_56288,cluster_13546492148_1838721956,461.0,0.0,0,0.0,0.0,0.0,5.0,5.0,-0.25,5.0
TRAIN_low_56288,cluster_13546492148_1838721956,466.0,0.0,0,0.0,0.0,0.0,0.0,5.0,-0.25,5.0
TRAIN_low_56288,cluster_13546492148_1838721956,471.0,0.0,0,0.0,0.0,0.0,0.0,0.0,0.0,5.0
TRAIN_low_56288,cluster_13546492148_1838721956,476.0,5.0,1,0.0005431645493004111,0.0,0.0,0.0,0.0,0.25,5.0
TRAIN_low_56288,cluster_13546492148_1838721956,481.0,5.0,1,0.0,5.0,0.0,0.0,0.0,0.25,0.0
TRAIN_low_56288,cluster_13546492148_1838721956,486.0,5.0,1,0.0,5.0,5.0,0.0,0.0,0.25,0.0
TRAIN_low_56288,cluster_13546492148_1838721956,491.0,5.0,1,0.0,5.0,5.0,5.0,0.0,0.25,5.0
TRAIN_low_56288,cluster_13546492148_1838721956,496.0,0.0,0,0.0,5.0,5.0,5.0,5.0,-0.25,5.0
TRAIN_low_56288,cluster_13546492148_1838721956,501.0,0.0,0,0.0,0.0,5.0,5.0,5.0,-0.25,5.0
TRAIN_low_56288,cluster_13546492148_1838721956,506.0,0.0,0,0.0,0.0,0.0,5.0,5.0,-0.25,5.0
TRAIN_low_56288,cluster_13546492148_1838721956,511.0,5.0,1,0.3503122230011618,0.0,0.0,0.0,5.0,0.0,5.0
TRAIN_low_56288,cluster_13546492148_1838721956,516.0,5.0,1,0.0,5.0,0.0,0.0,0.0,0.25,5.0
TRAIN_low_56288,cluster_13546492148_1838721956,521.0,5.0,1,0.0,5.0,5.0,0.0,0.0,0.25,5.0
TRAIN_low_56288,cluster_13546492148_1838721956,526.0,5.0,1,0.0,5.0,5.0,5.0,0.0,0.25,0.0
TRAIN_low_56288,cluster_13546492148_1838721956,531.0,5.0,1,0.0,5.0,5.0,5.0,5.0,0.0,0.0
TRAIN_low_56288,cluster_13546492148_1838721956,536.0,5.0,1,0.0,5.0,5.0,5.0,5.0,0.0,5.0
TRAIN_low_56288,cluster_13546492148_1838721956,541.0,0.0,0,0.0,5.0,5.0,5.0,5.0,-0.25,5.0
TRAIN_low_56288,cluster_13546492148_1838721956,546.0,0.0,0,0.0,0.0,5.0,5.0,5.0,-0.25,10.0
TRAIN_low_56288,cluster_13546492148_1838721956,551.0,5.0,1,0.005652761669517939,0.0,0.0,5.0,5.0,0.0,10.0
TRAIN_low_56288,cluster_13546492148_1838721956,556.0,5.0,1,0.0003846227152045147,5.0,0.0,0.0,5.0,0.0,10.0
TRAIN_low_56288,cluster_13546492148_1838721956,561.0,5.0,1,0.0,5.0,5.0,0.0,0.0,0.25,10.0
TRAIN_low_56288,cluster_13546492148_1838721956,566.0,5.0,1,0.0,5.0,5.0,5.0,0.0,0.25,10.0
TRAIN_low_56288,cluster_13546492148_1838721956,571.0,5.0,1,0.0,5.0,5.0,5.0,5.0,0.0,0.0
TRAIN_low_56288,cluster_13546492148_1838721956,576.0,5.0,1,0.0,5.0,5.0,5.0,5.0,0.0,0.0
TRAIN_low_56288,cluster_13546492148_1838721956,581.0,5.0,1,0.0,5.0,5.0,5.0,5.0,0.0,0.0
TRAIN_low_56288,cluster_13546492148_1838721956,586.0,0.0,0,0.0,5.0,5.0,5.0,5.0,-0.25,0.0
TRAIN_low_56288,cluster_13546492148_1838721956,591.0,0.0,0,0.0,0.0,5.0,5.0,5.0,-0.25,0.0
TRAIN_low_56288,cluster_13546492148_1838721956,596.0,5.0,1,0.14174818259283106,0.0,0.0,5.0,5.0,0.0,5.0
TRAIN_low_56288,cluster_13546492148_1838721956,601.0,5.0,1,0.0,5.0,0.0,0.0,5.0,0.0,10.0
TRAIN_low_56288,cluster_13546492148_1838721956,606.0,10.0,2,0.034871072233093464,5.0,5.0,0.0,0.0,0.5,10.0
TRAIN_low_56288,cluster_13546492148_1838721956,611.0,10.0,2,0.0,10.0,5.0,5.0,0.0,0.5,10.0
TRAIN_low_56288,cluster_13546492148_1838721956,616.0,10.0,2,0.0,10.0,10.0,5.0,5.0,0.25,0.0
TRAIN_low_56288,cluster_13546492148_1838721956,621.0,10.0,2,0.0,10.0,10.0,10.0,5.0,0.25,0.0
TRAIN_low_56288,cluster_13546492148_1838721956,626.0,10.0,2,0.0,10.0,10.0,10.0,10.0,0.0,0.0
TRAIN_low_56288,cluster_13546492148_1838721956,631.0,0.0,0,0.0,10.0,10.0,10.0,10.0,-0.5,0.0
TRAIN_low_56288,cluster_13546492148_1838721956,636.0,0.0,0,0.0,0.0,10.0,10.0,10.0,-0.5,0.0
TRAIN_low_56288,cluster_13546492148_1838721956,641.0,0.0,0,0.0,0.0,0.0,10.0,10.0,-0.5,0.0
TRAIN_low_56288,cluster_13546492148_1838721956,646.0,0.0,0,0.0,0.0,0.0,0.0,10.0,-0.5,0.0
TRAIN_low_56288,cluster_13546492148_1838721956,651.0,0.0,0,0.0,0.0,0.0,0.0,0.0,0.0,0.0
TRAIN_low_56288,cluster_13546492148_1838721956,656.0,5.0,2,6.723627164717468,0.0,0.0,0.0,0.0,0.25,0.0
TRAIN_low_56288,cluster_13546492148_1838721956,661.0,10.0,2,0.0,5.0,0.0,0.0,0.0,0.5,0.0
TRAIN_low_56288,cluster_13546492148_1838721956,666.0,10.0,2,0.0,10.0,5.0,0.0,0.0,0.5,0.0
TRAIN_low_56288,cluster_13546492148_1838721956,671.0,10.0,2,0.0,10.0,10.0,5.0,0.0,0.5,0.0
TRAIN_low_56288,cluster_13546492148_1838721956,676.0,0.0,0,0.0,10.0,10.0,10.0,5.0,-0.25,0.0
TRAIN_low_56288,cluster_13546492148_1838721956,681.0,0.0,0,0.0,0.0,10.0,10.0,10.0,-0.5,0.0
TRAIN_low_56288,cluster_13546492148_1838721956,686.0,0.0,0,0.0,0.0,0.0,10.0,10.0,-0.5,0.0
TRAIN_low_56288,cluster_13546492148_1838721956,691.0,0.0,0,0.0,0.0,0.0,0.0,10.0,-0.5,0.0
TRAIN_low_56288,cluster_13546492148_1838721956,696.0,0.0,0,0.0,0.0,0.0,0.0,0.0,0.0,0.0
TRAIN_low_56288,cluster_13546492148_1838721956,701.0,0.0,0,0.0,0.0,0.0,0.0,0.0,0.0,0.0
TRAIN_low_56288,cluster_13546492148_1838721956,706.0,0.0,0,0.0,0.0,0.0,0.0,0.0,0.0,0.0
TRAIN_low_56288,cluster_13546492148_1838721956,711.0,0.0,0,0.0,0.0,0.0,0.0,0.0,0.0,0.0
TRAIN_low_56288,cluster_13546492148_1838721956,716.0,0.0,0,0.0,0.0,0.0,0.0,0.0,0.0,0.0
TRAIN_low_56288,cluster_13546492148_1838721956,721.0,0.0,0,0.0,0.0,0.0,0.0,0.0,0.0,0.0
TRAIN_low_56288,cluster_13546492148_1838721956,726.0,0.0,0,0.0,0.0,0.0,0.0,0.0,0.0,0.0
TRAIN_low_56288,cluster_13546492148_1838721956,731.0,0.0,0,0.0,0.0,0.0,0.0,0.0,0.0,0.0
TRAIN_low_56288,cluster_13546492148_1838721956,736.0,0.0,0,0.0,0.0,0.0,0.0,0.0,0.0,0.0
TRAIN_low_56288,cluster_2061304035_245647208,16.0,0.0,0,0.0,0.0,0.0,0.0,0.0,0.0,0.0
TRAIN_low_56288,cluster_2061304035_245647208,21.0,0.0,0,0.0,0.0,0.0,0.0,0.0,0.0,0.0
TRAIN_low_56288,cluster_2061304035_245647208,26.0,0.0,0,0.0,0.0,0.0,0.0,0.0,0.0,0.0
TRAIN_low_56288,cluster_2061304035_245647208,31.0,0.0,0,0.0,0.0,0.0,0.0,0.0,0.0,0.0
TRAIN_low_56288,cluster_2061304035_245647208,36.0,0.0,0,0.0,0.0,0.0,0.0,0.0,0.0,0.0
TRAIN_low_56288,cluster_2061304035_245647208,41.0,0.0,0,0.0,0.0,0.0,0.0,0.0,0.0,5.0
TRAIN_low_56288,cluster_2061304035_245647208,46.0,0.0,0,0.0,0.0,0.0,0.0,0.0,0.0,5.0
TRAIN_low_56288,cluster_2061304035_245647208,51.0,0.0,0,0.0,0.0,0.0,0.0,0.0,0.0,10.0
TRAIN_low_56288,cluster_2061304035_245647208,56.0,0.0,0,0.0,0.0,0.0,0.0,0.0,0.0,10.0
TRAIN_low_56288,cluster_2061304035_245647208,61.0,0.0,0,0.0,0.0,0.0,0.0,0.0,0.0,10.0
TRAIN_low_56288,cluster_2061304035_245647208,66.0,0.0,0,0.0,0.0,0.0,0.0,0.0,0.0,10.0
TRAIN_low_56288,cluster_2061304035_245647208,71.0,0.0,0,0.0,0.0,0.0,0.0,0.0,0.0,10.0
TRAIN_low_56288,cluster_2061304035_245647208,76.0,0.0,0,0.0,0.0,0.0,0.0,0.0,0.0,5.0
TRAIN_low_56288,cluster_2061304035_245647208,81.0,0.0,0,0.0,0.0,0.0,0.0,0.0,0.0,0.0
TRAIN_low_56288,cluster_2061304035_245647208,86.0,0.0,0,0.0,0.0,0.0,0.0,0.0,0.0,0.0
TRAIN_low_56288,cluster_2061304035_245647208,91.0,0.0,0,0.0,0.0,0.0,0.0,0.0,0.0,0.0
TRAIN_low_56288,cluster_2061304035_245647208,96.0,0.0,1,20.842910555852413,0.0,0.0,0.0,0.0,0.0,0.0
TRAIN_low_56288,cluster_2061304035_245647208,101.0,5.0,1,0.0020525829961604326,0.0,0.0,0.0,0.0,0.0,0.0
TRAIN_low_56288,cluster_2061304035_245647208,106.0,5.0,2,4.125508663208191,5.0,0.0,0.0,0.0,0.0,0.0
TRAIN_low_56288,cluster_2061304035_245647208,111.0,10.0,2,0.0023043766340745436,5.0,5.0,0.0,0.0,0.5,0.0
TRAIN_low_56288,cluster_2061304035_245647208,116.0,10.0,2,0.0,10.0,5.0,5.0,0.0,0.5,0.0
TRAIN_low_56288,cluster_2061304035_245647208,121.0,10.0,2,0.0,10.0,10.0,5.0,5.0,0.25,0.0
TRAIN_low_56288,cluster_2061304035_245647208,126.0,10.0,2,0.0,10.0,10.0,10.0,5.0,0.25,0.0
TRAIN_low_56288,cluster_2061304035_245647208,131.0,10.0,2,0.0,10.0,10.0,10.0,10.0,0.0,0.0
TRAIN_low_56288,cluster_2061304035_245647208,136.0,5.0,1,0.0,10.0,10.0,10.0,10.0,-0.25,0.0
TRAIN_low_56288,cluster_2061304035_245647208,141.0,0.0,0,0.0,5.0,10.0,10.0,10.0,-0.5,5.0
TRAIN_low_56288,cluster_2061304035_245647208,146.0,0.0,0,0.0,0.0,5.0,10.0,10.0,-0.5,5.0
TRAIN_low_56288,cluster_2061304035_245647208,151.0,0.0,0,0.0,0.0,0.0,5.0,10.0,-0.5,5.0
TRAIN_low_56288,cluster_2061304035_245647208,156.0,0.0,0,0.0,0.0,0.0,0.0,5.0,-0.25,5.0
TRAIN_low_56288,cluster_2061304035_245647208,161.0,0.0,0,0.0,0.0,0.0,0.0,0.0,0.0,5.0
TRAIN_low_56288,cluster_2061304035_245647208,166.0,0.0,0,0.0,0.0,0.0,0.0,0.0,0.0,0.0
TRAIN_low_56288,cluster_2061304035_245647208,171.0,0.0,0,0.0,0.0,0.0,0.0,0.0,0.0,0.0
TRAIN_low_56288,cluster_2061304035_245647208,176.0,0.0,0,0.0,0.0,0.0,0.0,0.0,0.0,0.0
TRAIN_low_56288,cluster_2061304035_245647208,181.0,0.0,0,0.0,0.0,0.0,0.0,0.0,0.0,0.0
TRAIN_low_56288,cluster_2061304035_245647208,186.0,0.0,0,0.0,0.0,0.0,0.0,0.0,0.0,0.0
TRAIN_low_56288,cluster_2061304035_245647208,191.0,0.0,0,0.0,0.0,0.0,0.0,0.0,0.0,0.0
TRAIN_low_56288,cluster_2061304035_245647208,196.0,0.0,1,6.208058590725962,0.0,0.0,0.0,0.0,0.0,0.0
TRAIN_low_56288,cluster_2061304035_245647208,201.0,5.0,1,0.0,0.0,0.0,0.0,0.0,0.25,0.0
TRAIN_low_56288,cluster_2061304035_245647208,206.0,5.0,1,0.0,5.0,0.0,0.0,0.0,0.25,0.0
TRAIN_low_56288,cluster_2061304035_245647208,211.0,5.0,1,0.0,5.0,5.0,0.0,0.0,0.25,0.0
TRAIN_low_56288,cluster_2061304035_245647208,216.0,5.0,1,0.0,5.0,5.0,5.0,0.0,0.25,0.0
TRAIN_low_56288,cluster_2061304035_245647208,221.0,5.0,1,0.0,5.0,5.0,5.0,5.0,0.0,0.0
TRAIN_low_56288,cluster_2061304035_245647208,226.0,0.0,0,0.0,5.0,5.0,5.0,5.0,-0.25,0.0
TRAIN_low_56288,cluster_2061304035_245647208,231.0,0.0,0,0.0,0.0,5.0,5.0,5.0,-0.25,0.0
TRAIN_low_56288,cluster_2061304035_245647208,236.0,0.0,0,0.0,0.0,0.0,5.0,5.0,-0.25,0.0
TRAIN_low_56288,cluster_2061304035_245647208,241.0,0.0,2,31.714378117402365,0.0,0.0,0.0,5.0,-0.25,0.0
TRAIN_low_56288,cluster_2061304035_245647208,246.0,0.0,0,0.0,0.0,0.0,0.0,0.0,0.0,0.0
TRAIN_low_56288,cluster_2061304035_245647208,251.0,0.0,0,0.0,0.0,0.0,0.0,0.0,0.0,0.0
TRAIN_low_56288,cluster_2061304035_245647208,256.0,0.0,0,0.0,0.0,0.0,0.0,0.0,0.0,0.0
TRAIN_low_56288,cluster_2061304035_245647208,261.0,0.0,0,0.0,0.0,0.0,0.0,0.0,0.0,0.0
TRAIN_low_56288,cluster_2061304035_245647208,266.0,0.0,0,0.0,0.0,0.0,0.0,0.0,0.0,0.0
TRAIN_low_56288,cluster_2061304035_245647208,271.0,0.0,0,0.0,0.0,0.0,0.0,0.0,0.0,0.0
TRAIN_low_56288,cluster_2061304035_245647208,276.0,0.0,0,0.0,0.0,0.0,0.0,0.0,0.0,0.0
TRAIN_low_56288,cluster_2061304035_245647208,281.0,0.0,0,0.0,0.0,0.0,0.0,0.0,0.0,0.0
TRAIN_low_56288,cluster_2061304035_245647208,286.0,0.0,1,36.18186386156662,0.0,0.0,0.0,0.0,0.0,0.0
TRAIN_low_56288,cluster_2061304035_245647208,291.0,0.0,0,0.0,0.0,0.0,0.0,0.0,0.0,0.0
TRAIN_low_56288,cluster_2061304035_245647208,296.0,0.0,0,0.0,0.0,0.0,0.0,0.0,0.0,0.0
TRAIN_low_56288,cluster_2061304035_245647208,301.0,0.0,0,0.0,0.0,0.0,0.0,0.0,0.0,0.0
TRAIN_low_56288,cluster_2061304035_245647208,306.0,0.0,0,0.0,0.0,0.0,0.0,0.0,0.0,0.0
TRAIN_low_56288,cluster_2061304035_245647208,311.0,0.0,0,0.0,0.0,0.0,0.0,0.0,0.0,0.0
TRAIN_low_56288,cluster_2061304035_245647208,316.0,0.0,0,0.0,0.0,0.0,0.0,0.0,0.0,0.0
TRAIN_low_56288,cluster_2061304035_245647208,321.0,0.0,0,0.0,0.0,0.0,0.0,0.0,0.0,0.0
TRAIN_low_56288,cluster_2061304035_245647208,326.0,0.0,0,0.0,0.0,0.0,0.0,0.0,0.0,10.0
TRAIN_low_56288,cluster_2061304035_245647208,331.0,0.0,1,43.62431846292651,0.0,0.0,0.0,0.0,0.0,10.0
TRAIN_low_56288,cluster_2061304035_245647208,336.0,0.0,0,0.0,0.0,0.0,0.0,0.0,0.0,10.0
TRAIN_low_56288,cluster_2061304035_245647208,341.0,0.0,0,0.0,0.0,0.0,0.0,0.0,0.0,10.0
TRAIN_low_56288,cluster_2061304035_245647208,346.0,0.0,0,0.0,0.0,0.0,0.0,0.0,0.0,0.0
TRAIN_low_56288,cluster_2061304035_245647208,351.0,0.0,0,0.0,0.0,0.0,0.0,0.0,0.0,0.0
TRAIN_low_56288,cluster_2061304035_245647208,356.0,0.0,0,0.0,0.0,0.0,0.0,0.0,0.0,0.0
TRAIN_low_56288,cluster_2061304035_245647208,361.0,0.0,0,0.0,0.0,0.0,0.0,0.0,0.0,0.0
TRAIN_low_56288,cluster_2061304035_245647208,366.0,0.0,0,0.0,0.0,0.0,0.0,0.0,0.0,0.0
TRAIN_low_56288,cluster_2061304035_245647208,371.0,0.0,0,0.0,0.0,0.0,0.0,0.0,0.0,0.0
TRAIN_low_56288,cluster_2061304035_245647208,376.0,0.0,0,0.0,0.0,0.0,0.0,0.0,0.0,0.0
TRAIN_low_56288,cluster_2061304035_245647208,381.0,0.0,2,8.372832519701074,0.0,0.0,0.0,0.0,0.0,0.0
TRAIN_low_56288,cluster_2061304035_245647208,386.0,10.0,2,0.006597868145195342,0.0,0.0,0.0,0.0,0.5,0.0
TRAIN_low_56288,cluster_2061304035_245647208,391.0,10.0,2,0.0,10.0,0.0,0.0,0.0,0.5,0.0
TRAIN_low_56288,cluster_2061304035_245647208,396.0,10.0,2,0.0,10.0,10.0,0.0,0.0,0.5,0.0
TRAIN_low_56288,cluster_2061304035_245647208,401.0,10.0,2,0.0,10.0,10.0,10.0,0.0,0.5,0.0
TRAIN_low_56288,cluster_2061304035_245647208,406.0,0.0,0,0.0,10.0,10.0,10.0,10.0,-0.5,0.0
TRAIN_low_56288,cluster_2061304035_245647208,411.0,0.0,0,0.0,0.0,10.0,10.0,10.0,-0.5,0.0
TRAIN_low_56288,cluster_2061304035_245647208,416.0,0.0,0,0.0,0.0,0.0,10.0,10.0,-0.5,0.0
TRAIN_low_56288,cluster_2061304035_245647208,421.0,0.0,1,36.33842396358838,0.0,0.0,0.0,10.0,-0.5,0.0
TRAIN_low_56288,cluster_2061304035_245647208,426.0,0.0,1,24.70827428311974,0.0,0.0,0.0,0.0,0.0,0.0
TRAIN_low_56288,cluster_2061304035_245647208,431.0,0.0,0,0.0,0.0,0.0,0.0,0.0,0.0,0.0
TRAIN_low_56288,cluster_2061304035_245647208,436.0,0.0,0,0.0,0.0,0.0,0.0,0.0,0.0,0.0
TRAIN_low_56288,cluster_2061304035_245647208,441.0,0.0,0,0.0,0.0,0.0,0.0,0.0,0.0,0.0
TRAIN_low_56288,cluster_2061304035_245647208,446.0,0.0,0,0.0,0.0,0.0,0.0,0.0,0.0,0.0
TRAIN_low_56288,cluster_2061304035_245647208,451.0,0.0,0,0.0,0.0,0.0,0.0,0.0,0.0,0.0
TRAIN_low_56288,cluster_2061304035_245647208,456.0,0.0,0,0.0,0.0,0.0,0.0,0.0,0.0,0.0
TRAIN_low_56288,cluster_2061304035_245647208,461.0,0.0,0,0.0,0.0,0.0,0.0,0.0,0.0,0.0
TRAIN_low_56288,cluster_2061304035_245647208,466.0,0.0,1,37.48606555626966,0.0,0.0,0.0,0.0,0.0,0.0
TRAIN_low_56288,cluster_2061304035_245647208,471.0,0.0,0,0.0,0.0,0.0,0.0,0.0,0.0,0.0
TRAIN_low_56288,cluster_2061304035_245647208,476.0,0.0,0,0.0,0.0,0.0,0.0,0.0,0.0,0.0
TRAIN_low_56288,cluster_2061304035_245647208,481.0,0.0,0,0.0,0.0,0.0,0.0,0.0,0.0,0.0
TRAIN_low_56288,cluster_2061304035_245647208,486.0,0.0,0,0.0,0.0,0.0,0.0,0.0,0.0,0.0
TRAIN_low_56288,cluster_2061304035_245647208,491.0,0.0,0,0.0,0.0,0.0,0.0,0.0,0.0,0.0
TRAIN_low_56288,cluster_2061304035_245647208,496.0,0.0,0,0.0,0.0,0.0,0.0,0.0,0.0,0.0
TRAIN_low_56288,cluster_2061304035_245647208,501.0,0.0,0,0.0,0.0,0.0,0.0,0.0,0.0,0.0
TRAIN_low_56288,cluster_2061304035_245647208,506.0,0.0,0,0.0,0.0,0.0,0.0,0.0,0.0,0.0
TRAIN_low_56288,cluster_2061304035_245647208,511.0,0.0,0,0.0,0.0,0.0,0.0,0.0,0.0,0.0
TRAIN_low_56288,cluster_2061304035_245647208,516.0,0.0,0,0.0,0.0,0.0,0.0,0.0,0.0,0.0
TRAIN_low_56288,cluster_2061304035_245647208,521.0,0.0,0,0.0,0.0,0.0,0.0,0.0,0.0,0.0
TRAIN_low_56288,cluster_2061304035_245647208,526.0,0.0,0,0.0,0.0,0.0,0.0,0.0,0.0,0.0
TRAIN_low_56288,cluster_2061304035_245647208,531.0,0.0,0,0.0,0.0,0.0,0.0,0.0,0.0,0.0
TRAIN_low_56288,cluster_2061304035_245647208,536.0,0.0,0,0.0,0.0,0.0,0.0,0.0,0.0,0.0
TRAIN_low_56288,cluster_2061304035_245647208,541.0,0.0,0,0.0,0.0,0.0,0.0,0.0,0.0,0.0
TRAIN_low_56288,cluster_2061304035_245647208,546.0,0.0,0,0.0,0.0,0.0,0.0,0.0,0.0,0.0
TRAIN_low_56288,cluster_2061304035_245647208,551.0,0.0,0,0.0,0.0,0.0,0.0,0.0,0.0,0.0
TRAIN_low_56288,cluster_2061304035_245647208,556.0,0.0,2,51.660949417588405,0.0,0.0,0.0,0.0,0.0,0.0
TRAIN_low_56288,cluster_2061304035_245647208,561.0,0.0,0,0.0,0.0,0.0,0.0,0.0,0.0,0.0
TRAIN_low_56288,cluster_2061304035_245647208,566.0,0.0,0,0.0,0.0,0.0,0.0,0.0,0.0,0.0
TRAIN_low_56288,cluster_2061304035_245647208,571.0,0.0,0,0.0,0.0,0.0,0.0,0.0,0.0,0.0
TRAIN_low_56288,cluster_2061304035_245647208,576.0,0.0,0,0.0,0.0,0.0,0.0,0.0,0.0,0.0
TRAIN_low_56288,cluster_2061304035_245647208,581.0,0.0,0,0.0,0.0,0.0,0.0,0.0,0.0,0.0
TRAIN_low_56288,cluster_2061304035_245647208,586.0,0.0,0,0.0,0.0,0.0,0.0,0.0,0.0,0.0
TRAIN_low_56288,cluster_2061304035_245647208,591.0,0.0,0,0.0,0.0,0.0,0.0,0.0,0.0,5.0
TRAIN_low_56288,cluster_2061304035_245647208,596.0,0.0,0,0.0,0.0,0.0,0.0,0.0,0.0,5.0
TRAIN_low_56288,cluster_2061304035_245647208,601.0,0.0,2,49.058398992064554,0.0,0.0,0.0,0.0,0.0,5.0
TRAIN_low_56288,cluster_2061304035_245647208,606.0,0.0,1,22.542939043290083,0.0,0.0,0.0,0.0,0.0,10.0
TRAIN_low_56288,cluster_2061304035_245647208,611.0,0.0,0,0.0,0.0,0.0,0.0,0.0,0.0,10.0
TRAIN_low_56288,cluster_2061304035_245647208,616.0,0.0,0,0.0,0.0,0.0,0.0,0.0,0.0,0.0
TRAIN_low_56288,cluster_2061304035_245647208,621.0,0.0,0,0.0,0.0,0.0,0.0,0.0,0.0,0.0
TRAIN_low_56288,cluster_2061304035_245647208,626.0,0.0,0,0.0,0.0,0.0,0.0,0.0,0.0,0.0
TRAIN_low_56288,cluster_2061304035_245647208,631.0,0.0,0,0.0,0.0,0.0,0.0,0.0,0.0,0.0
TRAIN_low_56288,cluster_2061304035_245647208,636.0,0.0,0,0.0,0.0,0.0,0.0,0.0,0.0,0.0
TRAIN_low_56288,cluster_2061304035_245647208,641.0,0.0,0,0.0,0.0,0.0,0.0,0.0,0.0,0.0
TRAIN_low_56288,cluster_2061304035_245647208,646.0,0.0,2,40.82998737590439,0.0,0.0,0.0,0.0,0.0,0.0
TRAIN_low_56288,cluster_2061304035_245647208,651.0,5.0,1,0.0275408029610485,0.0,0.0,0.0,0.0,0.25,0.0
TRAIN_low_56288,cluster_2061304035_245647208,656.0,5.0,1,0.0,5.0,0.0,0.0,0.0,0.25,0.0
TRAIN_low_56288,cluster_2061304035_245647208,661.0,5.0,2,21.54105562455559,5.0,5.0,0.0,0.0,0.25,0.0
TRAIN_low_56288,cluster_2061304035_245647208,666.0,10.0,2,0.0031648562710689925,5.0,5.0,5.0,0.0,0.5,0.0
TRAIN_low_56288,cluster_2061304035_245647208,671.0,10.0,2,0.0,10.0,5.0,5.0,5.0,0.25,0.0
TRAIN_low_56288,cluster_2061304035_245647208,676.0,0.0,0,0.0,10.0,10.0,5.0,5.0,-0.25,0.0
TRAIN_low_56288,cluster_2061304035_245647208,681.0,0.0,0,0.0,0.0,10.0,10.0,5.0,-0.25,0.0
TRAIN_low_56288,cluster_2061304035_245647208,686.0,0.0,0,0.0,0.0,0.0,10.0,10.0,-0.5,0.0
TRAIN_low_56288,cluster_2061304035_245647208,691.0,0.0,1,48.95089158811463,0.0,0.0,0.0,10.0,-0.5,0.0
TRAIN_low_56288,cluster_2061304035_245647208,696.0,0.0,0,0.0,0.0,0.0,0.0,0.0,0.0,0.0
TRAIN_low_56288,cluster_2061304035_245647208,701.0,0.0,0,0.0,0.0,0.0,0.0,0.0,0.0,0.0
TRAIN_low_56288,cluster_2061304035_245647208,706.0,0.0,0,0.0,0.0,0.0,0.0,0.0,0.0,0.0
TRAIN_low_56288,cluster_2061304035_245647208,711.0,0.0,0,0.0,0.0,0.0,0.0,0.0,0.0,0.0
TRAIN_low_56288,cluster_2061304035_245647208,716.0,0.0,0,0.0,0.0,0.0,0.0,0.0,0.0,0.0
TRAIN_low_56288,cluster_2061304035_245647208,721.0,0.0,0,0.0,0.0,0.0,0.0,0.0,0.0,0.0
TRAIN_low_56288,cluster_2061304035_245647208,726.0,0.0,0,0.0,0.0,0.0,0.0,0.0,0.0,0.0
TRAIN_low_56288,cluster_2061304035_245647208,731.0,0.0,0,0.0,0.0,0.0,0.0,0.0,0.0,0.0
TRAIN_low_56288,cluster_2061304035_245647208,736.0,0.0,0,0.0,0.0,0.0,0.0,0.0,0.0,0.0
TRAIN_low_56288,cluster_245647168_3238255150_3495323634,16.0,0.0,0,0.0,0.0,0.0,0.0,0.0,0.0,0.0
TRAIN_low_56288,cluster_245647168_3238255150_3495323634,21.0,0.0,0,0.0,0.0,0.0,0.0,0.0,0.0,0.0
TRAIN_low_56288,cluster_245647168_3238255150_3495323634,26.0,0.0,0,0.0,0.0,0.0,0.0,0.0,0.0,0.0
TRAIN_low_56288,cluster_245647168_3238255150_3495323634,31.0,0.0,0,0.0,0.0,0.0,0.0,0.0,0.0,0.0
TRAIN_low_56288,cluster_245647168_3238255150_3495323634,36.0,0.0,0,0.0,0.0,0.0,0.0,0.0,0.0,0.0
TRAIN_low_56288,cluster_245647168_3238255150_3495323634,41.0,0.0,0,0.0,0.0,0.0,0.0,0.0,0.0,0.0
TRAIN_low_56288,cluster_245647168_3238255150_3495323634,46.0,0.0,0,0.0,0.0,0.0,0.0,0.0,0.0,0.0
TRAIN_low_56288,cluster_245647168_3238255150_3495323634,51.0,0.0,0,0.0,0.0,0.0,0.0,0.0,0.0,0.0
TRAIN_low_56288,cluster_245647168_3238255150_3495323634,56.0,0.0,0,0.0,0.0,0.0,0.0,0.0,0.0,0.0
TRAIN_low_56288,cluster_245647168_3238255150_3495323634,61.0,0.0,0,0.0,0.0,0.0,0.0,0.0,0.0,5.0
TRAIN_low_56288,cluster_245647168_3238255150_3495323634,66.0,0.0,0,0.0,0.0,0.0,0.0,0.0,0.0,5.0
TRAIN_low_56288,cluster_245647168_3238255150_3495323634,71.0,0.0,0,0.0,0.0,0.0,0.0,0.0,0.0,5.0
TRAIN_low_56288,cluster_245647168_3238255150_3495323634,76.0,0.0,0,0.0,0.0,0.0,0.0,0.0,0.0,5.0
TRAIN_low_56288,cluster_245647168_3238255150_3495323634,81.0,0.0,0,0.0,0.0,0.0,0.0,0.0,0.0,10.0
TRAIN_low_56288,cluster_245647168_3238255150_3495323634,86.0,0.0,0,0.0,0.0,0.0,0.0,0.0,0.0,10.0
TRAIN_low_56288,cluster_245647168_3238255150_3495323634,91.0,0.0,0,0.0,0.0,0.0,0.0,0.0,0.0,15.0
TRAIN_low_56288,cluster_245647168_3238255150_3495323634,96.0,0.0,0,0.0,0.0,0.0,0.0,0.0,0.0,15.0
TRAIN_low_56288,cluster_245647168_3238255150_3495323634,101.0,0.0,0,0.0,0.0,0.0,0.0,0.0,0.0,20.0
TRAIN_low_56288,cluster_245647168_3238255150_3495323634,106.0,0.0,0,0.0,0.0,0.0,0.0,0.0,0.0,20.0
TRAIN_low_56288,cluster_245647168_3238255150_3495323634,111.0,0.0,1,58.95687546014228,0.0,0.0,0.0,0.0,0.0,20.0
TRAIN_low_56288,cluster_245647168_3238255150_3495323634,116.0,0.0,1,23.123903908196873,0.0,0.0,0.0,0.0,0.0,20.0
TRAIN_low_56288,cluster_245647168_3238255150_3495323634,121.0,5.0,1,0.005999971784489299,0.0,0.0,0.0,0.0,0.25,5.0
TRAIN_low_56288,cluster_245647168_3238255150_3495323634,126.0,5.0,1,0.0,5.0,0.0,0.0,0.0,0.25,0.0
TRAIN_low_56288,cluster_245647168_3238255150_3495323634,131.0,5.0,2,31.217248804830017,5.0,5.0,0.0,0.0,0.25,0.0
TRAIN_low_56288,cluster_245647168_3238255150_3495323634,136.0,5.0,2,8.63850567749072,5.0,5.0,5.0,0.0,0.25,0.0
TRAIN_low_56288,cluster_245647168_3238255150_3495323634,141.0,10.0,3,20.413849957822343,5.0,5.0,5.0,5.0,0.25,0.0
TRAIN_low_56288,cluster_245647168_3238255150_3495323634,146.0,10.0,4,11.881607518977473,10.0,5.0,5.0,5.0,0.25,0.0
TRAIN_low_56288,cluster_245647168_3238255150_3495323634,151.0,15.0,5,25.809955929272856,10.0,10.0,5.0,5.0,0.5,0.0
TRAIN_low_56288,cluster_245647168_3238255150_3495323634,156.0,15.0,4,7.429828140305477,15.0,10.0,10.0,5.0,0.5,5.0
TRAIN_low_56288,cluster_245647168_3238255150_3495323634,161.0,20.0,4,0.0018612594080565214,15.0,15.0,10.0,10.0,0.5,5.0
TRAIN_low_56288,cluster_245647168_3238255150_3495323634,166.0,20.0,4,0.0,20.0,15.0,15.0,10.0,0.5,5.0
TRAIN_low_56288,cluster_245647168_3238255150_3495323634,171.0,20.0,4,0.0,20.0,20.0,15.0,15.0,0.25,5.0
TRAIN_low_56288,cluster_245647168_3238255150_3495323634,176.0,20.0,4,0.0,20.0,20.0,20.0,15.0,0.25,5.0
TRAIN_low_56288,cluster_245647168_3238255150_3495323634,181.0,5.0,1,0.0,20.0,20.0,20.0,20.0,-0.75,5.0
TRAIN_low_56288,cluster_245647168_3238255150_3495323634,186.0,0.0,0,0.0,5.0,20.0,20.0,20.0,-1.0,5.0
TRAIN_low_56288,cluster_245647168_3238255150_3495323634,191.0,0.0,0,0.0,0.0,5.0,20.0,20.0,-1.0,5.0
TRAIN_low_56288,cluster_245647168_3238255150_3495323634,196.0,0.0,0,0.0,0.0,0.0,5.0,20.0,-1.0,5.0
TRAIN_low_56288,cluster_245647168_3238255150_3495323634,201.0,0.0,0,0.0,0.0,0.0,0.0,5.0,-0.25,5.0
TRAIN_low_56288,cluster_245647168_3238255150_3495323634,206.0,0.0,0,0.0,0.0,0.0,0.0,0.0,0.0,15.0
TRAIN_low_56288,cluster_245647168_3238255150_3495323634,211.0,0.0,1,32.86639945403265,0.0,0.0,0.0,0.0,0.0,0.0
TRAIN_low_56288,cluster_245647168_3238255150_3495323634,216.0,5.0,1,0.21666667990954364,0.0,0.0,0.0,0.0,0.25,0.0
TRAIN_low_56288,cluster_245647168_3238255150_3495323634,221.0,5.0,1,0.0,5.0,0.0,0.0,0.0,0.25,0.0
TRAIN_low_56288,cluster_245647168_3238255150_3495323634,226.0,5.0,1,0.0,5.0,5.0,0.0,0.0,0.25,0.0
TRAIN_low_56288,cluster_245647168_3238255150_3495323634,231.0,5.0,1,0.0,5.0,5.0,5.0,0.0,0.25,0.0
TRAIN_low_56288,cluster_245647168_3238255150_3495323634,236.0,5.0,1,0.0,5.0,5.0,5.0,5.0,0.0,0.0
TRAIN_low_56288,cluster_245647168_3238255150_3495323634,241.0,5.0,1,0.0,5.0,5.0,5.0,5.0,0.0,0.0
TRAIN_low_56288,cluster_245647168_3238255150_3495323634,246.0,5.0,1,0.0,5.0,5.0,5.0,5.0,0.0,5.0
TRAIN_low_56288,cluster_245647168_3238255150_3495323634,251.0,5.0,1,0.0,5.0,5.0,5.0,5.0,0.0,5.0
TRAIN_low_56288,cluster_245647168_3238255150_3495323634,256.0,5.0,3,51.2551717146065,5.0,5.0,5.0,5.0,0.0,5.0
TRAIN_low_56288,cluster_245647168_3238255150_3495323634,261.0,5.0,3,8.552155076121046,5.0,5.0,5.0,5.0,0.0,5.0
TRAIN_low_56288,cluster_245647168_3238255150_3495323634,266.0,15.0,3,0.024746697164118592,5.0,5.0,5.0,5.0,0.5,10.0
TRAIN_low_56288,cluster_245647168_3238255150_3495323634,271.0,0.0,0,0.0,15.0,5.0,5.0,5.0,-0.25,15.0
TRAIN_low_56288,cluster_245647168_3238255150_3495323634,276.0,0.0,0,0.0,0.0,15.0,5.0,5.0,-0.25,15.0
TRAIN_low_56288,cluster_245647168_3238255150_3495323634,281.0,0.0,0,0.0,0.0,0.0,15.0,5.0,-0.25,15.0
TRAIN_low_56288,cluster_245647168_3238255150_3495323634,286.0,0.0,0,0.0,0.0,0.0,0.0,15.0,-0.75,20.0
TRAIN_low_56288,cluster_245647168_3238255150_3495323634,291.0,0.0,0,0.0,0.0,0.0,0.0,0.0,0.0,20.0
TRAIN_low_56288,cluster_245647168_3238255150_3495323634,296.0,0.0,0,0.0,0.0,0.0,0.0,0.0,0.0,25.0
TRAIN_low_56288,cluster_245647168_3238255150_3495323634,301.0,0.0,1,59.896865156002626,0.0,0.0,0.0,0.0,0.0,5.0
TRAIN_low_56288,cluster_245647168_3238255150_3495323634,306.0,5.0,1,0.09040012128555389,0.0,0.0,0.0,0.0,0.25,0.0
TRAIN_low_56288,cluster_245647168_3238255150_3495323634,311.0,5.0,1,0.0,5.0,0.0,0.0,0.0,0.25,0.0
TRAIN_low_56288,cluster_245647168_3238255150_3495323634,316.0,5.0,1,0.0,5.0,5.0,0.0,0.0,0.25,0.0
TRAIN_low_56288,cluster_245647168_3238255150_3495323634,321.0,5.0,3,48.925332279552464,5.0,5.0,5.0,0.0,0.25,0.0
TRAIN_low_56288,cluster_245647168_3238255150_3495323634,326.0,10.0,3,4.401724983495437,5.0,5.0,5.0,5.0,0.25,0.0
TRAIN_low_56288,cluster_245647168_3238255150_3495323634,331.0,15.0,3,0.0013051901202895677,10.0,5.0,5.0,5.0,0.5,0.0
TRAIN_low_56288,cluster_245647168_3238255150_3495323634,336.0,15.0,3,0.0,15.0,10.0,5.0,5.0,0.5,0.0
TRAIN_low_56288,cluster_245647168_3238255150_3495323634,341.0,15.0,4,7.494255245668725,15.0,15.0,10.0,5.0,0.5,5.0
TRAIN_low_56288,cluster_245647168_3238255150_3495323634,346.0,20.0,5,16.04995040999627,15.0,15.0,15.0,10.0,0.5,5.0
TRAIN_low_56288,cluster_245647168_3238255150_3495323634,351.0,20.0,5,0.9108762427764499,20.0,15.0,15.0,15.0,0.25,5.0
TRAIN_low_56288,cluster_245647168_3238255150_3495323634,356.0,25.0,5,0.0,20.0,20.0,15.0,15.0,0.5,5.0
TRAIN_low_56288,cluster_245647168_3238255150_3495323634,361.0,5.0,1,0.0,25.0,20.0,20.0,15.0,-0.5,10.0
TRAIN_low_56288,cluster_245647168_3238255150_3495323634,366.0,0.0,0,0.0,5.0,25.0,20.0,20.0,-1.0,10.0
TRAIN_low_56288,cluster_245647168_3238255150_3495323634,371.0,0.0,0,0.0,0.0,5.0,25.0,20.0,-1.0,10.0
TRAIN_low_56288,cluster_245647168_3238255150_3495323634,376.0,0.0,0,0.0,0.0,0.0,5.0,25.0,-1.25,10.0
TRAIN_low_56288,cluster_245647168_3238255150_3495323634,381.0,0.0,0,0.0,0.0,0.0,0.0,5.0,-0.25,10.0
TRAIN_low_56288,cluster_245647168_3238255150_3495323634,386.0,0.0,0,0.0,0.0,0.0,0.0,0.0,0.0,20.0
TRAIN_low_56288,cluster_245647168_3238255150_3495323634,391.0,0.0,0,0.0,0.0,0.0,0.0,0.0,0.0,15.0
TRAIN_low_56288,cluster_245647168_3238255150_3495323634,396.0,0.0,1,58.78750148063195,0.0,0.0,0.0,0.0,0.0,0.0
TRAIN_low_56288,cluster_245647168_3238255150_3495323634,401.0,5.0,1,0.24744298535689252,0.0,0.0,0.0,0.0,0.25,0.0
TRAIN_low_56288,cluster_245647168_3238255150_3495323634,406.0,5.0,1,0.00038568752881581645,5.0,0.0,0.0,0.0,0.25,0.0
TRAIN_low_56288,cluster_245647168_3238255150_3495323634,411.0,5.0,1,0.0,5.0,5.0,0.0,0.0,0.25,0.0
TRAIN_low_56288,cluster_245647168_3238255150_3495323634,416.0,5.0,2,29.3130236573815,5.0,5.0,5.0,0.0,0.25,0.0
TRAIN_low_56288,cluster_245647168_3238255150_3495323634,421.0,10.0,2,0.0,5.0,5.0,5.0,5.0,0.25,5.0
TRAIN_low_56288,cluster_245647168_3238255150_3495323634,426.0,10.0,2,0.0,10.0,5.0,5.0,5.0,0.25,10.0
TRAIN_low_56288,cluster_245647168_3238255150_3495323634,431.0,10.0,2,0.0,10.0,10.0,5.0,5.0,0.25,20.0
TRAIN_low_56288,cluster_245647168_3238255150_3495323634,436.0,10.0,3,23.936448075756463,10.0,10.0,10.0,5.0,0.25,20.0
TRAIN_low_56288,cluster_245647168_3238255150_3495323634,441.0,10.0,5,21.78686686156295,10.0,10.0,10.0,10.0,0.0,20.0
TRAIN_low_56288,cluster_245647168_3238255150_3495323634,446.0,20.0,6,11.659707792657857,10.0,10.0,10.0,10.0,0.5,20.0
TRAIN_low_56288,cluster_245647168_3238255150_3495323634,451.0,15.0,4,0.4320694269157756,20.0,10.0,10.0,10.0,0.25,20.0
TRAIN_low_56288,cluster_245647168_3238255150_3495323634,456.0,0.0,1,23.74529233180194,15.0,20.0,10.0,10.0,-0.5,20.0
TRAIN_low_56288,cluster_245647168_3238255150_3495323634,461.0,0.0,0,0.0,0.0,15.0,20.0,10.0,-0.5,20.0
TRAIN_low_56288,cluster_245647168_3238255150_3495323634,466.0,0.0,0,0.0,0.0,0.0,15.0,20.0,-1.0,20.0
TRAIN_low_56288,cluster_245647168_3238255150_3495323634,471.0,0.0,0,0.0,0.0,0.0,0.0,15.0,-0.75,20.0
TRAIN_low_56288,cluster_245647168_3238255150_3495323634,476.0,0.0,2,51.364521925247665,0.0,0.0,0.0,0.0,0.0,20.0
TRAIN_low_56288,cluster_245647168_3238255150_3495323634,481.0,5.0,3,40.017793864015474,0.0,0.0,0.0,0.0,0.25,5.0
TRAIN_low_56288,cluster_245647168_3238255150_3495323634,486.0,10.0,4,10.339225295434694,5.0,0.0,0.0,0.0,0.5,0.0
TRAIN_low_56288,cluster_245647168_3238255150_3495323634,491.0,20.0,4,0.017390914846862098,10.0,5.0,0.0,0.0,1.0,0.0
TRAIN_low_56288,cluster_245647168_3238255150_3495323634,496.0,20.0,4,0.0,20.0,10.0,5.0,0.0,1.0,0.0
TRAIN_low_56288,cluster_245647168_3238255150_3495323634,501.0,20.0,4,0.0,20.0,20.0,10.0,5.0,0.75,0.0
TRAIN_low_56288,cluster_245647168_3238255150_3495323634,506.0,20.0,4,0.0,20.0,20.0,20.0,10.0,0.5,0.0
TRAIN_low_56288,cluster_245647168_3238255150_3495323634,511.0,20.0,4,0.0,20.0,20.0,20.0,20.0,0.0,0.0
TRAIN_low_56288,cluster_245647168_3238255150_3495323634,516.0,20.0,4,0.0,20.0,20.0,20.0,20.0,0.0,0.0
TRAIN_low_56288,cluster_245647168_3238255150_3495323634,521.0,20.0,4,0.0,20.0,20.0,20.0,20.0,0.0,10.0
TRAIN_low_56288,cluster_245647168_3238255150_3495323634,526.0,20.0,4,0.0,20.0,20.0,20.0,20.0,0.0,10.0
TRAIN_low_56288,cluster_245647168_3238255150_3495323634,531.0,20.0,4,0.0,20.0,20.0,20.0,20.0,0.0,10.0
TRAIN_low_56288,cluster_245647168_3238255150_3495323634,536.0,20.0,4,0.0,20.0,20.0,20.0,20.0,0.0,10.0
TRAIN_low_56288,cluster_245647168_3238255150_3495323634,541.0,5.0,1,0.0,20.0,20.0,20.0,20.0,-0.75,15.0
TRAIN_low_56288,cluster_245647168_3238255150_3495323634,546.0,0.0,0,0.0,5.0,20.0,20.0,20.0,-1.0,25.0
TRAIN_low_56288,cluster_245647168_3238255150_3495323634,551.0,0.0,0,0.0,0.0,5.0,20.0,20.0,-1.0,25.0
TRAIN_low_56288,cluster_245647168_3238255150_3495323634,556.0,0.0,0,0.0,0.0,0.0,5.0,20.0,-1.0,25.0
TRAIN_low_56288,cluster_245647168_3238255150_3495323634,561.0,0.0,0,0.0,0.0,0.0,0.0,5.0,-0.25,30.0
TRAIN_low_56288,cluster_245647168_3238255150_3495323634,566.0,0.0,0,0.0,0.0,0.0,0.0,0.0,0.0,40.0
TRAIN_low_56288,cluster_245647168_3238255150_3495323634,571.0,0.0,2,71.68269791892396,0.0,0.0,0.0,0.0,0.0,15.0
TRAIN_low_56288,cluster_245647168_3238255150_3495323634,576.0,0.0,2,11.079093286913194,0.0,0.0,0.0,0.0,0.0,0.0
TRAIN_low_56288,cluster_245647168_3238255150_3495323634,581.0,10.0,2,0.004898866525358885,0.0,0.0,0.0,0.0,0.5,0.0
TRAIN_low_56288,cluster_245647168_3238255150_3495323634,586.0,10.0,2,0.0,10.0,0.0,0.0,0.0,0.5,0.0
TRAIN_low_56288,cluster_245647168_3238255150_3495323634,591.0,10.0,3,22.092560592032978,10.0,10.0,0.0,0.0,0.5,0.0
TRAIN_low_56288,cluster_245647168_3238255150_3495323634,596.0,10.0,4,19.160682411656587,10.0,10.0,10.0,0.0,0.5,0.0
TRAIN_low_56288,cluster_245647168_3238255150_3495323634,601.0,15.0,5,6.568081646059312,10.0,10.0,10.0,10.0,0.25,0.0
TRAIN_low_56288,cluster_245647168_3238255150_3495323634,606.0,25.0,5,0.026167091136781635,15.0,10.0,10.0,10.0,0.75,0.0
TRAIN_low_56288,cluster_245647168_3238255150_3495323634,611.0,25.0,5,0.0,25.0,15.0,10.0,10.0,0.75,5.0
TRAIN_low_56288,cluster_245647168_3238255150_3495323634,616.0,25.0,7,19.753467143698256,25.0,25.0,15.0,10.0,0.75,5.0
TRAIN_low_56288,cluster_245647168_3238255150_3495323634,621.0,30.0,8,9.075821431666487,25.0,25.0,25.0,15.0,0.75,5.0
TRAIN_low_56288,cluster_245647168_3238255150_3495323634,626.0,40.0,8,0.013293034221485858,30.0,25.0,25.0,25.0,0.75,5.0
TRAIN_low_56288,cluster_245647168_3238255150_3495323634,631.0,15.0,5,6.034951590904684,40.0,30.0,25.0,25.0,-0.5,5.0
TRAIN_low_56288,cluster_245647168_3238255150_3495323634,636.0,0.0,1,16.551008400921333,15.0,40.0,30.0,25.0,-1.25,5.0
TRAIN_low_56288,cluster_245647168_3238255150_3495323634,641.0,0.0,0,0.0,0.0,15.0,40.0,30.0,-1.5,5.0
TRAIN_low_56288,cluster_245647168_3238255150_3495323634,646.0,0.0,0,0.0,0.0,0.0,15.0,40.0,-2.0,5.0
TRAIN_low_56288,cluster_245647168_3238255150_3495323634,651.0,0.0,0,0.0,0.0,0.0,0.0,15.0,-0.75,5.0
TRAIN_low_56288,cluster_245647168_3238255150_3495323634,656.0,0.0,0,0.0,0.0,0.0,0.0,0.0,0.0,15.0
TRAIN_low_56288,cluster_245647168_3238255150_3495323634,661.0,0.0,1,56.30517892495713,0.0,0.0,0.0,0.0,0.0,5.0
TRAIN_low_56288,cluster_245647168_3238255150_3495323634,666.0,0.0,1,0.7495132314369388,0.0,0.0,0.0,0.0,0.0,0.0
TRAIN_low_56288,cluster_245647168_3238255150_3495323634,671.0,5.0,1,0.0,0.0,0.0,0.0,0.0,0.25,0.0
TRAIN_low_56288,cluster_245647168_3238255150_3495323634,676.0,5.0,1,0.0,5.0,0.0,0.0,0.0,0.25,0.0
TRAIN_low_56288,cluster_245647168_3238255150_3495323634,681.0,5.0,1,0.0,5.0,5.0,0.0,0.0,0.25,0.0
TRAIN_low_56288,cluster_245647168_3238255150_3495323634,686.0,5.0,1,0.0,5.0,5.0,5.0,0.0,0.25,0.0
TRAIN_low_56288,cluster_245647168_3238255150_3495323634,691.0,5.0,1,0.0,5.0,5.0,5.0,5.0,0.0,0.0
TRAIN_low_56288,cluster_245647168_3238255150_3495323634,696.0,5.0,1,0.0,5.0,5.0,5.0,5.0,0.0,0.0
TRAIN_low_56288,cluster_245647168_3238255150_3495323634,701.0,5.0,1,0.0,5.0,5.0,5.0,5.0,0.0,0.0
TRAIN_low_56288,cluster_245647168_3238255150_3495323634,706.0,5.0,2,41.03291875514476,5.0,5.0,5.0,5.0,0.0,0.0
TRAIN_low_56288,cluster_245647168_3238255150_3495323634,711.0,5.0,3,23.787190265212114,5.0,5.0,5.0,5.0,0.0,0.0
TRAIN_low_56288,cluster_245647168_3238255150_3495323634,716.0,15.0,3,0.052755697671122675,5.0,5.0,5.0,5.0,0.5,0.0
TRAIN_low_56288,cluster_245647168_3238255150_3495323634,721.0,5.0,1,0.0,15.0,5.0,5.0,5.0,0.0,0.0
TRAIN_low_56288,cluster_245647168_3238255150_3495323634,726.0,0.0,0,0.0,5.0,15.0,5.0,5.0,-0.25,0.0
TRAIN_low_56288,cluster_245647168_3238255150_3495323634,731.0,0.0,0,0.0,0.0,5.0,15.0,5.0,-0.25,0.0
TRAIN_low_56288,cluster_245647168_3238255150_3495323634,736.0,0.0,0,0.0,0.0,0.0,5.0,15.0,-0.75,0.0
TRAIN_motorcycle_58568,cluster_13546492148_1838721956,16.0,0.0,0,0.0,0.0,0.0,0.0,0.0,0.0,0.0
TRAIN_motorcycle_58568,cluster_13546492148_1838721956,21.0,0.0,0,0.0,0.0,0.0,0.0,0.0,0.0,0.0
TRAIN_motorcycle_58568,cluster_13546492148_1838721956,26.0,0.0,0,0.0,0.0,0.0,0.0,0.0,0.0,0.0
TRAIN_motorcycle_58568,cluster_13546492148_1838721956,31.0,0.0,0,0.0,0.0,0.0,0.0,0.0,0.0,0.0
TRAIN_motorcycle_58568,cluster_13546492148_1838721956,36.0,0.0,0,0.0,0.0,0.0,0.0,0.0,0.0,0.0
TRAIN_motorcycle_58568,cluster_13546492148_1838721956,41.0,0.0,0,0.0,0.0,0.0,0.0,0.0,0.0,0.0
TRAIN_motorcycle_58568,cluster_13546492148_1838721956,46.0,0.0,0,0.0,0.0,0.0,0.0,0.0,0.0,0.0
TRAIN_motorcycle_58568,cluster_13546492148_1838721956,51.0,0.0,0,0.0,0.0,0.0,0.0,0.0,0.0,0.0
TRAIN_motorcycle_58568,cluster_13546492148_1838721956,56.0,0.0,0,0.0,0.0,0.0,0.0,0.0,0.0,5.0
TRAIN_motorcycle_58568,cluster_13546492148_1838721956,61.0,0.0,0,0.0,0.0,0.0,0.0,0.0,0.0,5.0
TRAIN_motorcycle_58568,cluster_13546492148_1838721956,66.0,0.0,0,0.0,0.0,0.0,0.0,0.0,0.0,5.0
TRAIN_motorcycle_58568,cluster_13546492148_1838721956,71.0,0.0,0,0.0,0.0,0.0,0.0,0.0,0.0,5.0
TRAIN_motorcycle_58568,cluster_13546492148_1838721956,76.0,0.0,0,0.0,0.0,0.0,0.0,0.0,0.0,0.0
TRAIN_motorcycle_58568,cluster_13546492148_1838721956,81.0,0.0,0,0.0,0.0,0.0,0.0,0.0,0.0,0.0
TRAIN_motorcycle_58568,cluster_13546492148_1838721956,86.0,0.0,0,0.0,0.0,0.0,0.0,0.0,0.0,0.0
TRAIN_motorcycle_58568,cluster_13546492148_1838721956,91.0,0.0,0,0.0,0.0,0.0,0.0,0.0,0.0,0.0
TRAIN_motorcycle_58568,cluster_13546492148_1838721956,96.0,0.0,0,0.0,0.0,0.0,0.0,0.0,0.0,0.0
TRAIN_motorcycle_58568,cluster_13546492148_1838721956,101.0,0.0,0,0.0,0.0,0.0,0.0,0.0,0.0,0.0
TRAIN_motorcycle_58568,cluster_13546492148_1838721956,106.0,0.0,0,0.0,0.0,0.0,0.0,0.0,0.0,0.0
TRAIN_motorcycle_58568,cluster_13546492148_1838721956,111.0,0.0,0,0.0,0.0,0.0,0.0,0.0,0.0,5.0
TRAIN_motorcycle_58568,cluster_13546492148_1838721956,116.0,5.0,1,0.0034743145460989075,0.0,0.0,0.0,0.0,0.25,5.0
TRAIN_motorcycle_58568,cluster_13546492148_1838721956,121.0,5.0,1,0.0,5.0,0.0,0.0,0.0,0.25,0.0
TRAIN_motorcycle_58568,cluster_13546492148_1838721956,126.0,5.0,1,0.0,5.0,5.0,0.0,0.0,0.25,0.0
TRAIN_motorcycle_58568,cluster_13546492148_1838721956,131.0,5.0,1,0.0,5.0,5.0,5.0,0.0,0.25,0.0
TRAIN_motorcycle_58568,cluster_13546492148_1838721956,136.0,0.0,0,0.0,5.0,5.0,5.0,5.0,-0.25,0.0
TRAIN_motorcycle_58568,cluster_13546492148_1838721956,141.0,0.0,0,0.0,0.0,5.0,5.0,5.0,-0.25,10.0
TRAIN_motorcycle_58568,cluster_13546492148_1838721956,146.0,0.0,0,0.0,0.0,0.0,5.0,5.0,-0.25,10.0
TRAIN_motorcycle_58568,cluster_13546492148_1838721956,151.0,0.0,0,0.0,0.0,0.0,0.0,5.0,-0.25,15.0
TRAIN_motorcycle_58568,cluster_13546492148_1838721956,156.0,0.0,0,0.0,0.0,0.0,0.0,0.0,0.0,15.0
TRAIN_motorcycle_58568,cluster_13546492148_1838721956,161.0,0.0,0,0.0,0.0,0.0,0.0,0.0,0.0,15.0
TRAIN_motorcycle_58568,cluster_13546492148_1838721956,166.0,0.0,0,0.0,0.0,0.0,0.0,0.0,0.0,0.0
TRAIN_motorcycle_58568,cluster_13546492148_1838721956,171.0,5.0,1,0.0019947715917961336,0.0,0.0,0.0,0.0,0.25,0.0
TRAIN_motorcycle_58568,cluster_13546492148_1838721956,176.0,5.0,1,0.0,5.0,0.0,0.0,0.0,0.25,0.0
TRAIN_motorcycle_58568,cluster_13546492148_1838721956,181.0,0.0,0,0.0,5.0,5.0,0.0,0.0,0.0,0.0
TRAIN_motorcycle_58568,cluster_13546492148_1838721956,186.0,0.0,0,0.0,0.0,5.0,5.0,0.0,0.0,5.0
TRAIN_motorcycle_58568,cluster_13546492148_1838721956,191.0,0.0,0,0.0,0.0,0.0,5.0,5.0,-0.25,5.0
TRAIN_motorcycle_58568,cluster_13546492148_1838721956,196.0,0.0,1,3.5343946734825664,0.0,0.0,0.0,5.0,-0.25,5.0
TRAIN_motorcycle_58568,cluster_13546492148_1838721956,201.0,10.0,2,0.04036825153249389,0.0,0.0,0.0,0.0,0.5,5.0
TRAIN_motorcycle_58568,cluster_13546492148_1838721956,206.0,10.0,3,0.4298622319580299,10.0,0.0,0.0,0.0,0.5,5.0
TRAIN_motorcycle_58568,cluster_13546492148_1838721956,211.0,15.0,3,0.002548102563053792,10.0,10.0,0.0,0.0,0.75,0.0
TRAIN_motorcycle_58568,cluster_13546492148_1838721956,216.0,15.0,3,0.0,15.0,10.0,10.0,0.0,0.75,0.0
TRAIN_motorcycle_58568,cluster_13546492148_1838721956,221.0,15.0,3,0.0,15.0,15.0,10.0,10.0,0.25,0.0
TRAIN_motorcycle_58568,cluster_13546492148_1838721956,226.0,0.0,0,0.0,15.0,15.0,15.0,10.0,-0.5,0.0
TRAIN_motorcycle_58568,cluster_13546492148_1838721956,231.0,0.0,0,0.0,0.0,15.0,15.0,15.0,-0.75,0.0
TRAIN_motorcycle_58568,cluster_13546492148_1838721956,236.0,0.0,0,0.0,0.0,0.0,15.0,15.0,-0.75,5.0
TRAIN_motorcycle_58568,cluster_13546492148_1838721956,241.0,0.0,0,0.0,0.0,0.0,0.0,15.0,-0.75,10.0
TRAIN_motorcycle_58568,cluster_13546492148_1838721956,246.0,5.0,1,0.011214436089752793,0.0,0.0,0.0,0.0,0.25,10.0
TRAIN_motorcycle_58568,cluster_13546492148_1838721956,251.0,5.0,1,0.0,5.0,0.0,0.0,0.0,0.25,10.0
TRAIN_motorcycle_58568,cluster_13546492148_1838721956,256.0,5.0,1,0.0,5.0,5.0,0.0,0.0,0.25,0.0
TRAIN_motorcycle_58568,cluster_13546492148_1838721956,261.0,5.0,1,0.0,5.0,5.0,5.0,0.0,0.25,0.0
TRAIN_motorcycle_58568,cluster_13546492148_1838721956,266.0,5.0,1,0.0,5.0,5.0,5.0,5.0,0.0,5.0
TRAIN_motorcycle_58568,cluster_13546492148_1838721956,271.0,0.0,0,0.0,5.0,5.0,5.0,5.0,-0.25,5.0
TRAIN_motorcycle_58568,cluster_13546492148_1838721956,276.0,0.0,0,0.0,0.0,5.0,5.0,5.0,-0.25,5.0
TRAIN_motorcycle_58568,cluster_13546492148_1838721956,281.0,0.0,0,0.0,0.0,0.0,5.0,5.0,-0.25,5.0
TRAIN_motorcycle_58568,cluster_13546492148_1838721956,286.0,0.0,0,0.0,0.0,0.0,0.0,5.0,-0.25,5.0
TRAIN_motorcycle_58568,cluster_13546492148_1838721956,291.0,0.0,1,15.942002297076646,0.0,0.0,0.0,0.0,0.0,10.0
TRAIN_motorcycle_58568,cluster_13546492148_1838721956,296.0,5.0,2,0.20946790239179405,0.0,0.0,0.0,0.0,0.25,15.0
TRAIN_motorcycle_58568,cluster_13546492148_1838721956,301.0,10.0,2,0.00029558178705437637,5.0,0.0,0.0,0.0,0.5,0.0
TRAIN_motorcycle_58568,cluster_13546492148_1838721956,306.0,10.0,2,0.0,10.0,5.0,0.0,0.0,0.5,0.0
TRAIN_motorcycle_58568,cluster_13546492148_1838721956,311.0,10.0,2,0.0,10.0,10.0,5.0,0.0,0.5,0.0
TRAIN_motorcycle_58568,cluster_13546492148_1838721956,316.0,0.0,0,0.0,10.0,10.0,10.0,5.0,-0.25,0.0
TRAIN_motorcycle_58568,cluster_13546492148_1838721956,321.0,0.0,1,28.441142320741783,0.0,10.0,10.0,10.0,-0.5,0.0
TRAIN_motorcycle_58568,cluster_13546492148_1838721956,326.0,5.0,1,0.022435595672523508,0.0,0.0,10.0,10.0,-0.25,5.0
TRAIN_motorcycle_58568,cluster_13546492148_1838721956,331.0,5.0,1,0.0,5.0,0.0,0.0,10.0,-0.25,5.0
TRAIN_motorcycle_58568,cluster_13546492148_1838721956,336.0,5.0,2,43.38446327220183,5.0,5.0,0.0,0.0,0.25,5.0
TRAIN_motorcycle_58568,cluster_13546492148_1838721956,341.0,5.0,1,0.0,5.0,5.0,5.0,0.0,0.25,5.0
TRAIN_motorcycle_58568,cluster_13546492148_1838721956,346.0,5.0,2,17.13074078258818,5.0,5.0,5.0,5.0,0.0,0.0
TRAIN_motorcycle_58568,cluster_13546492148_1838721956,351.0,10.0,3,0.3213963564285765,5.0,5.0,5.0,5.0,0.25,0.0
TRAIN_motorcycle_58568,cluster_13546492148_1838721956,356.0,15.0,3,0.0017270322453029868,10.0,5.0,5.0,5.0,0.5,5.0
TRAIN_motorcycle_58568,cluster_13546492148_1838721956,361.0,0.0,0,0.0,15.0,10.0,5.0,5.0,-0.25,5.0
TRAIN_motorcycle_58568,cluster_13546492148_1838721956,366.0,0.0,0,0.0,0.0,15.0,10.0,5.0,-0.25,5.0
TRAIN_motorcycle_58568,cluster_13546492148_1838721956,371.0,0.0,0,0.0,0.0,0.0,15.0,10.0,-0.5,10.0
TRAIN_motorcycle_58568,cluster_13546492148_1838721956,376.0,0.0,0,0.0,0.0,0.0,0.0,15.0,-0.75,15.0
TRAIN_motorcycle_58568,cluster_13546492148_1838721956,381.0,0.0,0,0.0,0.0,0.0,0.0,0.0,0.0,15.0
TRAIN_motorcycle_58568,cluster_13546492148_1838721956,386.0,5.0,1,0.04746949975448605,0.0,0.0,0.0,0.0,0.25,15.0
TRAIN_motorcycle_58568,cluster_13546492148_1838721956,391.0,5.0,1,0.0,5.0,0.0,0.0,0.0,0.25,0.0
TRAIN_motorcycle_58568,cluster_13546492148_1838721956,396.0,5.0,1,0.0,5.0,5.0,0.0,0.0,0.25,0.0
TRAIN_motorcycle_58568,cluster_13546492148_1838721956,401.0,5.0,1,0.0,5.0,5.0,5.0,0.0,0.25,0.0
TRAIN_motorcycle_58568,cluster_13546492148_1838721956,406.0,0.0,0,0.0,5.0,5.0,5.0,5.0,-0.25,0.0
TRAIN_motorcycle_58568,cluster_13546492148_1838721956,411.0,0.0,0,0.0,0.0,5.0,5.0,5.0,-0.25,0.0
TRAIN_motorcycle_58568,cluster_13546492148_1838721956,416.0,5.0,1,0.10908973451783402,0.0,0.0,5.0,5.0,0.0,0.0
TRAIN_motorcycle_58568,cluster_13546492148_1838721956,421.0,5.0,1,0.0,5.0,0.0,0.0,5.0,0.0,0.0
TRAIN_motorcycle_58568,cluster_13546492148_1838721956,426.0,5.0,2,11.912852650870741,5.0,5.0,0.0,0.0,0.25,0.0
TRAIN_motorcycle_58568,cluster_13546492148_1838721956,431.0,10.0,3,1.0248773228848964,5.0,5.0,5.0,0.0,0.5,0.0
TRAIN_motorcycle_58568,cluster_13546492148_1838721956,436.0,15.0,3,0.00957701123409547,10.0,5.0,5.0,5.0,0.5,0.0
TRAIN_motorcycle_58568,cluster_13546492148_1838721956,441.0,15.0,3,0.0,15.0,10.0,5.0,5.0,0.5,0.0
TRAIN_motorcycle_58568,cluster_13546492148_1838721956,446.0,15.0,3,0.0,15.0,15.0,10.0,5.0,0.5,0.0
TRAIN_motorcycle_58568,cluster_13546492148_1838721956,451.0,0.0,0,0.0,15.0,15.0,15.0,10.0,-0.5,0.0
TRAIN_motorcycle_58568,cluster_13546492148_1838721956,456.0,0.0,0,0.0,0.0,15.0,15.0,15.0,-0.75,0.0
TRAIN_motorcycle_58568,cluster_13546492148_1838721956,461.0,0.0,0,0.0,0.0,0.0,15.0,15.0,-0.75,5.0
TRAIN_motorcycle_58568,cluster_13546492148_1838721956,466.0,0.0,0,0.0,0.0,0.0,0.0,15.0,-0.75,5.0
TRAIN_motorcycle_58568,cluster_13546492148_1838721956,471.0,0.0,0,0.0,0.0,0.0,0.0,0.0,0.0,10.0
TRAIN_motorcycle_58568,cluster_13546492148_1838721956,476.0,0.0,0,0.0,0.0,0.0,0.0,0.0,0.0,10.0
TRAIN_motorcycle_58568,cluster_13546492148_1838721956,481.0,0.0,0,0.0,0.0,0.0,0.0,0.0,0.0,5.0
TRAIN_motorcycle_58568,cluster_13546492148_1838721956,486.0,0.0,0,0.0,0.0,0.0,0.0,0.0,0.0,0.0
TRAIN_motorcycle_58568,cluster_13546492148_1838721956,491.0,0.0,0,0.0,0.0,0.0,0.0,0.0,0.0,0.0
TRAIN_motorcycle_58568,cluster_13546492148_1838721956,496.0,0.0,0,0.0,0.0,0.0,0.0,0.0,0.0,0.0
TRAIN_motorcycle_58568,cluster_13546492148_1838721956,501.0,0.0,0,0.0,0.0,0.0,0.0,0.0,0.0,0.0
TRAIN_motorcycle_58568,cluster_13546492148_1838721956,506.0,0.0,0,0.0,0.0,0.0,0.0,0.0,0.0,5.0
TRAIN_motorcycle_58568,cluster_13546492148_1838721956,511.0,0.0,0,0.0,0.0,0.0,0.0,0.0,0.0,5.0
TRAIN_motorcycle_58568,cluster_13546492148_1838721956,516.0,0.0,1,40.82710526239469,0.0,0.0,0.0,0.0,0.0,5.0
TRAIN_motorcycle_58568,cluster_13546492148_1838721956,521.0,5.0,1,0.009778413122347859,0.0,0.0,0.0,0.0,0.25,5.0
TRAIN_motorcycle_58568,cluster_13546492148_1838721956,526.0,5.0,2,3.753068447315446,5.0,0.0,0.0,0.0,0.25,0.0
TRAIN_motorcycle_58568,cluster_13546492148_1838721956,531.0,10.0,2,0.0028685220206808534,5.0,5.0,0.0,0.0,0.5,0.0
TRAIN_motorcycle_58568,cluster_13546492148_1838721956,536.0,10.0,3,3.610566080233136,10.0,5.0,5.0,0.0,0.5,0.0
TRAIN_motorcycle_58568,cluster_13546492148_1838721956,541.0,5.0,1,0.05754888640316954,10.0,10.0,5.0,5.0,0.0,0.0
TRAIN_motorcycle_58568,cluster_13546492148_1838721956,546.0,0.0,0,0.0,5.0,10.0,10.0,5.0,-0.25,0.0
TRAIN_motorcycle_58568,cluster_13546492148_1838721956,551.0,0.0,0,0.0,0.0,5.0,10.0,10.0,-0.5,5.0
TRAIN_motorcycle_58568,cluster_13546492148_1838721956,556.0,0.0,0,0.0,0.0,0.0,5.0,10.0,-0.5,5.0
TRAIN_motorcycle_58568,cluster_13546492148_1838721956,561.0,0.0,1,23.57616620920327,0.0,0.0,0.0,5.0,-0.25,5.0
TRAIN_motorcycle_58568,cluster_13546492148_1838721956,566.0,5.0,1,0.0,0.0,0.0,0.0,0.0,0.25,5.0
TRAIN_motorcycle_58568,cluster_13546492148_1838721956,571.0,5.0,1,0.0,5.0,0.0,0.0,0.0,0.25,0.0
TRAIN_motorcycle_58568,cluster_13546492148_1838721956,576.0,5.0,1,0.0,5.0,5.0,0.0,0.0,0.25,0.0
TRAIN_motorcycle_58568,cluster_13546492148_1838721956,581.0,5.0,2,7.710734841817616,5.0,5.0,5.0,0.0,0.25,0.0
TRAIN_motorcycle_58568,cluster_13546492148_1838721956,586.0,0.0,0,0.0,5.0,5.0,5.0,5.0,-0.25,0.0
TRAIN_motorcycle_58568,cluster_13546492148_1838721956,591.0,0.0,0,0.0,0.0,5.0,5.0,5.0,-0.25,0.0
TRAIN_motorcycle_58568,cluster_13546492148_1838721956,596.0,0.0,0,0.0,0.0,0.0,5.0,5.0,-0.25,5.0
TRAIN_motorcycle_58568,cluster_13546492148_1838721956,601.0,0.0,0,0.0,0.0,0.0,0.0,5.0,-0.25,5.0
TRAIN_motorcycle_58568,cluster_13546492148_1838721956,606.0,0.0,1,9.454939873369808,0.0,0.0,0.0,0.0,0.0,5.0
TRAIN_motorcycle_58568,cluster_13546492148_1838721956,611.0,5.0,2,52.68794687480067,0.0,0.0,0.0,0.0,0.25,5.0
TRAIN_motorcycle_58568,cluster_13546492148_1838721956,616.0,5.0,1,0.0,5.0,0.0,0.0,0.0,0.25,0.0
TRAIN_motorcycle_58568,cluster_13546492148_1838721956,621.0,5.0,1,0.0,5.0,5.0,0.0,0.0,0.25,0.0
TRAIN_motorcycle_58568,cluster_13546492148_1838721956,626.0,5.0,2,1.034480323522175,5.0,5.0,5.0,0.0,0.25,0.0
TRAIN_motorcycle_58568,cluster_13546492148_1838721956,631.0,0.0,0,0.0,5.0,5.0,5.0,5.0,-0.25,0.0
TRAIN_motorcycle_58568,cluster_13546492148_1838721956,636.0,0.0,0,0.0,0.0,5.0,5.0,5.0,-0.25,0.0
TRAIN_motorcycle_58568,cluster_13546492148_1838721956,641.0,0.0,0,0.0,0.0,0.0,5.0,5.0,-0.25,0.0
TRAIN_motorcycle_58568,cluster_13546492148_1838721956,646.0,0.0,0,0.0,0.0,0.0,0.0,5.0,-0.25,0.0
TRAIN_motorcycle_58568,cluster_13546492148_1838721956,651.0,0.0,0,0.0,0.0,0.0,0.0,0.0,0.0,0.0
TRAIN_motorcycle_58568,cluster_13546492148_1838721956,656.0,5.0,1,0.12451174987885091,0.0,0.0,0.0,0.0,0.25,0.0
TRAIN_motorcycle_58568,cluster_13546492148_1838721956,661.0,5.0,1,0.0,5.0,0.0,0.0,0.0,0.25,0.0
TRAIN_motorcycle_58568,cluster_13546492148_1838721956,666.0,5.0,1,0.0,5.0,5.0,0.0,0.0,0.25,0.0
TRAIN_motorcycle_58568,cluster_13546492148_1838721956,671.0,5.0,1,0.0,5.0,5.0,5.0,0.0,0.25,0.0
TRAIN_motorcycle_58568,cluster_13546492148_1838721956,676.0,0.0,0,0.0,5.0,5.0,5.0,5.0,-0.25,0.0
TRAIN_motorcycle_58568,cluster_13546492148_1838721956,681.0,0.0,0,0.0,0.0,5.0,5.0,5.0,-0.25,0.0
TRAIN_motorcycle_58568,cluster_13546492148_1838721956,686.0,0.0,0,0.0,0.0,0.0,5.0,5.0,-0.25,0.0
TRAIN_motorcycle_58568,cluster_13546492148_1838721956,691.0,0.0,0,0.0,0.0,0.0,0.0,5.0,-0.25,0.0
TRAIN_motorcycle_58568,cluster_13546492148_1838721956,696.0,0.0,0,0.0,0.0,0.0,0.0,0.0,0.0,0.0
TRAIN_motorcycle_58568,cluster_13546492148_1838721956,701.0,0.0,0,0.0,0.0,0.0,0.0,0.0,0.0,0.0
TRAIN_motorcycle_58568,cluster_13546492148_1838721956,706.0,0.0,0,0.0,0.0,0.0,0.0,0.0,0.0,0.0
TRAIN_motorcycle_58568,cluster_13546492148_1838721956,711.0,0.0,0,0.0,0.0,0.0,0.0,0.0,0.0,0.0
TRAIN_motorcycle_58568,cluster_13546492148_1838721956,716.0,0.0,0,0.0,0.0,0.0,0.0,0.0,0.0,0.0
TRAIN_motorcycle_58568,cluster_13546492148_1838721956,721.0,0.0,0,0.0,0.0,0.0,0.0,0.0,0.0,0.0
TRAIN_motorcycle_58568,cluster_13546492148_1838721956,726.0,0.0,0,0.0,0.0,0.0,0.0,0.0,0.0,0.0
TRAIN_motorcycle_58568,cluster_13546492148_1838721956,731.0,0.0,0,0.0,0.0,0.0,0.0,0.0,0.0,0.0
TRAIN_motorcycle_58568,cluster_13546492148_1838721956,736.0,0.0,0,0.0,0.0,0.0,0.0,0.0,0.0,0.0
TRAIN_motorcycle_58568,cluster_2061304035_245647208,16.0,0.0,0,0.0,0.0,0.0,0.0,0.0,0.0,0.0
TRAIN_motorcycle_58568,cluster_2061304035_245647208,21.0,0.0,0,0.0,0.0,0.0,0.0,0.0,0.0,0.0
TRAIN_motorcycle_58568,cluster_2061304035_245647208,26.0,0.0,0,0.0,0.0,0.0,0.0,0.0,0.0,0.0
TRAIN_motorcycle_58568,cluster_2061304035_245647208,31.0,0.0,0,0.0,0.0,0.0,0.0,0.0,0.0,0.0
TRAIN_motorcycle_58568,cluster_2061304035_245647208,36.0,0.0,0,0.0,0.0,0.0,0.0,0.0,0.0,0.0
TRAIN_motorcycle_58568,cluster_2061304035_245647208,41.0,0.0,0,0.0,0.0,0.0,0.0,0.0,0.0,0.0
TRAIN_motorcycle_58568,cluster_2061304035_245647208,46.0,0.0,0,0.0,0.0,0.0,0.0,0.0,0.0,0.0
TRAIN_motorcycle_58568,cluster_2061304035_245647208,51.0,0.0,0,0.0,0.0,0.0,0.0,0.0,0.0,0.0
TRAIN_motorcycle_58568,cluster_2061304035_245647208,56.0,0.0,0,0.0,0.0,0.0,0.0,0.0,0.0,0.0
TRAIN_motorcycle_58568,cluster_2061304035_245647208,61.0,0.0,0,0.0,0.0,0.0,0.0,0.0,0.0,0.0
TRAIN_motorcycle_58568,cluster_2061304035_245647208,66.0,0.0,0,0.0,0.0,0.0,0.0,0.0,0.0,0.0
TRAIN_motorcycle_58568,cluster_2061304035_245647208,71.0,0.0,0,0.0,0.0,0.0,0.0,0.0,0.0,0.0
TRAIN_motorcycle_58568,cluster_2061304035_245647208,76.0,0.0,0,0.0,0.0,0.0,0.0,0.0,0.0,0.0
TRAIN_motorcycle_58568,cluster_2061304035_245647208,81.0,0.0,0,0.0,0.0,0.0,0.0,0.0,0.0,0.0
TRAIN_motorcycle_58568,cluster_2061304035_245647208,86.0,0.0,0,0.0,0.0,0.0,0.0,0.0,0.0,0.0
TRAIN_motorcycle_58568,cluster_2061304035_245647208,91.0,0.0,0,0.0,0.0,0.0,0.0,0.0,0.0,0.0
TRAIN_motorcycle_58568,cluster_2061304035_245647208,96.0,0.0,0,0.0,0.0,0.0,0.0,0.0,0.0,0.0
TRAIN_motorcycle_58568,cluster_2061304035_245647208,101.0,0.0,0,0.0,0.0,0.0,0.0,0.0,0.0,0.0
TRAIN_motorcycle_58568,cluster_2061304035_245647208,106.0,0.0,0,0.0,0.0,0.0,0.0,0.0,0.0,0.0
TRAIN_motorcycle_58568,cluster_2061304035_245647208,111.0,0.0,0,0.0,0.0,0.0,0.0,0.0,0.0,0.0
TRAIN_motorcycle_58568,cluster_2061304035_245647208,116.0,0.0,0,0.0,0.0,0.0,0.0,0.0,0.0,0.0
TRAIN_motorcycle_58568,cluster_2061304035_245647208,121.0,0.0,0,0.0,0.0,0.0,0.0,0.0,0.0,0.0
TRAIN_motorcycle_58568,cluster_2061304035_245647208,126.0,0.0,0,0.0,0.0,0.0,0.0,0.0,0.0,0.0
TRAIN_motorcycle_58568,cluster_2061304035_245647208,131.0,0.0,0,0.0,0.0,0.0,0.0,0.0,0.0,0.0
TRAIN_motorcycle_58568,cluster_2061304035_245647208,136.0,0.0,0,0.0,0.0,0.0,0.0,0.0,0.0,0.0
TRAIN_motorcycle_58568,cluster_2061304035_245647208,141.0,0.0,0,0.0,0.0,0.0,0.0,0.0,0.0,0.0
TRAIN_motorcycle_58568,cluster_2061304035_245647208,146.0,0.0,0,0.0,0.0,0.0,0.0,0.0,0.0,0.0
TRAIN_motorcycle_58568,cluster_2061304035_245647208,151.0,0.0,1,40.720521177499776,0.0,0.0,0.0,0.0,0.0,0.0
TRAIN_motorcycle_58568,cluster_2061304035_245647208,156.0,0.0,0,0.0,0.0,0.0,0.0,0.0,0.0,5.0
TRAIN_motorcycle_58568,cluster_2061304035_245647208,161.0,0.0,0,0.0,0.0,0.0,0.0,0.0,0.0,5.0
TRAIN_motorcycle_58568,cluster_2061304035_245647208,166.0,0.0,0,0.0,0.0,0.0,0.0,0.0,0.0,0.0
TRAIN_motorcycle_58568,cluster_2061304035_245647208,171.0,0.0,0,0.0,0.0,0.0,0.0,0.0,0.0,0.0
TRAIN_motorcycle_58568,cluster_2061304035_245647208,176.0,0.0,0,0.0,0.0,0.0,0.0,0.0,0.0,0.0
TRAIN_motorcycle_58568,cluster_2061304035_245647208,181.0,0.0,0,0.0,0.0,0.0,0.0,0.0,0.0,0.0
TRAIN_motorcycle_58568,cluster_2061304035_245647208,186.0,0.0,0,0.0,0.0,0.0,0.0,0.0,0.0,0.0
TRAIN_motorcycle_58568,cluster_2061304035_245647208,191.0,0.0,0,0.0,0.0,0.0,0.0,0.0,0.0,0.0
TRAIN_motorcycle_58568,cluster_2061304035_245647208,196.0,0.0,0,0.0,0.0,0.0,0.0,0.0,0.0,0.0
TRAIN_motorcycle_58568,cluster_2061304035_245647208,201.0,0.0,0,0.0,0.0,0.0,0.0,0.0,0.0,0.0
TRAIN_motorcycle_58568,cluster_2061304035_245647208,206.0,0.0,0,0.0,0.0,0.0,0.0,0.0,0.0,0.0
TRAIN_motorcycle_58568,cluster_2061304035_245647208,211.0,0.0,1,32.41824905540946,0.0,0.0,0.0,0.0,0.0,0.0
TRAIN_motorcycle_58568,cluster_2061304035_245647208,216.0,5.0,1,0.003707699447794855,0.0,0.0,0.0,0.0,0.25,0.0
TRAIN_motorcycle_58568,cluster_2061304035_245647208,221.0,5.0,1,0.0,5.0,0.0,0.0,0.0,0.25,0.0
TRAIN_motorcycle_58568,cluster_2061304035_245647208,226.0,0.0,1,0.800864477084397,5.0,5.0,0.0,0.0,0.0,0.0
TRAIN_motorcycle_58568,cluster_2061304035_245647208,231.0,0.0,0,0.0,0.0,5.0,5.0,0.0,0.0,5.0
TRAIN_motorcycle_58568,cluster_2061304035_245647208,236.0,0.0,0,0.0,0.0,0.0,5.0,5.0,-0.25,5.0
TRAIN_motorcycle_58568,cluster_2061304035_245647208,241.0,0.0,0,0.0,0.0,0.0,0.0,5.0,-0.25,5.0
TRAIN_motorcycle_58568,cluster_2061304035_245647208,246.0,0.0,0,0.0,0.0,0.0,0.0,0.0,0.0,5.0
TRAIN_motorcycle_58568,cluster_2061304035_245647208,251.0,0.0,0,0.0,0.0,0.0,0.0,0.0,0.0,5.0
TRAIN_motorcycle_58568,cluster_2061304035_245647208,256.0,0.0,1,53.45202754406801,0.0,0.0,0.0,0.0,0.0,0.0
TRAIN_motorcycle_58568,cluster_2061304035_245647208,261.0,0.0,0,0.0,0.0,0.0,0.0,0.0,0.0,0.0
TRAIN_motorcycle_58568,cluster_2061304035_245647208,266.0,0.0,0,0.0,0.0,0.0,0.0,0.0,0.0,0.0
TRAIN_motorcycle_58568,cluster_2061304035_245647208,271.0,0.0,0,0.0,0.0,0.0,0.0,0.0,0.0,0.0
TRAIN_motorcycle_58568,cluster_2061304035_245647208,276.0,0.0,0,0.0,0.0,0.0,0.0,0.0,0.0,0.0
TRAIN_motorcycle_58568,cluster_2061304035_245647208,281.0,0.0,0,0.0,0.0,0.0,0.0,0.0,0.0,0.0
TRAIN_motorcycle_58568,cluster_2061304035_245647208,286.0,0.0,1,0.46083578088420346,0.0,0.0,0.0,0.0,0.0,0.0
TRAIN_motorcycle_58568,cluster_2061304035_245647208,291.0,5.0,1,0.006043647636526683,0.0,0.0,0.0,0.0,0.25,0.0
TRAIN_motorcycle_58568,cluster_2061304035_245647208,296.0,5.0,1,0.0,5.0,0.0,0.0,0.0,0.25,0.0
TRAIN_motorcycle_58568,cluster_2061304035_245647208,301.0,5.0,1,0.0,5.0,5.0,0.0,0.0,0.25,0.0
TRAIN_motorcycle_58568,cluster_2061304035_245647208,306.0,5.0,1,0.0,5.0,5.0,5.0,0.0,0.25,0.0
TRAIN_motorcycle_58568,cluster_2061304035_245647208,311.0,5.0,1,0.0,5.0,5.0,5.0,5.0,0.0,0.0
TRAIN_motorcycle_58568,cluster_2061304035_245647208,316.0,0.0,0,0.0,5.0,5.0,5.0,5.0,-0.25,5.0
TRAIN_motorcycle_58568,cluster_2061304035_245647208,321.0,0.0,0,0.0,0.0,5.0,5.0,5.0,-0.25,5.0
TRAIN_motorcycle_58568,cluster_2061304035_245647208,326.0,0.0,0,0.0,0.0,0.0,5.0,5.0,-0.25,5.0
TRAIN_motorcycle_58568,cluster_2061304035_245647208,331.0,0.0,1,49.64986588808926,0.0,0.0,0.0,5.0,-0.25,5.0
TRAIN_motorcycle_58568,cluster_2061304035_245647208,336.0,0.0,1,38.076104319183074,0.0,0.0,0.0,0.0,0.0,5.0
TRAIN_motorcycle_58568,cluster_2061304035_245647208,341.0,0.0,1,78.20142699712926,0.0,0.0,0.0,0.0,0.0,5.0
TRAIN_motorcycle_58568,cluster_2061304035_245647208,346.0,0.0,0,0.0,0.0,0.0,0.0,0.0,0.0,0.0
TRAIN_motorcycle_58568,cluster_2061304035_245647208,351.0,0.0,0,0.0,0.0,0.0,0.0,0.0,0.0,0.0
TRAIN_motorcycle_58568,cluster_2061304035_245647208,356.0,0.0,0,0.0,0.0,0.0,0.0,0.0,0.0,0.0
TRAIN_motorcycle_58568,cluster_2061304035_245647208,361.0,0.0,0,0.0,0.0,0.0,0.0,0.0,0.0,0.0
TRAIN_motorcycle_58568,cluster_2061304035_245647208,366.0,0.0,0,0.0,0.0,0.0,0.0,0.0,0.0,0.0
TRAIN_motorcycle_58568,cluster_2061304035_245647208,371.0,0.0,1,65.95649220354734,0.0,0.0,0.0,0.0,0.0,0.0
TRAIN_motorcycle_58568,cluster_2061304035_245647208,376.0,5.0,3,29.998841888764535,0.0,0.0,0.0,0.0,0.25,0.0
TRAIN_motorcycle_58568,cluster_2061304035_245647208,381.0,5.0,1,0.001950022176184558,5.0,0.0,0.0,0.0,0.25,0.0
TRAIN_motorcycle_58568,cluster_2061304035_245647208,386.0,5.0,1,0.0,5.0,5.0,0.0,0.0,0.25,0.0
TRAIN_motorcycle_58568,cluster_2061304035_245647208,391.0,5.0,1,0.0,5.0,5.0,5.0,0.0,0.25,0.0
TRAIN_motorcycle_58568,cluster_2061304035_245647208,396.0,5.0,2,20.50496207042093,5.0,5.0,5.0,5.0,0.0,0.0
TRAIN_motorcycle_58568,cluster_2061304035_245647208,401.0,5.0,1,0.0,5.0,5.0,5.0,5.0,0.0,0.0
TRAIN_motorcycle_58568,cluster_2061304035_245647208,406.0,0.0,0,0.0,5.0,5.0,5.0,5.0,-0.25,0.0
TRAIN_motorcycle_58568,cluster_2061304035_245647208,411.0,0.0,0,0.0,0.0,5.0,5.0,5.0,-0.25,10.0
TRAIN_motorcycle_58568,cluster_2061304035_245647208,416.0,0.0,0,0.0,0.0,0.0,5.0,5.0,-0.25,10.0
TRAIN_motorcycle_58568,cluster_2061304035_245647208,421.0,0.0,1,63.81839489840957,0.0,0.0,0.0,5.0,-0.25,10.0
TRAIN_motorcycle_58568,cluster_2061304035_245647208,426.0,0.0,1,19.144743339850972,0.0,0.0,0.0,0.0,0.0,10.0
TRAIN_motorcycle_58568,cluster_2061304035_245647208,431.0,0.0,0,0.0,0.0,0.0,0.0,0.0,0.0,15.0
TRAIN_motorcycle_58568,cluster_2061304035_245647208,436.0,0.0,0,0.0,0.0,0.0,0.0,0.0,0.0,5.0
TRAIN_motorcycle_58568,cluster_2061304035_245647208,441.0,0.0,0,0.0,0.0,0.0,0.0,0.0,0.0,0.0
TRAIN_motorcycle_58568,cluster_2061304035_245647208,446.0,0.0,0,0.0,0.0,0.0,0.0,0.0,0.0,0.0
TRAIN_motorcycle_58568,cluster_2061304035_245647208,451.0,0.0,0,0.0,0.0,0.0,0.0,0.0,0.0,0.0
TRAIN_motorcycle_58568,cluster_2061304035_245647208,456.0,0.0,0,0.0,0.0,0.0,0.0,0.0,0.0,0.0
TRAIN_motorcycle_58568,cluster_2061304035_245647208,461.0,0.0,0,0.0,0.0,0.0,0.0,0.0,0.0,0.0
TRAIN_motorcycle_58568,cluster_2061304035_245647208,466.0,0.0,3,31.30600414092291,0.0,0.0,0.0,0.0,0.0,0.0
TRAIN_motorcycle_58568,cluster_2061304035_245647208,471.0,10.0,2,0.04591252697888934,0.0,0.0,0.0,0.0,0.5,0.0
TRAIN_motorcycle_58568,cluster_2061304035_245647208,476.0,10.0,2,0.0,10.0,0.0,0.0,0.0,0.5,0.0
TRAIN_motorcycle_58568,cluster_2061304035_245647208,481.0,10.0,2,0.0,10.0,10.0,0.0,0.0,0.5,0.0
TRAIN_motorcycle_58568,cluster_2061304035_245647208,486.0,10.0,3,7.040798138571612,10.0,10.0,10.0,0.0,0.5,0.0
TRAIN_motorcycle_58568,cluster_2061304035_245647208,491.0,15.0,4,10.64025744119114,10.0,10.0,10.0,10.0,0.25,0.0
TRAIN_motorcycle_58568,cluster_2061304035_245647208,496.0,5.0,1,0.0,15.0,10.0,10.0,10.0,-0.25,0.0
TRAIN_motorcycle_58568,cluster_2061304035_245647208,501.0,0.0,0,0.0,5.0,15.0,10.0,10.0,-0.5,15.0
TRAIN_motorcycle_58568,cluster_2061304035_245647208,506.0,0.0,0,0.0,0.0,5.0,15.0,10.0,-0.5,15.0
TRAIN_motorcycle_58568,cluster_2061304035_245647208,511.0,0.0,0,0.0,0.0,0.0,5.0,15.0,-0.75,15.0
TRAIN_motorcycle_58568,cluster_2061304035_245647208,516.0,0.0,0,0.0,0.0,0.0,0.0,5.0,-0.25,15.0
TRAIN_motorcycle_58568,cluster_2061304035_245647208,521.0,0.0,0,0.0,0.0,0.0,0.0,0.0,0.0,20.0
TRAIN_motorcycle_58568,cluster_2061304035_245647208,526.0,0.0,0,0.0,0.0,0.0,0.0,0.0,0.0,5.0
TRAIN_motorcycle_58568,cluster_2061304035_245647208,531.0,0.0,0,0.0,0.0,0.0,0.0,0.0,0.0,0.0
TRAIN_motorcycle_58568,cluster_2061304035_245647208,536.0,0.0,0,0.0,0.0,0.0,0.0,0.0,0.0,0.0
TRAIN_motorcycle_58568,cluster_2061304035_245647208,541.0,0.0,0,0.0,0.0,0.0,0.0,0.0,0.0,0.0
TRAIN_motorcycle_58568,cluster_2061304035_245647208,546.0,0.0,0,0.0,0.0,0.0,0.0,0.0,0.0,0.0
TRAIN_motorcycle_58568,cluster_2061304035_245647208,551.0,0.0,0,0.0,0.0,0.0,0.0,0.0,0.0,0.0
TRAIN_motorcycle_58568,cluster_2061304035_245647208,556.0,0.0,4,33.39959833204655,0.0,0.0,0.0,0.0,0.0,0.0
TRAIN_motorcycle_58568,cluster_2061304035_245647208,561.0,15.0,3,0.020469115683390694,0.0,0.0,0.0,0.0,0.75,0.0
TRAIN_motorcycle_58568,cluster_2061304035_245647208,566.0,15.0,3,0.0,15.0,0.0,0.0,0.0,0.75,0.0
TRAIN_motorcycle_58568,cluster_2061304035_245647208,571.0,15.0,3,0.0,15.0,15.0,0.0,0.0,0.75,0.0
TRAIN_motorcycle_58568,cluster_2061304035_245647208,576.0,15.0,5,12.442276620618351,15.0,15.0,15.0,0.0,0.75,0.0
TRAIN_motorcycle_58568,cluster_2061304035_245647208,581.0,20.0,4,0.0,15.0,15.0,15.0,15.0,0.25,0.0
TRAIN_motorcycle_58568,cluster_2061304035_245647208,586.0,5.0,1,0.0,20.0,15.0,15.0,15.0,-0.5,0.0
TRAIN_motorcycle_58568,cluster_2061304035_245647208,591.0,0.0,0,0.0,5.0,20.0,15.0,15.0,-0.75,0.0
TRAIN_motorcycle_58568,cluster_2061304035_245647208,596.0,0.0,0,0.0,0.0,5.0,20.0,15.0,-0.75,0.0
TRAIN_motorcycle_58568,cluster_2061304035_245647208,601.0,0.0,0,0.0,0.0,0.0,5.0,20.0,-1.0,0.0
TRAIN_motorcycle_58568,cluster_2061304035_245647208,606.0,0.0,1,55.68363058391594,0.0,0.0,0.0,5.0,-0.25,0.0
TRAIN_motorcycle_58568,cluster_2061304035_245647208,611.0,0.0,1,22.633443883121657,0.0,0.0,0.0,0.0,0.0,0.0
TRAIN_motorcycle_58568,cluster_2061304035_245647208,616.0,0.0,0,0.0,0.0,0.0,0.0,0.0,0.0,0.0
TRAIN_motorcycle_58568,cluster_2061304035_245647208,621.0,0.0,1,27.15217692794198,0.0,0.0,0.0,0.0,0.0,0.0
TRAIN_motorcycle_58568,cluster_2061304035_245647208,626.0,0.0,0,0.0,0.0,0.0,0.0,0.0,0.0,0.0
TRAIN_motorcycle_58568,cluster_2061304035_245647208,631.0,0.0,0,0.0,0.0,0.0,0.0,0.0,0.0,0.0
TRAIN_motorcycle_58568,cluster_2061304035_245647208,636.0,0.0,0,0.0,0.0,0.0,0.0,0.0,0.0,0.0
TRAIN_motorcycle_58568,cluster_2061304035_245647208,641.0,0.0,0,0.0,0.0,0.0,0.0,0.0,0.0,0.0
TRAIN_motorcycle_58568,cluster_2061304035_245647208,646.0,0.0,0,0.0,0.0,0.0,0.0,0.0,0.0,0.0
TRAIN_motorcycle_58568,cluster_2061304035_245647208,651.0,0.0,0,0.0,0.0,0.0,0.0,0.0,0.0,0.0
TRAIN_motorcycle_58568,cluster_2061304035_245647208,656.0,0.0,0,0.0,0.0,0.0,0.0,0.0,0.0,0.0
TRAIN_motorcycle_58568,cluster_2061304035_245647208,661.0,0.0,0,0.0,0.0,0.0,0.0,0.0,0.0,0.0
TRAIN_motorcycle_58568,cluster_2061304035_245647208,666.0,0.0,0,0.0,0.0,0.0,0.0,0.0,0.0,0.0
TRAIN_motorcycle_58568,cluster_2061304035_245647208,671.0,0.0,0,0.0,0.0,0.0,0.0,0.0,0.0,0.0
TRAIN_motorcycle_58568,cluster_2061304035_245647208,676.0,0.0,0,0.0,0.0,0.0,0.0,0.0,0.0,0.0
TRAIN_motorcycle_58568,cluster_2061304035_245647208,681.0,0.0,0,0.0,0.0,0.0,0.0,0.0,0.0,0.0
TRAIN_motorcycle_58568,cluster_2061304035_245647208,686.0,0.0,1,72.98847728190981,0.0,0.0,0.0,0.0,0.0,0.0
TRAIN_motorcycle_58568,cluster_2061304035_245647208,691.0,0.0,0,0.0,0.0,0.0,0.0,0.0,0.0,0.0
TRAIN_motorcycle_58568,cluster_2061304035_245647208,696.0,0.0,0,0.0,0.0,0.0,0.0,0.0,0.0,0.0
TRAIN_motorcycle_58568,cluster_2061304035_245647208,701.0,0.0,1,40.6454635222353,0.0,0.0,0.0,0.0,0.0,0.0
TRAIN_motorcycle_58568,cluster_2061304035_245647208,706.0,0.0,0,0.0,0.0,0.0,0.0,0.0,0.0,0.0
TRAIN_motorcycle_58568,cluster_2061304035_245647208,711.0,0.0,0,0.0,0.0,0.0,0.0,0.0,0.0,0.0
TRAIN_motorcycle_58568,cluster_2061304035_245647208,716.0,0.0,0,0.0,0.0,0.0,0.0,0.0,0.0,0.0
TRAIN_motorcycle_58568,cluster_2061304035_245647208,721.0,0.0,0,0.0,0.0,0.0,0.0,0.0,0.0,0.0
TRAIN_motorcycle_58568,cluster_2061304035_245647208,726.0,0.0,0,0.0,0.0,0.0,0.0,0.0,0.0,0.0
TRAIN_motorcycle_58568,cluster_2061304035_245647208,731.0,0.0,1,52.976708898806585,0.0,0.0,0.0,0.0,0.0,0.0
TRAIN_motorcycle_58568,cluster_2061304035_245647208,736.0,0.0,0,0.0,0.0,0.0,0.0,0.0,0.0,0.0
TRAIN_motorcycle_58568,cluster_245647168_3238255150_3495323634,16.0,0.0,0,0.0,0.0,0.0,0.0,0.0,0.0,5.0
TRAIN_motorcycle_58568,cluster_245647168_3238255150_3495323634,21.0,0.0,0,0.0,0.0,0.0,0.0,0.0,0.0,5.0
TRAIN_motorcycle_58568,cluster_245647168_3238255150_3495323634,26.0,0.0,0,0.0,0.0,0.0,0.0,0.0,0.0,10.0
TRAIN_motorcycle_58568,cluster_245647168_3238255150_3495323634,31.0,0.0,0,0.0,0.0,0.0,0.0,0.0,0.0,5.0
TRAIN_motorcycle_58568,cluster_245647168_3238255150_3495323634,36.0,0.0,0,0.0,0.0,0.0,0.0,0.0,0.0,0.0
TRAIN_motorcycle_58568,cluster_245647168_3238255150_3495323634,41.0,0.0,0,0.0,0.0,0.0,0.0,0.0,0.0,0.0
TRAIN_motorcycle_58568,cluster_245647168_3238255150_3495323634,46.0,0.0,0,0.0,0.0,0.0,0.0,0.0,0.0,0.0
TRAIN_motorcycle_58568,cluster_245647168_3238255150_3495323634,51.0,0.0,0,0.0,0.0,0.0,0.0,0.0,0.0,0.0
TRAIN_motorcycle_58568,cluster_245647168_3238255150_3495323634,56.0,0.0,0,0.0,0.0,0.0,0.0,0.0,0.0,0.0
TRAIN_motorcycle_58568,cluster_245647168_3238255150_3495323634,61.0,0.0,0,0.0,0.0,0.0,0.0,0.0,0.0,0.0
TRAIN_motorcycle_58568,cluster_245647168_3238255150_3495323634,66.0,0.0,0,0.0,0.0,0.0,0.0,0.0,0.0,5.0
TRAIN_motorcycle_58568,cluster_245647168_3238255150_3495323634,71.0,0.0,1,48.1578791886684,0.0,0.0,0.0,0.0,0.0,5.0
TRAIN_motorcycle_58568,cluster_245647168_3238255150_3495323634,76.0,5.0,1,0.17217946516398552,0.0,0.0,0.0,0.0,0.0,5.0
TRAIN_motorcycle_58568,cluster_245647168_3238255150_3495323634,81.0,5.0,2,27.321826075427232,5.0,0.0,0.0,0.0,0.0,5.0
TRAIN_motorcycle_58568,cluster_245647168_3238255150_3495323634,86.0,10.0,2,0.011173484430761155,5.0,5.0,0.0,0.0,0.0,5.0
TRAIN_motorcycle_58568,cluster_245647168_3238255150_3495323634,91.0,5.0,2,35.11880688307733,10.0,5.0,5.0,0.0,0.0,10.0
TRAIN_motorcycle_58568,cluster_245647168_3238255150_3495323634,96.0,0.0,0,0.0,5.0,10.0,5.0,5.0,0.0,10.0
TRAIN_motorcycle_58568,cluster_245647168_3238255150_3495323634,101.0,0.0,0,0.0,0.0,5.0,10.0,5.0,0.0,10.0
TRAIN_motorcycle_58568,cluster_245647168_3238255150_3495323634,106.0,0.0,0,0.0,0.0,0.0,5.0,10.0,0.0,10.0
TRAIN_motorcycle_58568,cluster_245647168_3238255150_3495323634,111.0,0.0,0,0.0,0.0,0.0,0.0,5.0,-0.25,10.0
TRAIN_motorcycle_58568,cluster_245647168_3238255150_3495323634,116.0,0.0,0,0.0,0.0,0.0,0.0,0.0,0.0,15.0
TRAIN_motorcycle_58568,cluster_245647168_3238255150_3495323634,121.0,0.0,1,79.24889946810009,0.0,0.0,0.0,0.0,0.0,0.0
TRAIN_motorcycle_58568,cluster_245647168_3238255150_3495323634,126.0,5.0,1,0.04382140584288548,0.0,0.0,0.0,0.0,0.25,0.0
TRAIN_motorcycle_58568,cluster_245647168_3238255150_3495323634,131.0,5.0,1,0.0,5.0,0.0,0.0,0.0,0.25,0.0
TRAIN_motorcycle_58568,cluster_245647168_3238255150_3495323634,136.0,5.0,1,0.0,5.0,5.0,0.0,0.0,0.25,5.0
TRAIN_motorcycle_58568,cluster_245647168_3238255150_3495323634,141.0,5.0,1,0.0,5.0,5.0,5.0,0.0,0.25,5.0
TRAIN_motorcycle_58568,cluster_245647168_3238255150_3495323634,146.0,5.0,2,43.47422588910161,5.0,5.0,5.0,5.0,0.0,0.0
TRAIN_motorcycle_58568,cluster_245647168_3238255150_3495323634,151.0,10.0,3,13.212273161331979,5.0,5.0,5.0,5.0,0.25,0.0
TRAIN_motorcycle_58568,cluster_245647168_3238255150_3495323634,156.0,10.0,3,0.6194910293141297,10.0,5.0,5.0,5.0,0.25,5.0
TRAIN_motorcycle_58568,cluster_245647168_3238255150_3495323634,161.0,10.0,2,0.0,10.0,10.0,5.0,5.0,0.25,10.0
TRAIN_motorcycle_58568,cluster_245647168_3238255150_3495323634,166.0,10.0,3,24.283389443624763,10.0,10.0,10.0,5.0,0.25,10.0
TRAIN_motorcycle_58568,cluster_245647168_3238255150_3495323634,171.0,10.0,3,1.0248824534374645,10.0,10.0,10.0,10.0,0.0,15.0
TRAIN_motorcycle_58568,cluster_245647168_3238255150_3495323634,176.0,15.0,3,0.0007571169205575852,10.0,10.0,10.0,10.0,0.25,15.0
TRAIN_motorcycle_58568,cluster_245647168_3238255150_3495323634,181.0,0.0,2,29.059733686322314,15.0,10.0,10.0,10.0,-0.5,25.0
TRAIN_motorcycle_58568,cluster_245647168_3238255150_3495323634,186.0,0.0,2,50.26795124227121,0.0,15.0,10.0,10.0,-0.5,25.0
TRAIN_motorcycle_58568,cluster_245647168_3238255150_3495323634,191.0,0.0,1,1.040357293731636,0.0,0.0,15.0,10.0,-0.5,25.0
TRAIN_motorcycle_58568,cluster_245647168_3238255150_3495323634,196.0,5.0,1,0.0,0.0,0.0,0.0,15.0,-0.5,35.0
TRAIN_motorcycle_58568,cluster_245647168_3238255150_3495323634,201.0,5.0,1,0.0,5.0,0.0,0.0,0.0,0.25,35.0
TRAIN_motorcycle_58568,cluster_245647168_3238255150_3495323634,206.0,0.0,1,79.75011835294951,5.0,5.0,0.0,0.0,0.0,35.0
TRAIN_motorcycle_58568,cluster_245647168_3238255150_3495323634,211.0,0.0,2,43.126545802310204,0.0,5.0,5.0,0.0,0.0,20.0
TRAIN_motorcycle_58568,cluster_245647168_3238255150_3495323634,216.0,5.0,2,0.5924838856742923,0.0,0.0,5.0,5.0,0.0,5.0
TRAIN_motorcycle_58568,cluster_245647168_3238255150_3495323634,221.0,10.0,3,20.408234545307238,5.0,0.0,0.0,5.0,0.25,5.0
TRAIN_motorcycle_58568,cluster_245647168_3238255150_3495323634,226.0,10.0,3,4.181665236441505,10.0,5.0,0.0,0.0,0.5,5.0
TRAIN_motorcycle_58568,cluster_245647168_3238255150_3495323634,231.0,15.0,3,0.0,10.0,10.0,5.0,0.0,0.75,5.0
TRAIN_motorcycle_58568,cluster_245647168_3238255150_3495323634,236.0,15.0,5,6.387470935749111,15.0,10.0,10.0,5.0,0.5,0.0
TRAIN_motorcycle_58568,cluster_245647168_3238255150_3495323634,241.0,25.0,5,0.004175138042951464,15.0,15.0,10.0,10.0,0.75,0.0
TRAIN_motorcycle_58568,cluster_245647168_3238255150_3495323634,246.0,25.0,6,10.807535551046243,25.0,15.0,15.0,10.0,0.75,0.0
TRAIN_motorcycle_58568,cluster_245647168_3238255150_3495323634,251.0,25.0,7,11.885506101811108,25.0,25.0,15.0,15.0,0.5,0.0
TRAIN_motorcycle_58568,cluster_245647168_3238255150_3495323634,256.0,35.0,7,0.0005117297430684348,25.0,25.0,25.0,15.0,1.0,0.0
TRAIN_motorcycle_58568,cluster_245647168_3238255150_3495323634,261.0,35.0,7,0.0,35.0,25.0,25.0,25.0,0.5,0.0
TRAIN_motorcycle_58568,cluster_245647168_3238255150_3495323634,266.0,35.0,7,0.0,35.0,35.0,25.0,25.0,0.5,5.0
TRAIN_motorcycle_58568,cluster_245647168_3238255150_3495323634,271.0,20.0,5,17.376845483941956,35.0,35.0,35.0,25.0,-0.25,5.0
TRAIN_motorcycle_58568,cluster_245647168_3238255150_3495323634,276.0,5.0,1,0.0,20.0,35.0,35.0,35.0,-1.5,10.0
TRAIN_motorcycle_58568,cluster_245647168_3238255150_3495323634,281.0,5.0,1,0.0,5.0,20.0,35.0,35.0,-1.5,10.0
TRAIN_motorcycle_58568,cluster_245647168_3238255150_3495323634,286.0,5.0,1,0.0,5.0,5.0,20.0,35.0,-1.5,15.0
TRAIN_motorcycle_58568,cluster_245647168_3238255150_3495323634,291.0,5.0,1,0.0,5.0,5.0,5.0,20.0,-0.75,15.0
TRAIN_motorcycle_58568,cluster_245647168_3238255150_3495323634,296.0,0.0,0,0.0,5.0,5.0,5.0,5.0,-0.25,20.0
TRAIN_motorcycle_58568,cluster_245647168_3238255150_3495323634,301.0,0.0,0,0.0,0.0,5.0,5.0,5.0,-0.25,5.0
TRAIN_motorcycle_58568,cluster_245647168_3238255150_3495323634,306.0,0.0,0,0.0,0.0,0.0,5.0,5.0,-0.25,0.0
TRAIN_motorcycle_58568,cluster_245647168_3238255150_3495323634,311.0,0.0,0,0.0,0.0,0.0,0.0,5.0,-0.25,0.0
TRAIN_motorcycle_58568,cluster_245647168_3238255150_3495323634,316.0,0.0,1,72.14336891872912,0.0,0.0,0.0,0.0,0.0,5.0
TRAIN_motorcycle_58568,cluster_245647168_3238255150_3495323634,321.0,0.0,1,8.621907022106148,0.0,0.0,0.0,0.0,0.0,5.0
TRAIN_motorcycle_58568,cluster_245647168_3238255150_3495323634,326.0,5.0,2,26.40220631844263,0.0,0.0,0.0,0.0,0.25,0.0
TRAIN_motorcycle_58568,cluster_245647168_3238255150_3495323634,331.0,5.0,2,11.476831246077431,5.0,0.0,0.0,0.0,0.25,5.0
TRAIN_motorcycle_58568,cluster_245647168_3238255150_3495323634,336.0,10.0,3,19.540937028597714,5.0,5.0,0.0,0.0,0.5,10.0
TRAIN_motorcycle_58568,cluster_245647168_3238255150_3495323634,341.0,10.0,3,1.9429813880781088,10.0,5.0,5.0,0.0,0.5,15.0
TRAIN_motorcycle_58568,cluster_245647168_3238255150_3495323634,346.0,15.0,3,0.0,10.0,10.0,5.0,5.0,0.5,20.0
TRAIN_motorcycle_58568,cluster_245647168_3238255150_3495323634,351.0,15.0,4,18.20828736213809,15.0,10.0,10.0,5.0,0.5,25.0
TRAIN_motorcycle_58568,cluster_245647168_3238255150_3495323634,356.0,20.0,4,0.014334579288923467,15.0,15.0,10.0,10.0,0.5,35.0
TRAIN_motorcycle_58568,cluster_245647168_3238255150_3495323634,361.0,5.0,3,42.749340824848105,20.0,15.0,15.0,10.0,-0.25,35.0
TRAIN_motorcycle_58568,cluster_245647168_3238255150_3495323634,366.0,0.0,1,39.330784927694516,5.0,20.0,15.0,15.0,-0.75,35.0
TRAIN_motorcycle_58568,cluster_245647168_3238255150_3495323634,371.0,0.0,1,8.12486786074039,0.0,5.0,20.0,15.0,-0.75,35.0
TRAIN_motorcycle_58568,cluster_245647168_3238255150_3495323634,376.0,5.0,1,0.0,0.0,0.0,5.0,20.0,-0.75,35.0
TRAIN_motorcycle_58568,cluster_245647168_3238255150_3495323634,381.0,5.0,2,31.820028671778744,5.0,0.0,0.0,5.0,0.0,35.0
TRAIN_motorcycle_58568,cluster_245647168_3238255150_3495323634,386.0,0.0,2,49.51054757802265,5.0,5.0,0.0,0.0,0.0,45.0
TRAIN_motorcycle_58568,cluster_245647168_3238255150_3495323634,391.0,5.0,3,25.66608419845107,0.0,5.0,5.0,0.0,0.25,30.0
TRAIN_motorcycle_58568,cluster_245647168_3238255150_3495323634,396.0,10.0,4,18.448532576359703,5.0,0.0,5.0,5.0,0.25,0.0
TRAIN_motorcycle_58568,cluster_245647168_3238255150_3495323634,401.0,15.0,4,0.23308588382692177,10.0,5.0,0.0,5.0,0.5,0.0
TRAIN_motorcycle_58568,cluster_245647168_3238255150_3495323634,406.0,20.0,5,11.161914907050093,15.0,10.0,5.0,0.0,1.0,0.0
TRAIN_motorcycle_58568,cluster_245647168_3238255150_3495323634,411.0,25.0,7,9.591297353733024,20.0,15.0,10.0,5.0,1.0,0.0
TRAIN_motorcycle_58568,cluster_245647168_3238255150_3495323634,416.0,35.0,7,0.0032672213305404768,25.0,20.0,15.0,10.0,1.25,0.0
TRAIN_motorcycle_58568,cluster_245647168_3238255150_3495323634,421.0,35.0,7,0.0,35.0,25.0,20.0,15.0,1.0,0.0
TRAIN_motorcycle_58568,cluster_245647168_3238255150_3495323634,426.0,35.0,7,0.0,35.0,35.0,25.0,20.0,0.75,0.0
TRAIN_motorcycle_58568,cluster_245647168_3238255150_3495323634,431.0,35.0,7,7.205099402097633e-05,35.0,35.0,35.0,25.0,0.5,0.0
TRAIN_motorcycle_58568,cluster_245647168_3238255150_3495323634,436.0,35.0,8,10.48509254626207,35.0,35.0,35.0,35.0,0.0,0.0
TRAIN_motorcycle_58568,cluster_245647168_3238255150_3495323634,441.0,35.0,9,5.276377870237823,35.0,35.0,35.0,35.0,0.0,5.0
TRAIN_motorcycle_58568,cluster_245647168_3238255150_3495323634,446.0,45.0,9,0.0023830987779636906,35.0,35.0,35.0,35.0,0.5,5.0
TRAIN_motorcycle_58568,cluster_245647168_3238255150_3495323634,451.0,30.0,6,0.0,45.0,35.0,35.0,35.0,-0.25,5.0
TRAIN_motorcycle_58568,cluster_245647168_3238255150_3495323634,456.0,0.0,1,20.799439072261222,30.0,45.0,35.0,35.0,-1.75,5.0
TRAIN_motorcycle_58568,cluster_245647168_3238255150_3495323634,461.0,0.0,0,0.0,0.0,30.0,45.0,35.0,-1.75,10.0
TRAIN_motorcycle_58568,cluster_245647168_3238255150_3495323634,466.0,0.0,0,0.0,0.0,0.0,30.0,45.0,-2.25,10.0
TRAIN_motorcycle_58568,cluster_245647168_3238255150_3495323634,471.0,0.0,0,0.0,0.0,0.0,0.0,30.0,-1.5,10.0
TRAIN_motorcycle_58568,cluster_245647168_3238255150_3495323634,476.0,0.0,0,0.0,0.0,0.0,0.0,0.0,0.0,10.0
TRAIN_motorcycle_58568,cluster_245647168_3238255150_3495323634,481.0,0.0,0,0.0,0.0,0.0,0.0,0.0,0.0,10.0
TRAIN_motorcycle_58568,cluster_245647168_3238255150_3495323634,486.0,0.0,0,0.0,0.0,0.0,0.0,0.0,0.0,5.0
TRAIN_motorcycle_58568,cluster_245647168_3238255150_3495323634,491.0,0.0,2,53.04706095060785,0.0,0.0,0.0,0.0,0.0,5.0
TRAIN_motorcycle_58568,cluster_245647168_3238255150_3495323634,496.0,0.0,1,0.9505286367107153,0.0,0.0,0.0,0.0,0.0,5.0
TRAIN_motorcycle_58568,cluster_245647168_3238255150_3495323634,501.0,5.0,1,0.0006342597427268129,0.0,0.0,0.0,0.0,0.25,5.0
TRAIN_motorcycle_58568,cluster_245647168_3238255150_3495323634,506.0,5.0,1,0.0,5.0,0.0,0.0,0.0,0.25,5.0
TRAIN_motorcycle_58568,cluster_245647168_3238255150_3495323634,511.0,5.0,2,42.6693791199429,5.0,5.0,0.0,0.0,0.25,5.0
TRAIN_motorcycle_58568,cluster_245647168_3238255150_3495323634,516.0,5.0,3,20.64805184091973,5.0,5.0,5.0,0.0,0.25,5.0
TRAIN_motorcycle_58568,cluster_245647168_3238255150_3495323634,521.0,10.0,2,0.05029636593982536,5.0,5.0,5.0,5.0,0.25,20.0
TRAIN_motorcycle_58568,cluster_245647168_3238255150_3495323634,526.0,10.0,2,0.0,10.0,5.0,5.0,5.0,0.25,25.0
TRAIN_motorcycle_58568,cluster_245647168_3238255150_3495323634,531.0,10.0,3,24.13152851559967,10.0,10.0,5.0,5.0,0.25,25.0
TRAIN_motorcycle_58568,cluster_245647168_3238255150_3495323634,536.0,10.0,5,26.040640353171735,10.0,10.0,10.0,5.0,0.25,25.0
TRAIN_motorcycle_58568,cluster_245647168_3238255150_3495323634,541.0,10.0,2,0.038613518299893373,10.0,10.0,10.0,10.0,0.0,30.0
TRAIN_motorcycle_58568,cluster_245647168_3238255150_3495323634,546.0,5.0,1,0.0,10.0,10.0,10.0,10.0,-0.25,30.0
TRAIN_motorcycle_58568,cluster_245647168_3238255150_3495323634,551.0,5.0,2,52.483877714796854,5.0,10.0,10.0,10.0,-0.25,25.0
TRAIN_motorcycle_58568,cluster_245647168_3238255150_3495323634,556.0,5.0,2,25.39781956415465,5.0,5.0,10.0,10.0,-0.25,25.0
TRAIN_motorcycle_58568,cluster_245647168_3238255150_3495323634,561.0,5.0,2,1.269447986166466,5.0,5.0,5.0,10.0,-0.25,25.0
TRAIN_motorcycle_58568,cluster_245647168_3238255150_3495323634,566.0,5.0,1,0.0007016281784815379,5.0,5.0,5.0,5.0,0.0,30.0
TRAIN_motorcycle_58568,cluster_245647168_3238255150_3495323634,571.0,5.0,3,48.31589633823931,5.0,5.0,5.0,5.0,0.0,25.0
TRAIN_motorcycle_58568,cluster_245647168_3238255150_3495323634,576.0,5.0,5,22.982844892176352,5.0,5.0,5.0,5.0,0.0,0.0
TRAIN_motorcycle_58568,cluster_245647168_3238255150_3495323634,581.0,20.0,5,2.2196905848924273,5.0,5.0,5.0,5.0,0.75,0.0
TRAIN_motorcycle_58568,cluster_245647168_3238255150_3495323634,586.0,25.0,5,0.00026727308293624815,20.0,5.0,5.0,5.0,1.0,0.0
TRAIN_motorcycle_58568,cluster_245647168_3238255150_3495323634,591.0,25.0,6,14.067713787080578,25.0,20.0,5.0,5.0,1.0,0.0
TRAIN_motorcycle_58568,cluster_245647168_3238255150_3495323634,596.0,25.0,6,0.29429757816011703,25.0,25.0,20.0,5.0,1.0,0.0
TRAIN_motorcycle_58568,cluster_245647168_3238255150_3495323634,601.0,30.0,6,0.0,25.0,25.0,25.0,20.0,0.5,5.0
TRAIN_motorcycle_58568,cluster_245647168_3238255150_3495323634,606.0,30.0,6,0.0,30.0,25.0,25.0,25.0,0.25,15.0
TRAIN_motorcycle_58568,cluster_245647168_3238255150_3495323634,611.0,25.0,5,0.0,30.0,30.0,25.0,25.0,0.0,15.0
TRAIN_motorcycle_58568,cluster_245647168_3238255150_3495323634,616.0,25.0,6,4.624958511232778,25.0,30.0,30.0,25.0,0.0,15.0
TRAIN_motorcycle_58568,cluster_245647168_3238255150_3495323634,621.0,25.0,7,10.840731130811886,25.0,25.0,30.0,30.0,-0.25,15.0
TRAIN_motorcycle_58568,cluster_245647168_3238255150_3495323634,626.0,30.0,8,4.332533287361389,25.0,25.0,25.0,30.0,0.0,15.0
TRAIN_motorcycle_58568,cluster_245647168_3238255150_3495323634,631.0,25.0,5,0.0015818908765289203,30.0,25.0,25.0,25.0,0.0,25.0
TRAIN_motorcycle_58568,cluster_245647168_3238255150_3495323634,636.0,0.0,3,20.088210322296714,25.0,30.0,25.0,25.0,-1.25,20.0
TRAIN_motorcycle_58568,cluster_245647168_3238255150_3495323634,641.0,0.0,0,0.0,0.0,25.0,30.0,25.0,-1.25,20.0
TRAIN_motorcycle_58568,cluster_245647168_3238255150_3495323634,646.0,0.0,0,0.0,0.0,0.0,25.0,30.0,-1.5,20.0
TRAIN_motorcycle_58568,cluster_245647168_3238255150_3495323634,651.0,0.0,1,66.3725670571849,0.0,0.0,0.0,25.0,-1.25,25.0
TRAIN_motorcycle_58568,cluster_245647168_3238255150_3495323634,656.0,0.0,2,41.16481119598847,0.0,0.0,0.0,0.0,0.0,25.0
TRAIN_motorcycle_58568,cluster_245647168_3238255150_3495323634,661.0,5.0,3,6.632890370595739,0.0,0.0,0.0,0.0,0.25,10.0
TRAIN_motorcycle_58568,cluster_245647168_3238255150_3495323634,666.0,15.0,3,0.0024694829875062285,5.0,0.0,0.0,0.0,0.75,0.0
TRAIN_motorcycle_58568,cluster_245647168_3238255150_3495323634,671.0,15.0,3,0.0,15.0,5.0,0.0,0.0,0.75,0.0
TRAIN_motorcycle_58568,cluster_245647168_3238255150_3495323634,676.0,15.0,3,0.0,15.0,15.0,5.0,0.0,0.75,0.0
TRAIN_motorcycle_58568,cluster_245647168_3238255150_3495323634,681.0,15.0,3,0.0,15.0,15.0,15.0,5.0,0.5,0.0
TRAIN_motorcycle_58568,cluster_245647168_3238255150_3495323634,686.0,15.0,5,26.203947034468044,15.0,15.0,15.0,15.0,0.0,0.0
TRAIN_motorcycle_58568,cluster_245647168_3238255150_3495323634,691.0,25.0,5,0.050890068925360715,15.0,15.0,15.0,15.0,0.5,0.0
TRAIN_motorcycle_58568,cluster_245647168_3238255150_3495323634,696.0,20.0,5,0.2971557183678272,25.0,15.0,15.0,15.0,0.25,5.0
TRAIN_motorcycle_58568,cluster_245647168_3238255150_3495323634,701.0,20.0,5,14.265819944088932,20.0,25.0,15.0,15.0,0.25,5.0
TRAIN_motorcycle_58568,cluster_245647168_3238255150_3495323634,706.0,20.0,5,0.8120708424251798,20.0,20.0,25.0,15.0,0.25,5.0
TRAIN_motorcycle_58568,cluster_245647168_3238255150_3495323634,711.0,25.0,5,0.00010221298056618255,20.0,20.0,20.0,25.0,0.0,5.0
TRAIN_motorcycle_58568,cluster_245647168_3238255150_3495323634,716.0,25.0,6,3.5401044920273073,25.0,20.0,20.0,20.0,0.25,5.0
TRAIN_motorcycle_58568,cluster_245647168_3238255150_3495323634,721.0,10.0,2,0.0013951669550611864,25.0,25.0,20.0,20.0,-0.5,5.0
TRAIN_motorcycle_58568,cluster_245647168_3238255150_3495323634,726.0,0.0,1,64.58265150533617,10.0,25.0,25.0,20.0,-1.0,5.0
TRAIN_motorcycle_58568,cluster_245647168_3238255150_3495323634,731.0,0.0,0,0.0,0.0,10.0,25.0,25.0,-1.25,5.0
TRAIN_motorcycle_58568,cluster_245647168_3238255150_3495323634,736.0,0.0,0,0.0,0.0,0.0,10.0,25.0,-1.25,5.0
TRAIN_normal_41356,cluster_13546492148_1838721956,16.0,0.0,0,0.0,0.0,0.0,0.0,0.0,0.0,0.0
TRAIN_normal_41356,cluster_13546492148_1838721956,21.0,0.0,0,0.0,0.0,0.0,0.0,0.0,0.0,0.0
TRAIN_normal_41356,cluster_13546492148_1838721956,26.0,0.0,0,0.0,0.0,0.0,0.0,0.0,0.0,0.0
TRAIN_normal_41356,cluster_13546492148_1838721956,31.0,0.0,0,0.0,0.0,0.0,0.0,0.0,0.0,0.0
TRAIN_normal_41356,cluster_13546492148_1838721956,36.0,0.0,0,0.0,0.0,0.0,0.0,0.0,0.0,0.0
TRAIN_normal_41356,cluster_13546492148_1838721956,41.0,0.0,0,0.0,0.0,0.0,0.0,0.0,0.0,0.0
TRAIN_normal_41356,cluster_13546492148_1838721956,46.0,0.0,0,0.0,0.0,0.0,0.0,0.0,0.0,0.0
TRAIN_normal_41356,cluster_13546492148_1838721956,51.0,0.0,0,0.0,0.0,0.0,0.0,0.0,0.0,0.0
TRAIN_normal_41356,cluster_13546492148_1838721956,56.0,0.0,0,0.0,0.0,0.0,0.0,0.0,0.0,5.0
TRAIN_normal_41356,cluster_13546492148_1838721956,61.0,0.0,0,0.0,0.0,0.0,0.0,0.0,0.0,10.0
TRAIN_normal_41356,cluster_13546492148_1838721956,66.0,0.0,0,0.0,0.0,0.0,0.0,0.0,0.0,10.0
TRAIN_normal_41356,cluster_13546492148_1838721956,71.0,0.0,0,0.0,0.0,0.0,0.0,0.0,0.0,10.0
TRAIN_normal_41356,cluster_13546492148_1838721956,76.0,0.0,0,0.0,0.0,0.0,0.0,0.0,0.0,0.0
TRAIN_normal_41356,cluster_13546492148_1838721956,81.0,0.0,0,0.0,0.0,0.0,0.0,0.0,0.0,0.0
TRAIN_normal_41356,cluster_13546492148_1838721956,86.0,0.0,0,0.0,0.0,0.0,0.0,0.0,0.0,5.0
TRAIN_normal_41356,cluster_13546492148_1838721956,91.0,0.0,0,0.0,0.0,0.0,0.0,0.0,0.0,5.0
TRAIN_normal_41356,cluster_13546492148_1838721956,96.0,0.0,0,0.0,0.0,0.0,0.0,0.0,0.0,10.0
TRAIN_normal_41356,cluster_13546492148_1838721956,101.0,0.0,0,0.0,0.0,0.0,0.0,0.0,0.0,10.0
TRAIN_normal_41356,cluster_13546492148_1838721956,106.0,0.0,0,0.0,0.0,0.0,0.0,0.0,0.0,10.0
TRAIN_normal_41356,cluster_13546492148_1838721956,111.0,0.0,0,0.0,0.0,0.0,0.0,0.0,0.0,10.0
TRAIN_normal_41356,cluster_13546492148_1838721956,116.0,5.0,1,0.16027869901430414,0.0,0.0,0.0,0.0,0.25,10.0
TRAIN_normal_41356,cluster_13546492148_1838721956,121.0,10.0,2,0.054517900200777666,5.0,0.0,0.0,0.0,0.5,0.0
TRAIN_normal_41356,cluster_13546492148_1838721956,126.0,10.0,2,0.0,10.0,5.0,0.0,0.0,0.5,0.0
TRAIN_normal_41356,cluster_13546492148_1838721956,131.0,10.0,2,0.0,10.0,10.0,5.0,0.0,0.5,0.0
TRAIN_normal_41356,cluster_13546492148_1838721956,136.0,0.0,0,0.0,10.0,10.0,10.0,5.0,-0.25,0.0
TRAIN_normal_41356,cluster_13546492148_1838721956,141.0,0.0,1,13.082022273643101,0.0,10.0,10.0,10.0,-0.5,0.0
TRAIN_normal_41356,cluster_13546492148_1838721956,146.0,5.0,1,0.003105411524853903,0.0,0.0,10.0,10.0,-0.25,0.0
TRAIN_normal_41356,cluster_13546492148_1838721956,151.0,5.0,2,0.845276317312541,5.0,0.0,0.0,10.0,-0.25,0.0
TRAIN_normal_41356,cluster_13546492148_1838721956,156.0,10.0,2,0.0004765133377820822,5.0,5.0,0.0,0.0,0.5,0.0
TRAIN_normal_41356,cluster_13546492148_1838721956,161.0,10.0,2,0.0,10.0,5.0,5.0,0.0,0.5,0.0
TRAIN_normal_41356,cluster_13546492148_1838721956,166.0,10.0,2,0.0,10.0,10.0,5.0,5.0,0.25,0.0
TRAIN_normal_41356,cluster_13546492148_1838721956,171.0,10.0,2,0.0,10.0,10.0,10.0,5.0,0.25,5.0
TRAIN_normal_41356,cluster_13546492148_1838721956,176.0,10.0,2,0.0,10.0,10.0,10.0,10.0,0.0,5.0
TRAIN_normal_41356,cluster_13546492148_1838721956,181.0,0.0,0,0.0,10.0,10.0,10.0,10.0,-0.5,5.0
TRAIN_normal_41356,cluster_13546492148_1838721956,186.0,0.0,0,0.0,0.0,10.0,10.0,10.0,-0.5,5.0
TRAIN_normal_41356,cluster_13546492148_1838721956,191.0,0.0,0,0.0,0.0,0.0,10.0,10.0,-0.5,5.0
TRAIN_normal_41356,cluster_13546492148_1838721956,196.0,0.0,0,0.0,0.0,0.0,0.0,10.0,-0.5,5.0
TRAIN_normal_41356,cluster_13546492148_1838721956,201.0,0.0,0,0.0,0.0,0.0,0.0,0.0,0.0,5.0
TRAIN_normal_41356,cluster_13546492148_1838721956,206.0,0.0,0,0.0,0.0,0.0,0.0,0.0,0.0,5.0
TRAIN_normal_41356,cluster_13546492148_1838721956,211.0,0.0,0,0.0,0.0,0.0,0.0,0.0,0.0,0.0
TRAIN_normal_41356,cluster_13546492148_1838721956,216.0,0.0,0,0.0,0.0,0.0,0.0,0.0,0.0,0.0
TRAIN_normal_41356,cluster_13546492148_1838721956,221.0,0.0,0,0.0,0.0,0.0,0.0,0.0,0.0,0.0
TRAIN_normal_41356,cluster_13546492148_1838721956,226.0,0.0,1,0.46579973394917024,0.0,0.0,0.0,0.0,0.0,0.0
TRAIN_normal_41356,cluster_13546492148_1838721956,231.0,5.0,1,0.0,0.0,0.0,0.0,0.0,0.25,0.0
TRAIN_normal_41356,cluster_13546492148_1838721956,236.0,5.0,1,0.0,5.0,0.0,0.0,0.0,0.25,0.0
TRAIN_normal_41356,cluster_13546492148_1838721956,241.0,5.0,1,0.0,5.0,5.0,0.0,0.0,0.25,0.0
TRAIN_normal_41356,cluster_13546492148_1838721956,246.0,5.0,1,0.0,5.0,5.0,5.0,0.0,0.25,0.0
TRAIN_normal_41356,cluster_13546492148_1838721956,251.0,5.0,1,0.0,5.0,5.0,5.0,5.0,0.0,0.0
TRAIN_normal_41356,cluster_13546492148_1838721956,256.0,5.0,1,0.0,5.0,5.0,5.0,5.0,0.0,0.0
TRAIN_normal_41356,cluster_13546492148_1838721956,261.0,5.0,1,0.0,5.0,5.0,5.0,5.0,0.0,0.0
TRAIN_normal_41356,cluster_13546492148_1838721956,266.0,5.0,1,0.0,5.0,5.0,5.0,5.0,0.0,0.0
TRAIN_normal_41356,cluster_13546492148_1838721956,271.0,0.0,0,0.0,5.0,5.0,5.0,5.0,-0.25,0.0
TRAIN_normal_41356,cluster_13546492148_1838721956,276.0,0.0,0,0.0,0.0,5.0,5.0,5.0,-0.25,0.0
TRAIN_normal_41356,cluster_13546492148_1838721956,281.0,0.0,0,0.0,0.0,0.0,5.0,5.0,-0.25,0.0
TRAIN_normal_41356,cluster_13546492148_1838721956,286.0,0.0,0,0.0,0.0,0.0,0.0,5.0,-0.25,5.0
TRAIN_normal_41356,cluster_13546492148_1838721956,291.0,0.0,0,0.0,0.0,0.0,0.0,0.0,0.0,5.0
TRAIN_normal_41356,cluster_13546492148_1838721956,296.0,0.0,0,0.0,0.0,0.0,0.0,0.0,0.0,5.0
TRAIN_normal_41356,cluster_13546492148_1838721956,301.0,0.0,0,0.0,0.0,0.0,0.0,0.0,0.0,0.0
TRAIN_normal_41356,cluster_13546492148_1838721956,306.0,0.0,0,0.0,0.0,0.0,0.0,0.0,0.0,0.0
TRAIN_normal_41356,cluster_13546492148_1838721956,311.0,0.0,0,0.0,0.0,0.0,0.0,0.0,0.0,0.0
TRAIN_normal_41356,cluster_13546492148_1838721956,316.0,0.0,0,0.0,0.0,0.0,0.0,0.0,0.0,0.0
TRAIN_normal_41356,cluster_13546492148_1838721956,321.0,0.0,0,0.0,0.0,0.0,0.0,0.0,0.0,0.0
TRAIN_normal_41356,cluster_13546492148_1838721956,326.0,0.0,0,0.0,0.0,0.0,0.0,0.0,0.0,5.0
TRAIN_normal_41356,cluster_13546492148_1838721956,331.0,0.0,0,0.0,0.0,0.0,0.0,0.0,0.0,5.0
TRAIN_normal_41356,cluster_13546492148_1838721956,336.0,0.0,0,0.0,0.0,0.0,0.0,0.0,0.0,5.0
TRAIN_normal_41356,cluster_13546492148_1838721956,341.0,0.0,0,0.0,0.0,0.0,0.0,0.0,0.0,5.0
TRAIN_normal_41356,cluster_13546492148_1838721956,346.0,5.0,1,0.1541983125316968,0.0,0.0,0.0,0.0,0.25,0.0
TRAIN_normal_41356,cluster_13546492148_1838721956,351.0,5.0,1,0.0,5.0,0.0,0.0,0.0,0.25,0.0
TRAIN_normal_41356,cluster_13546492148_1838721956,356.0,5.0,1,0.0,5.0,5.0,0.0,0.0,0.25,0.0
TRAIN_normal_41356,cluster_13546492148_1838721956,361.0,0.0,0,0.0,5.0,5.0,5.0,0.0,0.0,0.0
TRAIN_normal_41356,cluster_13546492148_1838721956,366.0,0.0,0,0.0,0.0,5.0,5.0,5.0,-0.25,0.0
TRAIN_normal_41356,cluster_13546492148_1838721956,371.0,0.0,0,0.0,0.0,0.0,5.0,5.0,-0.25,0.0
TRAIN_normal_41356,cluster_13546492148_1838721956,376.0,0.0,0,0.0,0.0,0.0,0.0,5.0,-0.25,0.0
TRAIN_normal_41356,cluster_13546492148_1838721956,381.0,0.0,1,19.873511614055506,0.0,0.0,0.0,0.0,0.0,0.0
TRAIN_normal_41356,cluster_13546492148_1838721956,386.0,5.0,1,0.026035189316626874,0.0,0.0,0.0,0.0,0.25,0.0
TRAIN_normal_41356,cluster_13546492148_1838721956,391.0,5.0,1,0.0,5.0,0.0,0.0,0.0,0.25,0.0
TRAIN_normal_41356,cluster_13546492148_1838721956,396.0,5.0,1,0.0,5.0,5.0,0.0,0.0,0.25,0.0
TRAIN_normal_41356,cluster_13546492148_1838721956,401.0,5.0,1,0.0,5.0,5.0,5.0,0.0,0.25,0.0
TRAIN_normal_41356,cluster_13546492148_1838721956,406.0,0.0,0,0.0,5.0,5.0,5.0,5.0,-0.25,0.0
TRAIN_normal_41356,cluster_13546492148_1838721956,411.0,0.0,0,0.0,0.0,5.0,5.0,5.0,-0.25,0.0
TRAIN_normal_41356,cluster_13546492148_1838721956,416.0,0.0,0,0.0,0.0,0.0,5.0,5.0,-0.25,10.0
TRAIN_normal_41356,cluster_13546492148_1838721956,421.0,0.0,0,0.0,0.0,0.0,0.0,5.0,-0.25,10.0
TRAIN_normal_41356,cluster_13546492148_1838721956,426.0,0.0,0,0.0,0.0,0.0,0.0,0.0,0.0,10.0
TRAIN_normal_41356,cluster_13546492148_1838721956,431.0,0.0,0,0.0,0.0,0.0,0.0,0.0,0.0,10.0
TRAIN_normal_41356,cluster_13546492148_1838721956,436.0,0.0,0,0.0,0.0,0.0,0.0,0.0,0.0,0.0
TRAIN_normal_41356,cluster_13546492148_1838721956,441.0,0.0,0,0.0,0.0,0.0,0.0,0.0,0.0,0.0
TRAIN_normal_41356,cluster_13546492148_1838721956,446.0,0.0,0,0.0,0.0,0.0,0.0,0.0,0.0,5.0
TRAIN_normal_41356,cluster_13546492148_1838721956,451.0,0.0,0,0.0,0.0,0.0,0.0,0.0,0.0,5.0
TRAIN_normal_41356,cluster_13546492148_1838721956,456.0,0.0,0,0.0,0.0,0.0,0.0,0.0,0.0,5.0
TRAIN_normal_41356,cluster_13546492148_1838721956,461.0,0.0,0,0.0,0.0,0.0,0.0,0.0,0.0,5.0
TRAIN_normal_41356,cluster_13546492148_1838721956,466.0,0.0,0,0.0,0.0,0.0,0.0,0.0,0.0,5.0
TRAIN_normal_41356,cluster_13546492148_1838721956,471.0,0.0,1,24.21196295463715,0.0,0.0,0.0,0.0,0.0,5.0
TRAIN_normal_41356,cluster_13546492148_1838721956,476.0,10.0,2,0.05755104600223538,0.0,0.0,0.0,0.0,0.5,10.0
TRAIN_normal_41356,cluster_13546492148_1838721956,481.0,10.0,2,0.0,10.0,0.0,0.0,0.0,0.5,0.0
TRAIN_normal_41356,cluster_13546492148_1838721956,486.0,10.0,2,0.0,10.0,10.0,0.0,0.0,0.5,0.0
TRAIN_normal_41356,cluster_13546492148_1838721956,491.0,10.0,2,0.0,10.0,10.0,10.0,0.0,0.5,0.0
TRAIN_normal_41356,cluster_13546492148_1838721956,496.0,0.0,0,0.0,10.0,10.0,10.0,10.0,-0.5,0.0
TRAIN_normal_41356,cluster_13546492148_1838721956,501.0,0.0,0,0.0,0.0,10.0,10.0,10.0,-0.5,0.0
TRAIN_normal_41356,cluster_13546492148_1838721956,506.0,5.0,1,0.004773643014990716,0.0,0.0,10.0,10.0,-0.25,5.0
TRAIN_normal_41356,cluster_13546492148_1838721956,511.0,5.0,1,0.0,5.0,0.0,0.0,10.0,-0.25,5.0
TRAIN_normal_41356,cluster_13546492148_1838721956,516.0,5.0,1,0.0,5.0,5.0,0.0,0.0,0.25,5.0
TRAIN_normal_41356,cluster_13546492148_1838721956,521.0,5.0,1,0.0,5.0,5.0,5.0,0.0,0.25,5.0
TRAIN_normal_41356,cluster_13546492148_1838721956,526.0,5.0,1,0.0,5.0,5.0,5.0,5.0,0.0,0.0
TRAIN_normal_41356,cluster_13546492148_1838721956,531.0,5.0,1,0.0,5.0,5.0,5.0,5.0,0.0,0.0
TRAIN_normal_41356,cluster_13546492148_1838721956,536.0,10.0,2,0.12657300703341287,5.0,5.0,5.0,5.0,0.25,0.0
TRAIN_normal_41356,cluster_13546492148_1838721956,541.0,0.0,0,0.0,10.0,5.0,5.0,5.0,-0.25,0.0
TRAIN_normal_41356,cluster_13546492148_1838721956,546.0,0.0,0,0.0,0.0,10.0,5.0,5.0,-0.25,0.0
TRAIN_normal_41356,cluster_13546492148_1838721956,551.0,0.0,0,0.0,0.0,0.0,10.0,5.0,-0.25,0.0
TRAIN_normal_41356,cluster_13546492148_1838721956,556.0,0.0,0,0.0,0.0,0.0,0.0,10.0,-0.5,0.0
TRAIN_normal_41356,cluster_13546492148_1838721956,561.0,0.0,1,19.05198478343095,0.0,0.0,0.0,0.0,0.0,0.0
TRAIN_normal_41356,cluster_13546492148_1838721956,566.0,5.0,1,0.00931709754172171,0.0,0.0,0.0,0.0,0.25,0.0
TRAIN_normal_41356,cluster_13546492148_1838721956,571.0,5.0,1,0.0,5.0,0.0,0.0,0.0,0.25,0.0
TRAIN_normal_41356,cluster_13546492148_1838721956,576.0,5.0,1,0.0,5.0,5.0,0.0,0.0,0.25,0.0
TRAIN_normal_41356,cluster_13546492148_1838721956,581.0,5.0,1,0.0,5.0,5.0,5.0,0.0,0.25,0.0
TRAIN_normal_41356,cluster_13546492148_1838721956,586.0,0.0,0,0.0,5.0,5.0,5.0,5.0,-0.25,0.0
TRAIN_normal_41356,cluster_13546492148_1838721956,591.0,0.0,0,0.0,0.0,5.0,5.0,5.0,-0.25,0.0
TRAIN_normal_41356,cluster_13546492148_1838721956,596.0,0.0,0,0.0,0.0,0.0,5.0,5.0,-0.25,5.0
TRAIN_normal_41356,cluster_13546492148_1838721956,601.0,0.0,0,0.0,0.0,0.0,0.0,5.0,-0.25,5.0
TRAIN_normal_41356,cluster_13546492148_1838721956,606.0,0.0,1,84.69961864110557,0.0,0.0,0.0,0.0,0.0,5.0
TRAIN_normal_41356,cluster_13546492148_1838721956,611.0,0.0,0,0.0,0.0,0.0,0.0,0.0,0.0,5.0
TRAIN_normal_41356,cluster_13546492148_1838721956,616.0,0.0,0,0.0,0.0,0.0,0.0,0.0,0.0,5.0
TRAIN_normal_41356,cluster_13546492148_1838721956,621.0,0.0,0,0.0,0.0,0.0,0.0,0.0,0.0,5.0
TRAIN_normal_41356,cluster_13546492148_1838721956,626.0,0.0,0,0.0,0.0,0.0,0.0,0.0,0.0,5.0
TRAIN_normal_41356,cluster_13546492148_1838721956,631.0,0.0,0,0.0,0.0,0.0,0.0,0.0,0.0,5.0
TRAIN_normal_41356,cluster_13546492148_1838721956,636.0,0.0,0,0.0,0.0,0.0,0.0,0.0,0.0,5.0
TRAIN_normal_41356,cluster_13546492148_1838721956,641.0,0.0,0,0.0,0.0,0.0,0.0,0.0,0.0,5.0
TRAIN_normal_41356,cluster_13546492148_1838721956,646.0,0.0,0,0.0,0.0,0.0,0.0,0.0,0.0,5.0
TRAIN_normal_41356,cluster_13546492148_1838721956,651.0,0.0,1,14.746266142479316,0.0,0.0,0.0,0.0,0.0,5.0
TRAIN_normal_41356,cluster_13546492148_1838721956,656.0,5.0,1,0.015273157813956294,0.0,0.0,0.0,0.0,0.25,5.0
TRAIN_normal_41356,cluster_13546492148_1838721956,661.0,5.0,1,0.0,5.0,0.0,0.0,0.0,0.25,0.0
TRAIN_normal_41356,cluster_13546492148_1838721956,666.0,5.0,1,0.0,5.0,5.0,0.0,0.0,0.25,0.0
TRAIN_normal_41356,cluster_13546492148_1838721956,671.0,5.0,1,0.0,5.0,5.0,5.0,0.0,0.25,0.0
TRAIN_normal_41356,cluster_13546492148_1838721956,676.0,5.0,1,0.05600092056146181,5.0,5.0,5.0,5.0,0.0,0.0
TRAIN_normal_41356,cluster_13546492148_1838721956,681.0,5.0,1,0.0,5.0,5.0,5.0,5.0,0.0,0.0
TRAIN_normal_41356,cluster_13546492148_1838721956,686.0,5.0,1,0.0,5.0,5.0,5.0,5.0,0.0,0.0
TRAIN_normal_41356,cluster_13546492148_1838721956,691.0,5.0,1,0.0,5.0,5.0,5.0,5.0,0.0,0.0
TRAIN_normal_41356,cluster_13546492148_1838721956,696.0,5.0,1,0.0,5.0,5.0,5.0,5.0,0.0,0.0
TRAIN_normal_41356,cluster_13546492148_1838721956,701.0,5.0,1,0.0,5.0,5.0,5.0,5.0,0.0,0.0
TRAIN_normal_41356,cluster_13546492148_1838721956,706.0,5.0,1,0.0,5.0,5.0,5.0,5.0,0.0,0.0
TRAIN_normal_41356,cluster_13546492148_1838721956,711.0,5.0,1,0.0,5.0,5.0,5.0,5.0,0.0,0.0
TRAIN_normal_41356,cluster_13546492148_1838721956,716.0,5.0,1,0.0,5.0,5.0,5.0,5.0,0.0,0.0
TRAIN_normal_41356,cluster_13546492148_1838721956,721.0,0.0,0,0.0,5.0,5.0,5.0,5.0,-0.25,0.0
TRAIN_normal_41356,cluster_13546492148_1838721956,726.0,0.0,0,0.0,0.0,5.0,5.0,5.0,-0.25,0.0
TRAIN_normal_41356,cluster_13546492148_1838721956,731.0,0.0,0,0.0,0.0,0.0,5.0,5.0,-0.25,0.0
TRAIN_normal_41356,cluster_13546492148_1838721956,736.0,0.0,0,0.0,0.0,0.0,0.0,5.0,-0.25,0.0
TRAIN_normal_41356,cluster_2061304035_245647208,16.0,0.0,0,0.0,0.0,0.0,0.0,0.0,0.0,0.0
TRAIN_normal_41356,cluster_2061304035_245647208,21.0,0.0,0,0.0,0.0,0.0,0.0,0.0,0.0,0.0
TRAIN_normal_41356,cluster_2061304035_245647208,26.0,0.0,0,0.0,0.0,0.0,0.0,0.0,0.0,0.0
TRAIN_normal_41356,cluster_2061304035_245647208,31.0,0.0,0,0.0,0.0,0.0,0.0,0.0,0.0,0.0
TRAIN_normal_41356,cluster_2061304035_245647208,36.0,0.0,0,0.0,0.0,0.0,0.0,0.0,0.0,0.0
TRAIN_normal_41356,cluster_2061304035_245647208,41.0,0.0,0,0.0,0.0,0.0,0.0,0.0,0.0,0.0
TRAIN_normal_41356,cluster_2061304035_245647208,46.0,0.0,0,0.0,0.0,0.0,0.0,0.0,0.0,0.0
TRAIN_normal_41356,cluster_2061304035_245647208,51.0,0.0,0,0.0,0.0,0.0,0.0,0.0,0.0,0.0
TRAIN_normal_41356,cluster_2061304035_245647208,56.0,0.0,0,0.0,0.0,0.0,0.0,0.0,0.0,0.0
TRAIN_normal_41356,cluster_2061304035_245647208,61.0,0.0,0,0.0,0.0,0.0,0.0,0.0,0.0,0.0
TRAIN_normal_41356,cluster_2061304035_245647208,66.0,0.0,0,0.0,0.0,0.0,0.0,0.0,0.0,0.0
TRAIN_normal_41356,cluster_2061304035_245647208,71.0,0.0,0,0.0,0.0,0.0,0.0,0.0,0.0,0.0
TRAIN_normal_41356,cluster_2061304035_245647208,76.0,0.0,0,0.0,0.0,0.0,0.0,0.0,0.0,0.0
TRAIN_normal_41356,cluster_2061304035_245647208,81.0,0.0,0,0.0,0.0,0.0,0.0,0.0,0.0,0.0
TRAIN_normal_41356,cluster_2061304035_245647208,86.0,0.0,0,0.0,0.0,0.0,0.0,0.0,0.0,0.0
TRAIN_normal_41356,cluster_2061304035_245647208,91.0,0.0,0,0.0,0.0,0.0,0.0,0.0,0.0,0.0
TRAIN_normal_41356,cluster_2061304035_245647208,96.0,0.0,0,0.0,0.0,0.0,0.0,0.0,0.0,0.0
TRAIN_normal_41356,cluster_2061304035_245647208,101.0,0.0,1,57.80108750220048,0.0,0.0,0.0,0.0,0.0,0.0
TRAIN_normal_41356,cluster_2061304035_245647208,106.0,0.0,0,0.0,0.0,0.0,0.0,0.0,0.0,0.0
TRAIN_normal_41356,cluster_2061304035_245647208,111.0,0.0,0,0.0,0.0,0.0,0.0,0.0,0.0,0.0
TRAIN_normal_41356,cluster_2061304035_245647208,116.0,0.0,0,0.0,0.0,0.0,0.0,0.0,0.0,0.0
TRAIN_normal_41356,cluster_2061304035_245647208,121.0,0.0,0,0.0,0.0,0.0,0.0,0.0,0.0,0.0
TRAIN_normal_41356,cluster_2061304035_245647208,126.0,0.0,0,0.0,0.0,0.0,0.0,0.0,0.0,0.0
TRAIN_normal_41356,cluster_2061304035_245647208,131.0,0.0,0,0.0,0.0,0.0,0.0,0.0,0.0,0.0
TRAIN_normal_41356,cluster_2061304035_245647208,136.0,0.0,0,0.0,0.0,0.0,0.0,0.0,0.0,0.0
TRAIN_normal_41356,cluster_2061304035_245647208,141.0,0.0,0,0.0,0.0,0.0,0.0,0.0,0.0,0.0
TRAIN_normal_41356,cluster_2061304035_245647208,146.0,0.0,0,0.0,0.0,0.0,0.0,0.0,0.0,5.0
TRAIN_normal_41356,cluster_2061304035_245647208,151.0,0.0,1,37.93878161912682,0.0,0.0,0.0,0.0,0.0,5.0
TRAIN_normal_41356,cluster_2061304035_245647208,156.0,0.0,0,0.0,0.0,0.0,0.0,0.0,0.0,5.0
TRAIN_normal_41356,cluster_2061304035_245647208,161.0,0.0,0,0.0,0.0,0.0,0.0,0.0,0.0,10.0
TRAIN_normal_41356,cluster_2061304035_245647208,166.0,0.0,0,0.0,0.0,0.0,0.0,0.0,0.0,0.0
TRAIN_normal_41356,cluster_2061304035_245647208,171.0,0.0,0,0.0,0.0,0.0,0.0,0.0,0.0,0.0
TRAIN_normal_41356,cluster_2061304035_245647208,176.0,0.0,0,0.0,0.0,0.0,0.0,0.0,0.0,0.0
TRAIN_normal_41356,cluster_2061304035_245647208,181.0,0.0,0,0.0,0.0,0.0,0.0,0.0,0.0,0.0
TRAIN_normal_41356,cluster_2061304035_245647208,186.0,0.0,0,0.0,0.0,0.0,0.0,0.0,0.0,0.0
TRAIN_normal_41356,cluster_2061304035_245647208,191.0,0.0,0,0.0,0.0,0.0,0.0,0.0,0.0,0.0
TRAIN_normal_41356,cluster_2061304035_245647208,196.0,0.0,1,50.96668025755681,0.0,0.0,0.0,0.0,0.0,0.0
TRAIN_normal_41356,cluster_2061304035_245647208,201.0,0.0,1,13.980602096372804,0.0,0.0,0.0,0.0,0.0,0.0
TRAIN_normal_41356,cluster_2061304035_245647208,206.0,5.0,1,0.0,0.0,0.0,0.0,0.0,0.25,0.0
TRAIN_normal_41356,cluster_2061304035_245647208,211.0,5.0,1,0.0,5.0,0.0,0.0,0.0,0.25,0.0
TRAIN_normal_41356,cluster_2061304035_245647208,216.0,5.0,3,31.388534638810984,5.0,5.0,0.0,0.0,0.25,0.0
TRAIN_normal_41356,cluster_2061304035_245647208,221.0,10.0,2,0.0,5.0,5.0,5.0,0.0,0.5,0.0
TRAIN_normal_41356,cluster_2061304035_245647208,226.0,0.0,1,44.9506574271228,10.0,5.0,5.0,5.0,-0.25,0.0
TRAIN_normal_41356,cluster_2061304035_245647208,231.0,0.0,0,0.0,0.0,10.0,5.0,5.0,-0.25,5.0
TRAIN_normal_41356,cluster_2061304035_245647208,236.0,0.0,0,0.0,0.0,0.0,10.0,5.0,-0.25,5.0
TRAIN_normal_41356,cluster_2061304035_245647208,241.0,0.0,0,0.0,0.0,0.0,0.0,10.0,-0.5,5.0
TRAIN_normal_41356,cluster_2061304035_245647208,246.0,0.0,0,0.0,0.0,0.0,0.0,0.0,0.0,5.0
TRAIN_normal_41356,cluster_2061304035_245647208,251.0,0.0,0,0.0,0.0,0.0,0.0,0.0,0.0,10.0
TRAIN_normal_41356,cluster_2061304035_245647208,256.0,0.0,1,58.00444788504218,0.0,0.0,0.0,0.0,0.0,5.0
TRAIN_normal_41356,cluster_2061304035_245647208,261.0,0.0,0,0.0,0.0,0.0,0.0,0.0,0.0,0.0
TRAIN_normal_41356,cluster_2061304035_245647208,266.0,0.0,0,0.0,0.0,0.0,0.0,0.0,0.0,0.0
TRAIN_normal_41356,cluster_2061304035_245647208,271.0,0.0,0,0.0,0.0,0.0,0.0,0.0,0.0,0.0
TRAIN_normal_41356,cluster_2061304035_245647208,276.0,0.0,0,0.0,0.0,0.0,0.0,0.0,0.0,0.0
TRAIN_normal_41356,cluster_2061304035_245647208,281.0,0.0,0,0.0,0.0,0.0,0.0,0.0,0.0,0.0
TRAIN_normal_41356,cluster_2061304035_245647208,286.0,0.0,1,31.955531108888913,0.0,0.0,0.0,0.0,0.0,0.0
TRAIN_normal_41356,cluster_2061304035_245647208,291.0,5.0,1,0.02847804200062402,0.0,0.0,0.0,0.0,0.25,0.0
TRAIN_normal_41356,cluster_2061304035_245647208,296.0,5.0,1,0.0,5.0,0.0,0.0,0.0,0.25,0.0
TRAIN_normal_41356,cluster_2061304035_245647208,301.0,5.0,1,0.0,5.0,5.0,0.0,0.0,0.25,0.0
TRAIN_normal_41356,cluster_2061304035_245647208,306.0,5.0,2,18.61293078208186,5.0,5.0,5.0,0.0,0.25,0.0
TRAIN_normal_41356,cluster_2061304035_245647208,311.0,10.0,2,0.0,5.0,5.0,5.0,5.0,0.25,0.0
TRAIN_normal_41356,cluster_2061304035_245647208,316.0,5.0,1,0.0,10.0,5.0,5.0,5.0,0.0,0.0
TRAIN_normal_41356,cluster_2061304035_245647208,321.0,0.0,0,0.0,5.0,10.0,5.0,5.0,-0.25,0.0
TRAIN_normal_41356,cluster_2061304035_245647208,326.0,0.0,0,0.0,0.0,5.0,10.0,5.0,-0.25,0.0
TRAIN_normal_41356,cluster_2061304035_245647208,331.0,0.0,0,0.0,0.0,0.0,5.0,10.0,-0.5,0.0
TRAIN_normal_41356,cluster_2061304035_245647208,336.0,0.0,0,0.0,0.0,0.0,0.0,5.0,-0.25,0.0
TRAIN_normal_41356,cluster_2061304035_245647208,341.0,0.0,0,0.0,0.0,0.0,0.0,0.0,0.0,0.0
TRAIN_normal_41356,cluster_2061304035_245647208,346.0,0.0,0,0.0,0.0,0.0,0.0,0.0,0.0,0.0
TRAIN_normal_41356,cluster_2061304035_245647208,351.0,0.0,0,0.0,0.0,0.0,0.0,0.0,0.0,0.0
TRAIN_normal_41356,cluster_2061304035_245647208,356.0,0.0,0,0.0,0.0,0.0,0.0,0.0,0.0,0.0
TRAIN_normal_41356,cluster_2061304035_245647208,361.0,0.0,0,0.0,0.0,0.0,0.0,0.0,0.0,0.0
TRAIN_normal_41356,cluster_2061304035_245647208,366.0,0.0,0,0.0,0.0,0.0,0.0,0.0,0.0,0.0
TRAIN_normal_41356,cluster_2061304035_245647208,371.0,0.0,0,0.0,0.0,0.0,0.0,0.0,0.0,0.0
TRAIN_normal_41356,cluster_2061304035_245647208,376.0,0.0,1,36.1157335543418,0.0,0.0,0.0,0.0,0.0,0.0
TRAIN_normal_41356,cluster_2061304035_245647208,381.0,0.0,0,0.0,0.0,0.0,0.0,0.0,0.0,0.0
TRAIN_normal_41356,cluster_2061304035_245647208,386.0,0.0,0,0.0,0.0,0.0,0.0,0.0,0.0,0.0
TRAIN_normal_41356,cluster_2061304035_245647208,391.0,0.0,0,0.0,0.0,0.0,0.0,0.0,0.0,0.0
TRAIN_normal_41356,cluster_2061304035_245647208,396.0,0.0,0,0.0,0.0,0.0,0.0,0.0,0.0,0.0
TRAIN_normal_41356,cluster_2061304035_245647208,401.0,0.0,0,0.0,0.0,0.0,0.0,0.0,0.0,0.0
TRAIN_normal_41356,cluster_2061304035_245647208,406.0,0.0,0,0.0,0.0,0.0,0.0,0.0,0.0,0.0
TRAIN_normal_41356,cluster_2061304035_245647208,411.0,0.0,0,0.0,0.0,0.0,0.0,0.0,0.0,0.0
TRAIN_normal_41356,cluster_2061304035_245647208,416.0,0.0,0,0.0,0.0,0.0,0.0,0.0,0.0,0.0
TRAIN_normal_41356,cluster_2061304035_245647208,421.0,0.0,1,32.73210097977946,0.0,0.0,0.0,0.0,0.0,0.0
TRAIN_normal_41356,cluster_2061304035_245647208,426.0,0.0,0,0.0,0.0,0.0,0.0,0.0,0.0,0.0
TRAIN_normal_41356,cluster_2061304035_245647208,431.0,0.0,0,0.0,0.0,0.0,0.0,0.0,0.0,0.0
TRAIN_normal_41356,cluster_2061304035_245647208,436.0,0.0,0,0.0,0.0,0.0,0.0,0.0,0.0,0.0
TRAIN_normal_41356,cluster_2061304035_245647208,441.0,0.0,0,0.0,0.0,0.0,0.0,0.0,0.0,0.0
TRAIN_normal_41356,cluster_2061304035_245647208,446.0,0.0,0,0.0,0.0,0.0,0.0,0.0,0.0,0.0
TRAIN_normal_41356,cluster_2061304035_245647208,451.0,0.0,0,0.0,0.0,0.0,0.0,0.0,0.0,0.0
TRAIN_normal_41356,cluster_2061304035_245647208,456.0,0.0,0,0.0,0.0,0.0,0.0,0.0,0.0,0.0
TRAIN_normal_41356,cluster_2061304035_245647208,461.0,0.0,0,0.0,0.0,0.0,0.0,0.0,0.0,0.0
TRAIN_normal_41356,cluster_2061304035_245647208,466.0,0.0,0,0.0,0.0,0.0,0.0,0.0,0.0,0.0
TRAIN_normal_41356,cluster_2061304035_245647208,471.0,0.0,0,0.0,0.0,0.0,0.0,0.0,0.0,0.0
TRAIN_normal_41356,cluster_2061304035_245647208,476.0,0.0,0,0.0,0.0,0.0,0.0,0.0,0.0,0.0
TRAIN_normal_41356,cluster_2061304035_245647208,481.0,0.0,0,0.0,0.0,0.0,0.0,0.0,0.0,0.0
TRAIN_normal_41356,cluster_2061304035_245647208,486.0,0.0,0,0.0,0.0,0.0,0.0,0.0,0.0,0.0
TRAIN_normal_41356,cluster_2061304035_245647208,491.0,0.0,0,0.0,0.0,0.0,0.0,0.0,0.0,0.0
TRAIN_normal_41356,cluster_2061304035_245647208,496.0,0.0,0,0.0,0.0,0.0,0.0,0.0,0.0,0.0
TRAIN_normal_41356,cluster_2061304035_245647208,501.0,0.0,0,0.0,0.0,0.0,0.0,0.0,0.0,0.0
TRAIN_normal_41356,cluster_2061304035_245647208,506.0,0.0,0,0.0,0.0,0.0,0.0,0.0,0.0,0.0
TRAIN_normal_41356,cluster_2061304035_245647208,511.0,0.0,0,0.0,0.0,0.0,0.0,0.0,0.0,0.0
TRAIN_normal_41356,cluster_2061304035_245647208,516.0,0.0,0,0.0,0.0,0.0,0.0,0.0,0.0,0.0
TRAIN_normal_41356,cluster_2061304035_245647208,521.0,0.0,1,109.97511610366581,0.0,0.0,0.0,0.0,0.0,0.0
TRAIN_normal_41356,cluster_2061304035_245647208,526.0,0.0,1,40.41962954293408,0.0,0.0,0.0,0.0,0.0,0.0
TRAIN_normal_41356,cluster_2061304035_245647208,531.0,0.0,0,0.0,0.0,0.0,0.0,0.0,0.0,0.0
TRAIN_normal_41356,cluster_2061304035_245647208,536.0,0.0,0,0.0,0.0,0.0,0.0,0.0,0.0,0.0
TRAIN_normal_41356,cluster_2061304035_245647208,541.0,0.0,0,0.0,0.0,0.0,0.0,0.0,0.0,0.0
TRAIN_normal_41356,cluster_2061304035_245647208,546.0,0.0,0,0.0,0.0,0.0,0.0,0.0,0.0,0.0
TRAIN_normal_41356,cluster_2061304035_245647208,551.0,0.0,0,0.0,0.0,0.0,0.0,0.0,0.0,0.0
TRAIN_normal_41356,cluster_2061304035_245647208,556.0,0.0,2,44.390800722614976,0.0,0.0,0.0,0.0,0.0,0.0
TRAIN_normal_41356,cluster_2061304035_245647208,561.0,0.0,0,0.0,0.0,0.0,0.0,0.0,0.0,0.0
TRAIN_normal_41356,cluster_2061304035_245647208,566.0,0.0,0,0.0,0.0,0.0,0.0,0.0,0.0,0.0
TRAIN_normal_41356,cluster_2061304035_245647208,571.0,0.0,1,57.913096817816104,0.0,0.0,0.0,0.0,0.0,0.0
TRAIN_normal_41356,cluster_2061304035_245647208,576.0,0.0,1,44.00816600417689,0.0,0.0,0.0,0.0,0.0,0.0
TRAIN_normal_41356,cluster_2061304035_245647208,581.0,0.0,0,0.0,0.0,0.0,0.0,0.0,0.0,0.0
TRAIN_normal_41356,cluster_2061304035_245647208,586.0,0.0,0,0.0,0.0,0.0,0.0,0.0,0.0,0.0
TRAIN_normal_41356,cluster_2061304035_245647208,591.0,0.0,0,0.0,0.0,0.0,0.0,0.0,0.0,0.0
TRAIN_normal_41356,cluster_2061304035_245647208,596.0,0.0,0,0.0,0.0,0.0,0.0,0.0,0.0,0.0
TRAIN_normal_41356,cluster_2061304035_245647208,601.0,0.0,1,96.03310750233945,0.0,0.0,0.0,0.0,0.0,0.0
TRAIN_normal_41356,cluster_2061304035_245647208,606.0,0.0,0,0.0,0.0,0.0,0.0,0.0,0.0,0.0
TRAIN_normal_41356,cluster_2061304035_245647208,611.0,0.0,0,0.0,0.0,0.0,0.0,0.0,0.0,0.0
TRAIN_normal_41356,cluster_2061304035_245647208,616.0,0.0,0,0.0,0.0,0.0,0.0,0.0,0.0,0.0
TRAIN_normal_41356,cluster_2061304035_245647208,621.0,0.0,0,0.0,0.0,0.0,0.0,0.0,0.0,0.0
TRAIN_normal_41356,cluster_2061304035_245647208,626.0,0.0,0,0.0,0.0,0.0,0.0,0.0,0.0,0.0
TRAIN_normal_41356,cluster_2061304035_245647208,631.0,0.0,0,0.0,0.0,0.0,0.0,0.0,0.0,0.0
TRAIN_normal_41356,cluster_2061304035_245647208,636.0,0.0,0,0.0,0.0,0.0,0.0,0.0,0.0,0.0
TRAIN_normal_41356,cluster_2061304035_245647208,641.0,0.0,0,0.0,0.0,0.0,0.0,0.0,0.0,0.0
TRAIN_normal_41356,cluster_2061304035_245647208,646.0,0.0,0,0.0,0.0,0.0,0.0,0.0,0.0,0.0
TRAIN_normal_41356,cluster_2061304035_245647208,651.0,0.0,0,0.0,0.0,0.0,0.0,0.0,0.0,0.0
TRAIN_normal_41356,cluster_2061304035_245647208,656.0,0.0,1,68.10091683827604,0.0,0.0,0.0,0.0,0.0,0.0
TRAIN_normal_41356,cluster_2061304035_245647208,661.0,0.0,0,0.0,0.0,0.0,0.0,0.0,0.0,0.0
TRAIN_normal_41356,cluster_2061304035_245647208,666.0,0.0,0,0.0,0.0,0.0,0.0,0.0,0.0,0.0
TRAIN_normal_41356,cluster_2061304035_245647208,671.0,0.0,0,0.0,0.0,0.0,0.0,0.0,0.0,0.0
TRAIN_normal_41356,cluster_2061304035_245647208,676.0,0.0,0,0.0,0.0,0.0,0.0,0.0,0.0,0.0
TRAIN_normal_41356,cluster_2061304035_245647208,681.0,0.0,0,0.0,0.0,0.0,0.0,0.0,0.0,5.0
TRAIN_normal_41356,cluster_2061304035_245647208,686.0,0.0,0,0.0,0.0,0.0,0.0,0.0,0.0,5.0
TRAIN_normal_41356,cluster_2061304035_245647208,691.0,0.0,0,0.0,0.0,0.0,0.0,0.0,0.0,5.0
TRAIN_normal_41356,cluster_2061304035_245647208,696.0,0.0,0,0.0,0.0,0.0,0.0,0.0,0.0,5.0
TRAIN_normal_41356,cluster_2061304035_245647208,701.0,0.0,0,0.0,0.0,0.0,0.0,0.0,0.0,5.0
TRAIN_normal_41356,cluster_2061304035_245647208,706.0,0.0,0,0.0,0.0,0.0,0.0,0.0,0.0,0.0
TRAIN_normal_41356,cluster_2061304035_245647208,711.0,0.0,0,0.0,0.0,0.0,0.0,0.0,0.0,0.0
TRAIN_normal_41356,cluster_2061304035_245647208,716.0,0.0,0,0.0,0.0,0.0,0.0,0.0,0.0,0.0
TRAIN_normal_41356,cluster_2061304035_245647208,721.0,0.0,0,0.0,0.0,0.0,0.0,0.0,0.0,0.0
TRAIN_normal_41356,cluster_2061304035_245647208,726.0,0.0,0,0.0,0.0,0.0,0.0,0.0,0.0,0.0
TRAIN_normal_41356,cluster_2061304035_245647208,731.0,0.0,0,0.0,0.0,0.0,0.0,0.0,0.0,0.0
TRAIN_normal_41356,cluster_2061304035_245647208,736.0,0.0,2,64.30001283497275,0.0,0.0,0.0,0.0,0.0,0.0
TRAIN_normal_41356,cluster_245647168_3238255150_3495323634,16.0,0.0,0,0.0,0.0,0.0,0.0,0.0,0.0,5.0
TRAIN_normal_41356,cluster_245647168_3238255150_3495323634,21.0,0.0,0,0.0,0.0,0.0,0.0,0.0,0.0,5.0
TRAIN_normal_41356,cluster_245647168_3238255150_3495323634,26.0,0.0,0,0.0,0.0,0.0,0.0,0.0,0.0,5.0
TRAIN_normal_41356,cluster_245647168_3238255150_3495323634,31.0,0.0,0,0.0,0.0,0.0,0.0,0.0,0.0,5.0
TRAIN_normal_41356,cluster_245647168_3238255150_3495323634,36.0,0.0,0,0.0,0.0,0.0,0.0,0.0,0.0,5.0
TRAIN_normal_41356,cluster_245647168_3238255150_3495323634,41.0,0.0,1,16.339216011769704,0.0,0.0,0.0,0.0,0.0,5.0
TRAIN_normal_41356,cluster_245647168_3238255150_3495323634,46.0,5.0,2,21.020678795399053,0.0,0.0,0.0,0.0,0.0,5.0
TRAIN_normal_41356,cluster_245647168_3238255150_3495323634,51.0,10.0,2,0.026746548603892906,5.0,0.0,0.0,0.0,0.0,5.0
TRAIN_normal_41356,cluster_245647168_3238255150_3495323634,56.0,10.0,2,0.0,10.0,5.0,0.0,0.0,0.0,5.0
TRAIN_normal_41356,cluster_245647168_3238255150_3495323634,61.0,10.0,2,0.0,10.0,10.0,5.0,0.0,0.0,10.0
TRAIN_normal_41356,cluster_245647168_3238255150_3495323634,66.0,10.0,2,0.0,10.0,10.0,10.0,5.0,0.0,15.0
TRAIN_normal_41356,cluster_245647168_3238255150_3495323634,71.0,5.0,1,0.0,10.0,10.0,10.0,10.0,0.0,15.0
TRAIN_normal_41356,cluster_245647168_3238255150_3495323634,76.0,5.0,1,0.0,5.0,10.0,10.0,10.0,0.0,15.0
TRAIN_normal_41356,cluster_245647168_3238255150_3495323634,81.0,5.0,1,0.0,5.0,5.0,10.0,10.0,0.0,20.0
TRAIN_normal_41356,cluster_245647168_3238255150_3495323634,86.0,5.0,2,24.362077006382684,5.0,5.0,5.0,10.0,0.0,20.0
TRAIN_normal_41356,cluster_245647168_3238255150_3495323634,91.0,5.0,1,0.17948615374145932,5.0,5.0,5.0,5.0,0.0,20.0
TRAIN_normal_41356,cluster_245647168_3238255150_3495323634,96.0,5.0,1,0.0,5.0,5.0,5.0,5.0,0.0,20.0
TRAIN_normal_41356,cluster_245647168_3238255150_3495323634,101.0,5.0,1,0.0,5.0,5.0,5.0,5.0,0.0,20.0
TRAIN_normal_41356,cluster_245647168_3238255150_3495323634,106.0,5.0,1,0.0,5.0,5.0,5.0,5.0,0.0,20.0
TRAIN_normal_41356,cluster_245647168_3238255150_3495323634,111.0,5.0,2,32.14455135757831,5.0,5.0,5.0,5.0,0.0,25.0
TRAIN_normal_41356,cluster_245647168_3238255150_3495323634,116.0,5.0,3,26.526343103196755,5.0,5.0,5.0,5.0,0.0,30.0
TRAIN_normal_41356,cluster_245647168_3238255150_3495323634,121.0,10.0,3,1.3416367023851519,5.0,5.0,5.0,5.0,0.25,10.0
TRAIN_normal_41356,cluster_245647168_3238255150_3495323634,126.0,15.0,3,0.001105037915382886,10.0,5.0,5.0,5.0,0.5,5.0
TRAIN_normal_41356,cluster_245647168_3238255150_3495323634,131.0,15.0,3,0.0,15.0,10.0,5.0,5.0,0.5,5.0
TRAIN_normal_41356,cluster_245647168_3238255150_3495323634,136.0,15.0,4,0.18559409292228904,15.0,15.0,10.0,5.0,0.5,5.0
TRAIN_normal_41356,cluster_245647168_3238255150_3495323634,141.0,20.0,4,0.0,15.0,15.0,15.0,10.0,0.5,10.0
TRAIN_normal_41356,cluster_245647168_3238255150_3495323634,146.0,20.0,4,0.0,20.0,15.0,15.0,15.0,0.25,0.0
TRAIN_normal_41356,cluster_245647168_3238255150_3495323634,151.0,20.0,4,0.0,20.0,20.0,15.0,15.0,0.25,0.0
TRAIN_normal_41356,cluster_245647168_3238255150_3495323634,156.0,20.0,5,4.165506387341275,20.0,20.0,20.0,15.0,0.25,5.0
TRAIN_normal_41356,cluster_245647168_3238255150_3495323634,161.0,20.0,4,0.011102590029289571,20.0,20.0,20.0,20.0,0.0,10.0
TRAIN_normal_41356,cluster_245647168_3238255150_3495323634,166.0,20.0,5,12.658774963251291,20.0,20.0,20.0,20.0,0.0,5.0
TRAIN_normal_41356,cluster_245647168_3238255150_3495323634,171.0,25.0,6,5.401052966294183,20.0,20.0,20.0,20.0,0.25,5.0
TRAIN_normal_41356,cluster_245647168_3238255150_3495323634,176.0,30.0,6,0.020892311642958763,25.0,20.0,20.0,20.0,0.5,5.0
TRAIN_normal_41356,cluster_245647168_3238255150_3495323634,181.0,10.0,3,5.705284110925394,30.0,25.0,20.0,20.0,-0.5,5.0
TRAIN_normal_41356,cluster_245647168_3238255150_3495323634,186.0,5.0,1,0.0,10.0,30.0,25.0,20.0,-0.75,10.0
TRAIN_normal_41356,cluster_245647168_3238255150_3495323634,191.0,5.0,1,0.0,5.0,10.0,30.0,25.0,-1.0,10.0
TRAIN_normal_41356,cluster_245647168_3238255150_3495323634,196.0,5.0,2,7.676055557294534,5.0,5.0,10.0,30.0,-1.25,15.0
TRAIN_normal_41356,cluster_245647168_3238255150_3495323634,201.0,10.0,2,0.00041900462430813243,5.0,5.0,5.0,10.0,0.0,15.0
TRAIN_normal_41356,cluster_245647168_3238255150_3495323634,206.0,0.0,0,0.0,10.0,5.0,5.0,5.0,-0.25,15.0
TRAIN_normal_41356,cluster_245647168_3238255150_3495323634,211.0,0.0,1,35.04455080061486,0.0,10.0,5.0,5.0,-0.25,5.0
TRAIN_normal_41356,cluster_245647168_3238255150_3495323634,216.0,5.0,3,28.430793049254927,0.0,0.0,10.0,5.0,0.0,5.0
TRAIN_normal_41356,cluster_245647168_3238255150_3495323634,221.0,10.0,3,0.18539943624779665,5.0,0.0,0.0,10.0,0.0,10.0
TRAIN_normal_41356,cluster_245647168_3238255150_3495323634,226.0,5.0,2,1.8279378986765704,10.0,5.0,0.0,0.0,0.25,10.0
TRAIN_normal_41356,cluster_245647168_3238255150_3495323634,231.0,5.0,1,0.0,5.0,10.0,5.0,0.0,0.25,10.0
TRAIN_normal_41356,cluster_245647168_3238255150_3495323634,236.0,5.0,2,33.19543852903661,5.0,5.0,10.0,5.0,0.0,5.0
TRAIN_normal_41356,cluster_245647168_3238255150_3495323634,241.0,5.0,2,9.030695999275869,5.0,5.0,5.0,10.0,-0.25,5.0
TRAIN_normal_41356,cluster_245647168_3238255150_3495323634,246.0,10.0,2,0.0005780037765405867,5.0,5.0,5.0,5.0,0.25,5.0
TRAIN_normal_41356,cluster_245647168_3238255150_3495323634,251.0,10.0,3,12.139352855920965,10.0,5.0,5.0,5.0,0.25,5.0
TRAIN_normal_41356,cluster_245647168_3238255150_3495323634,256.0,15.0,3,0.0,10.0,10.0,5.0,5.0,0.5,5.0
TRAIN_normal_41356,cluster_245647168_3238255150_3495323634,261.0,15.0,4,11.10534377193594,15.0,10.0,10.0,5.0,0.5,5.0
TRAIN_normal_41356,cluster_245647168_3238255150_3495323634,266.0,15.0,4,3.2440872198076396,15.0,15.0,10.0,10.0,0.25,5.0
TRAIN_normal_41356,cluster_245647168_3238255150_3495323634,271.0,5.0,4,39.69237738666465,15.0,15.0,15.0,10.0,-0.25,10.0
TRAIN_normal_41356,cluster_245647168_3238255150_3495323634,276.0,5.0,2,1.1980555723027217,5.0,15.0,15.0,15.0,-0.5,15.0
TRAIN_normal_41356,cluster_245647168_3238255150_3495323634,281.0,10.0,2,0.00338409759826455,5.0,5.0,15.0,15.0,-0.25,20.0
TRAIN_normal_41356,cluster_245647168_3238255150_3495323634,286.0,10.0,2,0.0,10.0,5.0,5.0,15.0,-0.25,20.0
TRAIN_normal_41356,cluster_245647168_3238255150_3495323634,291.0,10.0,2,0.0,10.0,10.0,5.0,5.0,0.25,20.0
TRAIN_normal_41356,cluster_245647168_3238255150_3495323634,296.0,5.0,1,0.0,10.0,10.0,10.0,5.0,0.0,25.0
TRAIN_normal_41356,cluster_245647168_3238255150_3495323634,301.0,5.0,1,0.0,5.0,10.0,10.0,10.0,-0.25,15.0
TRAIN_normal_41356,cluster_245647168_3238255150_3495323634,306.0,5.0,1,0.0,5.0,5.0,10.0,10.0,-0.25,5.0
TRAIN_normal_41356,cluster_245647168_3238255150_3495323634,311.0,5.0,1,0.0,5.0,5.0,5.0,10.0,-0.25,5.0
TRAIN_normal_41356,cluster_245647168_3238255150_3495323634,316.0,5.0,1,0.0,5.0,5.0,5.0,5.0,0.0,5.0
TRAIN_normal_41356,cluster_245647168_3238255150_3495323634,321.0,5.0,1,0.0,5.0,5.0,5.0,5.0,0.0,10.0
TRAIN_normal_41356,cluster_245647168_3238255150_3495323634,326.0,5.0,3,43.4362815980747,5.0,5.0,5.0,5.0,0.0,5.0
TRAIN_normal_41356,cluster_245647168_3238255150_3495323634,331.0,10.0,5,26.064103618988632,5.0,5.0,5.0,5.0,0.25,5.0
TRAIN_normal_41356,cluster_245647168_3238255150_3495323634,336.0,15.0,5,4.776770420294335,10.0,5.0,5.0,5.0,0.5,5.0
TRAIN_normal_41356,cluster_245647168_3238255150_3495323634,341.0,20.0,4,0.00035668263773885737,15.0,10.0,5.0,5.0,0.75,15.0
TRAIN_normal_41356,cluster_245647168_3238255150_3495323634,346.0,20.0,4,0.0,20.0,15.0,10.0,5.0,0.75,10.0
TRAIN_normal_41356,cluster_245647168_3238255150_3495323634,351.0,20.0,6,22.31946936517896,20.0,20.0,15.0,10.0,0.5,10.0
TRAIN_normal_41356,cluster_245647168_3238255150_3495323634,356.0,25.0,6,0.7062513945647915,20.0,20.0,20.0,15.0,0.5,10.0
TRAIN_normal_41356,cluster_245647168_3238255150_3495323634,361.0,15.0,3,0.0,25.0,20.0,20.0,20.0,-0.25,10.0
TRAIN_normal_41356,cluster_245647168_3238255150_3495323634,366.0,5.0,2,7.763847820102189,15.0,25.0,20.0,20.0,-0.75,10.0
TRAIN_normal_41356,cluster_245647168_3238255150_3495323634,371.0,5.0,2,35.47804151720088,5.0,15.0,25.0,20.0,-0.75,15.0
TRAIN_normal_41356,cluster_245647168_3238255150_3495323634,376.0,5.0,2,0.6022563141659224,5.0,5.0,15.0,25.0,-1.0,25.0
TRAIN_normal_41356,cluster_245647168_3238255150_3495323634,381.0,10.0,2,0.0,5.0,5.0,5.0,15.0,-0.25,30.0
TRAIN_normal_41356,cluster_245647168_3238255150_3495323634,386.0,5.0,1,0.0,10.0,5.0,5.0,5.0,0.0,30.0
TRAIN_normal_41356,cluster_245647168_3238255150_3495323634,391.0,5.0,3,51.353672709997774,5.0,10.0,5.0,5.0,0.0,20.0
TRAIN_normal_41356,cluster_245647168_3238255150_3495323634,396.0,5.0,3,5.749156769994093,5.0,5.0,10.0,5.0,0.0,0.0
TRAIN_normal_41356,cluster_245647168_3238255150_3495323634,401.0,15.0,3,0.002828989254934113,5.0,5.0,5.0,10.0,0.25,0.0
TRAIN_normal_41356,cluster_245647168_3238255150_3495323634,406.0,10.0,2,0.0,15.0,5.0,5.0,5.0,0.25,0.0
TRAIN_normal_41356,cluster_245647168_3238255150_3495323634,411.0,10.0,2,0.0,10.0,15.0,5.0,5.0,0.25,0.0
TRAIN_normal_41356,cluster_245647168_3238255150_3495323634,416.0,10.0,2,0.0,10.0,10.0,15.0,5.0,0.25,5.0
TRAIN_normal_41356,cluster_245647168_3238255150_3495323634,421.0,10.0,2,0.0,10.0,10.0,10.0,15.0,-0.25,5.0
TRAIN_normal_41356,cluster_245647168_3238255150_3495323634,426.0,10.0,5,32.926589499195785,10.0,10.0,10.0,10.0,0.0,5.0
TRAIN_normal_41356,cluster_245647168_3238255150_3495323634,431.0,15.0,5,4.686761656933629,10.0,10.0,10.0,10.0,0.25,5.0
TRAIN_normal_41356,cluster_245647168_3238255150_3495323634,436.0,25.0,6,10.326760999594063,15.0,10.0,10.0,10.0,0.75,10.0
TRAIN_normal_41356,cluster_245647168_3238255150_3495323634,441.0,30.0,7,3.295434457880562,25.0,15.0,10.0,10.0,1.0,10.0
TRAIN_normal_41356,cluster_245647168_3238255150_3495323634,446.0,30.0,7,3.175285919183331,30.0,25.0,15.0,10.0,1.0,10.0
TRAIN_normal_41356,cluster_245647168_3238255150_3495323634,451.0,20.0,4,0.011163862768873179,30.0,30.0,25.0,15.0,0.25,15.0
TRAIN_normal_41356,cluster_245647168_3238255150_3495323634,456.0,0.0,1,22.060947845668828,20.0,30.0,30.0,25.0,-1.25,15.0
TRAIN_normal_41356,cluster_245647168_3238255150_3495323634,461.0,0.0,0,0.0,0.0,20.0,30.0,30.0,-1.5,30.0
TRAIN_normal_41356,cluster_245647168_3238255150_3495323634,466.0,0.0,1,69.33809796160448,0.0,0.0,20.0,30.0,-1.5,30.0
TRAIN_normal_41356,cluster_245647168_3238255150_3495323634,471.0,0.0,1,1.0409885127660983,0.0,0.0,0.0,20.0,-1.0,30.0
TRAIN_normal_41356,cluster_245647168_3238255150_3495323634,476.0,5.0,1,0.0009631286084542948,0.0,0.0,0.0,0.0,0.25,30.0
TRAIN_normal_41356,cluster_245647168_3238255150_3495323634,481.0,5.0,1,0.0,5.0,0.0,0.0,0.0,0.25,25.0
TRAIN_normal_41356,cluster_245647168_3238255150_3495323634,486.0,5.0,2,22.66257207301528,5.0,5.0,0.0,0.0,0.25,5.0
TRAIN_normal_41356,cluster_245647168_3238255150_3495323634,491.0,5.0,3,26.58680433471795,5.0,5.0,5.0,0.0,0.25,0.0
TRAIN_normal_41356,cluster_245647168_3238255150_3495323634,496.0,10.0,2,0.12390741039840693,5.0,5.0,5.0,5.0,0.25,0.0
TRAIN_normal_41356,cluster_245647168_3238255150_3495323634,501.0,10.0,3,23.7825244905632,10.0,5.0,5.0,5.0,0.25,0.0
TRAIN_normal_41356,cluster_245647168_3238255150_3495323634,506.0,10.0,3,0.5828660093060252,10.0,10.0,5.0,5.0,0.25,0.0
TRAIN_normal_41356,cluster_245647168_3238255150_3495323634,511.0,15.0,4,15.99506384681957,10.0,10.0,10.0,5.0,0.5,0.0
TRAIN_normal_41356,cluster_245647168_3238255150_3495323634,516.0,15.0,6,17.398130907230275,15.0,10.0,10.0,10.0,0.25,0.0
TRAIN_normal_41356,cluster_245647168_3238255150_3495323634,521.0,30.0,6,0.00599254364715084,15.0,15.0,10.0,10.0,1.0,5.0
TRAIN_normal_41356,cluster_245647168_3238255150_3495323634,526.0,30.0,6,0.0,30.0,15.0,15.0,10.0,1.0,5.0
TRAIN_normal_41356,cluster_245647168_3238255150_3495323634,531.0,30.0,7,8.030885140868172,30.0,30.0,15.0,15.0,0.75,5.0
TRAIN_normal_41356,cluster_245647168_3238255150_3495323634,536.0,30.0,7,0.7337304893519878,30.0,30.0,30.0,15.0,0.75,15.0
TRAIN_normal_41356,cluster_245647168_3238255150_3495323634,541.0,25.0,7,21.878566710827663,30.0,30.0,30.0,30.0,-0.25,15.0
TRAIN_normal_41356,cluster_245647168_3238255150_3495323634,546.0,5.0,4,14.797629965427642,25.0,30.0,30.0,30.0,-1.25,25.0
TRAIN_normal_41356,cluster_245647168_3238255150_3495323634,551.0,0.0,0,0.0,5.0,25.0,30.0,30.0,-1.5,25.0
TRAIN_normal_41356,cluster_245647168_3238255150_3495323634,556.0,0.0,0,0.0,0.0,5.0,25.0,30.0,-1.5,25.0
TRAIN_normal_41356,cluster_245647168_3238255150_3495323634,561.0,0.0,0,0.0,0.0,0.0,5.0,25.0,-1.25,25.0
TRAIN_normal_41356,cluster_245647168_3238255150_3495323634,566.0,0.0,0,0.0,0.0,0.0,0.0,5.0,-0.25,35.0
TRAIN_normal_41356,cluster_245647168_3238255150_3495323634,571.0,0.0,1,66.74634017574677,0.0,0.0,0.0,0.0,0.0,15.0
TRAIN_normal_41356,cluster_245647168_3238255150_3495323634,576.0,0.0,1,1.380746351014366,0.0,0.0,0.0,0.0,0.0,5.0
TRAIN_normal_41356,cluster_245647168_3238255150_3495323634,581.0,5.0,1,0.0,0.0,0.0,0.0,0.0,0.25,5.0
TRAIN_normal_41356,cluster_245647168_3238255150_3495323634,586.0,5.0,3,38.293188582596144,5.0,0.0,0.0,0.0,0.25,5.0
TRAIN_normal_41356,cluster_245647168_3238255150_3495323634,591.0,5.0,4,15.724554474862797,5.0,5.0,0.0,0.0,0.25,5.0
TRAIN_normal_41356,cluster_245647168_3238255150_3495323634,596.0,15.0,5,14.887826213006564,5.0,5.0,5.0,0.0,0.75,5.0
TRAIN_normal_41356,cluster_245647168_3238255150_3495323634,601.0,15.0,5,1.9183210218536775,15.0,5.0,5.0,5.0,0.5,5.0
TRAIN_normal_41356,cluster_245647168_3238255150_3495323634,606.0,25.0,5,0.04446384056702033,15.0,15.0,5.0,5.0,1.0,5.0
TRAIN_normal_41356,cluster_245647168_3238255150_3495323634,611.0,25.0,5,8.08518027930804e-05,25.0,15.0,15.0,5.0,1.0,5.0
TRAIN_normal_41356,cluster_245647168_3238255150_3495323634,616.0,25.0,7,16.457322832069018,25.0,25.0,15.0,15.0,0.5,0.0
TRAIN_normal_41356,cluster_245647168_3238255150_3495323634,621.0,25.0,7,0.6332827262352199,25.0,25.0,25.0,15.0,0.5,0.0
TRAIN_normal_41356,cluster_245647168_3238255150_3495323634,626.0,35.0,7,0.000269349847708973,25.0,25.0,25.0,25.0,0.5,5.0
TRAIN_normal_41356,cluster_245647168_3238255150_3495323634,631.0,15.0,4,8.855031461359115,35.0,25.0,25.0,25.0,-0.5,5.0
TRAIN_normal_41356,cluster_245647168_3238255150_3495323634,636.0,5.0,1,0.0,15.0,35.0,25.0,25.0,-1.0,5.0
TRAIN_normal_41356,cluster_245647168_3238255150_3495323634,641.0,5.0,1,0.0,5.0,15.0,35.0,25.0,-1.0,10.0
TRAIN_normal_41356,cluster_245647168_3238255150_3495323634,646.0,5.0,1,0.0,5.0,5.0,15.0,35.0,-1.5,10.0
TRAIN_normal_41356,cluster_245647168_3238255150_3495323634,651.0,5.0,1,0.0,5.0,5.0,5.0,15.0,-0.5,10.0
TRAIN_normal_41356,cluster_245647168_3238255150_3495323634,656.0,5.0,1,0.0,5.0,5.0,5.0,5.0,0.0,10.0
TRAIN_normal_41356,cluster_245647168_3238255150_3495323634,661.0,5.0,1,0.0,5.0,5.0,5.0,5.0,0.0,5.0
TRAIN_normal_41356,cluster_245647168_3238255150_3495323634,666.0,5.0,1,0.0,5.0,5.0,5.0,5.0,0.0,0.0
TRAIN_normal_41356,cluster_245647168_3238255150_3495323634,671.0,5.0,1,0.0,5.0,5.0,5.0,5.0,0.0,0.0
TRAIN_normal_41356,cluster_245647168_3238255150_3495323634,676.0,0.0,1,52.86589272089303,5.0,5.0,5.0,5.0,-0.25,0.0
TRAIN_normal_41356,cluster_245647168_3238255150_3495323634,681.0,0.0,1,26.55573126401185,0.0,5.0,5.0,5.0,-0.25,0.0
TRAIN_normal_41356,cluster_245647168_3238255150_3495323634,686.0,5.0,1,0.0,0.0,0.0,5.0,5.0,0.0,0.0
TRAIN_normal_41356,cluster_245647168_3238255150_3495323634,691.0,5.0,1,0.0,5.0,0.0,0.0,5.0,0.0,0.0
TRAIN_normal_41356,cluster_245647168_3238255150_3495323634,696.0,5.0,2,15.88517120029754,5.0,5.0,0.0,0.0,0.25,0.0
TRAIN_normal_41356,cluster_245647168_3238255150_3495323634,701.0,10.0,2,0.10537553324598774,5.0,5.0,5.0,0.0,0.5,0.0
TRAIN_normal_41356,cluster_245647168_3238255150_3495323634,706.0,10.0,2,0.0005979905226778317,10.0,5.0,5.0,5.0,0.25,0.0
TRAIN_normal_41356,cluster_245647168_3238255150_3495323634,711.0,10.0,3,18.190962337955835,10.0,10.0,5.0,5.0,0.25,0.0
TRAIN_normal_41356,cluster_245647168_3238255150_3495323634,716.0,10.0,3,4.903051872296533,10.0,10.0,10.0,5.0,0.25,0.0
TRAIN_normal_41356,cluster_245647168_3238255150_3495323634,721.0,5.0,2,29.16124918339151,10.0,10.0,10.0,10.0,-0.25,0.0
TRAIN_normal_41356,cluster_245647168_3238255150_3495323634,726.0,0.0,0,0.0,5.0,10.0,10.0,10.0,-0.5,0.0
TRAIN_normal_41356,cluster_245647168_3238255150_3495323634,731.0,0.0,0,0.0,0.0,5.0,10.0,10.0,-0.5,0.0
TRAIN_normal_41356,cluster_245647168_3238255150_3495323634,736.0,0.0,0,0.0,0.0,0.0,5.0,10.0,-0.5,0.0
