scenario_id,junction_id,simulation_time_s,queue_length_m,vehicle_count,avg_speed_kmh,queue_minus_5,queue_minus_10,queue_minus_15,queue_minus_20,queue_slope,target_queue_60s,predicted,naive_pred
TEST_combined_extreme_hetero_14413,cluster_13546492148_1838721956,16.0,0.0,0,0.0,0.0,0.0,0.0,0.0,0.0,5.0,1.363607,0.0
TEST_combined_extreme_hetero_14413,cluster_13546492148_1838721956,21.0,0.0,0,0.0,0.0,0.0,0.0,0.0,0.0,5.0,1.363607,0.0
TEST_combined_extreme_hetero_14413,cluster_13546492148_1838721956,26.0,0.0,0,0.0,0.0,0.0,0.0,0.0,0.0,5.0,1.363607,0.0
TEST_combined_extreme_hetero_14413,cluster_13546492148_1838721956,31.0,0.0,0,0.0,0.0,0.0,0.0,0.0,0.0,0.0,1.363607,0.0
TEST_combined_extreme_hetero_14413,cluster_13546492148_1838721956,36.0,0.0,0,0.0,0.0,0.0,0.0,0.0,0.0,5.0,1.363607,0.0
TEST_combined_extreme_hetero_14413,cluster_13546492148_1838721956,41.0,0.0,0,0.0,0.0,0.0,0.0,0.0,0.0,5.0,1.363607,0.0
TEST_combined_extreme_hetero_14413,cluster_13546492148_1838721956,46.0,0.0,0,0.0,0.0,0.0,0.0,0.0,0.0,5.0,1.363607,0.0
TEST_combined_extreme_hetero_14413,cluster_13546492148_1838721956,51.0,5.0,1,0.0296457820173459,0.0,0.0,0.0,0.0,0.0,10.0,5.4441495,5.0
TEST_combined_extreme_hetero_14413,cluster_13546492148_1838721956,56.0,5.0,1,0.0,5.0,0.0,0.0,0.0,0.0,15.0,4.31049,5.0
TEST_combined_extreme_hetero_14413,cluster_13546492148_1838721956,61.0,5.0,1,0.0,5.0,5.0,0.0,0.0,0.0,15.0,4.31049,5.0
TEST_combined_extreme_hetero_14413,cluster_13546492148_1838721956,66.0,5.0,1,0.0,5.0,5.0,5.0,0.0,0.0,15.0,4.31049,5.0
TEST_combined_extreme_hetero_14413,cluster_13546492148_1838721956,71.0,5.0,1,0.0,5.0,5.0,5.0,5.0,0.0,15.0,5.867684,5.0
TEST_combined_extreme_hetero_14413,cluster_13546492148_1838721956,76.0,5.0,1,0.0,5.0,5.0,5.0,5.0,0.0,0.0,5.867684,5.0
TEST_combined_extreme_hetero_14413,cluster_13546492148_1838721956,81.0,5.0,1,0.0,5.0,5.0,5.0,5.0,0.0,0.0,5.867684,5.0
TEST_combined_extreme_hetero_14413,cluster_13546492148_1838721956,86.0,5.0,1,0.0,5.0,5.0,5.0,5.0,0.0,0.0,5.867684,5.0
TEST_combined_extreme_hetero_14413,cluster_13546492148_1838721956,91.0,0.0,1,1.1900022906988217,5.0,5.0,5.0,5.0,0.0,0.0,5.96277,0.0
TEST_combined_extreme_hetero_14413,cluster_13546492148_1838721956,96.0,5.0,1,0.0,0.0,5.0,5.0,5.0,0.0,5.0,5.867684,5.0
TEST_combined_extreme_hetero_14413,cluster_13546492148_1838721956,101.0,5.0,1,0.0,5.0,0.0,5.0,5.0,0.0,5.0,5.867684,5.0
TEST_combined_extreme_hetero_14413,cluster_13546492148_1838721956,106.0,5.0,1,0.0,5.0,5.0,0.0,5.0,0.0,5.0,5.867684,5.0
TEST_combined_extreme_hetero_14413,cluster_13546492148_1838721956,111.0,10.0,2,0.0767441658539912,5.0,5.0,5.0,0.0,0.5,5.0,5.958828,10.0
TEST_combined_extreme_hetero_14413,cluster_13546492148_1838721956,116.0,15.0,3,0.0275185299198884,10.0,5.0,5.0,5.0,0.5,10.0,10.402369,15.0
TEST_combined_extreme_hetero_14413,cluster_13546492148_1838721956,121.0,15.0,3,0.0002383042081016,15.0,10.0,5.0,5.0,0.5,0.0,9.469972,15.0
TEST_combined_extreme_hetero_14413,cluster_13546492148_1838721956,126.0,15.0,3,0.0,15.0,15.0,10.0,5.0,0.5,0.0,9.6511,15.0
TEST_combined_extreme_hetero_14413,cluster_13546492148_1838721956,131.0,15.0,3,0.0,15.0,15.0,15.0,10.0,0.25,5.0,9.287345,15.0
TEST_combined_extreme_hetero_14413,cluster_13546492148_1838721956,136.0,0.0,0,0.0,15.0,15.0,15.0,15.0,-0.75,5.0,6.40043,0.0
TEST_combined_extreme_hetero_14413,cluster_13546492148_1838721956,141.0,0.0,0,0.0,0.0,15.0,15.0,15.0,-0.75,5.0,7.4257255,0.0
TEST_combined_extreme_hetero_14413,cluster_13546492148_1838721956,146.0,0.0,0,0.0,0.0,0.0,15.0,15.0,-0.75,5.0,6.7851744,0.0
TEST_combined_extreme_hetero_14413,cluster_13546492148_1838721956,151.0,0.0,1,0.5986556983864046,0.0,0.0,0.0,15.0,-0.75,5.0,7.540388,0.0
TEST_combined_extreme_hetero_14413,cluster_13546492148_1838721956,156.0,5.0,1,0.0014133563895927,0.0,0.0,0.0,0.0,0.25,10.0,4.601558,5.0
TEST_combined_extreme_hetero_14413,cluster_13546492148_1838721956,161.0,5.0,1,0.0,5.0,0.0,0.0,0.0,0.25,10.0,4.31049,5.0
TEST_combined_extreme_hetero_14413,cluster_13546492148_1838721956,166.0,5.0,1,0.0,5.0,5.0,0.0,0.0,0.25,0.0,4.31049,5.0
TEST_combined_extreme_hetero_14413,cluster_13546492148_1838721956,171.0,5.0,1,0.0,5.0,5.0,5.0,0.0,0.25,5.0,4.31049,5.0
TEST_combined_extreme_hetero_14413,cluster_13546492148_1838721956,176.0,10.0,2,0.0275230669450972,5.0,5.0,5.0,5.0,0.25,5.0,6.9738283,10.0
TEST_combined_extreme_hetero_14413,cluster_13546492148_1838721956,181.0,0.0,0,0.0,10.0,5.0,5.0,5.0,-0.25,5.0,5.3519025,0.0
TEST_combined_extreme_hetero_14413,cluster_13546492148_1838721956,186.0,0.0,0,0.0,0.0,10.0,5.0,5.0,-0.25,5.0,6.3771977,0.0
TEST_combined_extreme_hetero_14413,cluster_13546492148_1838721956,191.0,5.0,1,0.0457912936104473,0.0,0.0,10.0,5.0,0.0,5.0,6.45915,5.0
TEST_combined_extreme_hetero_14413,cluster_13546492148_1838721956,196.0,5.0,2,30.27690157005553,5.0,0.0,0.0,10.0,-0.25,10.0,19.760035,5.0
TEST_combined_extreme_hetero_14413,cluster_13546492148_1838721956,201.0,5.0,1,0.0,5.0,5.0,0.0,0.0,0.25,15.0,4.31049,5.0
TEST_combined_extreme_hetero_14413,cluster_13546492148_1838721956,206.0,5.0,1,0.0,5.0,5.0,5.0,0.0,0.25,15.0,4.31049,5.0
TEST_combined_extreme_hetero_14413,cluster_13546492148_1838721956,211.0,5.0,2,0.28694277989032,5.0,5.0,5.0,5.0,0.0,0.0,6.772884,5.0
TEST_combined_extreme_hetero_14413,cluster_13546492148_1838721956,216.0,10.0,2,0.0,5.0,5.0,5.0,5.0,0.25,0.0,6.3823624,10.0
TEST_combined_extreme_hetero_14413,cluster_13546492148_1838721956,221.0,10.0,2,0.0,10.0,5.0,5.0,5.0,0.25,0.0,6.3823624,10.0
TEST_combined_extreme_hetero_14413,cluster_13546492148_1838721956,226.0,0.0,3,5.283505452905775,10.0,10.0,5.0,5.0,-0.25,0.0,17.852097,0.0
TEST_combined_extreme_hetero_14413,cluster_13546492148_1838721956,231.0,5.0,1,0.0275417655706041,0.0,10.0,10.0,5.0,0.0,0.0,6.45915,5.0
TEST_combined_extreme_hetero_14413,cluster_13546492148_1838721956,236.0,5.0,1,0.0,5.0,0.0,10.0,10.0,-0.25,5.0,7.406266,5.0
TEST_combined_extreme_hetero_14413,cluster_13546492148_1838721956,241.0,5.0,1,0.0,5.0,5.0,0.0,10.0,-0.25,5.0,7.406266,5.0
TEST_combined_extreme_hetero_14413,cluster_13546492148_1838721956,246.0,5.0,1,0.0,5.0,5.0,5.0,0.0,0.25,5.0,4.31049,5.0
TEST_combined_extreme_hetero_14413,cluster_13546492148_1838721956,251.0,5.0,1,0.0,5.0,5.0,5.0,5.0,0.0,10.0,5.867684,5.0
TEST_combined_extreme_hetero_14413,cluster_13546492148_1838721956,256.0,10.0,2,0.0300398238860043,5.0,5.0,5.0,5.0,0.25,5.0,6.9738283,10.0
TEST_combined_extreme_hetero_14413,cluster_13546492148_1838721956,261.0,15.0,3,0.0585219631140209,10.0,5.0,5.0,5.0,0.5,5.0,10.402369,15.0
TEST_combined_extreme_hetero_14413,cluster_13546492148_1838721956,266.0,15.0,3,0.0001369248079012,15.0,10.0,5.0,5.0,0.5,10.0,9.469972,15.0
TEST_combined_extreme_hetero_14413,cluster_13546492148_1838721956,271.0,0.0,1,1.9059441690333188,15.0,15.0,10.0,5.0,-0.25,10.0,7.0301876,0.0
TEST_combined_extreme_hetero_14413,cluster_13546492148_1838721956,276.0,0.0,1,11.02198981093831,0.0,15.0,15.0,10.0,-0.5,10.0,10.373347,0.0
TEST_combined_extreme_hetero_14413,cluster_13546492148_1838721956,281.0,0.0,0,0.0,0.0,0.0,15.0,15.0,-0.75,15.0,6.7851744,0.0
TEST_combined_extreme_hetero_14413,cluster_13546492148_1838721956,286.0,0.0,0,0.0,0.0,0.0,0.0,15.0,-0.75,25.0,6.7851744,0.0
TEST_combined_extreme_hetero_14413,cluster_13546492148_1838721956,291.0,0.0,0,0.0,0.0,0.0,0.0,0.0,0.0,25.0,1.363607,0.0
TEST_combined_extreme_hetero_14413,cluster_13546492148_1838721956,296.0,5.0,1,0.0018587848830598,0.0,0.0,0.0,0.0,0.25,25.0,5.3307853,5.0
TEST_combined_extreme_hetero_14413,cluster_13546492148_1838721956,301.0,5.0,2,30.12074646834288,5.0,0.0,0.0,0.0,0.25,10.0,13.094357,5.0
TEST_combined_extreme_hetero_14413,cluster_13546492148_1838721956,306.0,5.0,1,0.0,5.0,5.0,0.0,0.0,0.25,5.0,4.31049,5.0
TEST_combined_extreme_hetero_14413,cluster_13546492148_1838721956,311.0,10.0,3,14.17691715394918,5.0,5.0,5.0,0.0,0.5,10.0,13.152664,10.0
TEST_combined_extreme_hetero_14413,cluster_13546492148_1838721956,316.0,5.0,1,0.0414386829100902,10.0,5.0,5.0,5.0,0.0,10.0,6.45915,5.0
TEST_combined_extreme_hetero_14413,cluster_13546492148_1838721956,321.0,5.0,2,1.126649543559325,5.0,10.0,5.0,5.0,0.0,10.0,6.5194488,5.0
TEST_combined_extreme_hetero_14413,cluster_13546492148_1838721956,326.0,10.0,3,8.591135377302146,5.0,5.0,10.0,5.0,0.25,10.0,10.712668,10.0
TEST_combined_extreme_hetero_14413,cluster_13546492148_1838721956,331.0,10.0,2,0.0,10.0,5.0,5.0,10.0,0.0,10.0,6.464632,10.0
TEST_combined_extreme_hetero_14413,cluster_13546492148_1838721956,336.0,10.0,3,0.128662046087928,10.0,10.0,5.0,5.0,0.25,10.0,9.706436,10.0
TEST_combined_extreme_hetero_14413,cluster_13546492148_1838721956,341.0,15.0,3,0.0001273822425023,10.0,10.0,10.0,5.0,0.5,10.0,9.010549,15.0
TEST_combined_extreme_hetero_14413,cluster_13546492148_1838721956,346.0,25.0,5,0.0207972833002821,15.0,10.0,10.0,10.0,0.75,5.0,10.61277,25.0
TEST_combined_extreme_hetero_14413,cluster_13546492148_1838721956,351.0,25.0,5,0.0001048406620898,25.0,15.0,10.0,10.0,0.75,10.0,7.873611,25.0
TEST_combined_extreme_hetero_14413,cluster_13546492148_1838721956,356.0,25.0,5,0.0,25.0,25.0,15.0,10.0,0.75,10.0,11.907052,25.0
TEST_combined_extreme_hetero_14413,cluster_13546492148_1838721956,361.0,10.0,2,0.0,25.0,25.0,25.0,15.0,-0.25,10.0,19.552574,10.0
TEST_combined_extreme_hetero_14413,cluster_13546492148_1838721956,366.0,5.0,3,11.368691131936002,10.0,25.0,25.0,25.0,-1.0,10.0,47.122147,5.0
TEST_combined_extreme_hetero_14413,cluster_13546492148_1838721956,371.0,10.0,2,0.0018449290816707,5.0,10.0,25.0,25.0,-0.75,15.0,28.955898,10.0
TEST_combined_extreme_hetero_14413,cluster_13546492148_1838721956,376.0,10.0,3,17.605561679732393,10.0,5.0,10.0,25.0,-0.75,20.0,49.473915,10.0
TEST_combined_extreme_hetero_14413,cluster_13546492148_1838721956,381.0,10.0,2,0.0,10.0,10.0,5.0,10.0,0.0,20.0,6.464632,10.0
TEST_combined_extreme_hetero_14413,cluster_13546492148_1838721956,386.0,10.0,2,0.0,10.0,10.0,10.0,5.0,0.25,20.0,6.3823624,10.0
TEST_combined_extreme_hetero_14413,cluster_13546492148_1838721956,391.0,10.0,2,0.0,10.0,10.0,10.0,10.0,0.0,10.0,6.464632,10.0
TEST_combined_extreme_hetero_14413,cluster_13546492148_1838721956,396.0,10.0,2,0.0,10.0,10.0,10.0,10.0,0.0,0.0,6.464632,10.0
TEST_combined_extreme_hetero_14413,cluster_13546492148_1838721956,401.0,10.0,2,0.0,10.0,10.0,10.0,10.0,0.0,0.0,6.464632,10.0
TEST_combined_extreme_hetero_14413,cluster_13546492148_1838721956,406.0,5.0,3,2.594453010621539,10.0,10.0,10.0,10.0,-0.25,0.0,15.609146,5.0
TEST_combined_extreme_hetero_14413,cluster_13546492148_1838721956,411.0,10.0,2,0.0001992223918988,5.0,10.0,10.0,10.0,0.0,5.0,6.464632,10.0
TEST_combined_extreme_hetero_14413,cluster_13546492148_1838721956,416.0,10.0,2,0.0,10.0,5.0,10.0,10.0,0.0,10.0,6.464632,10.0
TEST_combined_extreme_hetero_14413,cluster_13546492148_1838721956,421.0,10.0,2,0.0,10.0,10.0,5.0,10.0,0.0,10.0,6.464632,10.0
TEST_combined_extreme_hetero_14413,cluster_13546492148_1838721956,426.0,10.0,3,0.4290045752706101,10.0,10.0,10.0,5.0,0.25,10.0,9.247013,10.0
TEST_combined_extreme_hetero_14413,cluster_13546492148_1838721956,431.0,15.0,3,0.0002841135447707,10.0,10.0,10.0,10.0,0.25,15.0,8.646792,15.0
TEST_combined_extreme_hetero_14413,cluster_13546492148_1838721956,436.0,20.0,4,0.0628819178385234,15.0,10.0,10.0,10.0,0.5,0.0,10.3606,20.0
TEST_combined_extreme_hetero_14413,cluster_13546492148_1838721956,441.0,20.0,4,0.0,20.0,15.0,10.0,10.0,0.5,0.0,8.247464,20.0
TEST_combined_extreme_hetero_14413,cluster_13546492148_1838721956,446.0,20.0,4,0.0,20.0,20.0,15.0,10.0,0.5,5.0,8.247464,20.0
TEST_combined_extreme_hetero_14413,cluster_13546492148_1838721956,451.0,10.0,2,0.0135157832135344,20.0,20.0,20.0,15.0,-0.25,5.0,17.212467,10.0
TEST_combined_extreme_hetero_14413,cluster_13546492148_1838721956,456.0,0.0,0,0.0,10.0,20.0,20.0,20.0,-1.0,5.0,8.208739,0.0
TEST_combined_extreme_hetero_14413,cluster_13546492148_1838721956,461.0,0.0,0,0.0,0.0,10.0,20.0,20.0,-1.0,15.0,8.593481,0.0
TEST_combined_extreme_hetero_14413,cluster_13546492148_1838721956,466.0,0.0,0,0.0,0.0,0.0,10.0,20.0,-1.0,15.0,7.524607,0.0
TEST_combined_extreme_hetero_14413,cluster_13546492148_1838721956,471.0,5.0,1,0.0767918972869027,0.0,0.0,0.0,10.0,-0.25,15.0,8.311465,5.0
TEST_combined_extreme_hetero_14413,cluster_13546492148_1838721956,476.0,10.0,3,18.55034426477756,5.0,0.0,0.0,0.0,0.5,15.0,18.052504,10.0
TEST_combined_extreme_hetero_14413,cluster_13546492148_1838721956,481.0,10.0,3,28.608084592045834,10.0,5.0,0.0,0.0,0.5,10.0,49.7497,10.0
TEST_combined_extreme_hetero_14413,cluster_13546492148_1838721956,486.0,10.0,2,0.0,10.0,10.0,5.0,0.0,0.5,10.0,4.8251686,10.0
TEST_combined_extreme_hetero_14413,cluster_13546492148_1838721956,491.0,15.0,3,0.0526434254428589,10.0,10.0,10.0,5.0,0.5,10.0,9.9429455,15.0
TEST_combined_extreme_hetero_14413,cluster_13546492148_1838721956,496.0,0.0,0,0.0,15.0,10.0,10.0,10.0,-0.5,10.0,5.434172,0.0
TEST_combined_extreme_hetero_14413,cluster_13546492148_1838721956,501.0,0.0,1,33.96848371716811,0.0,15.0,10.0,10.0,-0.5,15.0,12.194044,0.0
TEST_combined_extreme_hetero_14413,cluster_13546492148_1838721956,506.0,5.0,1,0.0821812620544512,0.0,0.0,15.0,10.0,-0.25,15.0,8.311465,5.0
TEST_combined_extreme_hetero_14413,cluster_13546492148_1838721956,511.0,5.0,2,41.52866827881666,5.0,0.0,0.0,15.0,-0.5,15.0,11.761112,5.0
TEST_combined_extreme_hetero_14413,cluster_13546492148_1838721956,516.0,5.0,2,11.449758597400196,5.0,5.0,0.0,0.0,0.25,15.0,5.97805,5.0
TEST_combined_extreme_hetero_14413,cluster_13546492148_1838721956,521.0,15.0,3,0.0047460137203367,5.0,5.0,5.0,0.0,0.75,15.0,6.648758,15.0
TEST_combined_extreme_hetero_14413,cluster_13546492148_1838721956,526.0,15.0,3,0.0,15.0,5.0,5.0,5.0,0.5,0.0,9.469972,15.0
TEST_combined_extreme_hetero_14413,cluster_13546492148_1838721956,531.0,15.0,3,0.0,15.0,15.0,5.0,5.0,0.5,0.0,10.110523,15.0
TEST_combined_extreme_hetero_14413,cluster_13546492148_1838721956,536.0,15.0,3,0.0,15.0,15.0,15.0,5.0,0.5,0.0,9.6511,15.0
TEST_combined_extreme_hetero_14413,cluster_13546492148_1838721956,541.0,10.0,3,0.7412759996477524,15.0,15.0,15.0,15.0,-0.25,0.0,18.206274,10.0
TEST_combined_extreme_hetero_14413,cluster_13546492148_1838721956,546.0,10.0,3,6.82194110647283,10.0,15.0,15.0,15.0,-0.25,10.0,26.303373,10.0
TEST_combined_extreme_hetero_14413,cluster_13546492148_1838721956,551.0,10.0,3,15.242334936533338,10.0,10.0,15.0,15.0,-0.25,15.0,28.833961,10.0
TEST_combined_extreme_hetero_14413,cluster_13546492148_1838721956,556.0,10.0,2,0.0,10.0,10.0,10.0,15.0,-0.25,15.0,14.802054,10.0
TEST_combined_extreme_hetero_14413,cluster_13546492148_1838721956,561.0,15.0,3,0.0367085294460728,10.0,10.0,10.0,10.0,0.25,15.0,9.579189,15.0
TEST_combined_extreme_hetero_14413,cluster_13546492148_1838721956,566.0,15.0,3,0.0,15.0,10.0,10.0,10.0,0.25,15.0,8.646792,15.0
TEST_combined_extreme_hetero_14413,cluster_13546492148_1838721956,571.0,15.0,3,0.0,15.0,15.0,10.0,10.0,0.25,10.0,9.287345,15.0
TEST_combined_extreme_hetero_14413,cluster_13546492148_1838721956,576.0,15.0,4,17.93212138978299,15.0,15.0,15.0,10.0,0.25,5.0,21.76059,15.0
TEST_combined_extreme_hetero_14413,cluster_13546492148_1838721956,581.0,15.0,3,0.0,15.0,15.0,15.0,15.0,0.0,5.0,9.780973,15.0
TEST_combined_extreme_hetero_14413,cluster_13546492148_1838721956,586.0,0.0,0,0.0,15.0,15.0,15.0,15.0,-0.75,5.0,6.40043,0.0
TEST_combined_extreme_hetero_14413,cluster_13546492148_1838721956,591.0,0.0,0,0.0,0.0,15.0,15.0,15.0,-0.75,5.0,7.4257255,0.0
TEST_combined_extreme_hetero_14413,cluster_13546492148_1838721956,596.0,0.0,0,0.0,0.0,0.0,15.0,15.0,-0.75,10.0,6.7851744,0.0
TEST_combined_extreme_hetero_14413,cluster_13546492148_1838721956,601.0,0.0,1,10.275474299221086,0.0,0.0,0.0,15.0,-0.75,10.0,10.328009,0.0
TEST_combined_extreme_hetero_14413,cluster_13546492148_1838721956,606.0,10.0,3,2.3863036489834872,0.0,0.0,0.0,0.0,0.5,10.0,0.8580209,10.0
TEST_combined_extreme_hetero_14413,cluster_13546492148_1838721956,611.0,15.0,3,0.0005962443999376,10.0,0.0,0.0,0.0,0.75,10.0,6.4771914,15.0
TEST_combined_extreme_hetero_14413,cluster_13546492148_1838721956,616.0,15.0,3,0.0,15.0,10.0,0.0,0.0,0.75,0.0,6.4771914,15.0
TEST_combined_extreme_hetero_14413,cluster_13546492148_1838721956,621.0,15.0,3,0.0,15.0,15.0,10.0,0.0,0.75,0.0,6.6260247,15.0
TEST_combined_extreme_hetero_14413,cluster_13546492148_1838721956,626.0,15.0,3,0.0,15.0,15.0,15.0,10.0,0.25,0.0,9.287345,15.0
TEST_combined_extreme_hetero_14413,cluster_13546492148_1838721956,631.0,10.0,3,1.1591476185059182,15.0,15.0,15.0,15.0,-0.25,0.0,18.206274,10.0
TEST_combined_extreme_hetero_14413,cluster_13546492148_1838721956,636.0,5.0,2,7.729585790644032,10.0,15.0,15.0,15.0,-0.5,5.0,15.088481,5.0
TEST_combined_extreme_hetero_14413,cluster_13546492148_1838721956,641.0,5.0,2,16.3928275340602,5.0,10.0,15.0,15.0,-0.5,5.0,13.749755,5.0
TEST_combined_extreme_hetero_14413,cluster_13546492148_1838721956,646.0,5.0,2,34.150293366171134,5.0,5.0,10.0,15.0,-0.5,10.0,18.591799,5.0
TEST_combined_extreme_hetero_14413,cluster_13546492148_1838721956,651.0,5.0,1,0.0,5.0,5.0,5.0,10.0,-0.25,10.0,7.406266,5.0
TEST_combined_extreme_hetero_14413,cluster_13546492148_1838721956,656.0,10.0,2,0.1518141069542213,5.0,5.0,5.0,5.0,0.25,10.0,7.2875624,10.0
TEST_combined_extreme_hetero_14413,cluster_13546492148_1838721956,661.0,10.0,2,0.0,10.0,5.0,5.0,5.0,0.25,0.0,6.3823624,10.0
TEST_combined_extreme_hetero_14413,cluster_13546492148_1838721956,666.0,10.0,2,0.0,10.0,10.0,5.0,5.0,0.25,0.0,6.3823624,10.0
TEST_combined_extreme_hetero_14413,cluster_13546492148_1838721956,671.0,10.0,2,0.0,10.0,10.0,10.0,5.0,0.25,0.0,6.3823624,10.0
TEST_combined_extreme_hetero_14413,cluster_13546492148_1838721956,676.0,0.0,0,0.0,10.0,10.0,10.0,10.0,-0.5,0.0,5.434172,0.0
TEST_combined_extreme_hetero_14413,cluster_13546492148_1838721956,681.0,0.0,1,16.51235716540154,0.0,10.0,10.0,10.0,-0.5,0.0,10.232121,0.0
TEST_combined_extreme_hetero_14413,cluster_13546492148_1838721956,686.0,0.0,0,0.0,0.0,0.0,10.0,10.0,-0.5,0.0,6.4594674,0.0
TEST_combined_extreme_hetero_14413,cluster_13546492148_1838721956,691.0,0.0,1,0.4433605973239068,0.0,0.0,0.0,10.0,-0.5,0.0,7.4972014,0.0
TEST_combined_extreme_hetero_14413,cluster_13546492148_1838721956,696.0,5.0,1,0.002462483807899,0.0,0.0,0.0,0.0,0.25,5.0,5.3307853,5.0
TEST_combined_extreme_hetero_14413,cluster_13546492148_1838721956,701.0,5.0,1,0.0,5.0,0.0,0.0,0.0,0.25,5.0,4.31049,5.0
TEST_combined_extreme_hetero_14413,cluster_13546492148_1838721956,706.0,10.0,2,0.0076400828446291,5.0,5.0,0.0,0.0,0.5,0.0,6.497918,10.0
TEST_combined_extreme_hetero_14413,cluster_13546492148_1838721956,711.0,10.0,2,0.0,10.0,5.0,5.0,0.0,0.5,0.0,4.8251686,10.0
TEST_combined_extreme_hetero_14413,cluster_13546492148_1838721956,716.0,10.0,2,0.0,10.0,10.0,5.0,5.0,0.25,0.0,6.3823624,10.0
TEST_combined_extreme_hetero_14413,cluster_13546492148_1838721956,721.0,0.0,0,0.0,10.0,10.0,10.0,5.0,-0.25,5.0,5.3519025,0.0
TEST_combined_extreme_hetero_14413,cluster_13546492148_1838721956,726.0,0.0,0,0.0,0.0,10.0,10.0,10.0,-0.5,5.0,6.4594674,0.0
TEST_combined_extreme_hetero_14413,cluster_13546492148_1838721956,731.0,0.0,0,0.0,0.0,0.0,10.0,10.0,-0.5,5.0,6.4594674,0.0
TEST_combined_extreme_hetero_14413,cluster_13546492148_1838721956,736.0,0.0,0,0.0,0.0,0.0,0.0,10.0,-0.5,5.0,6.4594674,0.0
TEST_combined_extreme_hetero_14413,cluster_2061304035_245647208,16.0,0.0,0,0.0,0.0,0.0,0.0,0.0,0.0,0.0,1.363607,0.0
TEST_combined_extreme_hetero_14413,cluster_2061304035_245647208,21.0,0.0,0,0.0,0.0,0.0,0.0,0.0,0.0,0.0,1.363607,0.0
TEST_combined_extreme_hetero_14413,cluster_2061304035_245647208,26.0,0.0,0,0.0,0.0,0.0,0.0,0.0,0.0,0.0,1.363607,0.0
TEST_combined_extreme_hetero_14413,cluster_2061304035_245647208,31.0,0.0,0,0.0,0.0,0.0,0.0,0.0,0.0,0.0,1.363607,0.0
TEST_combined_extreme_hetero_14413,cluster_2061304035_245647208,36.0,0.0,0,0.0,0.0,0.0,0.0,0.0,0.0,0.0,1.363607,0.0
TEST_combined_extreme_hetero_14413,cluster_2061304035_245647208,41.0,0.0,0,0.0,0.0,0.0,0.0,0.0,0.0,0.0,1.363607,0.0
TEST_combined_extreme_hetero_14413,cluster_2061304035_245647208,46.0,0.0,0,0.0,0.0,0.0,0.0,0.0,0.0,0.0,1.363607,0.0
TEST_combined_extreme_hetero_14413,cluster_2061304035_245647208,51.0,0.0,0,0.0,0.0,0.0,0.0,0.0,0.0,5.0,1.363607,0.0
TEST_combined_extreme_hetero_14413,cluster_2061304035_245647208,56.0,0.0,0,0.0,0.0,0.0,0.0,0.0,0.0,5.0,1.363607,0.0
TEST_combined_extreme_hetero_14413,cluster_2061304035_245647208,61.0,0.0,0,0.0,0.0,0.0,0.0,0.0,0.0,5.0,1.363607,0.0
TEST_combined_extreme_hetero_14413,cluster_2061304035_245647208,66.0,0.0,0,0.0,0.0,0.0,0.0,0.0,0.0,5.0,1.363607,0.0
TEST_combined_extreme_hetero_14413,cluster_2061304035_245647208,71.0,0.0,1,45.47756285327486,0.0,0.0,0.0,0.0,0.0,10.0,15.257093,0.0
TEST_combined_extreme_hetero_14413,cluster_2061304035_245647208,76.0,0.0,0,0.0,0.0,0.0,0.0,0.0,0.0,5.0,1.363607,0.0
TEST_combined_extreme_hetero_14413,cluster_2061304035_245647208,81.0,0.0,0,0.0,0.0,0.0,0.0,0.0,0.0,0.0,1.363607,0.0
TEST_combined_extreme_hetero_14413,cluster_2061304035_245647208,86.0,0.0,0,0.0,0.0,0.0,0.0,0.0,0.0,0.0,1.363607,0.0
TEST_combined_extreme_hetero_14413,cluster_2061304035_245647208,91.0,0.0,0,0.0,0.0,0.0,0.0,0.0,0.0,0.0,1.363607,0.0
TEST_combined_extreme_hetero_14413,cluster_2061304035_245647208,96.0,0.0,0,0.0,0.0,0.0,0.0,0.0,0.0,0.0,1.363607,0.0
TEST_combined_extreme_hetero_14413,cluster_2061304035_245647208,101.0,0.0,0,0.0,0.0,0.0,0.0,0.0,0.0,0.0,1.363607,0.0
TEST_combined_extreme_hetero_14413,cluster_2061304035_245647208,106.0,0.0,2,53.21508219702839,0.0,0.0,0.0,0.0,0.0,0.0,1.6634777,0.0
TEST_combined_extreme_hetero_14413,cluster_2061304035_245647208,111.0,5.0,2,17.809706538002686,0.0,0.0,0.0,0.0,0.25,0.0,9.331767,5.0
TEST_combined_extreme_hetero_14413,cluster_2061304035_245647208,116.0,5.0,1,0.0,5.0,0.0,0.0,0.0,0.25,0.0,4.31049,5.0
TEST_combined_extreme_hetero_14413,cluster_2061304035_245647208,121.0,5.0,1,0.0,5.0,5.0,0.0,0.0,0.25,5.0,4.31049,5.0
TEST_combined_extreme_hetero_14413,cluster_2061304035_245647208,126.0,5.0,2,0.3819799682334807,5.0,5.0,5.0,0.0,0.25,5.0,5.4441495,5.0
TEST_combined_extreme_hetero_14413,cluster_2061304035_245647208,131.0,10.0,2,0.0,5.0,5.0,5.0,5.0,0.25,5.0,6.3823624,10.0
TEST_combined_extreme_hetero_14413,cluster_2061304035_245647208,136.0,5.0,2,0.4984123687056801,10.0,5.0,5.0,5.0,0.0,5.0,6.772884,5.0
TEST_combined_extreme_hetero_14413,cluster_2061304035_245647208,141.0,0.0,0,0.0,5.0,10.0,5.0,5.0,-0.25,15.0,5.3519025,0.0
TEST_combined_extreme_hetero_14413,cluster_2061304035_245647208,146.0,0.0,1,103.07075054962188,0.0,5.0,10.0,5.0,-0.25,25.0,11.511118,0.0
TEST_combined_extreme_hetero_14413,cluster_2061304035_245647208,151.0,0.0,1,58.80694948938631,0.0,0.0,5.0,10.0,-0.5,35.0,11.901757,0.0
TEST_combined_extreme_hetero_14413,cluster_2061304035_245647208,156.0,0.0,1,45.12058582645068,0.0,0.0,0.0,5.0,-0.25,35.0,18.735823,0.0
TEST_combined_extreme_hetero_14413,cluster_2061304035_245647208,161.0,0.0,2,46.06019901457151,0.0,0.0,0.0,0.0,0.0,35.0,14.093554,0.0
TEST_combined_extreme_hetero_14413,cluster_2061304035_245647208,166.0,0.0,0,0.0,0.0,0.0,0.0,0.0,0.0,20.0,1.363607,0.0
TEST_combined_extreme_hetero_14413,cluster_2061304035_245647208,171.0,0.0,0,0.0,0.0,0.0,0.0,0.0,0.0,0.0,1.363607,0.0
TEST_combined_extreme_hetero_14413,cluster_2061304035_245647208,176.0,0.0,3,42.81944967895216,0.0,0.0,0.0,0.0,0.0,0.0,22.408077,0.0
TEST_combined_extreme_hetero_14413,cluster_2061304035_245647208,181.0,5.0,1,0.2646220815730502,0.0,0.0,0.0,0.0,0.25,0.0,5.4441495,5.0
TEST_combined_extreme_hetero_14413,cluster_2061304035_245647208,186.0,5.0,1,0.0,5.0,0.0,0.0,0.0,0.25,0.0,4.31049,5.0
TEST_combined_extreme_hetero_14413,cluster_2061304035_245647208,191.0,5.0,1,0.0,5.0,5.0,0.0,0.0,0.25,0.0,4.31049,5.0
TEST_combined_extreme_hetero_14413,cluster_2061304035_245647208,196.0,5.0,4,22.69424738729744,5.0,5.0,5.0,0.0,0.25,0.0,36.7824,5.0
TEST_combined_extreme_hetero_14413,cluster_2061304035_245647208,201.0,15.0,6,4.957934482032797,5.0,5.0,5.0,5.0,0.5,0.0,16.372448,15.0
TEST_combined_extreme_hetero_14413,cluster_2061304035_245647208,206.0,25.0,7,8.85217133439928,15.0,5.0,5.0,5.0,1.0,0.0,14.733923,25.0
TEST_combined_extreme_hetero_14413,cluster_2061304035_245647208,211.0,35.0,7,0.0034604476515156,25.0,15.0,5.0,5.0,1.5,0.0,14.223116,35.0
TEST_combined_extreme_hetero_14413,cluster_2061304035_245647208,216.0,35.0,7,0.0,35.0,25.0,15.0,5.0,1.5,0.0,17.836178,35.0
TEST_combined_extreme_hetero_14413,cluster_2061304035_245647208,221.0,35.0,7,0.0,35.0,35.0,25.0,15.0,1.0,5.0,16.361277,35.0
TEST_combined_extreme_hetero_14413,cluster_2061304035_245647208,226.0,20.0,4,0.0,35.0,35.0,35.0,25.0,-0.25,5.0,23.66347,20.0
TEST_combined_extreme_hetero_14413,cluster_2061304035_245647208,231.0,0.0,0,0.0,20.0,35.0,35.0,35.0,-1.75,15.0,50.775455,0.0
TEST_combined_extreme_hetero_14413,cluster_2061304035_245647208,236.0,0.0,0,0.0,0.0,20.0,35.0,35.0,-1.75,20.0,52.548855,0.0
TEST_combined_extreme_hetero_14413,cluster_2061304035_245647208,241.0,0.0,1,97.51572827283135,0.0,0.0,20.0,35.0,-1.75,25.0,17.00289,0.0
TEST_combined_extreme_hetero_14413,cluster_2061304035_245647208,246.0,0.0,1,88.50861051594839,0.0,0.0,0.0,20.0,-1.0,25.0,33.61943,0.0
TEST_combined_extreme_hetero_14413,cluster_2061304035_245647208,251.0,0.0,0,0.0,0.0,0.0,0.0,0.0,0.0,25.0,1.363607,0.0
TEST_combined_extreme_hetero_14413,cluster_2061304035_245647208,256.0,0.0,1,17.511621311433927,0.0,0.0,0.0,0.0,0.0,20.0,9.290538,0.0
TEST_combined_extreme_hetero_14413,cluster_2061304035_245647208,261.0,0.0,0,0.0,0.0,0.0,0.0,0.0,0.0,10.0,1.363607,0.0
TEST_combined_extreme_hetero_14413,cluster_2061304035_245647208,266.0,0.0,0,0.0,0.0,0.0,0.0,0.0,0.0,5.0,1.363607,0.0
TEST_combined_extreme_hetero_14413,cluster_2061304035_245647208,271.0,0.0,1,37.29622457928602,0.0,0.0,0.0,0.0,0.0,5.0,10.642577,0.0
TEST_combined_extreme_hetero_14413,cluster_2061304035_245647208,276.0,0.0,1,35.69843708048251,0.0,0.0,0.0,0.0,0.0,5.0,10.642577,0.0
TEST_combined_extreme_hetero_14413,cluster_2061304035_245647208,281.0,5.0,1,0.0310311638434733,0.0,0.0,0.0,0.0,0.25,5.0,5.4441495,5.0
TEST_combined_extreme_hetero_14413,cluster_2061304035_245647208,286.0,5.0,3,37.74362150830316,5.0,0.0,0.0,0.0,0.25,5.0,14.148743,5.0
TEST_combined_extreme_hetero_14413,cluster_2061304035_245647208,291.0,15.0,5,11.4237260981894,5.0,5.0,0.0,0.0,0.75,5.0,9.581182,15.0
TEST_combined_extreme_hetero_14413,cluster_2061304035_245647208,296.0,20.0,5,3.617092460229028,15.0,5.0,5.0,0.0,1.0,5.0,4.981175,20.0
TEST_combined_extreme_hetero_14413,cluster_2061304035_245647208,301.0,25.0,5,0.0575538405631214,20.0,15.0,5.0,5.0,1.0,0.0,8.367567,25.0
TEST_combined_extreme_hetero_14413,cluster_2061304035_245647208,306.0,25.0,5,0.0086387296936352,25.0,20.0,15.0,5.0,1.0,0.0,8.238306,25.0
TEST_combined_extreme_hetero_14413,cluster_2061304035_245647208,311.0,25.0,7,13.504225719711425,25.0,25.0,20.0,15.0,0.5,0.0,18.044342,25.0
TEST_combined_extreme_hetero_14413,cluster_2061304035_245647208,316.0,20.0,7,1.2815708003465065,25.0,25.0,25.0,20.0,0.0,0.0,15.680318,20.0
TEST_combined_extreme_hetero_14413,cluster_2061304035_245647208,321.0,10.0,4,1.8341425850491049,20.0,25.0,25.0,25.0,-0.75,0.0,32.64593,10.0
TEST_combined_extreme_hetero_14413,cluster_2061304035_245647208,326.0,5.0,3,4.633937206068316,10.0,20.0,25.0,25.0,-1.0,5.0,53.09508,5.0
TEST_combined_extreme_hetero_14413,cluster_2061304035_245647208,331.0,5.0,5,34.91846732666598,5.0,10.0,20.0,25.0,-1.0,5.0,66.1436,5.0
TEST_combined_extreme_hetero_14413,cluster_2061304035_245647208,336.0,5.0,2,22.815037977141376,5.0,5.0,10.0,20.0,-0.75,20.0,23.988173,5.0
TEST_combined_extreme_hetero_14413,cluster_2061304035_245647208,341.0,5.0,2,27.455435476789905,5.0,5.0,5.0,10.0,-0.25,25.0,35.46846,5.0
TEST_combined_extreme_hetero_14413,cluster_2061304035_245647208,346.0,5.0,2,31.845571832674143,5.0,5.0,5.0,5.0,0.0,10.0,16.170782,5.0
TEST_combined_extreme_hetero_14413,cluster_2061304035_245647208,351.0,5.0,1,0.0,5.0,5.0,5.0,5.0,0.0,0.0,5.867684,5.0
TEST_combined_extreme_hetero_14413,cluster_2061304035_245647208,356.0,5.0,1,0.0,5.0,5.0,5.0,5.0,0.0,0.0,5.867684,5.0
TEST_combined_extreme_hetero_14413,cluster_2061304035_245647208,361.0,0.0,0,0.0,5.0,5.0,5.0,5.0,-0.25,5.0,5.3519025,0.0
TEST_combined_extreme_hetero_14413,cluster_2061304035_245647208,366.0,0.0,0,0.0,0.0,5.0,5.0,5.0,-0.25,5.0,6.3771977,0.0
TEST_combined_extreme_hetero_14413,cluster_2061304035_245647208,371.0,0.0,0,0.0,0.0,0.0,5.0,5.0,-0.25,5.0,6.3771977,0.0
TEST_combined_extreme_hetero_14413,cluster_2061304035_245647208,376.0,0.0,3,55.62545807382312,0.0,0.0,0.0,5.0,-0.25,5.0,8.621131,0.0
TEST_combined_extreme_hetero_14413,cluster_2061304035_245647208,381.0,0.0,2,26.24136279634861,0.0,0.0,0.0,0.0,0.0,5.0,9.839593,0.0
TEST_combined_extreme_hetero_14413,cluster_2061304035_245647208,386.0,5.0,4,21.713052824082272,0.0,0.0,0.0,0.0,0.25,5.0,14.151201,5.0
TEST_combined_extreme_hetero_14413,cluster_2061304035_245647208,391.0,5.0,6,23.14146371917608,5.0,0.0,0.0,0.0,0.25,0.0,16.779112,5.0
TEST_combined_extreme_hetero_14413,cluster_2061304035_245647208,396.0,20.0,5,0.2751120654917289,5.0,5.0,0.0,0.0,1.0,0.0,2.6512852,20.0
TEST_combined_extreme_hetero_14413,cluster_2061304035_245647208,401.0,25.0,5,0.0013620481967631,20.0,5.0,5.0,0.0,1.25,0.0,1.9051112,25.0
TEST_combined_extreme_hetero_14413,cluster_2061304035_245647208,406.0,10.0,2,0.0,25.0,20.0,5.0,5.0,0.25,0.0,6.543753,10.0
TEST_combined_extreme_hetero_14413,cluster_2061304035_245647208,411.0,0.0,3,57.13037395737246,10.0,25.0,20.0,5.0,-0.25,10.0,11.7168455,0.0
TEST_combined_extreme_hetero_14413,cluster_2061304035_245647208,416.0,0.0,1,0.8212985722232788,0.0,10.0,25.0,20.0,-1.0,15.0,10.6349535,0.0
TEST_combined_extreme_hetero_14413,cluster_2061304035_245647208,421.0,5.0,2,31.66375618992649,0.0,0.0,10.0,25.0,-1.0,10.0,44.46211,5.0
TEST_combined_extreme_hetero_14413,cluster_2061304035_245647208,426.0,5.0,2,20.858817643130237,5.0,0.0,0.0,10.0,-0.25,15.0,25.104963,5.0
TEST_combined_extreme_hetero_14413,cluster_2061304035_245647208,431.0,5.0,2,26.700690930616112,5.0,5.0,0.0,0.0,0.25,20.0,8.702621,5.0
TEST_combined_extreme_hetero_14413,cluster_2061304035_245647208,436.0,5.0,2,39.98163940831566,5.0,5.0,5.0,0.0,0.25,15.0,5.5724483,5.0
TEST_combined_extreme_hetero_14413,cluster_2061304035_245647208,441.0,5.0,1,0.0,5.0,5.0,5.0,5.0,0.0,0.0,5.867684,5.0
TEST_combined_extreme_hetero_14413,cluster_2061304035_245647208,446.0,5.0,1,0.0,5.0,5.0,5.0,5.0,0.0,0.0,5.867684,5.0
TEST_combined_extreme_hetero_14413,cluster_2061304035_245647208,451.0,0.0,0,0.0,5.0,5.0,5.0,5.0,-0.25,0.0,5.3519025,0.0
TEST_combined_extreme_hetero_14413,cluster_2061304035_245647208,456.0,0.0,1,11.149987853675633,0.0,5.0,5.0,5.0,-0.25,0.0,8.341742,0.0
TEST_combined_extreme_hetero_14413,cluster_2061304035_245647208,461.0,0.0,0,0.0,0.0,0.0,5.0,5.0,-0.25,0.0,6.3771977,0.0
TEST_combined_extreme_hetero_14413,cluster_2061304035_245647208,466.0,0.0,2,43.15810650804635,0.0,0.0,0.0,5.0,-0.25,0.0,11.279031,0.0
TEST_combined_extreme_hetero_14413,cluster_2061304035_245647208,471.0,10.0,3,0.4154934370200355,0.0,0.0,0.0,0.0,0.5,0.0,0.78272414,10.0
TEST_combined_extreme_hetero_14413,cluster_2061304035_245647208,476.0,15.0,3,0.0006284527520135,10.0,0.0,0.0,0.0,0.75,0.0,6.4771914,15.0
TEST_combined_extreme_hetero_14413,cluster_2061304035_245647208,481.0,10.0,3,4.689760283357887,15.0,10.0,0.0,0.0,0.5,0.0,17.186625,10.0
TEST_combined_extreme_hetero_14413,cluster_2061304035_245647208,486.0,15.0,6,30.884336393612102,10.0,15.0,10.0,0.0,0.75,0.0,44.102066,15.0
TEST_combined_extreme_hetero_14413,cluster_2061304035_245647208,491.0,20.0,6,3.5686981068496224,15.0,10.0,15.0,10.0,0.5,5.0,13.662655,20.0
TEST_combined_extreme_hetero_14413,cluster_2061304035_245647208,496.0,15.0,4,0.1850562001890642,20.0,15.0,10.0,15.0,0.0,10.0,10.951123,15.0
TEST_combined_extreme_hetero_14413,cluster_2061304035_245647208,501.0,0.0,1,20.61770603899777,15.0,20.0,15.0,10.0,-0.5,10.0,16.95731,0.0
TEST_combined_extreme_hetero_14413,cluster_2061304035_245647208,506.0,0.0,0,0.0,0.0,15.0,20.0,15.0,-0.75,15.0,8.4946,0.0
TEST_combined_extreme_hetero_14413,cluster_2061304035_245647208,511.0,0.0,1,71.95658124086549,0.0,0.0,15.0,20.0,-1.0,15.0,9.788005,0.0
TEST_combined_extreme_hetero_14413,cluster_2061304035_245647208,516.0,0.0,0,0.0,0.0,0.0,0.0,15.0,-0.75,30.0,6.7851744,0.0
TEST_combined_extreme_hetero_14413,cluster_2061304035_245647208,521.0,0.0,2,54.88578190673677,0.0,0.0,0.0,0.0,0.0,30.0,2.8011346,0.0
TEST_combined_extreme_hetero_14413,cluster_2061304035_245647208,526.0,0.0,1,26.567067479197917,0.0,0.0,0.0,0.0,0.0,20.0,11.155387,0.0
TEST_combined_extreme_hetero_14413,cluster_2061304035_245647208,531.0,0.0,1,19.857118043490544,0.0,0.0,0.0,0.0,0.0,5.0,8.547714,0.0
TEST_combined_extreme_hetero_14413,cluster_2061304035_245647208,536.0,0.0,0,0.0,0.0,0.0,0.0,0.0,0.0,5.0,1.363607,0.0
TEST_combined_extreme_hetero_14413,cluster_2061304035_245647208,541.0,0.0,0,0.0,0.0,0.0,0.0,0.0,0.0,5.0,1.363607,0.0
TEST_combined_extreme_hetero_14413,cluster_2061304035_245647208,546.0,0.0,1,32.14733986256819,0.0,0.0,0.0,0.0,0.0,5.0,13.994936,0.0
TEST_combined_extreme_hetero_14413,cluster_2061304035_245647208,551.0,5.0,2,6.077153466439336,0.0,0.0,0.0,0.0,0.25,5.0,6.1729155,5.0
TEST_combined_extreme_hetero_14413,cluster_2061304035_245647208,556.0,10.0,4,25.8773681338893,5.0,0.0,0.0,0.0,0.5,5.0,31.413185,10.0
TEST_combined_extreme_hetero_14413,cluster_2061304035_245647208,561.0,10.0,3,1.667097638503649,10.0,5.0,0.0,0.0,0.5,5.0,6.896264,10.0
TEST_combined_extreme_hetero_14413,cluster_2061304035_245647208,566.0,15.0,4,10.4749547089114,10.0,10.0,5.0,0.0,0.75,5.0,12.253645,15.0
TEST_combined_extreme_hetero_14413,cluster_2061304035_245647208,571.0,15.0,6,1.0748981522165977,15.0,10.0,10.0,5.0,0.5,0.0,13.970933,15.0
TEST_combined_extreme_hetero_14413,cluster_2061304035_245647208,576.0,30.0,6,0.0001097964088084,15.0,15.0,10.0,10.0,1.0,5.0,11.907507,30.0
TEST_combined_extreme_hetero_14413,cluster_2061304035_245647208,581.0,30.0,7,6.043780899101106,30.0,15.0,15.0,10.0,1.0,5.0,15.829458,30.0
TEST_combined_extreme_hetero_14413,cluster_2061304035_245647208,586.0,20.0,7,7.192274583536393,30.0,30.0,15.0,15.0,0.25,5.0,22.040243,20.0
TEST_combined_extreme_hetero_14413,cluster_2061304035_245647208,591.0,5.0,6,7.574773112609374,20.0,30.0,30.0,15.0,-0.5,10.0,34.035385,5.0
TEST_combined_extreme_hetero_14413,cluster_2061304035_245647208,596.0,5.0,2,6.791065842144465,5.0,20.0,30.0,30.0,-1.25,15.0,26.598251,5.0
TEST_combined_extreme_hetero_14413,cluster_2061304035_245647208,601.0,5.0,2,25.499770356827163,5.0,5.0,20.0,30.0,-1.25,30.0,50.259212,5.0
TEST_combined_extreme_hetero_14413,cluster_2061304035_245647208,606.0,5.0,2,13.439056180317632,5.0,5.0,5.0,20.0,-0.75,35.0,15.586571,5.0
TEST_combined_extreme_hetero_14413,cluster_2061304035_245647208,611.0,5.0,2,18.22502400600071,5.0,5.0,5.0,5.0,0.0,35.0,4.285275,5.0
TEST_combined_extreme_hetero_14413,cluster_2061304035_245647208,616.0,5.0,5,37.8575685244657,5.0,5.0,5.0,5.0,0.0,25.0,73.064766,5.0
TEST_combined_extreme_hetero_14413,cluster_2061304035_245647208,621.0,5.0,3,13.286957879126456,5.0,5.0,5.0,5.0,0.0,0.0,14.941987,5.0
TEST_combined_extreme_hetero_14413,cluster_2061304035_245647208,626.0,5.0,2,10.21833285292502,5.0,5.0,5.0,5.0,0.0,0.0,7.2042747,5.0
TEST_combined_extreme_hetero_14413,cluster_2061304035_245647208,631.0,0.0,3,22.409606832825517,5.0,5.0,5.0,5.0,-0.25,0.0,29.113367,0.0
TEST_combined_extreme_hetero_14413,cluster_2061304035_245647208,636.0,5.0,1,0.0053345039538895,0.0,5.0,5.0,5.0,0.0,0.0,6.99824,5.0
TEST_combined_extreme_hetero_14413,cluster_2061304035_245647208,641.0,5.0,1,0.0,5.0,0.0,5.0,5.0,0.0,0.0,5.867684,5.0
TEST_combined_extreme_hetero_14413,cluster_2061304035_245647208,646.0,5.0,2,19.482628841940635,5.0,5.0,0.0,5.0,0.0,0.0,11.267805,5.0
TEST_combined_extreme_hetero_14413,cluster_2061304035_245647208,651.0,10.0,3,1.6134417223371609,5.0,5.0,5.0,0.0,0.5,0.0,6.0407634,10.0
TEST_combined_extreme_hetero_14413,cluster_2061304035_245647208,656.0,15.0,6,14.594726227029213,10.0,5.0,5.0,5.0,0.5,0.0,17.468203,15.0
TEST_combined_extreme_hetero_14413,cluster_2061304035_245647208,661.0,30.0,7,0.0877086859037312,15.0,10.0,5.0,5.0,1.25,0.0,16.581259,30.0
TEST_combined_extreme_hetero_14413,cluster_2061304035_245647208,666.0,35.0,8,6.654719318089409,30.0,15.0,10.0,5.0,1.5,5.0,42.23068,35.0
TEST_combined_extreme_hetero_14413,cluster_2061304035_245647208,671.0,35.0,7,0.0,35.0,30.0,15.0,10.0,1.25,5.0,15.641419,35.0
TEST_combined_extreme_hetero_14413,cluster_2061304035_245647208,676.0,25.0,5,0.0010670101812484,35.0,35.0,30.0,15.0,0.5,5.0,13.502611,25.0
TEST_combined_extreme_hetero_14413,cluster_2061304035_245647208,681.0,0.0,3,14.844832183459298,25.0,35.0,35.0,30.0,-1.5,25.0,25.582737,0.0
TEST_combined_extreme_hetero_14413,cluster_2061304035_245647208,686.0,0.0,1,16.87364147779298,0.0,25.0,35.0,35.0,-1.75,25.0,43.9382,0.0
TEST_combined_extreme_hetero_14413,cluster_2061304035_245647208,691.0,0.0,0,0.0,0.0,0.0,25.0,35.0,-1.75,25.0,50.111507,0.0
TEST_combined_extreme_hetero_14413,cluster_2061304035_245647208,696.0,0.0,2,39.20802074294287,0.0,0.0,0.0,25.0,-1.25,25.0,20.781942,0.0
TEST_combined_extreme_hetero_14413,cluster_2061304035_245647208,701.0,0.0,1,22.366706849568057,0.0,0.0,0.0,0.0,0.0,30.0,7.188759,0.0
TEST_combined_extreme_hetero_14413,cluster_2061304035_245647208,706.0,0.0,0,0.0,0.0,0.0,0.0,0.0,0.0,15.0,1.363607,0.0
TEST_combined_extreme_hetero_14413,cluster_2061304035_245647208,711.0,0.0,0,0.0,0.0,0.0,0.0,0.0,0.0,0.0,1.363607,0.0
TEST_combined_extreme_hetero_14413,cluster_2061304035_245647208,716.0,0.0,0,0.0,0.0,0.0,0.0,0.0,0.0,0.0,1.363607,0.0
TEST_combined_extreme_hetero_14413,cluster_2061304035_245647208,721.0,0.0,1,2.394588285374755,0.0,0.0,0.0,0.0,0.0,0.0,4.328601,0.0
TEST_combined_extreme_hetero_14413,cluster_2061304035_245647208,726.0,5.0,2,11.803360578960476,0.0,0.0,0.0,0.0,0.25,0.0,5.97805,5.0
TEST_combined_extreme_hetero_14413,cluster_2061304035_245647208,731.0,5.0,1,0.0,5.0,0.0,0.0,0.0,0.25,0.0,4.31049,5.0
TEST_combined_extreme_hetero_14413,cluster_2061304035_245647208,736.0,5.0,5,23.63675639111712,5.0,5.0,0.0,0.0,0.25,0.0,30.85384,5.0
TEST_combined_extreme_hetero_14413,cluster_245647168_3238255150_3495323634,16.0,0.0,0,0.0,0.0,0.0,0.0,0.0,0.0,10.0,1.363607,0.0
TEST_combined_extreme_hetero_14413,cluster_245647168_3238255150_3495323634,21.0,0.0,0,0.0,0.0,0.0,0.0,0.0,0.0,10.0,1.363607,0.0
TEST_combined_extreme_hetero_14413,cluster_245647168_3238255150_3495323634,26.0,0.0,1,79.39072022113618,0.0,0.0,0.0,0.0,0.0,15.0,9.950874,0.0
TEST_combined_extreme_hetero_14413,cluster_245647168_3238255150_3495323634,31.0,5.0,1,0.0685969365924883,0.0,0.0,0.0,5.0,0.0,10.0,6.772884,5.0
TEST_combined_extreme_hetero_14413,cluster_245647168_3238255150_3495323634,36.0,5.0,1,0.0,5.0,0.0,0.0,0.0,0.0,5.0,4.31049,5.0
TEST_combined_extreme_hetero_14413,cluster_245647168_3238255150_3495323634,41.0,5.0,2,26.31136804042796,5.0,5.0,0.0,0.0,0.0,10.0,10.043668,5.0
TEST_combined_extreme_hetero_14413,cluster_245647168_3238255150_3495323634,46.0,10.0,2,0.0297406904395235,5.0,5.0,5.0,0.0,0.0,15.0,5.958828,10.0
TEST_combined_extreme_hetero_14413,cluster_245647168_3238255150_3495323634,51.0,10.0,3,14.748909409158683,10.0,5.0,5.0,5.0,0.0,15.0,16.671644,10.0
TEST_combined_extreme_hetero_14413,cluster_245647168_3238255150_3495323634,56.0,10.0,2,0.0,10.0,10.0,5.0,5.0,0.0,10.0,6.3823624,10.0
TEST_combined_extreme_hetero_14413,cluster_245647168_3238255150_3495323634,61.0,10.0,2,0.0,10.0,10.0,10.0,5.0,0.0,15.0,6.3823624,10.0
TEST_combined_extreme_hetero_14413,cluster_245647168_3238255150_3495323634,66.0,10.0,2,0.0,10.0,10.0,10.0,10.0,0.0,20.0,6.464632,10.0
TEST_combined_extreme_hetero_14413,cluster_245647168_3238255150_3495323634,71.0,10.0,2,0.0,10.0,10.0,10.0,10.0,0.0,25.0,6.464632,10.0
TEST_combined_extreme_hetero_14413,cluster_245647168_3238255150_3495323634,76.0,10.0,2,0.0,10.0,10.0,10.0,10.0,0.0,20.0,6.464632,10.0
TEST_combined_extreme_hetero_14413,cluster_245647168_3238255150_3495323634,81.0,10.0,3,0.5673464730719461,10.0,10.0,10.0,10.0,0.0,25.0,9.752657,10.0
TEST_combined_extreme_hetero_14413,cluster_245647168_3238255150_3495323634,86.0,15.0,4,20.395567233582888,10.0,10.0,10.0,10.0,0.0,40.0,43.185745,15.0
TEST_combined_extreme_hetero_14413,cluster_245647168_3238255150_3495323634,91.0,10.0,2,0.0,15.0,10.0,10.0,10.0,0.0,60.0,6.464632,10.0
TEST_combined_extreme_hetero_14413,cluster_245647168_3238255150_3495323634,96.0,5.0,3,24.24153271985542,10.0,15.0,10.0,10.0,0.0,70.0,33.34399,5.0
TEST_combined_extreme_hetero_14413,cluster_245647168_3238255150_3495323634,101.0,10.0,3,0.3694186108841594,5.0,10.0,15.0,10.0,0.0,70.0,9.752657,10.0
TEST_combined_extreme_hetero_14413,cluster_245647168_3238255150_3495323634,106.0,15.0,3,0.0009781154822548,10.0,5.0,10.0,15.0,0.0,80.0,9.140422,15.0
TEST_combined_extreme_hetero_14413,cluster_245647168_3238255150_3495323634,111.0,15.0,5,20.21028804084946,15.0,10.0,5.0,10.0,0.25,85.0,47.855835,15.0
TEST_combined_extreme_hetero_14413,cluster_245647168_3238255150_3495323634,116.0,10.0,3,0.7403801577534094,15.0,15.0,10.0,5.0,0.25,95.0,9.6341305,10.0
TEST_combined_extreme_hetero_14413,cluster_245647168_3238255150_3495323634,121.0,15.0,5,20.754033506647303,10.0,15.0,15.0,10.0,0.25,85.0,38.877666,15.0
TEST_combined_extreme_hetero_14413,cluster_245647168_3238255150_3495323634,126.0,20.0,5,8.268245593481979,15.0,10.0,15.0,15.0,0.25,30.0,15.659321,20.0
TEST_combined_extreme_hetero_14413,cluster_245647168_3238255150_3495323634,131.0,25.0,7,14.139250921803496,20.0,15.0,10.0,15.0,0.5,15.0,20.320055,25.0
TEST_combined_extreme_hetero_14413,cluster_245647168_3238255150_3495323634,136.0,20.0,7,12.24637373034695,25.0,20.0,15.0,10.0,0.5,25.0,16.781916,20.0
TEST_combined_extreme_hetero_14413,cluster_245647168_3238255150_3495323634,141.0,25.0,9,12.525113626537271,20.0,25.0,20.0,15.0,0.5,30.0,19.963001,25.0
TEST_combined_extreme_hetero_14413,cluster_245647168_3238255150_3495323634,146.0,40.0,13,13.84923239108439,25.0,20.0,25.0,20.0,1.0,40.0,17.288988,40.0
TEST_combined_extreme_hetero_14413,cluster_245647168_3238255150_3495323634,151.0,60.0,17,14.356581392095372,40.0,25.0,20.0,25.0,1.75,55.0,32.614227,60.0
TEST_combined_extreme_hetero_14413,cluster_245647168_3238255150_3495323634,156.0,70.0,19,3.9549368114770953,60.0,40.0,25.0,20.0,2.5,55.0,23.688448,70.0
TEST_combined_extreme_hetero_14413,cluster_245647168_3238255150_3495323634,161.0,70.0,18,5.925736004707795,70.0,60.0,40.0,25.0,2.25,65.0,33.398235,70.0
TEST_combined_extreme_hetero_14413,cluster_245647168_3238255150_3495323634,166.0,80.0,19,8.236833273662567,70.0,70.0,60.0,40.0,2.0,60.0,31.204254,80.0
TEST_combined_extreme_hetero_14413,cluster_245647168_3238255150_3495323634,171.0,85.0,20,4.456517601261434,80.0,70.0,70.0,60.0,1.25,60.0,31.129608,85.0
TEST_combined_extreme_hetero_14413,cluster_245647168_3238255150_3495323634,176.0,95.0,22,3.443535676187216,85.0,80.0,70.0,70.0,1.25,70.0,32.885757,95.0
TEST_combined_extreme_hetero_14413,cluster_245647168_3238255150_3495323634,181.0,85.0,23,6.215943044655066,95.0,85.0,80.0,70.0,0.75,90.0,52.23742,85.0
TEST_combined_extreme_hetero_14413,cluster_245647168_3238255150_3495323634,186.0,30.0,18,5.270317402929321,85.0,95.0,85.0,80.0,-2.5,90.0,27.806677,30.0
TEST_combined_extreme_hetero_14413,cluster_245647168_3238255150_3495323634,191.0,15.0,15,15.006087025592208,30.0,85.0,95.0,85.0,-3.5,95.0,36.448196,15.0
TEST_combined_extreme_hetero_14413,cluster_245647168_3238255150_3495323634,196.0,25.0,12,9.149079227871283,15.0,30.0,85.0,95.0,-3.5,95.0,38.536446,25.0
TEST_combined_extreme_hetero_14413,cluster_245647168_3238255150_3495323634,201.0,30.0,11,2.339346466602282,25.0,15.0,30.0,85.0,-2.75,100.0,64.99101,30.0
TEST_combined_extreme_hetero_14413,cluster_245647168_3238255150_3495323634,206.0,40.0,13,12.154236671284142,30.0,25.0,15.0,30.0,0.5,105.0,31.062664,40.0
TEST_combined_extreme_hetero_14413,cluster_245647168_3238255150_3495323634,211.0,55.0,14,4.240894752546128,40.0,30.0,25.0,15.0,2.0,95.0,26.567673,55.0
TEST_combined_extreme_hetero_14413,cluster_245647168_3238255150_3495323634,216.0,55.0,13,1.557418735875414,55.0,40.0,30.0,25.0,1.5,50.0,29.001757,55.0
TEST_combined_extreme_hetero_14413,cluster_245647168_3238255150_3495323634,221.0,65.0,13,0.0081044162108597,55.0,55.0,40.0,30.0,1.75,10.0,24.468386,65.0
TEST_combined_extreme_hetero_14413,cluster_245647168_3238255150_3495323634,226.0,60.0,12,0.0,65.0,55.0,55.0,40.0,1.0,10.0,36.808243,60.0
TEST_combined_extreme_hetero_14413,cluster_245647168_3238255150_3495323634,231.0,60.0,14,3.3067514300049297,60.0,65.0,55.0,55.0,0.25,25.0,38.9819,60.0
TEST_combined_extreme_hetero_14413,cluster_245647168_3238255150_3495323634,236.0,70.0,19,11.32991027634241,60.0,60.0,65.0,55.0,0.75,45.0,47.75214,70.0
TEST_combined_extreme_hetero_14413,cluster_245647168_3238255150_3495323634,241.0,90.0,19,0.1838443822451315,70.0,60.0,60.0,65.0,1.25,85.0,39.27292,90.0
TEST_combined_extreme_hetero_14413,cluster_245647168_3238255150_3495323634,246.0,90.0,20,2.859281597781356,90.0,70.0,60.0,60.0,1.5,115.0,30.847086,90.0
TEST_combined_extreme_hetero_14413,cluster_245647168_3238255150_3495323634,251.0,95.0,19,0.013545697393647,90.0,90.0,70.0,60.0,1.75,120.0,26.07743,95.0
TEST_combined_extreme_hetero_14413,cluster_245647168_3238255150_3495323634,256.0,95.0,19,0.0,95.0,90.0,90.0,70.0,1.25,140.0,27.477028,95.0
TEST_combined_extreme_hetero_14413,cluster_245647168_3238255150_3495323634,261.0,100.0,21,1.6264070513327913,95.0,95.0,90.0,90.0,0.5,140.0,21.78543,100.0
TEST_combined_extreme_hetero_14413,cluster_245647168_3238255150_3495323634,266.0,105.0,24,4.409043245131771,100.0,95.0,95.0,90.0,0.75,140.0,80.394066,105.0
TEST_combined_extreme_hetero_14413,cluster_245647168_3238255150_3495323634,271.0,95.0,24,3.9691215656703065,105.0,100.0,95.0,95.0,0.0,150.0,70.37372,95.0
TEST_combined_extreme_hetero_14413,cluster_245647168_3238255150_3495323634,276.0,50.0,21,7.457682749708898,95.0,105.0,100.0,95.0,-2.25,160.0,35.009453,50.0
TEST_combined_extreme_hetero_14413,cluster_245647168_3238255150_3495323634,281.0,10.0,15,3.902724225832295,50.0,95.0,105.0,100.0,-4.5,145.0,35.673473,10.0
TEST_combined_extreme_hetero_14413,cluster_245647168_3238255150_3495323634,286.0,10.0,16,10.246647177433854,10.0,50.0,95.0,105.0,-4.75,155.0,42.33261,10.0
TEST_combined_extreme_hetero_14413,cluster_245647168_3238255150_3495323634,291.0,25.0,21,17.643752328501275,10.0,10.0,50.0,95.0,-3.5,155.0,62.89022,25.0
TEST_combined_extreme_hetero_14413,cluster_245647168_3238255150_3495323634,296.0,45.0,23,9.577118613243972,25.0,10.0,10.0,50.0,-0.25,165.0,63.435604,45.0
TEST_combined_extreme_hetero_14413,cluster_245647168_3238255150_3495323634,301.0,85.0,23,1.924304676943426,45.0,25.0,10.0,10.0,3.75,160.0,15.76479,85.0
TEST_combined_extreme_hetero_14413,cluster_245647168_3238255150_3495323634,306.0,115.0,25,1.4097053447283103,85.0,45.0,25.0,10.0,5.25,65.0,22.199593,115.0
TEST_combined_extreme_hetero_14413,cluster_245647168_3238255150_3495323634,311.0,120.0,27,0.1538495252321776,115.0,85.0,45.0,25.0,4.75,20.0,13.881005,120.0
TEST_combined_extreme_hetero_14413,cluster_245647168_3238255150_3495323634,316.0,140.0,28,0.0037555996094406,120.0,115.0,85.0,45.0,4.75,20.0,13.229751,140.0
TEST_combined_extreme_hetero_14413,cluster_245647168_3238255150_3495323634,321.0,140.0,28,0.0,140.0,120.0,115.0,85.0,2.75,40.0,27.71395,140.0
TEST_combined_extreme_hetero_14413,cluster_245647168_3238255150_3495323634,326.0,140.0,29,0.3001441367520294,140.0,140.0,120.0,115.0,1.25,60.0,194.58066,140.0
TEST_combined_extreme_hetero_14413,cluster_245647168_3238255150_3495323634,331.0,150.0,32,0.7204692580360234,140.0,140.0,140.0,120.0,1.5,100.0,206.37604,150.0
TEST_combined_extreme_hetero_14413,cluster_245647168_3238255150_3495323634,336.0,160.0,34,3.1441248415434715,150.0,140.0,140.0,140.0,1.0,130.0,234.41118,160.0
TEST_combined_extreme_hetero_14413,cluster_245647168_3238255150_3495323634,341.0,145.0,33,1.1545869423885793,160.0,150.0,140.0,140.0,0.25,150.0,230.59496,145.0
TEST_combined_extreme_hetero_14413,cluster_245647168_3238255150_3495323634,346.0,155.0,33,1.9576484035605488,145.0,160.0,150.0,140.0,0.75,155.0,234.41118,155.0
TEST_combined_extreme_hetero_14413,cluster_245647168_3238255150_3495323634,351.0,155.0,35,4.732143120950404,155.0,145.0,160.0,150.0,0.25,170.0,239.36679,155.0
TEST_combined_extreme_hetero_14413,cluster_245647168_3238255150_3495323634,356.0,165.0,37,3.4484177640291485,155.0,155.0,145.0,160.0,0.25,185.0,237.12263,165.0
TEST_combined_extreme_hetero_14413,cluster_245647168_3238255150_3495323634,361.0,160.0,35,1.5341812555686052,165.0,155.0,155.0,145.0,0.75,185.0,234.62463,160.0
TEST_combined_extreme_hetero_14413,cluster_245647168_3238255150_3495323634,366.0,65.0,29,4.305874021897064,160.0,165.0,155.0,155.0,-4.5,195.0,220.41391,65.0
TEST_combined_extreme_hetero_14413,cluster_245647168_3238255150_3495323634,371.0,20.0,24,6.626378863924693,65.0,160.0,165.0,155.0,-6.75,180.0,207.41531,20.0
TEST_combined_extreme_hetero_14413,cluster_245647168_3238255150_3495323634,376.0,20.0,19,9.681414521354998,20.0,65.0,160.0,165.0,-7.25,175.0,42.440674,20.0
TEST_combined_extreme_hetero_14413,cluster_245647168_3238255150_3495323634,381.0,40.0,20,7.415572604154185,20.0,20.0,65.0,160.0,-6.0,185.0,50.75372,40.0
TEST_combined_extreme_hetero_14413,cluster_245647168_3238255150_3495323634,386.0,60.0,23,8.072457807872514,40.0,20.0,20.0,65.0,-0.25,195.0,110.32591,60.0
TEST_combined_extreme_hetero_14413,cluster_245647168_3238255150_3495323634,391.0,100.0,28,9.592971274979632,60.0,40.0,20.0,20.0,4.0,185.0,77.45724,100.0
TEST_combined_extreme_hetero_14413,cluster_245647168_3238255150_3495323634,396.0,130.0,32,4.08878280441644,100.0,60.0,40.0,20.0,5.5,95.0,76.46199,130.0
TEST_combined_extreme_hetero_14413,cluster_245647168_3238255150_3495323634,401.0,150.0,35,3.845947167194178,130.0,100.0,60.0,40.0,5.5,30.0,70.03895,150.0
TEST_combined_extreme_hetero_14413,cluster_245647168_3238255150_3495323634,406.0,155.0,36,1.931362514144724,150.0,130.0,100.0,60.0,4.75,40.0,84.88974,155.0
TEST_combined_extreme_hetero_14413,cluster_245647168_3238255150_3495323634,411.0,170.0,37,1.4410892300912383,155.0,150.0,130.0,100.0,3.5,50.0,111.207405,170.0
TEST_combined_extreme_hetero_14413,cluster_245647168_3238255150_3495323634,416.0,185.0,38,1.2212842455667094,170.0,155.0,150.0,130.0,2.75,70.0,105.809456,185.0
TEST_combined_extreme_hetero_14413,cluster_245647168_3238255150_3495323634,421.0,185.0,39,0.7463273774730801,185.0,170.0,155.0,150.0,1.75,100.0,160.47484,185.0
TEST_combined_extreme_hetero_14413,cluster_245647168_3238255150_3495323634,426.0,195.0,42,1.820066838956158,185.0,185.0,170.0,155.0,2.0,115.0,197.91101,195.0
TEST_combined_extreme_hetero_14413,cluster_245647168_3238255150_3495323634,431.0,180.0,38,0.5004419391839052,195.0,185.0,185.0,170.0,0.5,135.0,166.08856,180.0
TEST_combined_extreme_hetero_14413,cluster_245647168_3238255150_3495323634,436.0,175.0,38,2.1070308505444557,180.0,195.0,185.0,185.0,-0.5,145.0,200.28592,175.0
TEST_combined_extreme_hetero_14413,cluster_245647168_3238255150_3495323634,441.0,185.0,40,2.9137505831512773,175.0,180.0,195.0,185.0,0.0,155.0,175.4522,185.0
TEST_combined_extreme_hetero_14413,cluster_245647168_3238255150_3495323634,446.0,195.0,41,0.8942170299266967,185.0,175.0,180.0,195.0,0.0,160.0,178.50159,195.0
TEST_combined_extreme_hetero_14413,cluster_245647168_3238255150_3495323634,451.0,185.0,39,2.115056400162246,195.0,185.0,175.0,180.0,0.25,165.0,175.4522,185.0
TEST_combined_extreme_hetero_14413,cluster_245647168_3238255150_3495323634,456.0,95.0,31,2.855477415950005,185.0,195.0,185.0,175.0,-4.0,165.0,200.53523,95.0
TEST_combined_extreme_hetero_14413,cluster_245647168_3238255150_3495323634,461.0,30.0,25,6.692204719488188,95.0,185.0,195.0,185.0,-7.75,175.0,177.70581,30.0
TEST_combined_extreme_hetero_14413,cluster_245647168_3238255150_3495323634,466.0,40.0,21,9.841661943514111,30.0,95.0,185.0,195.0,-7.75,180.0,23.89061,40.0
TEST_combined_extreme_hetero_14413,cluster_245647168_3238255150_3495323634,471.0,50.0,23,7.685144910518715,40.0,30.0,95.0,185.0,-6.75,180.0,74.132484,50.0
TEST_combined_extreme_hetero_14413,cluster_245647168_3238255150_3495323634,476.0,70.0,24,5.918139808279111,50.0,40.0,30.0,95.0,-1.25,185.0,249.73247,70.0
TEST_combined_extreme_hetero_14413,cluster_245647168_3238255150_3495323634,481.0,100.0,24,2.6903050521482053,70.0,50.0,40.0,30.0,3.5,165.0,63.6811,100.0
TEST_combined_extreme_hetero_14413,cluster_245647168_3238255150_3495323634,486.0,115.0,27,3.148089971142887,100.0,70.0,50.0,40.0,3.75,85.0,113.69194,115.0
TEST_combined_extreme_hetero_14413,cluster_245647168_3238255150_3495323634,491.0,135.0,32,1.1621906140985632,115.0,100.0,70.0,50.0,4.25,35.0,68.681175,135.0
TEST_combined_extreme_hetero_14413,cluster_245647168_3238255150_3495323634,496.0,145.0,32,0.2855722184360367,135.0,115.0,100.0,70.0,3.75,25.0,55.34093,145.0
TEST_combined_extreme_hetero_14413,cluster_245647168_3238255150_3495323634,501.0,155.0,32,0.0298178842204807,145.0,135.0,115.0,100.0,2.75,40.0,77.36373,155.0
TEST_combined_extreme_hetero_14413,cluster_245647168_3238255150_3495323634,506.0,160.0,33,0.8939308010301429,155.0,145.0,135.0,115.0,2.25,80.0,144.38359,160.0
TEST_combined_extreme_hetero_14413,cluster_245647168_3238255150_3495323634,511.0,165.0,34,1.4196793567496595,160.0,155.0,145.0,135.0,1.5,115.0,227.13354,165.0
TEST_combined_extreme_hetero_14413,cluster_245647168_3238255150_3495323634,516.0,165.0,36,2.044010010456269,165.0,160.0,155.0,145.0,1.0,140.0,232.2372,165.0
TEST_combined_extreme_hetero_14413,cluster_245647168_3238255150_3495323634,521.0,175.0,36,0.4762586882552121,165.0,165.0,160.0,155.0,1.0,145.0,176.43193,175.0
TEST_combined_extreme_hetero_14413,cluster_245647168_3238255150_3495323634,526.0,180.0,37,1.4489162533322646,175.0,165.0,165.0,160.0,1.0,145.0,182.50455,180.0
TEST_combined_extreme_hetero_14413,cluster_245647168_3238255150_3495323634,531.0,180.0,37,0.1534090156621417,180.0,175.0,165.0,165.0,0.75,145.0,156.37532,180.0
TEST_combined_extreme_hetero_14413,cluster_245647168_3238255150_3495323634,536.0,185.0,37,1.4521471446942466e-05,180.0,180.0,175.0,165.0,1.0,150.0,129.57324,185.0
TEST_combined_extreme_hetero_14413,cluster_245647168_3238255150_3495323634,541.0,165.0,34,0.9375105396016956,185.0,180.0,180.0,175.0,-0.5,155.0,182.24968,165.0
TEST_combined_extreme_hetero_14413,cluster_245647168_3238255150_3495323634,546.0,85.0,33,4.019878726158729,165.0,185.0,180.0,180.0,-4.75,155.0,200.65594,85.0
TEST_combined_extreme_hetero_14413,cluster_245647168_3238255150_3495323634,551.0,35.0,29,5.392896014425097,85.0,165.0,185.0,180.0,-7.25,155.0,186.92563,35.0
TEST_combined_extreme_hetero_14413,cluster_245647168_3238255150_3495323634,556.0,25.0,26,8.74028805434189,35.0,85.0,165.0,185.0,-8.0,165.0,185.26735,25.0
TEST_combined_extreme_hetero_14413,cluster_245647168_3238255150_3495323634,561.0,40.0,28,6.792268349035321,25.0,35.0,85.0,165.0,-6.25,165.0,190.92429,40.0
TEST_combined_extreme_hetero_14413,cluster_245647168_3238255150_3495323634,566.0,80.0,26,1.898383353345444,40.0,25.0,35.0,85.0,-0.25,185.0,179.59325,80.0
TEST_combined_extreme_hetero_14413,cluster_245647168_3238255150_3495323634,571.0,115.0,29,2.159321367759805,80.0,40.0,25.0,35.0,4.0,165.0,101.85979,115.0
TEST_combined_extreme_hetero_14413,cluster_245647168_3238255150_3495323634,576.0,140.0,30,1.1657447273362536,115.0,80.0,40.0,25.0,5.75,90.0,33.633625,140.0
TEST_combined_extreme_hetero_14413,cluster_245647168_3238255150_3495323634,581.0,145.0,32,3.600540158747396,140.0,115.0,80.0,40.0,5.25,30.0,96.706406,145.0
TEST_combined_extreme_hetero_14413,cluster_245647168_3238255150_3495323634,586.0,145.0,31,0.7730201636887349,145.0,140.0,115.0,80.0,3.25,25.0,79.21905,145.0
TEST_combined_extreme_hetero_14413,cluster_245647168_3238255150_3495323634,591.0,145.0,30,0.9558746603672842,145.0,145.0,140.0,115.0,1.5,60.0,201.70746,145.0
TEST_combined_extreme_hetero_14413,cluster_245647168_3238255150_3495323634,596.0,150.0,31,2.3181885500892707,145.0,145.0,145.0,140.0,0.5,85.0,241.67612,150.0
TEST_combined_extreme_hetero_14413,cluster_245647168_3238255150_3495323634,601.0,155.0,31,0.0,150.0,145.0,145.0,145.0,0.5,130.0,182.8051,155.0
TEST_combined_extreme_hetero_14413,cluster_245647168_3238255150_3495323634,606.0,155.0,33,2.5106936334927283,155.0,150.0,145.0,145.0,0.5,170.0,239.6637,155.0
TEST_combined_extreme_hetero_14413,cluster_245647168_3238255150_3495323634,611.0,155.0,34,3.877390708178784,155.0,155.0,150.0,145.0,0.5,175.0,238.91826,155.0
TEST_combined_extreme_hetero_14413,cluster_245647168_3238255150_3495323634,616.0,165.0,35,1.7393731389107725,155.0,155.0,155.0,150.0,0.75,180.0,234.62463,165.0
TEST_combined_extreme_hetero_14413,cluster_245647168_3238255150_3495323634,621.0,165.0,37,1.1623401456409417,165.0,155.0,155.0,155.0,0.5,180.0,209.14476,165.0
TEST_combined_extreme_hetero_14413,cluster_245647168_3238255150_3495323634,626.0,185.0,37,0.0002043098101168,165.0,165.0,155.0,155.0,1.5,185.0,157.9091,185.0
TEST_combined_extreme_hetero_14413,cluster_245647168_3238255150_3495323634,631.0,165.0,37,0.6668221385233867,185.0,165.0,165.0,155.0,0.5,180.0,182.06781,165.0
TEST_combined_extreme_hetero_14413,cluster_245647168_3238255150_3495323634,636.0,90.0,34,2.8629443125611784,165.0,185.0,165.0,165.0,-3.75,185.0,203.57397,90.0
TEST_combined_extreme_hetero_14413,cluster_245647168_3238255150_3495323634,641.0,30.0,29,7.298709789670504,90.0,165.0,185.0,165.0,-6.75,185.0,198.7597,30.0
TEST_combined_extreme_hetero_14413,cluster_245647168_3238255150_3495323634,646.0,25.0,26,12.224859934760476,30.0,90.0,165.0,185.0,-8.0,190.0,207.78006,25.0
TEST_combined_extreme_hetero_14413,cluster_245647168_3238255150_3495323634,651.0,60.0,27,6.525089314124743,25.0,30.0,90.0,165.0,-5.25,195.0,189.48056,60.0
TEST_combined_extreme_hetero_14413,cluster_245647168_3238255150_3495323634,656.0,85.0,30,4.670562544794682,60.0,25.0,30.0,90.0,-0.25,205.0,250.33702,85.0
TEST_combined_extreme_hetero_14413,cluster_245647168_3238255150_3495323634,661.0,130.0,34,1.9904422998099145,85.0,60.0,25.0,30.0,5.0,190.0,85.59328,130.0
TEST_combined_extreme_hetero_14413,cluster_245647168_3238255150_3495323634,666.0,170.0,36,1.7612905461598083,130.0,85.0,60.0,25.0,7.25,80.0,42.13503,170.0
TEST_combined_extreme_hetero_14413,cluster_245647168_3238255150_3495323634,671.0,175.0,36,0.8417055898185938,170.0,130.0,85.0,60.0,5.75,10.0,53.883736,175.0
TEST_combined_extreme_hetero_14413,cluster_245647168_3238255150_3495323634,676.0,180.0,36,0.0007564331134198,175.0,170.0,130.0,85.0,4.75,10.0,29.552624,180.0
TEST_combined_extreme_hetero_14413,cluster_245647168_3238255150_3495323634,681.0,180.0,36,1.0080891508159242e-05,180.0,175.0,170.0,130.0,2.5,45.0,92.736916,180.0
TEST_combined_extreme_hetero_14413,cluster_245647168_3238255150_3495323634,686.0,185.0,37,0.0,180.0,180.0,175.0,170.0,0.75,65.0,129.57324,185.0
TEST_combined_extreme_hetero_14413,cluster_245647168_3238255150_3495323634,691.0,180.0,37,0.361212740277217,185.0,180.0,180.0,175.0,0.25,125.0,180.81927,180.0
TEST_combined_extreme_hetero_14413,cluster_245647168_3238255150_3495323634,696.0,185.0,38,1.774684275129868,180.0,185.0,180.0,180.0,0.25,160.0,175.4522,185.0
TEST_combined_extreme_hetero_14413,cluster_245647168_3238255150_3495323634,701.0,185.0,39,0.6893448556849372,185.0,180.0,185.0,180.0,0.25,160.0,177.35103,185.0
TEST_combined_extreme_hetero_14413,cluster_245647168_3238255150_3495323634,706.0,190.0,40,0.7886573458333294,185.0,185.0,180.0,185.0,0.25,160.0,178.50159,190.0
TEST_combined_extreme_hetero_14413,cluster_245647168_3238255150_3495323634,711.0,195.0,41,1.0712416356124013,190.0,185.0,185.0,180.0,0.75,160.0,150.30046,195.0
TEST_combined_extreme_hetero_14413,cluster_245647168_3238255150_3495323634,716.0,205.0,42,0.3670785448351809,195.0,190.0,185.0,185.0,1.0,160.0,150.26178,205.0
TEST_combined_extreme_hetero_14413,cluster_245647168_3238255150_3495323634,721.0,190.0,38,7.837529267812571e-05,205.0,195.0,190.0,185.0,0.25,160.0,166.8267,190.0
TEST_combined_extreme_hetero_14413,cluster_245647168_3238255150_3495323634,726.0,80.0,34,3.4754427779445973,190.0,205.0,195.0,190.0,-5.5,165.0,193.74792,80.0
TEST_combined_extreme_hetero_14413,cluster_245647168_3238255150_3495323634,731.0,10.0,25,7.262612821949757,80.0,190.0,205.0,195.0,-9.25,170.0,186.61494,10.0
TEST_combined_extreme_hetero_14413,cluster_245647168_3238255150_3495323634,736.0,10.0,24,11.396992635968722,10.0,80.0,190.0,205.0,-9.75,170.0,208.31107,10.0
TEST_combined_high_heavy_95114,cluster_13546492148_1838721956,16.0,0.0,0,0.0,0.0,0.0,0.0,0.0,0.0,10.0,1.363607,0.0
TEST_combined_high_heavy_95114,cluster_13546492148_1838721956,21.0,0.0,0,0.0,0.0,0.0,0.0,0.0,0.0,10.0,1.363607,0.0
TEST_combined_high_heavy_95114,cluster_13546492148_1838721956,26.0,0.0,0,0.0,0.0,0.0,0.0,0.0,0.0,10.0,1.363607,0.0
TEST_combined_high_heavy_95114,cluster_13546492148_1838721956,31.0,0.0,0,0.0,0.0,0.0,0.0,0.0,0.0,0.0,1.363607,0.0
TEST_combined_high_heavy_95114,cluster_13546492148_1838721956,36.0,0.0,0,0.0,0.0,0.0,0.0,0.0,0.0,0.0,1.363607,0.0
TEST_combined_high_heavy_95114,cluster_13546492148_1838721956,41.0,0.0,0,0.0,0.0,0.0,0.0,0.0,0.0,0.0,1.363607,0.0
TEST_combined_high_heavy_95114,cluster_13546492148_1838721956,46.0,0.0,0,0.0,0.0,0.0,0.0,0.0,0.0,0.0,1.363607,0.0
TEST_combined_high_heavy_95114,cluster_13546492148_1838721956,51.0,0.0,0,0.0,0.0,0.0,0.0,0.0,0.0,0.0,1.363607,0.0
TEST_combined_high_heavy_95114,cluster_13546492148_1838721956,56.0,0.0,1,22.435392385911506,0.0,0.0,0.0,0.0,0.0,5.0,7.188759,0.0
TEST_combined_high_heavy_95114,cluster_13546492148_1838721956,61.0,5.0,1,0.045342482501826,0.0,0.0,0.0,0.0,0.0,10.0,5.4441495,5.0
TEST_combined_high_heavy_95114,cluster_13546492148_1838721956,66.0,5.0,2,5.612699520026017,5.0,0.0,0.0,0.0,0.0,10.0,6.1448097,5.0
TEST_combined_high_heavy_95114,cluster_13546492148_1838721956,71.0,10.0,2,0.0045721942044579,5.0,5.0,0.0,0.0,0.0,10.0,7.684151,10.0
TEST_combined_high_heavy_95114,cluster_13546492148_1838721956,76.0,10.0,2,0.0,10.0,5.0,5.0,0.0,0.0,0.0,4.8251686,10.0
TEST_combined_high_heavy_95114,cluster_13546492148_1838721956,81.0,10.0,2,0.0,10.0,10.0,5.0,5.0,0.0,0.0,6.3823624,10.0
TEST_combined_high_heavy_95114,cluster_13546492148_1838721956,86.0,10.0,2,0.0,10.0,10.0,10.0,5.0,0.0,0.0,6.3823624,10.0
TEST_combined_high_heavy_95114,cluster_13546492148_1838721956,91.0,0.0,1,2.830005708290264,10.0,10.0,10.0,10.0,0.0,5.0,7.2108035,0.0
TEST_combined_high_heavy_95114,cluster_13546492148_1838721956,96.0,0.0,0,0.0,0.0,10.0,10.0,10.0,0.0,5.0,5.4098744,0.0
TEST_combined_high_heavy_95114,cluster_13546492148_1838721956,101.0,0.0,0,0.0,0.0,0.0,10.0,10.0,0.0,5.0,5.4098744,0.0
TEST_combined_high_heavy_95114,cluster_13546492148_1838721956,106.0,0.0,0,0.0,0.0,0.0,0.0,10.0,0.0,5.0,5.4098744,0.0
TEST_combined_high_heavy_95114,cluster_13546492148_1838721956,111.0,0.0,1,16.543049160089495,0.0,0.0,0.0,0.0,0.0,5.0,6.049996,0.0
TEST_combined_high_heavy_95114,cluster_13546492148_1838721956,116.0,5.0,2,9.407177733013992,0.0,0.0,0.0,0.0,0.25,20.0,5.97805,5.0
TEST_combined_high_heavy_95114,cluster_13546492148_1838721956,121.0,10.0,2,0.023281720703826,5.0,0.0,0.0,0.0,0.5,5.0,5.958828,10.0
TEST_combined_high_heavy_95114,cluster_13546492148_1838721956,126.0,10.0,2,0.0,10.0,5.0,0.0,0.0,0.5,5.0,4.8251686,10.0
TEST_combined_high_heavy_95114,cluster_13546492148_1838721956,131.0,10.0,2,0.0,10.0,10.0,5.0,0.0,0.5,5.0,4.8251686,10.0
TEST_combined_high_heavy_95114,cluster_13546492148_1838721956,136.0,0.0,0,0.0,10.0,10.0,10.0,5.0,-0.25,5.0,5.3519025,0.0
TEST_combined_high_heavy_95114,cluster_13546492148_1838721956,141.0,0.0,0,0.0,0.0,10.0,10.0,10.0,-0.5,5.0,6.4594674,0.0
TEST_combined_high_heavy_95114,cluster_13546492148_1838721956,146.0,0.0,1,13.80715043800352,0.0,0.0,10.0,10.0,-0.5,5.0,10.795479,0.0
TEST_combined_high_heavy_95114,cluster_13546492148_1838721956,151.0,5.0,1,0.0052751361344935,0.0,0.0,0.0,10.0,-0.25,5.0,7.7153587,5.0
TEST_combined_high_heavy_95114,cluster_13546492148_1838721956,156.0,5.0,1,0.0,5.0,0.0,0.0,0.0,0.25,5.0,4.31049,5.0
TEST_combined_high_heavy_95114,cluster_13546492148_1838721956,161.0,5.0,1,0.0,5.0,5.0,0.0,0.0,0.25,5.0,4.31049,5.0
TEST_combined_high_heavy_95114,cluster_13546492148_1838721956,166.0,5.0,1,0.0,5.0,5.0,5.0,0.0,0.25,0.0,4.31049,5.0
TEST_combined_high_heavy_95114,cluster_13546492148_1838721956,171.0,5.0,3,11.01961419552547,5.0,5.0,5.0,5.0,0.0,0.0,13.129071,5.0
TEST_combined_high_heavy_95114,cluster_13546492148_1838721956,176.0,20.0,4,0.075152003639559,5.0,5.0,5.0,5.0,0.75,0.0,9.117084,20.0
TEST_combined_high_heavy_95114,cluster_13546492148_1838721956,181.0,5.0,3,2.625904345835345,20.0,5.0,5.0,5.0,0.0,5.0,9.916417,5.0
TEST_combined_high_heavy_95114,cluster_13546492148_1838721956,186.0,5.0,2,6.695254396260534,5.0,20.0,5.0,5.0,0.0,5.0,8.415511,5.0
TEST_combined_high_heavy_95114,cluster_13546492148_1838721956,191.0,5.0,1,0.0,5.0,5.0,20.0,5.0,0.0,5.0,8.136645,5.0
TEST_combined_high_heavy_95114,cluster_13546492148_1838721956,196.0,5.0,1,0.0,5.0,5.0,5.0,20.0,-0.75,5.0,11.305845,5.0
TEST_combined_high_heavy_95114,cluster_13546492148_1838721956,201.0,5.0,1,0.0,5.0,5.0,5.0,5.0,0.0,5.0,5.867684,5.0
TEST_combined_high_heavy_95114,cluster_13546492148_1838721956,206.0,5.0,1,0.0,5.0,5.0,5.0,5.0,0.0,5.0,5.867684,5.0
TEST_combined_high_heavy_95114,cluster_13546492148_1838721956,211.0,5.0,1,0.0,5.0,5.0,5.0,5.0,0.0,0.0,5.867684,5.0
TEST_combined_high_heavy_95114,cluster_13546492148_1838721956,216.0,5.0,1,0.0,5.0,5.0,5.0,5.0,0.0,0.0,5.867684,5.0
TEST_combined_high_heavy_95114,cluster_13546492148_1838721956,221.0,5.0,2,0.1888453977721194,5.0,5.0,5.0,5.0,0.0,5.0,6.772884,5.0
TEST_combined_high_heavy_95114,cluster_13546492148_1838721956,226.0,0.0,0,0.0,5.0,5.0,5.0,5.0,-0.25,5.0,5.3519025,0.0
TEST_combined_high_heavy_95114,cluster_13546492148_1838721956,231.0,0.0,0,0.0,0.0,5.0,5.0,5.0,-0.25,5.0,6.3771977,0.0
TEST_combined_high_heavy_95114,cluster_13546492148_1838721956,236.0,0.0,1,14.826919850223808,0.0,0.0,5.0,5.0,-0.25,5.0,8.264476,0.0
TEST_combined_high_heavy_95114,cluster_13546492148_1838721956,241.0,5.0,1,0.0031478513193036,0.0,0.0,0.0,5.0,0.0,5.0,5.9170446,5.0
TEST_combined_high_heavy_95114,cluster_13546492148_1838721956,246.0,5.0,1,0.0,5.0,0.0,0.0,0.0,0.25,5.0,4.31049,5.0
TEST_combined_high_heavy_95114,cluster_13546492148_1838721956,251.0,5.0,1,0.0,5.0,5.0,0.0,0.0,0.25,5.0,4.31049,5.0
TEST_combined_high_heavy_95114,cluster_13546492148_1838721956,256.0,5.0,1,0.0,5.0,5.0,5.0,0.0,0.25,0.0,4.31049,5.0
TEST_combined_high_heavy_95114,cluster_13546492148_1838721956,261.0,5.0,1,0.0,5.0,5.0,5.0,5.0,0.0,0.0,5.867684,5.0
TEST_combined_high_heavy_95114,cluster_13546492148_1838721956,266.0,5.0,1,0.0,5.0,5.0,5.0,5.0,0.0,0.0,5.867684,5.0
TEST_combined_high_heavy_95114,cluster_13546492148_1838721956,271.0,0.0,0,0.0,5.0,5.0,5.0,5.0,-0.25,0.0,5.3519025,0.0
TEST_combined_high_heavy_95114,cluster_13546492148_1838721956,276.0,0.0,0,0.0,0.0,5.0,5.0,5.0,-0.25,0.0,6.3771977,0.0
TEST_combined_high_heavy_95114,cluster_13546492148_1838721956,281.0,5.0,1,0.005883267012053,0.0,0.0,5.0,5.0,0.0,0.0,6.99824,5.0
TEST_combined_high_heavy_95114,cluster_13546492148_1838721956,286.0,5.0,1,0.0,5.0,0.0,0.0,5.0,0.0,0.0,5.867684,5.0
TEST_combined_high_heavy_95114,cluster_13546492148_1838721956,291.0,5.0,1,0.0,5.0,5.0,0.0,0.0,0.25,0.0,4.31049,5.0
TEST_combined_high_heavy_95114,cluster_13546492148_1838721956,296.0,5.0,1,0.0,5.0,5.0,5.0,0.0,0.25,0.0,4.31049,5.0
TEST_combined_high_heavy_95114,cluster_13546492148_1838721956,301.0,5.0,1,0.0,5.0,5.0,5.0,5.0,0.0,0.0,5.867684,5.0
TEST_combined_high_heavy_95114,cluster_13546492148_1838721956,306.0,5.0,1,0.0,5.0,5.0,5.0,5.0,0.0,0.0,5.867684,5.0
TEST_combined_high_heavy_95114,cluster_13546492148_1838721956,311.0,5.0,1,0.0,5.0,5.0,5.0,5.0,0.0,0.0,5.867684,5.0
TEST_combined_high_heavy_95114,cluster_13546492148_1838721956,316.0,0.0,1,2.6476605693809687,5.0,5.0,5.0,5.0,-0.25,5.0,7.3038993,0.0
TEST_combined_high_heavy_95114,cluster_13546492148_1838721956,321.0,0.0,0,0.0,0.0,5.0,5.0,5.0,-0.25,5.0,6.3771977,0.0
TEST_combined_high_heavy_95114,cluster_13546492148_1838721956,326.0,0.0,0,0.0,0.0,0.0,5.0,5.0,-0.25,10.0,6.3771977,0.0
TEST_combined_high_heavy_95114,cluster_13546492148_1838721956,331.0,0.0,0,0.0,0.0,0.0,0.0,5.0,-0.25,10.0,6.3771977,0.0
TEST_combined_high_heavy_95114,cluster_13546492148_1838721956,336.0,0.0,0,0.0,0.0,0.0,0.0,0.0,0.0,10.0,1.363607,0.0
TEST_combined_high_heavy_95114,cluster_13546492148_1838721956,341.0,0.0,0,0.0,0.0,0.0,0.0,0.0,0.0,10.0,1.363607,0.0
TEST_combined_high_heavy_95114,cluster_13546492148_1838721956,346.0,0.0,0,0.0,0.0,0.0,0.0,0.0,0.0,0.0,1.363607,0.0
TEST_combined_high_heavy_95114,cluster_13546492148_1838721956,351.0,0.0,0,0.0,0.0,0.0,0.0,0.0,0.0,0.0,1.363607,0.0
TEST_combined_high_heavy_95114,cluster_13546492148_1838721956,356.0,0.0,0,0.0,0.0,0.0,0.0,0.0,0.0,0.0,1.363607,0.0
TEST_combined_high_heavy_95114,cluster_13546492148_1838721956,361.0,0.0,0,0.0,0.0,0.0,0.0,0.0,0.0,0.0,1.363607,0.0
TEST_combined_high_heavy_95114,cluster_13546492148_1838721956,366.0,0.0,1,56.77255547706635,0.0,0.0,0.0,0.0,0.0,10.0,3.3101542,0.0
TEST_combined_high_heavy_95114,cluster_13546492148_1838721956,371.0,0.0,1,10.287929564798626,0.0,0.0,0.0,0.0,0.0,10.0,6.127261,0.0
TEST_combined_high_heavy_95114,cluster_13546492148_1838721956,376.0,5.0,1,0.0011900845989817,0.0,0.0,0.0,0.0,0.25,10.0,4.601558,5.0
TEST_combined_high_heavy_95114,cluster_13546492148_1838721956,381.0,5.0,2,11.11129473348192,5.0,0.0,0.0,0.0,0.25,15.0,5.97805,5.0
TEST_combined_high_heavy_95114,cluster_13546492148_1838721956,386.0,10.0,2,0.0045833946695692,5.0,5.0,0.0,0.0,0.5,15.0,7.684151,10.0
TEST_combined_high_heavy_95114,cluster_13546492148_1838721956,391.0,10.0,2,0.0,10.0,5.0,5.0,0.0,0.5,0.0,4.8251686,10.0
TEST_combined_high_heavy_95114,cluster_13546492148_1838721956,396.0,10.0,2,0.0,10.0,10.0,5.0,5.0,0.25,5.0,6.3823624,10.0
TEST_combined_high_heavy_95114,cluster_13546492148_1838721956,401.0,10.0,2,0.0,10.0,10.0,10.0,5.0,0.25,5.0,6.3823624,10.0
TEST_combined_high_heavy_95114,cluster_13546492148_1838721956,406.0,0.0,1,25.208235655976456,10.0,10.0,10.0,10.0,-0.5,5.0,21.749495,0.0
TEST_combined_high_heavy_95114,cluster_13546492148_1838721956,411.0,0.0,0,0.0,0.0,10.0,10.0,10.0,-0.5,5.0,6.4594674,0.0
TEST_combined_high_heavy_95114,cluster_13546492148_1838721956,416.0,0.0,1,53.5409435656853,0.0,0.0,10.0,10.0,-0.5,5.0,6.976281,0.0
TEST_combined_high_heavy_95114,cluster_13546492148_1838721956,421.0,0.0,1,3.7120828051139614,0.0,0.0,0.0,10.0,-0.5,5.0,7.2140765,0.0
TEST_combined_high_heavy_95114,cluster_13546492148_1838721956,426.0,10.0,2,0.013718120300506,0.0,0.0,0.0,0.0,0.5,10.0,6.497918,10.0
TEST_combined_high_heavy_95114,cluster_13546492148_1838721956,431.0,10.0,2,0.0,10.0,0.0,0.0,0.0,0.5,10.0,4.8251686,10.0
TEST_combined_high_heavy_95114,cluster_13546492148_1838721956,436.0,10.0,3,6.111854729816389,10.0,10.0,0.0,0.0,0.5,0.0,9.837448,10.0
TEST_combined_high_heavy_95114,cluster_13546492148_1838721956,441.0,15.0,3,0.0117409546851031,10.0,10.0,10.0,0.0,0.75,5.0,8.252429,15.0
TEST_combined_high_heavy_95114,cluster_13546492148_1838721956,446.0,15.0,3,0.0,15.0,10.0,10.0,10.0,0.25,5.0,8.646792,15.0
TEST_combined_high_heavy_95114,cluster_13546492148_1838721956,451.0,0.0,2,4.940727070938388,15.0,15.0,10.0,10.0,-0.5,5.0,20.58296,0.0
TEST_combined_high_heavy_95114,cluster_13546492148_1838721956,456.0,5.0,1,0.0013236695546066,0.0,15.0,15.0,10.0,-0.25,5.0,8.096178,5.0
TEST_combined_high_heavy_95114,cluster_13546492148_1838721956,461.0,5.0,1,0.0,5.0,0.0,15.0,15.0,-0.5,5.0,10.566412,5.0
TEST_combined_high_heavy_95114,cluster_13546492148_1838721956,466.0,5.0,1,0.0,5.0,5.0,0.0,15.0,-0.5,5.0,10.566412,5.0
TEST_combined_high_heavy_95114,cluster_13546492148_1838721956,471.0,5.0,2,22.08476750753511,5.0,5.0,5.0,0.0,0.25,5.0,15.759639,5.0
TEST_combined_high_heavy_95114,cluster_13546492148_1838721956,476.0,5.0,1,0.0,5.0,5.0,5.0,5.0,0.0,5.0,5.867684,5.0
TEST_combined_high_heavy_95114,cluster_13546492148_1838721956,481.0,5.0,1,0.0,5.0,5.0,5.0,5.0,0.0,0.0,5.867684,5.0
TEST_combined_high_heavy_95114,cluster_13546492148_1838721956,486.0,10.0,2,0.029286939141476,5.0,5.0,5.0,5.0,0.25,0.0,6.9738283,10.0
TEST_combined_high_heavy_95114,cluster_13546492148_1838721956,491.0,10.0,2,0.0,10.0,5.0,5.0,5.0,0.25,0.0,6.3823624,10.0
TEST_combined_high_heavy_95114,cluster_13546492148_1838721956,496.0,0.0,2,2.781009285338223,10.0,10.0,5.0,5.0,-0.25,0.0,6.642029,0.0
TEST_combined_high_heavy_95114,cluster_13546492148_1838721956,501.0,5.0,2,9.65736791415175,0.0,10.0,10.0,5.0,0.0,0.0,7.2042747,5.0
TEST_combined_high_heavy_95114,cluster_13546492148_1838721956,506.0,5.0,1,0.0,5.0,0.0,10.0,10.0,-0.25,0.0,7.406266,5.0
TEST_combined_high_heavy_95114,cluster_13546492148_1838721956,511.0,5.0,1,0.0,5.0,5.0,0.0,10.0,-0.25,0.0,7.406266,5.0
TEST_combined_high_heavy_95114,cluster_13546492148_1838721956,516.0,5.0,1,0.0,5.0,5.0,5.0,0.0,0.25,5.0,4.31049,5.0
TEST_combined_high_heavy_95114,cluster_13546492148_1838721956,521.0,5.0,1,0.0,5.0,5.0,5.0,5.0,0.0,5.0,5.867684,5.0
TEST_combined_high_heavy_95114,cluster_13546492148_1838721956,526.0,5.0,1,0.0,5.0,5.0,5.0,5.0,0.0,5.0,5.867684,5.0
TEST_combined_high_heavy_95114,cluster_13546492148_1838721956,531.0,5.0,1,0.0,5.0,5.0,5.0,5.0,0.0,5.0,5.867684,5.0
TEST_combined_high_heavy_95114,cluster_13546492148_1838721956,536.0,5.0,1,0.0,5.0,5.0,5.0,5.0,0.0,5.0,5.867684,5.0
TEST_combined_high_heavy_95114,cluster_13546492148_1838721956,541.0,0.0,0,0.0,5.0,5.0,5.0,5.0,-0.25,5.0,5.3519025,0.0
TEST_combined_high_heavy_95114,cluster_13546492148_1838721956,546.0,0.0,0,0.0,0.0,5.0,5.0,5.0,-0.25,10.0,6.3771977,0.0
TEST_combined_high_heavy_95114,cluster_13546492148_1838721956,551.0,0.0,0,0.0,0.0,0.0,5.0,5.0,-0.25,15.0,6.3771977,0.0
TEST_combined_high_heavy_95114,cluster_13546492148_1838721956,556.0,0.0,0,0.0,0.0,0.0,0.0,5.0,-0.25,15.0,6.3771977,0.0
TEST_combined_high_heavy_95114,cluster_13546492148_1838721956,561.0,0.0,0,0.0,0.0,0.0,0.0,0.0,0.0,15.0,1.363607,0.0
TEST_combined_high_heavy_95114,cluster_13546492148_1838721956,566.0,0.0,0,0.0,0.0,0.0,0.0,0.0,0.0,15.0,1.363607,0.0
TEST_combined_high_heavy_95114,cluster_13546492148_1838721956,571.0,0.0,1,16.514176379429774,0.0,0.0,0.0,0.0,0.0,5.0,6.049996,0.0
TEST_combined_high_heavy_95114,cluster_13546492148_1838721956,576.0,5.0,1,0.0,0.0,0.0,0.0,0.0,0.25,0.0,4.31049,5.0
TEST_combined_high_heavy_95114,cluster_13546492148_1838721956,581.0,5.0,2,12.261590812052972,5.0,0.0,0.0,0.0,0.25,0.0,5.97805,5.0
TEST_combined_high_heavy_95114,cluster_13546492148_1838721956,586.0,5.0,1,0.000797085451823,5.0,5.0,0.0,0.0,0.25,0.0,4.831453,5.0
TEST_combined_high_heavy_95114,cluster_13546492148_1838721956,591.0,5.0,1,0.0,5.0,5.0,5.0,0.0,0.25,0.0,4.31049,5.0
TEST_combined_high_heavy_95114,cluster_13546492148_1838721956,596.0,5.0,1,0.0,5.0,5.0,5.0,5.0,0.0,0.0,5.867684,5.0
TEST_combined_high_heavy_95114,cluster_13546492148_1838721956,601.0,5.0,1,0.0,5.0,5.0,5.0,5.0,0.0,0.0,5.867684,5.0
TEST_combined_high_heavy_95114,cluster_13546492148_1838721956,606.0,10.0,2,0.1450750010778179,5.0,5.0,5.0,5.0,0.25,0.0,7.2875624,10.0
TEST_combined_high_heavy_95114,cluster_13546492148_1838721956,611.0,15.0,3,0.1195093644351931,10.0,5.0,5.0,5.0,0.5,0.0,10.716103,15.0
TEST_combined_high_heavy_95114,cluster_13546492148_1838721956,616.0,15.0,3,0.0,15.0,10.0,5.0,5.0,0.5,0.0,9.469972,15.0
TEST_combined_high_heavy_95114,cluster_13546492148_1838721956,621.0,15.0,3,0.0,15.0,15.0,10.0,5.0,0.5,0.0,9.6511,15.0
TEST_combined_high_heavy_95114,cluster_13546492148_1838721956,626.0,15.0,3,0.0,15.0,15.0,15.0,10.0,0.25,0.0,9.287345,15.0
TEST_combined_high_heavy_95114,cluster_13546492148_1838721956,631.0,5.0,2,1.6487332973862068,15.0,15.0,15.0,15.0,-0.5,5.0,11.829644,5.0
TEST_combined_high_heavy_95114,cluster_13546492148_1838721956,636.0,0.0,0,0.0,5.0,15.0,15.0,15.0,-0.75,5.0,6.40043,0.0
TEST_combined_high_heavy_95114,cluster_13546492148_1838721956,641.0,0.0,0,0.0,0.0,5.0,15.0,15.0,-0.75,5.0,6.7851744,0.0
TEST_combined_high_heavy_95114,cluster_13546492148_1838721956,646.0,0.0,0,0.0,0.0,0.0,5.0,15.0,-0.75,5.0,6.7851744,0.0
TEST_combined_high_heavy_95114,cluster_13546492148_1838721956,651.0,0.0,0,0.0,0.0,0.0,0.0,5.0,-0.25,10.0,6.3771977,0.0
TEST_combined_high_heavy_95114,cluster_13546492148_1838721956,656.0,0.0,0,0.0,0.0,0.0,0.0,0.0,0.0,10.0,1.363607,0.0
TEST_combined_high_heavy_95114,cluster_13546492148_1838721956,661.0,0.0,0,0.0,0.0,0.0,0.0,0.0,0.0,5.0,1.363607,0.0
TEST_combined_high_heavy_95114,cluster_13546492148_1838721956,666.0,0.0,0,0.0,0.0,0.0,0.0,0.0,0.0,0.0,1.363607,0.0
TEST_combined_high_heavy_95114,cluster_13546492148_1838721956,671.0,0.0,0,0.0,0.0,0.0,0.0,0.0,0.0,0.0,1.363607,0.0
TEST_combined_high_heavy_95114,cluster_13546492148_1838721956,676.0,0.0,0,0.0,0.0,0.0,0.0,0.0,0.0,0.0,1.363607,0.0
TEST_combined_high_heavy_95114,cluster_13546492148_1838721956,681.0,0.0,0,0.0,0.0,0.0,0.0,0.0,0.0,0.0,1.363607,0.0
TEST_combined_high_heavy_95114,cluster_13546492148_1838721956,686.0,0.0,1,26.0919603395623,0.0,0.0,0.0,0.0,0.0,0.0,12.17676,0.0
TEST_combined_high_heavy_95114,cluster_13546492148_1838721956,691.0,5.0,1,0.0,0.0,0.0,0.0,0.0,0.25,0.0,4.31049,5.0
TEST_combined_high_heavy_95114,cluster_13546492148_1838721956,696.0,5.0,1,0.0,5.0,0.0,0.0,0.0,0.25,5.0,4.31049,5.0
TEST_combined_high_heavy_95114,cluster_13546492148_1838721956,701.0,5.0,1,0.0,5.0,5.0,0.0,0.0,0.25,5.0,4.31049,5.0
TEST_combined_high_heavy_95114,cluster_13546492148_1838721956,706.0,5.0,1,0.0,5.0,5.0,5.0,0.0,0.25,0.0,4.31049,5.0
TEST_combined_high_heavy_95114,cluster_13546492148_1838721956,711.0,10.0,2,0.1557777448306671,5.0,5.0,5.0,5.0,0.25,0.0,7.2875624,10.0
TEST_combined_high_heavy_95114,cluster_13546492148_1838721956,716.0,10.0,2,0.0,10.0,5.0,5.0,5.0,0.25,0.0,6.3823624,10.0
TEST_combined_high_heavy_95114,cluster_13546492148_1838721956,721.0,5.0,1,0.0,10.0,10.0,5.0,5.0,0.0,0.0,5.867684,5.0
TEST_combined_high_heavy_95114,cluster_13546492148_1838721956,726.0,0.0,0,0.0,5.0,10.0,10.0,5.0,-0.25,0.0,5.3519025,0.0
TEST_combined_high_heavy_95114,cluster_13546492148_1838721956,731.0,0.0,0,0.0,0.0,5.0,10.0,10.0,-0.5,0.0,6.4594674,0.0
TEST_combined_high_heavy_95114,cluster_13546492148_1838721956,736.0,0.0,0,0.0,0.0,0.0,5.0,10.0,-0.5,0.0,6.4594674,0.0
TEST_combined_high_heavy_95114,cluster_2061304035_245647208,16.0,0.0,0,0.0,0.0,0.0,0.0,0.0,0.0,0.0,1.363607,0.0
TEST_combined_high_heavy_95114,cluster_2061304035_245647208,21.0,0.0,0,0.0,0.0,0.0,0.0,0.0,0.0,0.0,1.363607,0.0
TEST_combined_high_heavy_95114,cluster_2061304035_245647208,26.0,0.0,0,0.0,0.0,0.0,0.0,0.0,0.0,0.0,1.363607,0.0
TEST_combined_high_heavy_95114,cluster_2061304035_245647208,31.0,0.0,0,0.0,0.0,0.0,0.0,0.0,0.0,0.0,1.363607,0.0
TEST_combined_high_heavy_95114,cluster_2061304035_245647208,36.0,0.0,0,0.0,0.0,0.0,0.0,0.0,0.0,0.0,1.363607,0.0
TEST_combined_high_heavy_95114,cluster_2061304035_245647208,41.0,0.0,0,0.0,0.0,0.0,0.0,0.0,0.0,0.0,1.363607,0.0
TEST_combined_high_heavy_95114,cluster_2061304035_245647208,46.0,0.0,0,0.0,0.0,0.0,0.0,0.0,0.0,0.0,1.363607,0.0
TEST_combined_high_heavy_95114,cluster_2061304035_245647208,51.0,0.0,0,0.0,0.0,0.0,0.0,0.0,0.0,0.0,1.363607,0.0
TEST_combined_high_heavy_95114,cluster_2061304035_245647208,56.0,0.0,0,0.0,0.0,0.0,0.0,0.0,0.0,0.0,1.363607,0.0
TEST_combined_high_heavy_95114,cluster_2061304035_245647208,61.0,0.0,0,0.0,0.0,0.0,0.0,0.0,0.0,5.0,1.363607,0.0
TEST_combined_high_heavy_95114,cluster_2061304035_245647208,66.0,0.0,0,0.0,0.0,0.0,0.0,0.0,0.0,5.0,1.363607,0.0
TEST_combined_high_heavy_95114,cluster_2061304035_245647208,71.0,0.0,0,0.0,0.0,0.0,0.0,0.0,0.0,5.0,1.363607,0.0
TEST_combined_high_heavy_95114,cluster_2061304035_245647208,76.0,0.0,0,0.0,0.0,0.0,0.0,0.0,0.0,0.0,1.363607,0.0
TEST_combined_high_heavy_95114,cluster_2061304035_245647208,81.0,0.0,0,0.0,0.0,0.0,0.0,0.0,0.0,0.0,1.363607,0.0
TEST_combined_high_heavy_95114,cluster_2061304035_245647208,86.0,0.0,0,0.0,0.0,0.0,0.0,0.0,0.0,5.0,1.363607,0.0
TEST_combined_high_heavy_95114,cluster_2061304035_245647208,91.0,0.0,0,0.0,0.0,0.0,0.0,0.0,0.0,5.0,1.363607,0.0
TEST_combined_high_heavy_95114,cluster_2061304035_245647208,96.0,0.0,0,0.0,0.0,0.0,0.0,0.0,0.0,5.0,1.363607,0.0
TEST_combined_high_heavy_95114,cluster_2061304035_245647208,101.0,0.0,0,0.0,0.0,0.0,0.0,0.0,0.0,5.0,1.363607,0.0
TEST_combined_high_heavy_95114,cluster_2061304035_245647208,106.0,0.0,1,50.91078439033864,0.0,0.0,0.0,0.0,0.0,5.0,15.340861,0.0
TEST_combined_high_heavy_95114,cluster_2061304035_245647208,111.0,0.0,0,0.0,0.0,0.0,0.0,0.0,0.0,5.0,1.363607,0.0
TEST_combined_high_heavy_95114,cluster_2061304035_245647208,116.0,0.0,1,1.1011720195665575,0.0,0.0,0.0,0.0,0.0,5.0,3.622648,0.0
TEST_combined_high_heavy_95114,cluster_2061304035_245647208,121.0,5.0,1,0.0,0.0,0.0,0.0,0.0,0.25,0.0,4.31049,5.0
TEST_combined_high_heavy_95114,cluster_2061304035_245647208,126.0,5.0,1,0.0,5.0,0.0,0.0,0.0,0.25,5.0,4.31049,5.0
TEST_combined_high_heavy_95114,cluster_2061304035_245647208,131.0,5.0,1,0.0,5.0,5.0,0.0,0.0,0.25,5.0,4.31049,5.0
TEST_combined_high_heavy_95114,cluster_2061304035_245647208,136.0,0.0,1,3.286587075563148,5.0,5.0,5.0,0.0,0.0,5.0,4.8959374,0.0
TEST_combined_high_heavy_95114,cluster_2061304035_245647208,141.0,0.0,1,24.52339606148805,0.0,5.0,5.0,5.0,-0.25,10.0,10.118029,0.0
TEST_combined_high_heavy_95114,cluster_2061304035_245647208,146.0,5.0,1,0.1062497028140228,0.0,0.0,5.0,5.0,0.0,10.0,6.772884,5.0
TEST_combined_high_heavy_95114,cluster_2061304035_245647208,151.0,5.0,2,20.87679513387717,5.0,0.0,0.0,5.0,0.0,10.0,8.256599,5.0
TEST_combined_high_heavy_95114,cluster_2061304035_245647208,156.0,5.0,1,0.0,5.0,5.0,0.0,0.0,0.25,15.0,4.31049,5.0
TEST_combined_high_heavy_95114,cluster_2061304035_245647208,161.0,5.0,2,26.44278614094225,5.0,5.0,5.0,0.0,0.25,15.0,17.048574,5.0
TEST_combined_high_heavy_95114,cluster_2061304035_245647208,166.0,5.0,2,28.30404642130944,5.0,5.0,5.0,5.0,0.0,5.0,33.649887,5.0
TEST_combined_high_heavy_95114,cluster_2061304035_245647208,171.0,5.0,1,0.0,5.0,5.0,5.0,5.0,0.0,0.0,5.867684,5.0
TEST_combined_high_heavy_95114,cluster_2061304035_245647208,176.0,5.0,1,0.0,5.0,5.0,5.0,5.0,0.0,5.0,5.867684,5.0
TEST_combined_high_heavy_95114,cluster_2061304035_245647208,181.0,0.0,2,18.645911835122963,5.0,5.0,5.0,5.0,-0.25,5.0,10.9163885,0.0
TEST_combined_high_heavy_95114,cluster_2061304035_245647208,186.0,5.0,1,0.1121173994243471,0.0,5.0,5.0,5.0,0.0,5.0,6.772884,5.0
TEST_combined_high_heavy_95114,cluster_2061304035_245647208,191.0,5.0,1,0.0,5.0,0.0,5.0,5.0,0.0,5.0,5.867684,5.0
TEST_combined_high_heavy_95114,cluster_2061304035_245647208,196.0,5.0,5,39.60059498857127,5.0,5.0,0.0,5.0,0.0,5.0,73.064766,5.0
TEST_combined_high_heavy_95114,cluster_2061304035_245647208,201.0,10.0,5,14.912391484211334,5.0,5.0,5.0,0.0,0.5,5.0,8.642352,10.0
TEST_combined_high_heavy_95114,cluster_2061304035_245647208,206.0,10.0,4,13.257762784786877,10.0,5.0,5.0,5.0,0.25,5.0,11.605513,10.0
TEST_combined_high_heavy_95114,cluster_2061304035_245647208,211.0,10.0,3,8.251988289615758,10.0,10.0,5.0,5.0,0.25,0.0,11.913852,10.0
TEST_combined_high_heavy_95114,cluster_2061304035_245647208,216.0,15.0,3,0.0,10.0,10.0,10.0,5.0,0.5,0.0,9.010549,15.0
TEST_combined_high_heavy_95114,cluster_2061304035_245647208,221.0,15.0,4,2.952903179684537,15.0,10.0,10.0,10.0,0.25,0.0,11.929386,15.0
TEST_combined_high_heavy_95114,cluster_2061304035_245647208,226.0,5.0,2,1.0370175202084135,15.0,15.0,10.0,10.0,-0.25,0.0,8.952019,5.0
TEST_combined_high_heavy_95114,cluster_2061304035_245647208,231.0,0.0,1,35.71749425758022,5.0,15.0,15.0,10.0,-0.5,5.0,12.6192255,0.0
TEST_combined_high_heavy_95114,cluster_2061304035_245647208,236.0,5.0,1,0.0048394132457559,0.0,5.0,15.0,15.0,-0.5,5.0,10.593984,5.0
TEST_combined_high_heavy_95114,cluster_2061304035_245647208,241.0,5.0,2,18.74160096868774,5.0,0.0,5.0,15.0,-0.5,5.0,19.854311,5.0
TEST_combined_high_heavy_95114,cluster_2061304035_245647208,246.0,5.0,1,0.0,5.0,5.0,0.0,5.0,0.0,5.0,5.867684,5.0
TEST_combined_high_heavy_95114,cluster_2061304035_245647208,251.0,5.0,2,20.420023302479212,5.0,5.0,5.0,0.0,0.25,5.0,17.11859,5.0
TEST_combined_high_heavy_95114,cluster_2061304035_245647208,256.0,5.0,2,10.849836982071666,5.0,5.0,5.0,5.0,0.0,0.0,7.2042747,5.0
TEST_combined_high_heavy_95114,cluster_2061304035_245647208,261.0,5.0,2,7.648005055804237,5.0,5.0,5.0,5.0,0.0,0.0,7.4026074,5.0
TEST_combined_high_heavy_95114,cluster_2061304035_245647208,266.0,5.0,1,0.0,5.0,5.0,5.0,5.0,0.0,5.0,5.867684,5.0
TEST_combined_high_heavy_95114,cluster_2061304035_245647208,271.0,0.0,1,3.5923340207431464,5.0,5.0,5.0,5.0,-0.25,5.0,5.726226,0.0
TEST_combined_high_heavy_95114,cluster_2061304035_245647208,276.0,0.0,0,0.0,0.0,5.0,5.0,5.0,-0.25,5.0,6.3771977,0.0
TEST_combined_high_heavy_95114,cluster_2061304035_245647208,281.0,0.0,0,0.0,0.0,0.0,5.0,5.0,-0.25,5.0,6.3771977,0.0
TEST_combined_high_heavy_95114,cluster_2061304035_245647208,286.0,0.0,1,45.35762724441909,0.0,0.0,0.0,5.0,-0.25,5.0,18.735823,0.0
TEST_combined_high_heavy_95114,cluster_2061304035_245647208,291.0,5.0,2,29.311035088732016,0.0,0.0,0.0,0.0,0.25,5.0,9.623975,5.0
TEST_combined_high_heavy_95114,cluster_2061304035_245647208,296.0,5.0,2,18.328936170533424,5.0,0.0,0.0,0.0,0.25,5.0,0.75457317,5.0
TEST_combined_high_heavy_95114,cluster_2061304035_245647208,301.0,5.0,1,0.0,5.0,5.0,0.0,0.0,0.25,0.0,4.31049,5.0
TEST_combined_high_heavy_95114,cluster_2061304035_245647208,306.0,5.0,1,0.0,5.0,5.0,5.0,0.0,0.25,0.0,4.31049,5.0
TEST_combined_high_heavy_95114,cluster_2061304035_245647208,311.0,5.0,1,0.0,5.0,5.0,5.0,5.0,0.0,5.0,5.867684,5.0
TEST_combined_high_heavy_95114,cluster_2061304035_245647208,316.0,0.0,1,53.2876657015644,5.0,5.0,5.0,5.0,-0.25,5.0,1.6722249,0.0
TEST_combined_high_heavy_95114,cluster_2061304035_245647208,321.0,0.0,1,9.700824408946366,0.0,5.0,5.0,5.0,-0.25,5.0,8.341742,0.0
TEST_combined_high_heavy_95114,cluster_2061304035_245647208,326.0,5.0,1,0.0011588977083634,0.0,0.0,5.0,5.0,0.0,15.0,6.1502037,5.0
TEST_combined_high_heavy_95114,cluster_2061304035_245647208,331.0,5.0,1,0.0,5.0,0.0,0.0,5.0,0.0,15.0,5.867684,5.0
TEST_combined_high_heavy_95114,cluster_2061304035_245647208,336.0,5.0,1,0.0,5.0,5.0,0.0,0.0,0.25,15.0,4.31049,5.0
TEST_combined_high_heavy_95114,cluster_2061304035_245647208,341.0,5.0,2,26.428179355943577,5.0,5.0,5.0,0.0,0.25,15.0,17.048574,5.0
TEST_combined_high_heavy_95114,cluster_2061304035_245647208,346.0,5.0,2,17.054448429527138,5.0,5.0,5.0,5.0,0.0,5.0,6.314038,5.0
TEST_combined_high_heavy_95114,cluster_2061304035_245647208,351.0,5.0,1,0.0,5.0,5.0,5.0,5.0,0.0,0.0,5.867684,5.0
TEST_combined_high_heavy_95114,cluster_2061304035_245647208,356.0,5.0,1,0.0,5.0,5.0,5.0,5.0,0.0,0.0,5.867684,5.0
TEST_combined_high_heavy_95114,cluster_2061304035_245647208,361.0,0.0,1,3.2589674619957805,5.0,5.0,5.0,5.0,-0.25,0.0,7.3038993,0.0
TEST_combined_high_heavy_95114,cluster_2061304035_245647208,366.0,0.0,1,26.133645150928515,0.0,5.0,5.0,5.0,-0.25,0.0,15.105638,0.0
TEST_combined_high_heavy_95114,cluster_2061304035_245647208,371.0,5.0,1,0.0595701625020842,0.0,0.0,5.0,5.0,0.0,0.0,6.45915,5.0
TEST_combined_high_heavy_95114,cluster_2061304035_245647208,376.0,5.0,1,0.0,5.0,0.0,0.0,5.0,0.0,0.0,5.867684,5.0
TEST_combined_high_heavy_95114,cluster_2061304035_245647208,381.0,5.0,3,17.324478987061234,5.0,5.0,0.0,0.0,0.25,0.0,16.599785,5.0
TEST_combined_high_heavy_95114,cluster_2061304035_245647208,386.0,15.0,3,0.0528940634312303,5.0,5.0,5.0,0.0,0.75,0.0,4.9234347,15.0
TEST_combined_high_heavy_95114,cluster_2061304035_245647208,391.0,15.0,3,0.0001267058343422,15.0,5.0,5.0,5.0,0.5,0.0,9.469972,15.0
TEST_combined_high_heavy_95114,cluster_2061304035_245647208,396.0,15.0,4,21.41163218163187,15.0,15.0,5.0,5.0,0.5,0.0,32.279892,15.0
TEST_combined_high_heavy_95114,cluster_2061304035_245647208,401.0,15.0,3,0.0,15.0,15.0,15.0,5.0,0.5,5.0,9.6511,15.0
TEST_combined_high_heavy_95114,cluster_2061304035_245647208,406.0,5.0,3,1.5894592283293605,15.0,15.0,15.0,15.0,-0.5,5.0,17.937124,5.0
TEST_combined_high_heavy_95114,cluster_2061304035_245647208,411.0,0.0,1,15.753461406910793,5.0,15.0,15.0,15.0,-0.75,10.0,10.985253,0.0
TEST_combined_high_heavy_95114,cluster_2061304035_245647208,416.0,0.0,0,0.0,0.0,5.0,15.0,15.0,-0.75,20.0,6.7851744,0.0
TEST_combined_high_heavy_95114,cluster_2061304035_245647208,421.0,0.0,1,39.3518882110342,0.0,0.0,5.0,15.0,-0.75,25.0,12.529464,0.0
TEST_combined_high_heavy_95114,cluster_2061304035_245647208,426.0,0.0,1,19.72295250172257,0.0,0.0,0.0,5.0,-0.25,30.0,9.410438,0.0
TEST_combined_high_heavy_95114,cluster_2061304035_245647208,431.0,0.0,2,53.62851824029349,0.0,0.0,0.0,0.0,0.0,30.0,1.6634777,0.0
TEST_combined_high_heavy_95114,cluster_2061304035_245647208,436.0,0.0,2,23.5881434863264,0.0,0.0,0.0,0.0,0.0,15.0,4.390688,0.0
TEST_combined_high_heavy_95114,cluster_2061304035_245647208,441.0,0.0,1,20.27308481792109,0.0,0.0,0.0,0.0,0.0,0.0,8.547714,0.0
TEST_combined_high_heavy_95114,cluster_2061304035_245647208,446.0,0.0,1,34.25263658985984,0.0,0.0,0.0,0.0,0.0,0.0,9.742005,0.0
TEST_combined_high_heavy_95114,cluster_2061304035_245647208,451.0,0.0,0,0.0,0.0,0.0,0.0,0.0,0.0,0.0,1.363607,0.0
TEST_combined_high_heavy_95114,cluster_2061304035_245647208,456.0,0.0,1,1.7237863346691948,0.0,0.0,0.0,0.0,0.0,0.0,3.622648,0.0
TEST_combined_high_heavy_95114,cluster_2061304035_245647208,461.0,5.0,1,0.0075851946101046,0.0,0.0,0.0,0.0,0.25,0.0,5.9832397,5.0
TEST_combined_high_heavy_95114,cluster_2061304035_245647208,466.0,5.0,3,33.47194975354973,5.0,0.0,0.0,0.0,0.25,0.0,14.446948,5.0
TEST_combined_high_heavy_95114,cluster_2061304035_245647208,471.0,10.0,4,7.395194612603129,5.0,5.0,0.0,0.0,0.5,0.0,8.476635,10.0
TEST_combined_high_heavy_95114,cluster_2061304035_245647208,476.0,20.0,5,2.597607851375196,10.0,5.0,5.0,0.0,1.0,0.0,6.5588503,20.0
TEST_combined_high_heavy_95114,cluster_2061304035_245647208,481.0,25.0,5,0.0001044890740346,20.0,10.0,5.0,5.0,1.0,0.0,6.1452127,25.0
TEST_combined_high_heavy_95114,cluster_2061304035_245647208,486.0,30.0,6,0.041941662461227,25.0,20.0,10.0,5.0,1.25,0.0,12.292888,30.0
TEST_combined_high_heavy_95114,cluster_2061304035_245647208,491.0,30.0,6,0.0,30.0,25.0,20.0,10.0,1.0,0.0,13.194956,30.0
TEST_combined_high_heavy_95114,cluster_2061304035_245647208,496.0,15.0,3,0.0,30.0,30.0,25.0,20.0,-0.25,0.0,16.576,15.0
TEST_combined_high_heavy_95114,cluster_2061304035_245647208,501.0,0.0,1,19.651675983339512,15.0,30.0,30.0,25.0,-1.25,5.0,8.309437,0.0
TEST_combined_high_heavy_95114,cluster_2061304035_245647208,506.0,0.0,1,22.26277111549862,0.0,15.0,30.0,30.0,-1.5,5.0,10.704452,0.0
TEST_combined_high_heavy_95114,cluster_2061304035_245647208,511.0,0.0,0,0.0,0.0,0.0,15.0,30.0,-1.5,5.0,8.398845,0.0
TEST_combined_high_heavy_95114,cluster_2061304035_245647208,516.0,0.0,0,0.0,0.0,0.0,0.0,15.0,-0.75,15.0,6.7851744,0.0
TEST_combined_high_heavy_95114,cluster_2061304035_245647208,521.0,0.0,3,43.66591164632941,0.0,0.0,0.0,0.0,0.0,15.0,22.408077,0.0
TEST_combined_high_heavy_95114,cluster_2061304035_245647208,526.0,0.0,3,37.15786412326783,0.0,0.0,0.0,0.0,0.0,0.0,20.221918,0.0
TEST_combined_high_heavy_95114,cluster_2061304035_245647208,531.0,0.0,0,0.0,0.0,0.0,0.0,0.0,0.0,0.0,1.363607,0.0
TEST_combined_high_heavy_95114,cluster_2061304035_245647208,536.0,0.0,0,0.0,0.0,0.0,0.0,0.0,0.0,0.0,1.363607,0.0
TEST_combined_high_heavy_95114,cluster_2061304035_245647208,541.0,0.0,1,53.28071375400759,0.0,0.0,0.0,0.0,0.0,5.0,2.1724977,0.0
TEST_combined_high_heavy_95114,cluster_2061304035_245647208,546.0,0.0,1,31.61498100567376,0.0,0.0,0.0,0.0,0.0,5.0,13.994936,0.0
TEST_combined_high_heavy_95114,cluster_2061304035_245647208,551.0,0.0,0,0.0,0.0,0.0,0.0,0.0,0.0,5.0,1.363607,0.0
TEST_combined_high_heavy_95114,cluster_2061304035_245647208,556.0,0.0,1,33.19911710004639,0.0,0.0,0.0,0.0,0.0,5.0,13.994936,0.0
TEST_combined_high_heavy_95114,cluster_2061304035_245647208,561.0,5.0,1,0.0012971396588952,0.0,0.0,0.0,0.0,0.25,5.0,4.601558,5.0
TEST_combined_high_heavy_95114,cluster_2061304035_245647208,566.0,5.0,2,40.26444108013269,5.0,0.0,0.0,0.0,0.25,5.0,5.2934012,5.0
TEST_combined_high_heavy_95114,cluster_2061304035_245647208,571.0,5.0,3,10.98161271479994,5.0,5.0,0.0,0.0,0.25,0.0,7.451932,5.0
TEST_combined_high_heavy_95114,cluster_2061304035_245647208,576.0,15.0,3,0.052743645321406,5.0,5.0,5.0,0.0,0.75,0.0,4.9234347,15.0
TEST_combined_high_heavy_95114,cluster_2061304035_245647208,581.0,15.0,3,0.0,15.0,5.0,5.0,5.0,0.5,0.0,9.469972,15.0
TEST_combined_high_heavy_95114,cluster_2061304035_245647208,586.0,0.0,0,0.0,15.0,15.0,5.0,5.0,-0.25,0.0,5.9924536,0.0
TEST_combined_high_heavy_95114,cluster_2061304035_245647208,591.0,0.0,1,53.28342994367704,0.0,15.0,15.0,5.0,-0.25,0.0,2.2964506,0.0
TEST_combined_high_heavy_95114,cluster_2061304035_245647208,596.0,0.0,1,6.948790779846193,0.0,0.0,15.0,15.0,-0.75,0.0,10.397556,0.0
TEST_combined_high_heavy_95114,cluster_2061304035_245647208,601.0,5.0,2,25.102898982101948,0.0,0.0,0.0,15.0,-0.5,10.0,21.1671,5.0
TEST_combined_high_heavy_95114,cluster_2061304035_245647208,606.0,5.0,1,0.0,5.0,0.0,0.0,0.0,0.25,10.0,4.31049,5.0
TEST_combined_high_heavy_95114,cluster_2061304035_245647208,611.0,5.0,1,0.0,5.0,5.0,0.0,0.0,0.25,10.0,4.31049,5.0
TEST_combined_high_heavy_95114,cluster_2061304035_245647208,616.0,5.0,1,0.0,5.0,5.0,5.0,0.0,0.25,0.0,4.31049,5.0
TEST_combined_high_heavy_95114,cluster_2061304035_245647208,621.0,5.0,1,0.0,5.0,5.0,5.0,5.0,0.0,0.0,5.867684,5.0
TEST_combined_high_heavy_95114,cluster_2061304035_245647208,626.0,5.0,1,0.0,5.0,5.0,5.0,5.0,0.0,0.0,5.867684,5.0
TEST_combined_high_heavy_95114,cluster_2061304035_245647208,631.0,0.0,1,1.856939033092931,5.0,5.0,5.0,5.0,-0.25,0.0,6.3896365,0.0
TEST_combined_high_heavy_95114,cluster_2061304035_245647208,636.0,0.0,0,0.0,0.0,5.0,5.0,5.0,-0.25,0.0,6.3771977,0.0
TEST_combined_high_heavy_95114,cluster_2061304035_245647208,641.0,0.0,0,0.0,0.0,0.0,5.0,5.0,-0.25,0.0,6.3771977,0.0
TEST_combined_high_heavy_95114,cluster_2061304035_245647208,646.0,0.0,1,59.35579448137751,0.0,0.0,0.0,5.0,-0.25,0.0,5.9202337,0.0
TEST_combined_high_heavy_95114,cluster_2061304035_245647208,651.0,0.0,1,56.31077644012021,0.0,0.0,0.0,0.0,0.0,0.0,3.3101542,0.0
TEST_combined_high_heavy_95114,cluster_2061304035_245647208,656.0,0.0,3,24.852610337244226,0.0,0.0,0.0,0.0,0.0,0.0,11.98404,0.0
TEST_combined_high_heavy_95114,cluster_2061304035_245647208,661.0,10.0,3,14.102496103671465,0.0,0.0,0.0,0.0,0.5,0.0,3.9687853,10.0
TEST_combined_high_heavy_95114,cluster_2061304035_245647208,666.0,10.0,2,0.0,10.0,0.0,0.0,0.0,0.5,0.0,4.8251686,10.0
TEST_combined_high_heavy_95114,cluster_2061304035_245647208,671.0,10.0,2,0.0,10.0,10.0,0.0,0.0,0.5,0.0,4.8251686,10.0
TEST_combined_high_heavy_95114,cluster_2061304035_245647208,676.0,0.0,1,2.85290339179337,10.0,10.0,10.0,0.0,0.0,0.0,4.8959374,0.0
TEST_combined_high_heavy_95114,cluster_2061304035_245647208,681.0,0.0,0,0.0,0.0,10.0,10.0,10.0,-0.5,0.0,6.4594674,0.0
TEST_combined_high_heavy_95114,cluster_2061304035_245647208,686.0,0.0,0,0.0,0.0,0.0,10.0,10.0,-0.5,0.0,6.4594674,0.0
TEST_combined_high_heavy_95114,cluster_2061304035_245647208,691.0,0.0,0,0.0,0.0,0.0,0.0,10.0,-0.5,0.0,6.4594674,0.0
TEST_combined_high_heavy_95114,cluster_2061304035_245647208,696.0,0.0,0,0.0,0.0,0.0,0.0,0.0,0.0,0.0,1.363607,0.0
TEST_combined_high_heavy_95114,cluster_2061304035_245647208,701.0,0.0,0,0.0,0.0,0.0,0.0,0.0,0.0,0.0,1.363607,0.0
TEST_combined_high_heavy_95114,cluster_2061304035_245647208,706.0,0.0,0,0.0,0.0,0.0,0.0,0.0,0.0,0.0,1.363607,0.0
TEST_combined_high_heavy_95114,cluster_2061304035_245647208,711.0,0.0,0,0.0,0.0,0.0,0.0,0.0,0.0,0.0,1.363607,0.0
TEST_combined_high_heavy_95114,cluster_2061304035_245647208,716.0,0.0,0,0.0,0.0,0.0,0.0,0.0,0.0,0.0,1.363607,0.0
TEST_combined_high_heavy_95114,cluster_2061304035_245647208,721.0,0.0,0,0.0,0.0,0.0,0.0,0.0,0.0,0.0,1.363607,0.0
TEST_combined_high_heavy_95114,cluster_2061304035_245647208,726.0,0.0,0,0.0,0.0,0.0,0.0,0.0,0.0,0.0,1.363607,0.0
TEST_combined_high_heavy_95114,cluster_2061304035_245647208,731.0,0.0,0,0.0,0.0,0.0,0.0,0.0,0.0,0.0,1.363607,0.0
TEST_combined_high_heavy_95114,cluster_2061304035_245647208,736.0,0.0,2,52.71147134302799,0.0,0.0,0.0,0.0,0.0,0.0,1.6634777,0.0
TEST_combined_high_heavy_95114,cluster_245647168_3238255150_3495323634,16.0,0.0,0,0.0,0.0,0.0,0.0,0.0,0.0,5.0,1.363607,0.0
TEST_combined_high_heavy_95114,cluster_245647168_3238255150_3495323634,21.0,0.0,0,0.0,0.0,0.0,0.0,0.0,0.0,5.0,1.363607,0.0
TEST_combined_high_heavy_95114,cluster_245647168_3238255150_3495323634,26.0,0.0,0,0.0,0.0,0.0,0.0,0.0,0.0,5.0,1.363607,0.0
TEST_combined_high_heavy_95114,cluster_245647168_3238255150_3495323634,31.0,0.0,0,0.0,0.0,0.0,0.0,0.0,0.0,5.0,1.363607,0.0
TEST_combined_high_heavy_95114,cluster_245647168_3238255150_3495323634,36.0,0.0,0,0.0,0.0,0.0,0.0,0.0,0.0,5.0,1.363607,0.0
TEST_combined_high_heavy_95114,cluster_245647168_3238255150_3495323634,41.0,0.0,0,0.0,0.0,0.0,0.0,0.0,0.0,10.0,1.363607,0.0
TEST_combined_high_heavy_95114,cluster_245647168_3238255150_3495323634,46.0,0.0,0,0.0,0.0,0.0,0.0,0.0,0.0,10.0,1.363607,0.0
TEST_combined_high_heavy_95114,cluster_245647168_3238255150_3495323634,51.0,0.0,0,0.0,0.0,0.0,0.0,0.0,0.0,15.0,1.363607,0.0
TEST_combined_high_heavy_95114,cluster_245647168_3238255150_3495323634,56.0,0.0,0,0.0,0.0,0.0,0.0,0.0,0.0,10.0,1.363607,0.0
TEST_combined_high_heavy_95114,cluster_245647168_3238255150_3495323634,61.0,0.0,0,0.0,0.0,0.0,0.0,0.0,0.0,15.0,1.363607,0.0
TEST_combined_high_heavy_95114,cluster_245647168_3238255150_3495323634,66.0,0.0,2,67.1954520438368,0.0,0.0,0.0,0.0,0.0,15.0,2.8011346,0.0
TEST_combined_high_heavy_95114,cluster_245647168_3238255150_3495323634,71.0,0.0,1,1.3652008706625436,0.0,0.0,0.0,0.0,0.0,20.0,3.622648,0.0
TEST_combined_high_heavy_95114,cluster_245647168_3238255150_3495323634,76.0,5.0,1,0.0005142989371188,0.0,0.0,0.0,0.0,0.0,15.0,4.31049,5.0
TEST_combined_high_heavy_95114,cluster_245647168_3238255150_3495323634,81.0,5.0,1,0.0,5.0,0.0,0.0,0.0,0.0,20.0,4.31049,5.0
TEST_combined_high_heavy_95114,cluster_245647168_3238255150_3495323634,86.0,5.0,2,1.3744920945687866,5.0,5.0,0.0,0.0,0.0,25.0,5.1907144,5.0
TEST_combined_high_heavy_95114,cluster_245647168_3238255150_3495323634,91.0,5.0,1,0.0,5.0,5.0,5.0,0.0,0.0,30.0,4.31049,5.0
TEST_combined_high_heavy_95114,cluster_245647168_3238255150_3495323634,96.0,5.0,2,0.6239443299129324,5.0,5.0,5.0,5.0,0.0,30.0,6.5194488,5.0
TEST_combined_high_heavy_95114,cluster_245647168_3238255150_3495323634,101.0,10.0,2,0.000674249501957,5.0,5.0,5.0,5.0,0.0,25.0,6.6648827,10.0
TEST_combined_high_heavy_95114,cluster_245647168_3238255150_3495323634,106.0,10.0,5,31.307822638719585,10.0,5.0,5.0,5.0,0.0,30.0,73.421715,10.0
TEST_combined_high_heavy_95114,cluster_245647168_3238255150_3495323634,111.0,15.0,5,8.84072798777034,10.0,10.0,5.0,5.0,0.5,40.0,13.061906,15.0
TEST_combined_high_heavy_95114,cluster_245647168_3238255150_3495323634,116.0,10.0,4,2.8033450603915604,15.0,10.0,10.0,5.0,0.25,40.0,9.766481,10.0
TEST_combined_high_heavy_95114,cluster_245647168_3238255150_3495323634,121.0,15.0,4,5.746739478722569,10.0,15.0,10.0,10.0,0.25,25.0,17.64163,15.0
TEST_combined_high_heavy_95114,cluster_245647168_3238255150_3495323634,126.0,15.0,4,3.9048365203552473,15.0,10.0,15.0,10.0,0.25,10.0,10.351713,15.0
TEST_combined_high_heavy_95114,cluster_245647168_3238255150_3495323634,131.0,20.0,5,9.514172868275304,15.0,15.0,10.0,15.0,0.25,10.0,15.8248415,20.0
TEST_combined_high_heavy_95114,cluster_245647168_3238255150_3495323634,136.0,15.0,4,3.956602497667584,20.0,15.0,15.0,10.0,0.25,10.0,18.088549,15.0
TEST_combined_high_heavy_95114,cluster_245647168_3238255150_3495323634,141.0,20.0,6,12.55377668284237,15.0,20.0,15.0,15.0,0.25,10.0,18.579792,20.0
TEST_combined_high_heavy_95114,cluster_245647168_3238255150_3495323634,146.0,25.0,6,6.166299721957846,20.0,15.0,20.0,15.0,0.5,10.0,18.042664,25.0
TEST_combined_high_heavy_95114,cluster_245647168_3238255150_3495323634,151.0,30.0,6,0.0053722475828766,25.0,20.0,15.0,20.0,0.5,15.0,12.163038,30.0
TEST_combined_high_heavy_95114,cluster_245647168_3238255150_3495323634,156.0,30.0,7,7.826242634798001,30.0,25.0,20.0,15.0,0.75,15.0,17.40689,30.0
TEST_combined_high_heavy_95114,cluster_245647168_3238255150_3495323634,161.0,25.0,7,8.907173596127738,30.0,30.0,25.0,20.0,0.25,15.0,18.996063,25.0
TEST_combined_high_heavy_95114,cluster_245647168_3238255150_3495323634,166.0,30.0,8,9.846396689754243,25.0,30.0,30.0,25.0,0.25,15.0,28.13969,30.0
TEST_combined_high_heavy_95114,cluster_245647168_3238255150_3495323634,171.0,40.0,8,0.011551176749972,30.0,25.0,30.0,30.0,0.5,20.0,21.199293,40.0
TEST_combined_high_heavy_95114,cluster_245647168_3238255150_3495323634,176.0,40.0,9,6.759308755131764,40.0,30.0,25.0,30.0,0.5,30.0,29.432392,40.0
TEST_combined_high_heavy_95114,cluster_245647168_3238255150_3495323634,181.0,25.0,10,10.056899643288194,40.0,40.0,30.0,25.0,0.0,40.0,32.37727,25.0
TEST_combined_high_heavy_95114,cluster_245647168_3238255150_3495323634,186.0,10.0,7,14.720890282000656,25.0,40.0,40.0,30.0,-1.0,45.0,47.442455,10.0
TEST_combined_high_heavy_95114,cluster_245647168_3238255150_3495323634,191.0,10.0,4,21.687974966378395,10.0,25.0,40.0,40.0,-1.5,35.0,69.250465,10.0
TEST_combined_high_heavy_95114,cluster_245647168_3238255150_3495323634,196.0,10.0,3,12.16281517290862,10.0,10.0,25.0,40.0,-1.5,35.0,43.381115,10.0
TEST_combined_high_heavy_95114,cluster_245647168_3238255150_3495323634,201.0,10.0,5,25.96060645691258,10.0,10.0,10.0,25.0,-0.75,50.0,67.935295,10.0
TEST_combined_high_heavy_95114,cluster_245647168_3238255150_3495323634,206.0,10.0,4,5.429937967790709,10.0,10.0,10.0,10.0,0.0,60.0,17.585861,10.0
TEST_combined_high_heavy_95114,cluster_245647168_3238255150_3495323634,211.0,15.0,3,0.0032588878118023,10.0,10.0,10.0,10.0,0.25,50.0,7.7854342,15.0
TEST_combined_high_heavy_95114,cluster_245647168_3238255150_3495323634,216.0,15.0,3,0.0,15.0,10.0,10.0,10.0,0.25,10.0,8.646792,15.0
TEST_combined_high_heavy_95114,cluster_245647168_3238255150_3495323634,221.0,15.0,4,19.666032105403502,15.0,15.0,10.0,10.0,0.25,15.0,37.283062,15.0
TEST_combined_high_heavy_95114,cluster_245647168_3238255150_3495323634,226.0,15.0,6,16.292088501026235,15.0,15.0,15.0,10.0,0.25,15.0,16.07918,15.0
TEST_combined_high_heavy_95114,cluster_245647168_3238255150_3495323634,231.0,20.0,6,6.194714106433052,15.0,15.0,15.0,15.0,0.25,35.0,18.605871,20.0
TEST_combined_high_heavy_95114,cluster_245647168_3238255150_3495323634,236.0,30.0,9,8.217251259277088,20.0,15.0,15.0,15.0,0.75,40.0,19.07593,30.0
TEST_combined_high_heavy_95114,cluster_245647168_3238255150_3495323634,241.0,40.0,10,5.944471444095171,30.0,20.0,15.0,15.0,1.25,40.0,17.790232,40.0
TEST_combined_high_heavy_95114,cluster_245647168_3238255150_3495323634,246.0,45.0,10,0.7632897992683289,40.0,30.0,20.0,15.0,1.5,40.0,18.66415,45.0
TEST_combined_high_heavy_95114,cluster_245647168_3238255150_3495323634,251.0,35.0,10,6.15306136792946,45.0,40.0,30.0,20.0,0.75,40.0,23.099316,35.0
TEST_combined_high_heavy_95114,cluster_245647168_3238255150_3495323634,256.0,35.0,12,12.71746465305945,35.0,45.0,40.0,30.0,0.25,35.0,36.165455,35.0
TEST_combined_high_heavy_95114,cluster_245647168_3238255150_3495323634,261.0,50.0,12,1.5861029499519392,35.0,35.0,45.0,40.0,0.5,35.0,35.333134,50.0
TEST_combined_high_heavy_95114,cluster_245647168_3238255150_3495323634,266.0,60.0,14,4.045480281158275,50.0,35.0,35.0,45.0,0.75,40.0,36.07562,60.0
TEST_combined_high_heavy_95114,cluster_245647168_3238255150_3495323634,271.0,50.0,15,9.347551231989256,60.0,50.0,35.0,35.0,0.75,40.0,34.38361,50.0
TEST_combined_high_heavy_95114,cluster_245647168_3238255150_3495323634,276.0,10.0,16,16.661843689470146,50.0,60.0,50.0,35.0,-1.25,55.0,53.133312,10.0
TEST_combined_high_heavy_95114,cluster_245647168_3238255150_3495323634,281.0,15.0,11,14.668651050721088,10.0,50.0,60.0,50.0,-1.75,45.0,48.22503,15.0
TEST_combined_high_heavy_95114,cluster_245647168_3238255150_3495323634,286.0,15.0,9,20.99459191016141,15.0,10.0,50.0,60.0,-2.25,60.0,74.078804,15.0
TEST_combined_high_heavy_95114,cluster_245647168_3238255150_3495323634,291.0,35.0,9,4.0824805224692025,15.0,15.0,10.0,50.0,-0.75,60.0,46.11908,35.0
TEST_combined_high_heavy_95114,cluster_245647168_3238255150_3495323634,296.0,40.0,8,0.0018203905015391,35.0,15.0,15.0,10.0,1.5,65.0,7.3424497,40.0
TEST_combined_high_heavy_95114,cluster_245647168_3238255150_3495323634,301.0,40.0,8,0.0,40.0,35.0,15.0,15.0,1.25,60.0,7.801481,40.0
TEST_combined_high_heavy_95114,cluster_245647168_3238255150_3495323634,306.0,40.0,8,0.0,40.0,40.0,35.0,15.0,1.25,20.0,8.811186,40.0
TEST_combined_high_heavy_95114,cluster_245647168_3238255150_3495323634,311.0,40.0,9,0.5287675237771065,40.0,40.0,40.0,35.0,0.25,25.0,30.29773,40.0
TEST_combined_high_heavy_95114,cluster_245647168_3238255150_3495323634,316.0,35.0,9,8.058666712496596,40.0,40.0,40.0,40.0,-0.25,20.0,44.341454,35.0
TEST_combined_high_heavy_95114,cluster_245647168_3238255150_3495323634,321.0,35.0,8,0.1504208761890757,35.0,40.0,40.0,40.0,-0.25,35.0,38.71813,35.0
TEST_combined_high_heavy_95114,cluster_245647168_3238255150_3495323634,326.0,40.0,9,7.828087858116752,35.0,35.0,40.0,40.0,0.0,25.0,36.60578,40.0
TEST_combined_high_heavy_95114,cluster_245647168_3238255150_3495323634,331.0,40.0,11,5.808744759693314,40.0,35.0,35.0,40.0,0.0,30.0,36.375404,40.0
TEST_combined_high_heavy_95114,cluster_245647168_3238255150_3495323634,336.0,55.0,12,3.759078490795276,40.0,40.0,35.0,35.0,1.0,35.0,33.374508,55.0
TEST_combined_high_heavy_95114,cluster_245647168_3238255150_3495323634,341.0,45.0,12,6.123842494285646,55.0,40.0,40.0,35.0,0.5,35.0,34.10452,45.0
TEST_combined_high_heavy_95114,cluster_245647168_3238255150_3495323634,346.0,60.0,13,6.65935468825967,45.0,55.0,40.0,40.0,1.0,30.0,38.707027,60.0
TEST_combined_high_heavy_95114,cluster_245647168_3238255150_3495323634,351.0,60.0,14,5.309560511456875,60.0,45.0,55.0,40.0,1.0,45.0,36.292786,60.0
TEST_combined_high_heavy_95114,cluster_245647168_3238255150_3495323634,356.0,65.0,15,0.3328275772211532,60.0,60.0,45.0,55.0,0.5,55.0,37.140507,65.0
TEST_combined_high_heavy_95114,cluster_245647168_3238255150_3495323634,361.0,60.0,15,6.007903246221471,65.0,60.0,60.0,45.0,0.75,55.0,39.098408,60.0
TEST_combined_high_heavy_95114,cluster_245647168_3238255150_3495323634,366.0,20.0,14,9.585082541871497,60.0,65.0,60.0,60.0,-2.0,55.0,59.654247,20.0
TEST_combined_high_heavy_95114,cluster_245647168_3238255150_3495323634,371.0,25.0,9,3.178608120100607,20.0,60.0,65.0,60.0,-1.75,50.0,60.774326,25.0
TEST_combined_high_heavy_95114,cluster_245647168_3238255150_3495323634,376.0,20.0,8,12.64217227870508,25.0,20.0,60.0,65.0,-2.25,60.0,72.924965,20.0
TEST_combined_high_heavy_95114,cluster_245647168_3238255150_3495323634,381.0,35.0,9,2.5373346671936594,20.0,25.0,20.0,60.0,-1.25,85.0,70.05082,35.0
TEST_combined_high_heavy_95114,cluster_245647168_3238255150_3495323634,386.0,25.0,9,13.03297393936479,35.0,20.0,25.0,20.0,0.25,95.0,19.85987,25.0
TEST_combined_high_heavy_95114,cluster_245647168_3238255150_3495323634,391.0,30.0,7,0.0549438570142703,25.0,35.0,20.0,25.0,0.25,80.0,19.19342,30.0
TEST_combined_high_heavy_95114,cluster_245647168_3238255150_3495323634,396.0,35.0,7,0.0,30.0,25.0,35.0,20.0,0.75,10.0,15.811323,35.0
TEST_combined_high_heavy_95114,cluster_245647168_3238255150_3495323634,401.0,35.0,8,3.6956343433964944,35.0,30.0,25.0,35.0,0.0,15.0,31.553274,35.0
TEST_combined_high_heavy_95114,cluster_245647168_3238255150_3495323634,406.0,30.0,9,6.538479484091959,35.0,35.0,30.0,25.0,0.25,5.0,29.866106,30.0
TEST_combined_high_heavy_95114,cluster_245647168_3238255150_3495323634,411.0,45.0,11,9.166180692903204,30.0,35.0,35.0,30.0,0.75,25.0,30.17961,45.0
TEST_combined_high_heavy_95114,cluster_245647168_3238255150_3495323634,416.0,55.0,11,0.0304975536752997,45.0,30.0,35.0,35.0,1.0,35.0,30.94549,55.0
TEST_combined_high_heavy_95114,cluster_245647168_3238255150_3495323634,421.0,55.0,11,0.0,55.0,45.0,30.0,35.0,1.0,35.0,30.365498,55.0
TEST_combined_high_heavy_95114,cluster_245647168_3238255150_3495323634,426.0,55.0,12,6.695583947134751,55.0,55.0,45.0,30.0,1.25,40.0,34.12469,55.0
TEST_combined_high_heavy_95114,cluster_245647168_3238255150_3495323634,431.0,50.0,13,10.384338914498468,55.0,55.0,55.0,45.0,0.25,45.0,43.445206,50.0
TEST_combined_high_heavy_95114,cluster_245647168_3238255150_3495323634,436.0,60.0,18,10.438365829079958,50.0,55.0,55.0,55.0,0.25,45.0,38.511612,60.0
TEST_combined_high_heavy_95114,cluster_245647168_3238255150_3495323634,441.0,85.0,20,5.027915347714762,60.0,50.0,55.0,55.0,1.5,45.0,36.479805,85.0
TEST_combined_high_heavy_95114,cluster_245647168_3238255150_3495323634,446.0,95.0,20,0.3289049935615398,85.0,60.0,50.0,55.0,2.0,45.0,27.618965,95.0
TEST_combined_high_heavy_95114,cluster_245647168_3238255150_3495323634,451.0,80.0,17,3.131939859737672,95.0,85.0,60.0,50.0,1.5,50.0,32.386932,80.0
TEST_combined_high_heavy_95114,cluster_245647168_3238255150_3495323634,456.0,10.0,15,14.196867961553524,80.0,95.0,85.0,60.0,-2.5,50.0,41.945457,10.0
TEST_combined_high_heavy_95114,cluster_245647168_3238255150_3495323634,461.0,15.0,13,17.874297023039347,10.0,80.0,95.0,85.0,-3.5,55.0,48.575638,15.0
TEST_combined_high_heavy_95114,cluster_245647168_3238255150_3495323634,466.0,5.0,7,18.858316137271306,15.0,10.0,80.0,95.0,-4.5,65.0,69.22681,5.0
TEST_combined_high_heavy_95114,cluster_245647168_3238255150_3495323634,471.0,25.0,8,4.161293310841066,5.0,15.0,10.0,80.0,-2.75,80.0,84.912735,25.0
TEST_combined_high_heavy_95114,cluster_245647168_3238255150_3495323634,476.0,35.0,8,1.5945674472582505,25.0,5.0,15.0,10.0,1.25,80.0,12.571357,35.0
TEST_combined_high_heavy_95114,cluster_245647168_3238255150_3495323634,481.0,35.0,9,5.724750367290002,35.0,25.0,5.0,15.0,1.0,70.0,23.896141,35.0
TEST_combined_high_heavy_95114,cluster_245647168_3238255150_3495323634,486.0,40.0,9,0.3600974485589608,35.0,35.0,25.0,5.0,1.75,10.0,15.645131,40.0
TEST_combined_high_heavy_95114,cluster_245647168_3238255150_3495323634,491.0,45.0,10,3.1466941338408225,40.0,35.0,35.0,25.0,1.0,10.0,25.684847,45.0
TEST_combined_high_heavy_95114,cluster_245647168_3238255150_3495323634,496.0,45.0,9,0.0054238912459983,45.0,40.0,35.0,35.0,0.5,10.0,29.415579,45.0
TEST_combined_high_heavy_95114,cluster_245647168_3238255150_3495323634,501.0,45.0,9,0.0,45.0,45.0,40.0,35.0,0.5,20.0,30.030783,45.0
TEST_combined_high_heavy_95114,cluster_245647168_3238255150_3495323634,506.0,45.0,10,2.6628414248301127,45.0,45.0,45.0,40.0,0.25,35.0,38.11473,45.0
TEST_combined_high_heavy_95114,cluster_245647168_3238255150_3495323634,511.0,50.0,11,7.938655288043448,45.0,45.0,45.0,45.0,0.25,60.0,36.323177,50.0
TEST_combined_high_heavy_95114,cluster_245647168_3238255150_3495323634,516.0,50.0,13,10.007529467777028,50.0,45.0,45.0,45.0,0.25,65.0,38.283905,50.0
TEST_combined_high_heavy_95114,cluster_245647168_3238255150_3495323634,521.0,55.0,15,5.5509652323734295,50.0,50.0,45.0,45.0,0.5,65.0,38.156822,55.0
TEST_combined_high_heavy_95114,cluster_245647168_3238255150_3495323634,526.0,65.0,16,1.823836366169242,55.0,50.0,50.0,45.0,1.0,80.0,38.346462,65.0
TEST_combined_high_heavy_95114,cluster_245647168_3238255150_3495323634,531.0,80.0,17,1.5964575887643409,65.0,55.0,50.0,50.0,1.5,80.0,35.886845,80.0
TEST_combined_high_heavy_95114,cluster_245647168_3238255150_3495323634,536.0,80.0,18,1.356607937885081,80.0,65.0,55.0,50.0,1.5,80.0,32.160915,80.0
TEST_combined_high_heavy_95114,cluster_245647168_3238255150_3495323634,541.0,70.0,18,6.394564438911732,80.0,80.0,65.0,55.0,0.75,90.0,28.27217,70.0
TEST_combined_high_heavy_95114,cluster_245647168_3238255150_3495323634,546.0,10.0,16,10.577110895252275,70.0,80.0,80.0,65.0,-2.75,90.0,36.329372,10.0
TEST_combined_high_heavy_95114,cluster_245647168_3238255150_3495323634,551.0,10.0,10,11.882734209970032,10.0,70.0,80.0,80.0,-3.5,80.0,45.473766,10.0
TEST_combined_high_heavy_95114,cluster_245647168_3238255150_3495323634,556.0,10.0,7,17.91531923097021,10.0,10.0,70.0,80.0,-3.5,85.0,70.03636,10.0
TEST_combined_high_heavy_95114,cluster_245647168_3238255150_3495323634,561.0,20.0,11,15.63583902490852,10.0,10.0,10.0,70.0,-2.5,90.0,88.20164,20.0
TEST_combined_high_heavy_95114,cluster_245647168_3238255150_3495323634,566.0,35.0,12,10.48550209657659,20.0,10.0,10.0,10.0,1.25,90.0,18.549994,35.0
TEST_combined_high_heavy_95114,cluster_245647168_3238255150_3495323634,571.0,60.0,14,2.9953323915489625,35.0,20.0,10.0,10.0,2.5,75.0,14.887695,60.0
TEST_combined_high_heavy_95114,cluster_245647168_3238255150_3495323634,576.0,65.0,13,0.0001698015644541,60.0,35.0,20.0,10.0,2.75,20.0,11.648123,65.0
TEST_combined_high_heavy_95114,cluster_245647168_3238255150_3495323634,581.0,65.0,16,5.893215428176828,65.0,60.0,35.0,20.0,2.25,0.0,28.317036,65.0
TEST_combined_high_heavy_95114,cluster_245647168_3238255150_3495323634,586.0,80.0,16,0.0206673700959428,65.0,65.0,60.0,35.0,2.25,0.0,31.323668,80.0
TEST_combined_high_heavy_95114,cluster_245647168_3238255150_3495323634,591.0,80.0,17,1.4860600806425408,80.0,65.0,65.0,60.0,1.0,20.0,29.721754,80.0
TEST_combined_high_heavy_95114,cluster_245647168_3238255150_3495323634,596.0,80.0,18,1.4209163820950006,80.0,80.0,65.0,65.0,0.75,45.0,24.128036,80.0
TEST_combined_high_heavy_95114,cluster_245647168_3238255150_3495323634,601.0,90.0,18,0.0001536030192984,80.0,80.0,80.0,65.0,1.25,65.0,19.825806,90.0
TEST_combined_high_heavy_95114,cluster_245647168_3238255150_3495323634,606.0,90.0,18,0.0,90.0,80.0,80.0,80.0,0.5,65.0,22.920399,90.0
TEST_combined_high_heavy_95114,cluster_245647168_3238255150_3495323634,611.0,80.0,18,1.7065400591101656,90.0,90.0,80.0,80.0,0.0,70.0,32.158127,80.0
TEST_combined_high_heavy_95114,cluster_245647168_3238255150_3495323634,616.0,85.0,19,5.76155234056631,80.0,90.0,90.0,80.0,0.25,70.0,16.942148,85.0
TEST_combined_high_heavy_95114,cluster_245647168_3238255150_3495323634,621.0,90.0,19,2.790193697418436,85.0,80.0,90.0,90.0,0.0,85.0,36.781208,90.0
TEST_combined_high_heavy_95114,cluster_245647168_3238255150_3495323634,626.0,90.0,19,0.351861672345122,90.0,85.0,80.0,90.0,0.0,85.0,36.575012,90.0
TEST_combined_high_heavy_95114,cluster_245647168_3238255150_3495323634,631.0,75.0,17,0.3270553574952132,90.0,90.0,85.0,80.0,-0.25,90.0,46.782036,75.0
TEST_combined_high_heavy_95114,cluster_245647168_3238255150_3495323634,636.0,20.0,14,5.171782548208428,75.0,90.0,90.0,85.0,-3.25,95.0,37.865845,20.0
TEST_combined_high_heavy_95114,cluster_245647168_3238255150_3495323634,641.0,0.0,11,13.826757929053793,20.0,75.0,90.0,90.0,-4.5,100.0,47.920948,0.0
TEST_combined_high_heavy_95114,cluster_245647168_3238255150_3495323634,646.0,0.0,10,14.629289456910543,0.0,20.0,75.0,90.0,-4.5,100.0,69.37072,0.0
TEST_combined_high_heavy_95114,cluster_245647168_3238255150_3495323634,651.0,20.0,12,7.991516184789861,0.0,0.0,20.0,75.0,-2.75,100.0,87.35146,20.0
TEST_combined_high_heavy_95114,cluster_245647168_3238255150_3495323634,656.0,45.0,14,3.8572772462805593,20.0,0.0,0.0,20.0,1.25,100.0,19.891935,45.0
TEST_combined_high_heavy_95114,cluster_245647168_3238255150_3495323634,661.0,65.0,14,6.089587419340899,45.0,20.0,0.0,0.0,3.25,80.0,28.585356,65.0
TEST_combined_high_heavy_95114,cluster_245647168_3238255150_3495323634,666.0,65.0,14,1.665890273681394,65.0,45.0,20.0,0.0,3.25,30.0,13.507326,65.0
TEST_combined_high_heavy_95114,cluster_245647168_3238255150_3495323634,671.0,70.0,15,3.5875037420785016,65.0,65.0,45.0,20.0,2.5,5.0,22.325726,70.0
TEST_combined_high_heavy_95114,cluster_245647168_3238255150_3495323634,676.0,70.0,17,5.425008081765694,70.0,65.0,65.0,45.0,1.25,5.0,36.315178,70.0
TEST_combined_high_heavy_95114,cluster_245647168_3238255150_3495323634,681.0,85.0,18,0.1154443630118514,70.0,70.0,65.0,65.0,1.0,20.0,38.99907,85.0
TEST_combined_high_heavy_95114,cluster_245647168_3238255150_3495323634,686.0,85.0,18,1.268184156702678,85.0,70.0,70.0,65.0,1.0,45.0,30.190308,85.0
TEST_combined_high_heavy_95114,cluster_245647168_3238255150_3495323634,691.0,90.0,19,1.4868598648449207,85.0,85.0,70.0,70.0,1.0,50.0,32.885757,90.0
TEST_combined_high_heavy_95114,cluster_245647168_3238255150_3495323634,696.0,95.0,19,0.0078759232170146,90.0,85.0,85.0,70.0,1.25,50.0,22.501421,95.0
TEST_combined_high_heavy_95114,cluster_245647168_3238255150_3495323634,701.0,100.0,20,0.0,95.0,90.0,85.0,85.0,0.75,50.0,24.021656,100.0
TEST_combined_high_heavy_95114,cluster_245647168_3238255150_3495323634,706.0,100.0,20,0.0,100.0,95.0,90.0,85.0,0.75,50.0,24.021656,100.0
TEST_combined_high_heavy_95114,cluster_245647168_3238255150_3495323634,711.0,100.0,20,0.0,100.0,100.0,95.0,90.0,0.5,50.0,27.543478,100.0
TEST_combined_high_heavy_95114,cluster_245647168_3238255150_3495323634,716.0,100.0,20,0.0,100.0,100.0,100.0,95.0,0.25,50.0,27.478432,100.0
TEST_combined_high_heavy_95114,cluster_245647168_3238255150_3495323634,721.0,80.0,17,0.1195528793532182,100.0,100.0,100.0,100.0,-1.0,50.0,46.759434,80.0
TEST_combined_high_heavy_95114,cluster_245647168_3238255150_3495323634,726.0,30.0,13,2.757503041637015,80.0,100.0,100.0,100.0,-3.5,50.0,30.632458,30.0
TEST_combined_high_heavy_95114,cluster_245647168_3238255150_3495323634,731.0,5.0,11,10.01042583785109,30.0,80.0,100.0,100.0,-4.75,50.0,37.219227,5.0
TEST_combined_high_heavy_95114,cluster_245647168_3238255150_3495323634,736.0,5.0,9,17.49062191787559,5.0,30.0,80.0,100.0,-4.75,50.0,41.09007,5.0
TEST_combined_high_incident_78709,cluster_13546492148_1838721956,16.0,0.0,1,49.1415559447984,0.0,0.0,0.0,0.0,0.0,0.0,20.609566,0.0
TEST_combined_high_incident_78709,cluster_13546492148_1838721956,21.0,0.0,0,0.0,0.0,0.0,0.0,0.0,0.0,0.0,1.363607,0.0
TEST_combined_high_incident_78709,cluster_13546492148_1838721956,26.0,0.0,0,0.0,0.0,0.0,0.0,0.0,0.0,5.0,1.363607,0.0
TEST_combined_high_incident_78709,cluster_13546492148_1838721956,31.0,0.0,0,0.0,0.0,0.0,0.0,0.0,0.0,0.0,1.363607,0.0
TEST_combined_high_incident_78709,cluster_13546492148_1838721956,36.0,0.0,0,0.0,0.0,0.0,0.0,0.0,0.0,0.0,1.363607,0.0
TEST_combined_high_incident_78709,cluster_13546492148_1838721956,41.0,0.0,1,24.60313323413362,0.0,0.0,0.0,0.0,0.0,0.0,6.55333,0.0
TEST_combined_high_incident_78709,cluster_13546492148_1838721956,46.0,0.0,0,0.0,0.0,0.0,0.0,0.0,0.0,0.0,1.363607,0.0
TEST_combined_high_incident_78709,cluster_13546492148_1838721956,51.0,0.0,0,0.0,0.0,0.0,0.0,0.0,0.0,0.0,1.363607,0.0
TEST_combined_high_incident_78709,cluster_13546492148_1838721956,56.0,0.0,0,0.0,0.0,0.0,0.0,0.0,0.0,5.0,1.363607,0.0
TEST_combined_high_incident_78709,cluster_13546492148_1838721956,61.0,0.0,0,0.0,0.0,0.0,0.0,0.0,0.0,5.0,1.363607,0.0
TEST_combined_high_incident_78709,cluster_13546492148_1838721956,66.0,0.0,0,0.0,0.0,0.0,0.0,0.0,0.0,5.0,1.363607,0.0
TEST_combined_high_incident_78709,cluster_13546492148_1838721956,71.0,0.0,0,0.0,0.0,0.0,0.0,0.0,0.0,5.0,1.363607,0.0
TEST_combined_high_incident_78709,cluster_13546492148_1838721956,76.0,0.0,0,0.0,0.0,0.0,0.0,0.0,0.0,0.0,1.363607,0.0
TEST_combined_high_incident_78709,cluster_13546492148_1838721956,81.0,0.0,0,0.0,0.0,0.0,0.0,0.0,0.0,0.0,1.363607,0.0
TEST_combined_high_incident_78709,cluster_13546492148_1838721956,86.0,5.0,1,0.1740207570105605,0.0,0.0,0.0,0.0,0.0,0.0,5.4441495,5.0
TEST_combined_high_incident_78709,cluster_13546492148_1838721956,91.0,0.0,0,0.0,5.0,0.0,0.0,0.0,0.0,5.0,1.2144732,0.0
TEST_combined_high_incident_78709,cluster_13546492148_1838721956,96.0,0.0,0,0.0,0.0,5.0,0.0,0.0,0.0,10.0,1.363607,0.0
TEST_combined_high_incident_78709,cluster_13546492148_1838721956,101.0,0.0,0,0.0,0.0,0.0,5.0,0.0,0.0,10.0,1.363607,0.0
TEST_combined_high_incident_78709,cluster_13546492148_1838721956,106.0,0.0,0,0.0,0.0,0.0,0.0,5.0,0.0,10.0,5.327605,0.0
TEST_combined_high_incident_78709,cluster_13546492148_1838721956,111.0,0.0,0,0.0,0.0,0.0,0.0,0.0,0.0,10.0,1.363607,0.0
TEST_combined_high_incident_78709,cluster_13546492148_1838721956,116.0,5.0,1,0.1186880847370995,0.0,0.0,0.0,0.0,0.25,10.0,5.4441495,5.0
TEST_combined_high_incident_78709,cluster_13546492148_1838721956,121.0,5.0,1,0.0,5.0,0.0,0.0,0.0,0.25,0.0,4.31049,5.0
TEST_combined_high_incident_78709,cluster_13546492148_1838721956,126.0,5.0,1,0.0,5.0,5.0,0.0,0.0,0.25,0.0,4.31049,5.0
TEST_combined_high_incident_78709,cluster_13546492148_1838721956,131.0,5.0,1,0.0,5.0,5.0,5.0,0.0,0.25,0.0,4.31049,5.0
TEST_combined_high_incident_78709,cluster_13546492148_1838721956,136.0,0.0,0,0.0,5.0,5.0,5.0,5.0,-0.25,5.0,5.3519025,0.0
TEST_combined_high_incident_78709,cluster_13546492148_1838721956,141.0,0.0,0,0.0,0.0,5.0,5.0,5.0,-0.25,5.0,6.3771977,0.0
TEST_combined_high_incident_78709,cluster_13546492148_1838721956,146.0,0.0,1,0.984790409301965,0.0,0.0,5.0,5.0,-0.25,10.0,7.414932,0.0
TEST_combined_high_incident_78709,cluster_13546492148_1838721956,151.0,5.0,1,0.0010900396496066,0.0,0.0,0.0,5.0,0.0,10.0,6.1502037,5.0
TEST_combined_high_incident_78709,cluster_13546492148_1838721956,156.0,10.0,2,0.0101622599243302,5.0,0.0,0.0,0.0,0.5,10.0,6.497918,10.0
TEST_combined_high_incident_78709,cluster_13546492148_1838721956,161.0,10.0,2,0.0,10.0,5.0,0.0,0.0,0.5,10.0,4.8251686,10.0
TEST_combined_high_incident_78709,cluster_13546492148_1838721956,166.0,10.0,2,0.0,10.0,10.0,5.0,0.0,0.5,0.0,4.8251686,10.0
TEST_combined_high_incident_78709,cluster_13546492148_1838721956,171.0,10.0,2,0.0,10.0,10.0,10.0,5.0,0.25,5.0,6.3823624,10.0
TEST_combined_high_incident_78709,cluster_13546492148_1838721956,176.0,10.0,2,0.0,10.0,10.0,10.0,10.0,0.0,10.0,6.464632,10.0
TEST_combined_high_incident_78709,cluster_13546492148_1838721956,181.0,0.0,0,0.0,10.0,10.0,10.0,10.0,-0.5,10.0,5.434172,0.0
TEST_combined_high_incident_78709,cluster_13546492148_1838721956,186.0,0.0,0,0.0,0.0,10.0,10.0,10.0,-0.5,15.0,6.4594674,0.0
TEST_combined_high_incident_78709,cluster_13546492148_1838721956,191.0,0.0,1,11.505359068047216,0.0,0.0,10.0,10.0,-0.5,15.0,10.224514,0.0
TEST_combined_high_incident_78709,cluster_13546492148_1838721956,196.0,5.0,1,0.0004056293295324,0.0,0.0,0.0,10.0,-0.25,15.0,7.406266,5.0
TEST_combined_high_incident_78709,cluster_13546492148_1838721956,201.0,5.0,2,9.340923240026816,5.0,0.0,0.0,0.0,0.25,20.0,5.97805,5.0
TEST_combined_high_incident_78709,cluster_13546492148_1838721956,206.0,10.0,2,0.0004882413355528,5.0,5.0,0.0,0.0,0.5,20.0,4.8251686,10.0
TEST_combined_high_incident_78709,cluster_13546492148_1838721956,211.0,10.0,2,0.0,10.0,5.0,5.0,0.0,0.5,5.0,4.8251686,10.0
TEST_combined_high_incident_78709,cluster_13546492148_1838721956,216.0,10.0,2,0.0,10.0,10.0,5.0,5.0,0.25,0.0,6.3823624,10.0
TEST_combined_high_incident_78709,cluster_13546492148_1838721956,221.0,10.0,2,0.0,10.0,10.0,10.0,5.0,0.25,0.0,6.3823624,10.0
TEST_combined_high_incident_78709,cluster_13546492148_1838721956,226.0,0.0,1,0.5169559445433116,10.0,10.0,10.0,10.0,-0.5,0.0,6.471906,0.0
TEST_combined_high_incident_78709,cluster_13546492148_1838721956,231.0,5.0,3,10.388549029167672,0.0,10.0,10.0,10.0,-0.25,0.0,21.694344,5.0
TEST_combined_high_incident_78709,cluster_13546492148_1838721956,236.0,10.0,2,0.0042624877142906,5.0,0.0,10.0,10.0,0.0,5.0,8.781421,10.0
TEST_combined_high_incident_78709,cluster_13546492148_1838721956,241.0,10.0,3,2.958109079146884,10.0,5.0,0.0,10.0,0.0,5.0,11.253193,10.0
TEST_combined_high_incident_78709,cluster_13546492148_1838721956,246.0,15.0,3,0.0045427133882631,10.0,10.0,5.0,0.0,0.75,5.0,9.438662,15.0
TEST_combined_high_incident_78709,cluster_13546492148_1838721956,251.0,15.0,3,0.0,15.0,10.0,10.0,5.0,0.5,5.0,9.010549,15.0
TEST_combined_high_incident_78709,cluster_13546492148_1838721956,256.0,15.0,3,0.0,15.0,15.0,10.0,10.0,0.25,0.0,9.287345,15.0
TEST_combined_high_incident_78709,cluster_13546492148_1838721956,261.0,20.0,4,0.0026675236132698,15.0,15.0,15.0,10.0,0.5,0.0,8.260325,20.0
TEST_combined_high_incident_78709,cluster_13546492148_1838721956,266.0,20.0,4,0.0,20.0,15.0,15.0,15.0,0.25,0.0,7.8716946,20.0
TEST_combined_high_incident_78709,cluster_13546492148_1838721956,271.0,5.0,1,0.0,20.0,20.0,15.0,15.0,-0.5,0.0,11.370811,5.0
TEST_combined_high_incident_78709,cluster_13546492148_1838721956,276.0,0.0,1,64.9436554068908,5.0,20.0,20.0,15.0,-0.75,5.0,11.561867,0.0
TEST_combined_high_incident_78709,cluster_13546492148_1838721956,281.0,0.0,0,0.0,0.0,5.0,20.0,20.0,-1.0,10.0,8.593481,0.0
TEST_combined_high_incident_78709,cluster_13546492148_1838721956,286.0,0.0,0,0.0,0.0,0.0,5.0,20.0,-1.0,10.0,7.524607,0.0
TEST_combined_high_incident_78709,cluster_13546492148_1838721956,291.0,0.0,0,0.0,0.0,0.0,0.0,5.0,-0.25,10.0,6.3771977,0.0
TEST_combined_high_incident_78709,cluster_13546492148_1838721956,296.0,5.0,1,0.1246354873709391,0.0,0.0,0.0,0.0,0.25,15.0,5.4441495,5.0
TEST_combined_high_incident_78709,cluster_13546492148_1838721956,301.0,5.0,1,0.0,5.0,0.0,0.0,0.0,0.25,5.0,4.31049,5.0
TEST_combined_high_incident_78709,cluster_13546492148_1838721956,306.0,5.0,1,0.0,5.0,5.0,0.0,0.0,0.25,0.0,4.31049,5.0
TEST_combined_high_incident_78709,cluster_13546492148_1838721956,311.0,5.0,1,0.0,5.0,5.0,5.0,0.0,0.25,0.0,4.31049,5.0
TEST_combined_high_incident_78709,cluster_13546492148_1838721956,316.0,0.0,0,0.0,5.0,5.0,5.0,5.0,-0.25,0.0,5.3519025,0.0
TEST_combined_high_incident_78709,cluster_13546492148_1838721956,321.0,0.0,0,0.0,0.0,5.0,5.0,5.0,-0.25,0.0,6.3771977,0.0
TEST_combined_high_incident_78709,cluster_13546492148_1838721956,326.0,0.0,0,0.0,0.0,0.0,5.0,5.0,-0.25,0.0,6.3771977,0.0
TEST_combined_high_incident_78709,cluster_13546492148_1838721956,331.0,0.0,1,26.47121936324847,0.0,0.0,0.0,5.0,-0.25,0.0,10.86944,0.0
TEST_combined_high_incident_78709,cluster_13546492148_1838721956,336.0,5.0,1,0.0035610403751485,0.0,0.0,0.0,0.0,0.25,0.0,5.1627755,5.0
TEST_combined_high_incident_78709,cluster_13546492148_1838721956,341.0,10.0,2,0.0790531305620052,5.0,0.0,0.0,0.0,0.5,0.0,5.958828,10.0
TEST_combined_high_incident_78709,cluster_13546492148_1838721956,346.0,10.0,2,0.0,10.0,5.0,0.0,0.0,0.5,0.0,4.8251686,10.0
TEST_combined_high_incident_78709,cluster_13546492148_1838721956,351.0,10.0,3,0.6262506930069431,10.0,10.0,5.0,0.0,0.5,0.0,6.896264,10.0
TEST_combined_high_incident_78709,cluster_13546492148_1838721956,356.0,15.0,3,0.0,10.0,10.0,10.0,5.0,0.5,10.0,9.010549,15.0
TEST_combined_high_incident_78709,cluster_13546492148_1838721956,361.0,5.0,1,0.0051301684571574,15.0,10.0,10.0,10.0,-0.25,10.0,7.6028986,5.0
TEST_combined_high_incident_78709,cluster_13546492148_1838721956,366.0,0.0,0,0.0,5.0,15.0,10.0,10.0,-0.5,10.0,6.0747232,0.0
TEST_combined_high_incident_78709,cluster_13546492148_1838721956,371.0,0.0,0,0.0,0.0,5.0,15.0,10.0,-0.5,10.0,6.4594674,0.0
TEST_combined_high_incident_78709,cluster_13546492148_1838721956,376.0,0.0,0,0.0,0.0,0.0,5.0,15.0,-0.75,10.0,6.7851744,0.0
TEST_combined_high_incident_78709,cluster_13546492148_1838721956,381.0,0.0,0,0.0,0.0,0.0,0.0,5.0,-0.25,10.0,6.3771977,0.0
TEST_combined_high_incident_78709,cluster_13546492148_1838721956,386.0,0.0,0,0.0,0.0,0.0,0.0,0.0,0.0,10.0,1.363607,0.0
TEST_combined_high_incident_78709,cluster_13546492148_1838721956,391.0,0.0,0,0.0,0.0,0.0,0.0,0.0,0.0,0.0,1.363607,0.0
TEST_combined_high_incident_78709,cluster_13546492148_1838721956,396.0,0.0,0,0.0,0.0,0.0,0.0,0.0,0.0,0.0,1.363607,0.0
TEST_combined_high_incident_78709,cluster_13546492148_1838721956,401.0,0.0,0,0.0,0.0,0.0,0.0,0.0,0.0,0.0,1.363607,0.0
TEST_combined_high_incident_78709,cluster_13546492148_1838721956,406.0,0.0,0,0.0,0.0,0.0,0.0,0.0,0.0,0.0,1.363607,0.0
TEST_combined_high_incident_78709,cluster_13546492148_1838721956,411.0,0.0,1,14.980279257460404,0.0,0.0,0.0,0.0,0.0,0.0,6.049996,0.0
TEST_combined_high_incident_78709,cluster_13546492148_1838721956,416.0,10.0,2,0.0789400684496868,0.0,0.0,0.0,0.0,0.5,10.0,5.958828,10.0
TEST_combined_high_incident_78709,cluster_13546492148_1838721956,421.0,10.0,2,0.0,10.0,0.0,0.0,0.0,0.5,10.0,4.8251686,10.0
TEST_combined_high_incident_78709,cluster_13546492148_1838721956,426.0,10.0,2,0.0,10.0,10.0,0.0,0.0,0.5,10.0,4.8251686,10.0
TEST_combined_high_incident_78709,cluster_13546492148_1838721956,431.0,10.0,2,0.0,10.0,10.0,10.0,0.0,0.5,10.0,4.8251686,10.0
TEST_combined_high_incident_78709,cluster_13546492148_1838721956,436.0,10.0,2,0.0,10.0,10.0,10.0,10.0,0.0,0.0,6.464632,10.0
TEST_combined_high_incident_78709,cluster_13546492148_1838721956,441.0,10.0,2,0.0,10.0,10.0,10.0,10.0,0.0,5.0,6.464632,10.0
TEST_combined_high_incident_78709,cluster_13546492148_1838721956,446.0,10.0,2,0.0,10.0,10.0,10.0,10.0,0.0,5.0,6.464632,10.0
TEST_combined_high_incident_78709,cluster_13546492148_1838721956,451.0,0.0,0,0.0,10.0,10.0,10.0,10.0,-0.5,5.0,5.434172,0.0
TEST_combined_high_incident_78709,cluster_13546492148_1838721956,456.0,0.0,0,0.0,0.0,10.0,10.0,10.0,-0.5,5.0,6.4594674,0.0
TEST_combined_high_incident_78709,cluster_13546492148_1838721956,461.0,0.0,0,0.0,0.0,0.0,10.0,10.0,-0.5,5.0,6.4594674,0.0
TEST_combined_high_incident_78709,cluster_13546492148_1838721956,466.0,0.0,0,0.0,0.0,0.0,0.0,10.0,-0.5,5.0,6.4594674,0.0
TEST_combined_high_incident_78709,cluster_13546492148_1838721956,471.0,0.0,1,19.998679033169086,0.0,0.0,0.0,0.0,0.0,10.0,8.547714,0.0
TEST_combined_high_incident_78709,cluster_13546492148_1838721956,476.0,10.0,2,0.1427236973061345,0.0,0.0,0.0,0.0,0.5,15.0,5.958828,10.0
TEST_combined_high_incident_78709,cluster_13546492148_1838721956,481.0,10.0,2,0.0,10.0,0.0,0.0,0.0,0.5,5.0,4.8251686,10.0
TEST_combined_high_incident_78709,cluster_13546492148_1838721956,486.0,10.0,2,0.0,10.0,10.0,0.0,0.0,0.5,0.0,4.8251686,10.0
TEST_combined_high_incident_78709,cluster_13546492148_1838721956,491.0,10.0,2,0.0,10.0,10.0,10.0,0.0,0.5,0.0,4.8251686,10.0
TEST_combined_high_incident_78709,cluster_13546492148_1838721956,496.0,0.0,1,2.96790505378997,10.0,10.0,10.0,10.0,-0.5,0.0,7.637671,0.0
TEST_combined_high_incident_78709,cluster_13546492148_1838721956,501.0,5.0,1,0.002560545104428,0.0,10.0,10.0,10.0,-0.25,0.0,7.455627,5.0
TEST_combined_high_incident_78709,cluster_13546492148_1838721956,506.0,5.0,1,0.0,5.0,0.0,10.0,10.0,-0.25,5.0,7.406266,5.0
TEST_combined_high_incident_78709,cluster_13546492148_1838721956,511.0,5.0,1,0.0,5.0,5.0,0.0,10.0,-0.25,10.0,7.406266,5.0
TEST_combined_high_incident_78709,cluster_13546492148_1838721956,516.0,5.0,1,0.0,5.0,5.0,5.0,0.0,0.25,10.0,4.31049,5.0
TEST_combined_high_incident_78709,cluster_13546492148_1838721956,521.0,5.0,1,0.0,5.0,5.0,5.0,5.0,0.0,10.0,5.867684,5.0
TEST_combined_high_incident_78709,cluster_13546492148_1838721956,526.0,5.0,2,5.115011753640768,5.0,5.0,5.0,5.0,0.0,0.0,16.903101,5.0
TEST_combined_high_incident_78709,cluster_13546492148_1838721956,531.0,10.0,3,1.1473169289585998,5.0,5.0,5.0,5.0,0.25,5.0,9.453001,10.0
TEST_combined_high_incident_78709,cluster_13546492148_1838721956,536.0,15.0,4,3.5615788041448653,10.0,5.0,5.0,5.0,0.5,5.0,10.923388,15.0
TEST_combined_high_incident_78709,cluster_13546492148_1838721956,541.0,5.0,1,0.0,15.0,10.0,5.0,5.0,0.0,5.0,5.867684,5.0
TEST_combined_high_incident_78709,cluster_13546492148_1838721956,546.0,0.0,0,0.0,5.0,15.0,10.0,5.0,-0.25,5.0,5.9924536,0.0
TEST_combined_high_incident_78709,cluster_13546492148_1838721956,551.0,0.0,0,0.0,0.0,5.0,15.0,10.0,-0.5,5.0,6.4594674,0.0
TEST_combined_high_incident_78709,cluster_13546492148_1838721956,556.0,0.0,0,0.0,0.0,0.0,5.0,15.0,-0.75,5.0,6.7851744,0.0
TEST_combined_high_incident_78709,cluster_13546492148_1838721956,561.0,0.0,1,15.8017077182264,0.0,0.0,0.0,5.0,-0.25,5.0,7.548006,0.0
TEST_combined_high_incident_78709,cluster_13546492148_1838721956,566.0,5.0,1,0.0080945201139782,0.0,0.0,0.0,0.0,0.25,5.0,5.9832397,5.0
TEST_combined_high_incident_78709,cluster_13546492148_1838721956,571.0,10.0,2,0.1229100717648715,5.0,0.0,0.0,0.0,0.5,0.0,5.958828,10.0
TEST_combined_high_incident_78709,cluster_13546492148_1838721956,576.0,10.0,2,0.0,10.0,5.0,0.0,0.0,0.5,0.0,4.8251686,10.0
TEST_combined_high_incident_78709,cluster_13546492148_1838721956,581.0,10.0,2,0.0,10.0,10.0,5.0,0.0,0.5,0.0,4.8251686,10.0
TEST_combined_high_incident_78709,cluster_13546492148_1838721956,586.0,0.0,1,32.448847798133365,10.0,10.0,10.0,5.0,-0.25,0.0,14.937952,0.0
TEST_combined_high_incident_78709,cluster_13546492148_1838721956,591.0,5.0,2,10.908965624613227,0.0,10.0,10.0,10.0,-0.25,0.0,11.03878,5.0
TEST_combined_high_incident_78709,cluster_13546492148_1838721956,596.0,5.0,1,0.0,5.0,0.0,10.0,10.0,-0.25,5.0,7.406266,5.0
TEST_combined_high_incident_78709,cluster_13546492148_1838721956,601.0,5.0,1,0.0,5.0,5.0,0.0,10.0,-0.25,5.0,7.406266,5.0
TEST_combined_high_incident_78709,cluster_13546492148_1838721956,606.0,5.0,1,0.0,5.0,5.0,5.0,0.0,0.25,5.0,4.31049,5.0
TEST_combined_high_incident_78709,cluster_13546492148_1838721956,611.0,5.0,1,0.0,5.0,5.0,5.0,5.0,0.0,5.0,5.867684,5.0
TEST_combined_high_incident_78709,cluster_13546492148_1838721956,616.0,5.0,1,0.0,5.0,5.0,5.0,5.0,0.0,5.0,5.867684,5.0
TEST_combined_high_incident_78709,cluster_13546492148_1838721956,621.0,5.0,1,0.0,5.0,5.0,5.0,5.0,0.0,5.0,5.867684,5.0
TEST_combined_high_incident_78709,cluster_13546492148_1838721956,626.0,5.0,1,0.0,5.0,5.0,5.0,5.0,0.0,5.0,5.867684,5.0
TEST_combined_high_incident_78709,cluster_13546492148_1838721956,631.0,0.0,1,61.9205592337518,5.0,5.0,5.0,5.0,-0.25,5.0,5.752449,0.0
TEST_combined_high_incident_78709,cluster_13546492148_1838721956,636.0,0.0,0,0.0,0.0,5.0,5.0,5.0,-0.25,5.0,6.3771977,0.0
TEST_combined_high_incident_78709,cluster_13546492148_1838721956,641.0,0.0,0,0.0,0.0,0.0,5.0,5.0,-0.25,5.0,6.3771977,0.0
TEST_combined_high_incident_78709,cluster_13546492148_1838721956,646.0,0.0,0,0.0,0.0,0.0,0.0,5.0,-0.25,5.0,6.3771977,0.0
TEST_combined_high_incident_78709,cluster_13546492148_1838721956,651.0,0.0,1,14.351568554804,0.0,0.0,0.0,0.0,0.0,5.0,11.567236,0.0
TEST_combined_high_incident_78709,cluster_13546492148_1838721956,656.0,5.0,1,0.0,0.0,0.0,0.0,0.0,0.25,5.0,4.31049,5.0
TEST_combined_high_incident_78709,cluster_13546492148_1838721956,661.0,5.0,1,0.0,5.0,0.0,0.0,0.0,0.25,0.0,4.31049,5.0
TEST_combined_high_incident_78709,cluster_13546492148_1838721956,666.0,5.0,1,0.0,5.0,5.0,0.0,0.0,0.25,5.0,4.31049,5.0
TEST_combined_high_incident_78709,cluster_13546492148_1838721956,671.0,5.0,1,0.0,5.0,5.0,5.0,0.0,0.25,5.0,4.31049,5.0
TEST_combined_high_incident_78709,cluster_13546492148_1838721956,676.0,5.0,1,0.0168473686540596,5.0,5.0,5.0,5.0,0.0,5.0,6.99824,5.0
TEST_combined_high_incident_78709,cluster_13546492148_1838721956,681.0,5.0,2,12.634122800516725,5.0,5.0,5.0,5.0,0.0,5.0,7.2042747,5.0
TEST_combined_high_incident_78709,cluster_13546492148_1838721956,686.0,5.0,1,0.0,5.0,5.0,5.0,5.0,0.0,5.0,5.867684,5.0
TEST_combined_high_incident_78709,cluster_13546492148_1838721956,691.0,5.0,1,0.0,5.0,5.0,5.0,5.0,0.0,5.0,5.867684,5.0
TEST_combined_high_incident_78709,cluster_13546492148_1838721956,696.0,5.0,1,0.0,5.0,5.0,5.0,5.0,0.0,5.0,5.867684,5.0
TEST_combined_high_incident_78709,cluster_13546492148_1838721956,701.0,5.0,1,0.0,5.0,5.0,5.0,5.0,0.0,5.0,5.867684,5.0
TEST_combined_high_incident_78709,cluster_13546492148_1838721956,706.0,5.0,1,0.0,5.0,5.0,5.0,5.0,0.0,0.0,5.867684,5.0
TEST_combined_high_incident_78709,cluster_13546492148_1838721956,711.0,5.0,1,0.0,5.0,5.0,5.0,5.0,0.0,0.0,5.867684,5.0
TEST_combined_high_incident_78709,cluster_13546492148_1838721956,716.0,5.0,1,0.0,5.0,5.0,5.0,5.0,0.0,0.0,5.867684,5.0
TEST_combined_high_incident_78709,cluster_13546492148_1838721956,721.0,0.0,1,8.891139208675595,5.0,5.0,5.0,5.0,-0.25,0.0,7.2827735,0.0
TEST_combined_high_incident_78709,cluster_13546492148_1838721956,726.0,5.0,1,0.0,0.0,5.0,5.0,5.0,0.0,0.0,5.867684,5.0
TEST_combined_high_incident_78709,cluster_13546492148_1838721956,731.0,5.0,1,0.0,5.0,0.0,5.0,5.0,0.0,5.0,5.867684,5.0
TEST_combined_high_incident_78709,cluster_13546492148_1838721956,736.0,5.0,1,0.0,5.0,5.0,0.0,5.0,0.0,5.0,5.867684,5.0
TEST_combined_high_incident_78709,cluster_2061304035_245647208,16.0,0.0,0,0.0,0.0,0.0,0.0,0.0,0.0,0.0,1.363607,0.0
TEST_combined_high_incident_78709,cluster_2061304035_245647208,21.0,0.0,0,0.0,0.0,0.0,0.0,0.0,0.0,0.0,1.363607,0.0
TEST_combined_high_incident_78709,cluster_2061304035_245647208,26.0,0.0,1,64.53710488820613,0.0,0.0,0.0,0.0,0.0,0.0,3.3101542,0.0
TEST_combined_high_incident_78709,cluster_2061304035_245647208,31.0,0.0,0,0.0,0.0,0.0,0.0,0.0,0.0,0.0,1.363607,0.0
TEST_combined_high_incident_78709,cluster_2061304035_245647208,36.0,0.0,0,0.0,0.0,0.0,0.0,0.0,0.0,0.0,1.363607,0.0
TEST_combined_high_incident_78709,cluster_2061304035_245647208,41.0,0.0,0,0.0,0.0,0.0,0.0,0.0,0.0,0.0,1.363607,0.0
TEST_combined_high_incident_78709,cluster_2061304035_245647208,46.0,0.0,0,0.0,0.0,0.0,0.0,0.0,0.0,0.0,1.363607,0.0
TEST_combined_high_incident_78709,cluster_2061304035_245647208,51.0,0.0,0,0.0,0.0,0.0,0.0,0.0,0.0,0.0,1.363607,0.0
TEST_combined_high_incident_78709,cluster_2061304035_245647208,56.0,0.0,0,0.0,0.0,0.0,0.0,0.0,0.0,0.0,1.363607,0.0
TEST_combined_high_incident_78709,cluster_2061304035_245647208,61.0,0.0,1,26.004272960986388,0.0,0.0,0.0,0.0,0.0,0.0,12.17676,0.0
TEST_combined_high_incident_78709,cluster_2061304035_245647208,66.0,0.0,0,0.0,0.0,0.0,0.0,0.0,0.0,0.0,1.363607,0.0
TEST_combined_high_incident_78709,cluster_2061304035_245647208,71.0,0.0,0,0.0,0.0,0.0,0.0,0.0,0.0,0.0,1.363607,0.0
TEST_combined_high_incident_78709,cluster_2061304035_245647208,76.0,0.0,0,0.0,0.0,0.0,0.0,0.0,0.0,0.0,1.363607,0.0
TEST_combined_high_incident_78709,cluster_2061304035_245647208,81.0,0.0,0,0.0,0.0,0.0,0.0,0.0,0.0,0.0,1.363607,0.0
TEST_combined_high_incident_78709,cluster_2061304035_245647208,86.0,0.0,0,0.0,0.0,0.0,0.0,0.0,0.0,0.0,1.363607,0.0
TEST_combined_high_incident_78709,cluster_2061304035_245647208,91.0,0.0,0,0.0,0.0,0.0,0.0,0.0,0.0,0.0,1.363607,0.0
TEST_combined_high_incident_78709,cluster_2061304035_245647208,96.0,0.0,0,0.0,0.0,0.0,0.0,0.0,0.0,0.0,1.363607,0.0
TEST_combined_high_incident_78709,cluster_2061304035_245647208,101.0,0.0,0,0.0,0.0,0.0,0.0,0.0,0.0,0.0,1.363607,0.0
TEST_combined_high_incident_78709,cluster_2061304035_245647208,106.0,0.0,2,70.48370817385367,0.0,0.0,0.0,0.0,0.0,0.0,2.8011346,0.0
TEST_combined_high_incident_78709,cluster_2061304035_245647208,111.0,0.0,0,0.0,0.0,0.0,0.0,0.0,0.0,0.0,1.363607,0.0
TEST_combined_high_incident_78709,cluster_2061304035_245647208,116.0,0.0,0,0.0,0.0,0.0,0.0,0.0,0.0,0.0,1.363607,0.0
TEST_combined_high_incident_78709,cluster_2061304035_245647208,121.0,0.0,0,0.0,0.0,0.0,0.0,0.0,0.0,0.0,1.363607,0.0
TEST_combined_high_incident_78709,cluster_2061304035_245647208,126.0,0.0,0,0.0,0.0,0.0,0.0,0.0,0.0,0.0,1.363607,0.0
TEST_combined_high_incident_78709,cluster_2061304035_245647208,131.0,0.0,0,0.0,0.0,0.0,0.0,0.0,0.0,0.0,1.363607,0.0
TEST_combined_high_incident_78709,cluster_2061304035_245647208,136.0,0.0,0,0.0,0.0,0.0,0.0,0.0,0.0,0.0,1.363607,0.0
TEST_combined_high_incident_78709,cluster_2061304035_245647208,141.0,0.0,0,0.0,0.0,0.0,0.0,0.0,0.0,5.0,1.363607,0.0
TEST_combined_high_incident_78709,cluster_2061304035_245647208,146.0,0.0,0,0.0,0.0,0.0,0.0,0.0,0.0,5.0,1.363607,0.0
TEST_combined_high_incident_78709,cluster_2061304035_245647208,151.0,0.0,1,43.48865762811709,0.0,0.0,0.0,0.0,0.0,5.0,11.605194,0.0
TEST_combined_high_incident_78709,cluster_2061304035_245647208,156.0,0.0,0,0.0,0.0,0.0,0.0,0.0,0.0,5.0,1.363607,0.0
TEST_combined_high_incident_78709,cluster_2061304035_245647208,161.0,0.0,0,0.0,0.0,0.0,0.0,0.0,0.0,5.0,1.363607,0.0
TEST_combined_high_incident_78709,cluster_2061304035_245647208,166.0,0.0,0,0.0,0.0,0.0,0.0,0.0,0.0,0.0,1.363607,0.0
TEST_combined_high_incident_78709,cluster_2061304035_245647208,171.0,0.0,0,0.0,0.0,0.0,0.0,0.0,0.0,0.0,1.363607,0.0
TEST_combined_high_incident_78709,cluster_2061304035_245647208,176.0,0.0,0,0.0,0.0,0.0,0.0,0.0,0.0,0.0,1.363607,0.0
TEST_combined_high_incident_78709,cluster_2061304035_245647208,181.0,0.0,0,0.0,0.0,0.0,0.0,0.0,0.0,0.0,1.363607,0.0
TEST_combined_high_incident_78709,cluster_2061304035_245647208,186.0,0.0,0,0.0,0.0,0.0,0.0,0.0,0.0,0.0,1.363607,0.0
TEST_combined_high_incident_78709,cluster_2061304035_245647208,191.0,0.0,0,0.0,0.0,0.0,0.0,0.0,0.0,0.0,1.363607,0.0
TEST_combined_high_incident_78709,cluster_2061304035_245647208,196.0,0.0,2,48.682398664316274,0.0,0.0,0.0,0.0,0.0,0.0,18.31617,0.0
TEST_combined_high_incident_78709,cluster_2061304035_245647208,201.0,5.0,1,0.0359408311866344,0.0,0.0,0.0,0.0,0.25,0.0,5.4441495,5.0
TEST_combined_high_incident_78709,cluster_2061304035_245647208,206.0,5.0,1,0.0,5.0,0.0,0.0,0.0,0.25,0.0,4.31049,5.0
TEST_combined_high_incident_78709,cluster_2061304035_245647208,211.0,5.0,1,0.0,5.0,5.0,0.0,0.0,0.25,0.0,4.31049,5.0
TEST_combined_high_incident_78709,cluster_2061304035_245647208,216.0,5.0,1,0.0,5.0,5.0,5.0,0.0,0.25,0.0,4.31049,5.0
TEST_combined_high_incident_78709,cluster_2061304035_245647208,221.0,5.0,2,17.024495272010604,5.0,5.0,5.0,5.0,0.0,0.0,6.314038,5.0
TEST_combined_high_incident_78709,cluster_2061304035_245647208,226.0,0.0,0,0.0,5.0,5.0,5.0,5.0,-0.25,0.0,5.3519025,0.0
TEST_combined_high_incident_78709,cluster_2061304035_245647208,231.0,0.0,0,0.0,0.0,5.0,5.0,5.0,-0.25,5.0,6.3771977,0.0
TEST_combined_high_incident_78709,cluster_2061304035_245647208,236.0,0.0,0,0.0,0.0,0.0,5.0,5.0,-0.25,10.0,6.3771977,0.0
TEST_combined_high_incident_78709,cluster_2061304035_245647208,241.0,0.0,1,90.90466934744396,0.0,0.0,0.0,5.0,-0.25,10.0,32.417755,0.0
TEST_combined_high_incident_78709,cluster_2061304035_245647208,246.0,0.0,2,27.87077294874173,0.0,0.0,0.0,0.0,0.0,15.0,20.044651,0.0
TEST_combined_high_incident_78709,cluster_2061304035_245647208,251.0,0.0,0,0.0,0.0,0.0,0.0,0.0,0.0,20.0,1.363607,0.0
TEST_combined_high_incident_78709,cluster_2061304035_245647208,256.0,0.0,1,37.172963024055385,0.0,0.0,0.0,0.0,0.0,5.0,10.642577,0.0
TEST_combined_high_incident_78709,cluster_2061304035_245647208,261.0,0.0,0,0.0,0.0,0.0,0.0,0.0,0.0,0.0,1.363607,0.0
TEST_combined_high_incident_78709,cluster_2061304035_245647208,266.0,0.0,0,0.0,0.0,0.0,0.0,0.0,0.0,0.0,1.363607,0.0
TEST_combined_high_incident_78709,cluster_2061304035_245647208,271.0,0.0,0,0.0,0.0,0.0,0.0,0.0,0.0,0.0,1.363607,0.0
TEST_combined_high_incident_78709,cluster_2061304035_245647208,276.0,0.0,0,0.0,0.0,0.0,0.0,0.0,0.0,0.0,1.363607,0.0
TEST_combined_high_incident_78709,cluster_2061304035_245647208,281.0,0.0,0,0.0,0.0,0.0,0.0,0.0,0.0,0.0,1.363607,0.0
TEST_combined_high_incident_78709,cluster_2061304035_245647208,286.0,0.0,4,48.13024831221645,0.0,0.0,0.0,0.0,0.0,0.0,51.606514,0.0
TEST_combined_high_incident_78709,cluster_2061304035_245647208,291.0,5.0,4,23.925430790116643,0.0,0.0,0.0,0.0,0.25,0.0,15.317583,5.0
TEST_combined_high_incident_78709,cluster_2061304035_245647208,296.0,10.0,2,0.0003554701621203,5.0,0.0,0.0,0.0,0.5,0.0,4.8251686,10.0
TEST_combined_high_incident_78709,cluster_2061304035_245647208,301.0,10.0,3,8.184884252200234,10.0,5.0,0.0,0.0,0.5,0.0,9.599278,10.0
TEST_combined_high_incident_78709,cluster_2061304035_245647208,306.0,15.0,4,12.879872294784256,10.0,10.0,5.0,0.0,0.75,0.0,12.253645,15.0
TEST_combined_high_incident_78709,cluster_2061304035_245647208,311.0,20.0,4,0.065135068087244,15.0,10.0,10.0,5.0,0.75,0.0,10.592065,20.0
TEST_combined_high_incident_78709,cluster_2061304035_245647208,316.0,5.0,1,0.0003914319310318,20.0,15.0,10.0,10.0,-0.25,0.0,7.44175,5.0
TEST_combined_high_incident_78709,cluster_2061304035_245647208,321.0,0.0,0,0.0,5.0,20.0,15.0,10.0,-0.5,10.0,6.0747232,0.0
TEST_combined_high_incident_78709,cluster_2061304035_245647208,326.0,0.0,0,0.0,0.0,5.0,20.0,15.0,-0.75,25.0,7.8540497,0.0
TEST_combined_high_incident_78709,cluster_2061304035_245647208,331.0,0.0,1,52.54175998850389,0.0,0.0,5.0,20.0,-1.0,30.0,7.8163605,0.0
TEST_combined_high_incident_78709,cluster_2061304035_245647208,336.0,0.0,0,0.0,0.0,0.0,0.0,5.0,-0.25,35.0,6.3771977,0.0
TEST_combined_high_incident_78709,cluster_2061304035_245647208,341.0,0.0,0,0.0,0.0,0.0,0.0,0.0,0.0,40.0,1.363607,0.0
TEST_combined_high_incident_78709,cluster_2061304035_245647208,346.0,0.0,0,0.0,0.0,0.0,0.0,0.0,0.0,30.0,1.363607,0.0
TEST_combined_high_incident_78709,cluster_2061304035_245647208,351.0,0.0,0,0.0,0.0,0.0,0.0,0.0,0.0,5.0,1.363607,0.0
TEST_combined_high_incident_78709,cluster_2061304035_245647208,356.0,0.0,0,0.0,0.0,0.0,0.0,0.0,0.0,10.0,1.363607,0.0
TEST_combined_high_incident_78709,cluster_2061304035_245647208,361.0,0.0,0,0.0,0.0,0.0,0.0,0.0,0.0,10.0,1.363607,0.0
TEST_combined_high_incident_78709,cluster_2061304035_245647208,366.0,0.0,0,0.0,0.0,0.0,0.0,0.0,0.0,10.0,1.363607,0.0
TEST_combined_high_incident_78709,cluster_2061304035_245647208,371.0,0.0,0,0.0,0.0,0.0,0.0,0.0,0.0,10.0,1.363607,0.0
TEST_combined_high_incident_78709,cluster_2061304035_245647208,376.0,0.0,3,51.97856260323811,0.0,0.0,0.0,0.0,0.0,10.0,21.04229,0.0
TEST_combined_high_incident_78709,cluster_2061304035_245647208,381.0,10.0,6,8.826270553468989,0.0,0.0,0.0,0.0,0.5,10.0,5.244246,10.0
TEST_combined_high_incident_78709,cluster_2061304035_245647208,386.0,25.0,6,0.4705688366082324,10.0,0.0,0.0,0.0,1.25,10.0,8.007184,25.0
TEST_combined_high_incident_78709,cluster_2061304035_245647208,391.0,30.0,7,1.0635187202813063,25.0,10.0,0.0,0.0,1.5,5.0,13.651369,30.0
TEST_combined_high_incident_78709,cluster_2061304035_245647208,396.0,35.0,8,3.12097689690408,30.0,25.0,10.0,0.0,1.75,0.0,12.980102,35.0
TEST_combined_high_incident_78709,cluster_2061304035_245647208,401.0,40.0,9,5.645488568575533,35.0,30.0,25.0,10.0,1.5,0.0,28.714638,40.0
TEST_combined_high_incident_78709,cluster_2061304035_245647208,406.0,30.0,6,0.0010131793112798,40.0,35.0,30.0,25.0,0.25,0.0,20.326035,30.0
TEST_combined_high_incident_78709,cluster_2061304035_245647208,411.0,5.0,3,10.246004713084512,30.0,40.0,35.0,30.0,-1.25,0.0,35.711575,5.0
TEST_combined_high_incident_78709,cluster_2061304035_245647208,416.0,10.0,2,0.0,5.0,30.0,40.0,35.0,-1.25,0.0,36.513596,10.0
TEST_combined_high_incident_78709,cluster_2061304035_245647208,421.0,10.0,2,0.0,10.0,5.0,30.0,40.0,-1.5,0.0,35.999023,10.0
TEST_combined_high_incident_78709,cluster_2061304035_245647208,426.0,10.0,2,0.0,10.0,10.0,5.0,30.0,-1.0,0.0,28.367855,10.0
TEST_combined_high_incident_78709,cluster_2061304035_245647208,431.0,10.0,3,18.3998970864614,10.0,10.0,10.0,5.0,0.25,0.0,17.14498,10.0
TEST_combined_high_incident_78709,cluster_2061304035_245647208,436.0,10.0,2,0.0,10.0,10.0,10.0,10.0,0.0,0.0,6.464632,10.0
TEST_combined_high_incident_78709,cluster_2061304035_245647208,441.0,10.0,2,0.0,10.0,10.0,10.0,10.0,0.0,5.0,6.464632,10.0
TEST_combined_high_incident_78709,cluster_2061304035_245647208,446.0,10.0,2,0.0,10.0,10.0,10.0,10.0,0.0,5.0,6.464632,10.0
TEST_combined_high_incident_78709,cluster_2061304035_245647208,451.0,5.0,1,0.0,10.0,10.0,10.0,10.0,-0.25,5.0,7.406266,5.0
TEST_combined_high_incident_78709,cluster_2061304035_245647208,456.0,0.0,0,0.0,5.0,10.0,10.0,10.0,-0.5,5.0,5.434172,0.0
TEST_combined_high_incident_78709,cluster_2061304035_245647208,461.0,0.0,0,0.0,0.0,5.0,10.0,10.0,-0.5,5.0,6.4594674,0.0
TEST_combined_high_incident_78709,cluster_2061304035_245647208,466.0,0.0,2,45.03024852961841,0.0,0.0,5.0,10.0,-0.5,5.0,11.62708,0.0
TEST_combined_high_incident_78709,cluster_2061304035_245647208,471.0,0.0,1,74.32158703303121,0.0,0.0,0.0,5.0,-0.25,5.0,5.9202337,0.0
TEST_combined_high_incident_78709,cluster_2061304035_245647208,476.0,0.0,0,0.0,0.0,0.0,0.0,0.0,0.0,5.0,1.363607,0.0
TEST_combined_high_incident_78709,cluster_2061304035_245647208,481.0,0.0,0,0.0,0.0,0.0,0.0,0.0,0.0,0.0,1.363607,0.0
TEST_combined_high_incident_78709,cluster_2061304035_245647208,486.0,0.0,0,0.0,0.0,0.0,0.0,0.0,0.0,0.0,1.363607,0.0
TEST_combined_high_incident_78709,cluster_2061304035_245647208,491.0,0.0,0,0.0,0.0,0.0,0.0,0.0,0.0,0.0,1.363607,0.0
TEST_combined_high_incident_78709,cluster_2061304035_245647208,496.0,0.0,1,18.57105629688679,0.0,0.0,0.0,0.0,0.0,0.0,7.5346923,0.0
TEST_combined_high_incident_78709,cluster_2061304035_245647208,501.0,5.0,1,0.0031458023953361,0.0,0.0,0.0,0.0,0.25,10.0,5.3307853,5.0
TEST_combined_high_incident_78709,cluster_2061304035_245647208,506.0,5.0,1,0.0003798020115466,5.0,0.0,0.0,0.0,0.25,15.0,4.31049,5.0
TEST_combined_high_incident_78709,cluster_2061304035_245647208,511.0,5.0,4,52.44753370314374,5.0,5.0,0.0,0.0,0.25,20.0,75.07453,5.0
TEST_combined_high_incident_78709,cluster_2061304035_245647208,516.0,5.0,2,14.308493940506336,5.0,5.0,5.0,0.0,0.25,25.0,13.706684,5.0
TEST_combined_high_incident_78709,cluster_2061304035_245647208,521.0,5.0,2,45.18096602497115,5.0,5.0,5.0,5.0,0.0,25.0,6.349071,5.0
TEST_combined_high_incident_78709,cluster_2061304035_245647208,526.0,5.0,1,0.0,5.0,5.0,5.0,5.0,0.0,10.0,5.867684,5.0
TEST_combined_high_incident_78709,cluster_2061304035_245647208,531.0,5.0,1,0.0,5.0,5.0,5.0,5.0,0.0,0.0,5.867684,5.0
TEST_combined_high_incident_78709,cluster_2061304035_245647208,536.0,5.0,1,0.0,5.0,5.0,5.0,5.0,0.0,0.0,5.867684,5.0
TEST_combined_high_incident_78709,cluster_2061304035_245647208,541.0,0.0,0,0.0,5.0,5.0,5.0,5.0,-0.25,0.0,5.3519025,0.0
TEST_combined_high_incident_78709,cluster_2061304035_245647208,546.0,0.0,0,0.0,0.0,5.0,5.0,5.0,-0.25,0.0,6.3771977,0.0
TEST_combined_high_incident_78709,cluster_2061304035_245647208,551.0,0.0,0,0.0,0.0,0.0,5.0,5.0,-0.25,0.0,6.3771977,0.0
TEST_combined_high_incident_78709,cluster_2061304035_245647208,556.0,0.0,3,39.82460344792683,0.0,0.0,0.0,5.0,-0.25,0.0,26.029396,0.0
TEST_combined_high_incident_78709,cluster_2061304035_245647208,561.0,10.0,4,4.240006069565919,0.0,0.0,0.0,0.0,0.5,0.0,5.5735397,10.0
TEST_combined_high_incident_78709,cluster_2061304035_245647208,566.0,15.0,6,18.615720399356583,10.0,0.0,0.0,0.0,0.75,0.0,16.894693,15.0
TEST_combined_high_incident_78709,cluster_2061304035_245647208,571.0,20.0,5,0.1965226299144843,15.0,10.0,0.0,0.0,1.0,0.0,5.441189,20.0
TEST_combined_high_incident_78709,cluster_2061304035_245647208,576.0,25.0,5,0.0,20.0,15.0,10.0,0.0,1.25,0.0,2.4752407,25.0
TEST_combined_high_incident_78709,cluster_2061304035_245647208,581.0,25.0,5,0.0,25.0,20.0,15.0,10.0,0.75,0.0,7.873611,25.0
TEST_combined_high_incident_78709,cluster_2061304035_245647208,586.0,10.0,2,0.0,25.0,25.0,20.0,15.0,-0.25,0.0,18.435003,10.0
TEST_combined_high_incident_78709,cluster_2061304035_245647208,591.0,0.0,1,31.93282888069887,10.0,25.0,25.0,20.0,-1.0,10.0,15.149372,0.0
TEST_combined_high_incident_78709,cluster_2061304035_245647208,596.0,0.0,0,0.0,0.0,10.0,25.0,25.0,-1.25,15.0,8.398845,0.0
TEST_combined_high_incident_78709,cluster_2061304035_245647208,601.0,0.0,1,34.90591813093725,0.0,0.0,10.0,25.0,-1.25,15.0,15.735164,0.0
TEST_combined_high_incident_78709,cluster_2061304035_245647208,606.0,0.0,1,23.8367773552639,0.0,0.0,0.0,10.0,-0.5,20.0,9.631229,0.0
TEST_combined_high_incident_78709,cluster_2061304035_245647208,611.0,0.0,2,31.899517679503106,0.0,0.0,0.0,0.0,0.0,20.0,12.679142,0.0
TEST_combined_high_incident_78709,cluster_2061304035_245647208,616.0,0.0,2,24.33139167270796,0.0,0.0,0.0,0.0,0.0,15.0,4.390688,0.0
TEST_combined_high_incident_78709,cluster_2061304035_245647208,621.0,0.0,0,0.0,0.0,0.0,0.0,0.0,0.0,0.0,1.363607,0.0
TEST_combined_high_incident_78709,cluster_2061304035_245647208,626.0,0.0,0,0.0,0.0,0.0,0.0,0.0,0.0,5.0,1.363607,0.0
TEST_combined_high_incident_78709,cluster_2061304035_245647208,631.0,0.0,0,0.0,0.0,0.0,0.0,0.0,0.0,5.0,1.363607,0.0
TEST_combined_high_incident_78709,cluster_2061304035_245647208,636.0,0.0,0,0.0,0.0,0.0,0.0,0.0,0.0,5.0,1.363607,0.0
TEST_combined_high_incident_78709,cluster_2061304035_245647208,641.0,0.0,1,46.88031372659434,0.0,0.0,0.0,0.0,0.0,5.0,15.257093,0.0
TEST_combined_high_incident_78709,cluster_2061304035_245647208,646.0,0.0,2,19.28142168510143,0.0,0.0,0.0,0.0,0.0,5.0,11.861848,0.0
TEST_combined_high_incident_78709,cluster_2061304035_245647208,651.0,10.0,3,0.1877043758715832,0.0,0.0,0.0,0.0,0.5,5.0,0.78272414,10.0
TEST_combined_high_incident_78709,cluster_2061304035_245647208,656.0,15.0,3,0.0012538254982938,10.0,0.0,0.0,0.0,0.75,5.0,6.0719895,15.0
TEST_combined_high_incident_78709,cluster_2061304035_245647208,661.0,15.0,4,2.108973266379536,15.0,10.0,0.0,0.0,0.75,0.0,8.258144,15.0
TEST_combined_high_incident_78709,cluster_2061304035_245647208,666.0,20.0,4,0.0004983268657061,15.0,15.0,10.0,0.0,1.0,0.0,5.6459985,20.0
TEST_combined_high_incident_78709,cluster_2061304035_245647208,671.0,20.0,4,0.0,20.0,15.0,15.0,10.0,0.5,0.0,8.247464,20.0
TEST_combined_high_incident_78709,cluster_2061304035_245647208,676.0,15.0,3,0.0,20.0,20.0,15.0,15.0,0.0,0.0,8.906754,15.0
TEST_combined_high_incident_78709,cluster_2061304035_245647208,681.0,0.0,3,26.0679207245798,15.0,20.0,20.0,15.0,-0.75,5.0,33.4731,0.0
TEST_combined_high_incident_78709,cluster_2061304035_245647208,686.0,5.0,1,0.3268000034733421,0.0,15.0,20.0,20.0,-0.75,5.0,13.678242,5.0
TEST_combined_high_incident_78709,cluster_2061304035_245647208,691.0,5.0,1,0.0,5.0,0.0,15.0,20.0,-0.75,5.0,11.305845,5.0
TEST_combined_high_incident_78709,cluster_2061304035_245647208,696.0,5.0,3,25.95323284428436,5.0,5.0,0.0,15.0,-0.5,5.0,53.84498,5.0
TEST_combined_high_incident_78709,cluster_2061304035_245647208,701.0,5.0,1,0.0,5.0,5.0,5.0,0.0,0.25,5.0,4.31049,5.0
TEST_combined_high_incident_78709,cluster_2061304035_245647208,706.0,5.0,2,24.203385355161306,5.0,5.0,5.0,5.0,0.0,0.0,13.009361,5.0
TEST_combined_high_incident_78709,cluster_2061304035_245647208,711.0,5.0,1,0.0,5.0,5.0,5.0,5.0,0.0,0.0,5.867684,5.0
TEST_combined_high_incident_78709,cluster_2061304035_245647208,716.0,5.0,1,0.0,5.0,5.0,5.0,5.0,0.0,0.0,5.867684,5.0
TEST_combined_high_incident_78709,cluster_2061304035_245647208,721.0,0.0,0,0.0,5.0,5.0,5.0,5.0,-0.25,0.0,5.3519025,0.0
TEST_combined_high_incident_78709,cluster_2061304035_245647208,726.0,0.0,0,0.0,0.0,5.0,5.0,5.0,-0.25,0.0,6.3771977,0.0
TEST_combined_high_incident_78709,cluster_2061304035_245647208,731.0,0.0,0,0.0,0.0,0.0,5.0,5.0,-0.25,0.0,6.3771977,0.0
TEST_combined_high_incident_78709,cluster_2061304035_245647208,736.0,0.0,1,52.47881243313441,0.0,0.0,0.0,5.0,-0.25,0.0,1.8400078,0.0
TEST_combined_high_incident_78709,cluster_245647168_3238255150_3495323634,16.0,0.0,0,0.0,0.0,0.0,0.0,0.0,0.0,10.0,1.363607,0.0
TEST_combined_high_incident_78709,cluster_245647168_3238255150_3495323634,21.0,0.0,0,0.0,0.0,0.0,0.0,0.0,0.0,10.0,1.363607,0.0
TEST_combined_high_incident_78709,cluster_245647168_3238255150_3495323634,26.0,0.0,0,0.0,0.0,0.0,0.0,0.0,0.0,15.0,1.363607,0.0
TEST_combined_high_incident_78709,cluster_245647168_3238255150_3495323634,31.0,0.0,0,0.0,0.0,0.0,0.0,0.0,0.0,0.0,1.363607,0.0
TEST_combined_high_incident_78709,cluster_245647168_3238255150_3495323634,36.0,0.0,0,0.0,0.0,0.0,0.0,0.0,0.0,0.0,1.363607,0.0
TEST_combined_high_incident_78709,cluster_245647168_3238255150_3495323634,41.0,0.0,0,0.0,0.0,0.0,0.0,0.0,0.0,0.0,1.363607,0.0
TEST_combined_high_incident_78709,cluster_245647168_3238255150_3495323634,46.0,0.0,0,0.0,0.0,0.0,0.0,0.0,0.0,0.0,1.363607,0.0
TEST_combined_high_incident_78709,cluster_245647168_3238255150_3495323634,51.0,0.0,0,0.0,0.0,0.0,0.0,0.0,0.0,0.0,1.363607,0.0
TEST_combined_high_incident_78709,cluster_245647168_3238255150_3495323634,56.0,0.0,0,0.0,0.0,0.0,0.0,0.0,0.0,0.0,1.363607,0.0
TEST_combined_high_incident_78709,cluster_245647168_3238255150_3495323634,61.0,0.0,2,47.81552301162088,0.0,0.0,0.0,0.0,0.0,5.0,42.274357,0.0
TEST_combined_high_incident_78709,cluster_245647168_3238255150_3495323634,66.0,5.0,2,10.68343438171227,0.0,0.0,0.0,0.0,0.0,10.0,6.5348063,5.0
TEST_combined_high_incident_78709,cluster_245647168_3238255150_3495323634,71.0,10.0,2,0.0015313606704927,5.0,0.0,0.0,0.0,0.0,10.0,5.8454638,10.0
TEST_combined_high_incident_78709,cluster_245647168_3238255150_3495323634,76.0,10.0,3,20.896400892599573,10.0,5.0,0.0,0.0,0.0,10.0,39.696053,10.0
TEST_combined_high_incident_78709,cluster_245647168_3238255150_3495323634,81.0,10.0,3,0.1608324973132351,10.0,10.0,5.0,0.0,0.0,20.0,7.5730724,10.0
TEST_combined_high_incident_78709,cluster_245647168_3238255150_3495323634,86.0,15.0,3,0.0,10.0,10.0,10.0,5.0,0.0,30.0,8.987897,15.0
TEST_combined_high_incident_78709,cluster_245647168_3238255150_3495323634,91.0,0.0,0,0.0,15.0,10.0,10.0,10.0,0.0,30.0,5.2607408,0.0
TEST_combined_high_incident_78709,cluster_245647168_3238255150_3495323634,96.0,0.0,0,0.0,0.0,15.0,10.0,10.0,0.0,50.0,6.0504255,0.0
TEST_combined_high_incident_78709,cluster_245647168_3238255150_3495323634,101.0,0.0,0,0.0,0.0,0.0,15.0,10.0,0.0,55.0,5.4098744,0.0
TEST_combined_high_incident_78709,cluster_245647168_3238255150_3495323634,106.0,0.0,0,0.0,0.0,0.0,0.0,15.0,0.0,70.0,5.705044,0.0
TEST_combined_high_incident_78709,cluster_245647168_3238255150_3495323634,111.0,0.0,0,0.0,0.0,0.0,0.0,0.0,0.0,75.0,1.363607,0.0
TEST_combined_high_incident_78709,cluster_245647168_3238255150_3495323634,116.0,0.0,1,42.77393244841116,0.0,0.0,0.0,0.0,0.0,85.0,11.605194,0.0
TEST_combined_high_incident_78709,cluster_245647168_3238255150_3495323634,121.0,5.0,2,16.550106550586115,0.0,0.0,0.0,0.0,0.25,70.0,5.087813,5.0
TEST_combined_high_incident_78709,cluster_245647168_3238255150_3495323634,126.0,10.0,2,0.035682149270959,5.0,0.0,0.0,0.0,0.5,15.0,5.958828,10.0
TEST_combined_high_incident_78709,cluster_245647168_3238255150_3495323634,131.0,10.0,3,29.836458897475826,10.0,5.0,0.0,0.0,0.5,15.0,46.98931,10.0
TEST_combined_high_incident_78709,cluster_245647168_3238255150_3495323634,136.0,10.0,5,23.8888871020618,10.0,10.0,5.0,0.0,0.5,15.0,41.7334,10.0
TEST_combined_high_incident_78709,cluster_245647168_3238255150_3495323634,141.0,20.0,6,5.904844602581313,10.0,10.0,10.0,5.0,0.75,25.0,16.152184,20.0
TEST_combined_high_incident_78709,cluster_245647168_3238255150_3495323634,146.0,30.0,9,19.83370093518765,20.0,10.0,10.0,10.0,1.0,15.0,39.263996,30.0
TEST_combined_high_incident_78709,cluster_245647168_3238255150_3495323634,151.0,30.0,10,8.470202197975572,30.0,20.0,10.0,10.0,1.0,20.0,18.833275,30.0
TEST_combined_high_incident_78709,cluster_245647168_3238255150_3495323634,156.0,50.0,12,8.324416581302184,30.0,30.0,20.0,10.0,2.0,25.0,24.743298,50.0
TEST_combined_high_incident_78709,cluster_245647168_3238255150_3495323634,161.0,55.0,15,8.400843768448498,50.0,30.0,30.0,20.0,1.75,25.0,23.106958,55.0
TEST_combined_high_incident_78709,cluster_245647168_3238255150_3495323634,166.0,70.0,16,4.9710400240110815,55.0,50.0,30.0,30.0,2.0,25.0,34.06431,70.0
TEST_combined_high_incident_78709,cluster_245647168_3238255150_3495323634,171.0,75.0,17,2.355201140617339,70.0,55.0,50.0,30.0,2.25,25.0,25.03618,75.0
TEST_combined_high_incident_78709,cluster_245647168_3238255150_3495323634,176.0,85.0,18,0.3454119813704599,75.0,70.0,55.0,50.0,1.75,25.0,31.020103,85.0
TEST_combined_high_incident_78709,cluster_245647168_3238255150_3495323634,181.0,70.0,16,4.58794223119507,85.0,75.0,70.0,55.0,0.75,25.0,35.60076,70.0
TEST_combined_high_incident_78709,cluster_245647168_3238255150_3495323634,186.0,15.0,12,4.549001219062606,70.0,85.0,75.0,70.0,-2.75,30.0,46.050705,15.0
TEST_combined_high_incident_78709,cluster_245647168_3238255150_3495323634,191.0,15.0,9,10.636248091492432,15.0,70.0,85.0,75.0,-3.0,40.0,43.951874,15.0
TEST_combined_high_incident_78709,cluster_245647168_3238255150_3495323634,196.0,15.0,5,9.902255344215895,15.0,15.0,70.0,85.0,-3.5,40.0,62.64641,15.0
TEST_combined_high_incident_78709,cluster_245647168_3238255150_3495323634,201.0,25.0,5,0.0032977296854812,15.0,15.0,15.0,70.0,-2.25,40.0,86.96558,25.0
TEST_combined_high_incident_78709,cluster_245647168_3238255150_3495323634,206.0,15.0,5,29.112730630344437,25.0,15.0,15.0,15.0,0.0,50.0,36.745544,15.0
TEST_combined_high_incident_78709,cluster_245647168_3238255150_3495323634,211.0,20.0,5,3.954784039187341,15.0,25.0,15.0,15.0,0.25,40.0,21.51058,20.0
TEST_combined_high_incident_78709,cluster_245647168_3238255150_3495323634,216.0,25.0,6,9.54904760461068,20.0,15.0,25.0,15.0,0.5,0.0,16.669426,25.0
TEST_combined_high_incident_78709,cluster_245647168_3238255150_3495323634,221.0,25.0,6,2.5687131531958447,25.0,20.0,15.0,25.0,0.0,0.0,22.73847,25.0
TEST_combined_high_incident_78709,cluster_245647168_3238255150_3495323634,226.0,25.0,5,0.0,25.0,25.0,20.0,15.0,0.5,5.0,9.541083,25.0
TEST_combined_high_incident_78709,cluster_245647168_3238255150_3495323634,231.0,25.0,5,0.0,25.0,25.0,25.0,20.0,0.25,10.0,11.22934,25.0
TEST_combined_high_incident_78709,cluster_245647168_3238255150_3495323634,236.0,25.0,5,0.0,25.0,25.0,25.0,25.0,0.0,10.0,19.228607,25.0
TEST_combined_high_incident_78709,cluster_245647168_3238255150_3495323634,241.0,25.0,6,6.290287001000903,25.0,25.0,25.0,25.0,0.0,10.0,31.196146,25.0
TEST_combined_high_incident_78709,cluster_245647168_3238255150_3495323634,246.0,30.0,9,10.177320907120205,25.0,25.0,25.0,25.0,0.25,25.0,29.544415,30.0
TEST_combined_high_incident_78709,cluster_245647168_3238255150_3495323634,251.0,40.0,8,0.0086876448170993,30.0,25.0,25.0,25.0,0.75,30.0,16.623842,40.0
TEST_combined_high_incident_78709,cluster_245647168_3238255150_3495323634,256.0,40.0,10,13.63191565332152,40.0,30.0,25.0,25.0,0.75,35.0,29.746393,40.0
TEST_combined_high_incident_78709,cluster_245647168_3238255150_3495323634,261.0,40.0,10,9.78587254083522,40.0,40.0,30.0,25.0,0.75,35.0,28.985174,40.0
TEST_combined_high_incident_78709,cluster_245647168_3238255150_3495323634,266.0,50.0,12,6.34526606751164,40.0,40.0,40.0,30.0,1.0,50.0,30.929995,50.0
TEST_combined_high_incident_78709,cluster_245647168_3238255150_3495323634,271.0,40.0,11,7.178143837345614,50.0,40.0,40.0,40.0,0.0,55.0,38.802414,40.0
TEST_combined_high_incident_78709,cluster_245647168_3238255150_3495323634,276.0,0.0,9,14.005536516698449,40.0,50.0,40.0,40.0,-2.0,60.0,37.71879,0.0
TEST_combined_high_incident_78709,cluster_245647168_3238255150_3495323634,281.0,0.0,4,37.39083555132294,0.0,40.0,50.0,40.0,-2.0,50.0,54.901924,0.0
TEST_combined_high_incident_78709,cluster_245647168_3238255150_3495323634,286.0,5.0,3,25.870423058611248,0.0,0.0,40.0,50.0,-2.25,50.0,66.222916,5.0
TEST_combined_high_incident_78709,cluster_245647168_3238255150_3495323634,291.0,10.0,4,8.554152856197645,5.0,0.0,0.0,40.0,-1.5,55.0,42.595722,10.0
TEST_combined_high_incident_78709,cluster_245647168_3238255150_3495323634,296.0,10.0,3,17.60399129240761,10.0,5.0,0.0,0.0,0.5,55.0,23.747934,10.0
TEST_combined_high_incident_78709,cluster_245647168_3238255150_3495323634,301.0,10.0,6,29.064317022643323,10.0,10.0,5.0,0.0,0.5,35.0,61.528053,10.0
TEST_combined_high_incident_78709,cluster_245647168_3238255150_3495323634,306.0,25.0,9,19.65227974591416,10.0,10.0,10.0,5.0,1.0,5.0,34.263428,25.0
TEST_combined_high_incident_78709,cluster_245647168_3238255150_3495323634,311.0,30.0,9,0.4879232323548135,25.0,10.0,10.0,10.0,1.0,5.0,12.777801,30.0
TEST_combined_high_incident_78709,cluster_245647168_3238255150_3495323634,316.0,35.0,10,8.943254863893177,30.0,25.0,10.0,10.0,1.25,10.0,22.205994,35.0
TEST_combined_high_incident_78709,cluster_245647168_3238255150_3495323634,321.0,35.0,11,10.381355973309416,35.0,30.0,25.0,10.0,1.25,10.0,24.834164,35.0
TEST_combined_high_incident_78709,cluster_245647168_3238255150_3495323634,326.0,50.0,12,6.135564149425761,35.0,35.0,30.0,25.0,1.25,5.0,30.002575,50.0
TEST_combined_high_incident_78709,cluster_245647168_3238255150_3495323634,331.0,55.0,12,0.1121740953070945,50.0,35.0,35.0,30.0,1.25,5.0,24.03115,55.0
TEST_combined_high_incident_78709,cluster_245647168_3238255150_3495323634,336.0,60.0,12,0.0,55.0,50.0,35.0,35.0,1.25,10.0,31.961569,60.0
TEST_combined_high_incident_78709,cluster_245647168_3238255150_3495323634,341.0,50.0,10,0.0,60.0,55.0,50.0,35.0,0.75,10.0,32.72122,50.0
TEST_combined_high_incident_78709,cluster_245647168_3238255150_3495323634,346.0,50.0,11,5.413034185387003,50.0,60.0,55.0,50.0,0.0,15.0,44.91907,50.0
TEST_combined_high_incident_78709,cluster_245647168_3238255150_3495323634,351.0,55.0,11,0.0077169624724521,50.0,50.0,60.0,55.0,0.0,20.0,47.18313,55.0
TEST_combined_high_incident_78709,cluster_245647168_3238255150_3495323634,356.0,55.0,11,3.563278373095133e-05,55.0,50.0,50.0,60.0,-0.25,25.0,53.167767,55.0
TEST_combined_high_incident_78709,cluster_245647168_3238255150_3495323634,361.0,35.0,9,6.958208197708586,55.0,55.0,50.0,50.0,-0.75,30.0,50.668957,35.0
TEST_combined_high_incident_78709,cluster_245647168_3238255150_3495323634,366.0,5.0,3,22.128981543734174,35.0,55.0,55.0,50.0,-2.25,40.0,51.43829,5.0
TEST_combined_high_incident_78709,cluster_245647168_3238255150_3495323634,371.0,5.0,3,35.13216264728754,5.0,35.0,55.0,55.0,-2.5,30.0,64.39515,5.0
TEST_combined_high_incident_78709,cluster_245647168_3238255150_3495323634,376.0,10.0,2,0.0014916028370918,5.0,5.0,35.0,55.0,-2.25,35.0,43.525253,10.0
TEST_combined_high_incident_78709,cluster_245647168_3238255150_3495323634,381.0,10.0,3,12.91197494657184,10.0,5.0,5.0,35.0,-1.25,35.0,43.88505,10.0
TEST_combined_high_incident_78709,cluster_245647168_3238255150_3495323634,386.0,5.0,3,28.103124297707776,10.0,10.0,5.0,5.0,0.0,35.0,46.297733,5.0
TEST_combined_high_incident_78709,cluster_245647168_3238255150_3495323634,391.0,5.0,3,12.58022406861645,5.0,10.0,10.0,5.0,0.0,20.0,12.669648,5.0
TEST_combined_high_incident_78709,cluster_245647168_3238255150_3495323634,396.0,10.0,3,21.77771227335609,5.0,5.0,10.0,10.0,0.0,10.0,49.56951,10.0
TEST_combined_high_incident_78709,cluster_245647168_3238255150_3495323634,401.0,10.0,4,5.364951820538171,10.0,5.0,5.0,10.0,0.0,10.0,18.890541,10.0
TEST_combined_high_incident_78709,cluster_245647168_3238255150_3495323634,406.0,15.0,5,20.827332831827487,10.0,10.0,5.0,5.0,0.5,10.0,33.725666,15.0
TEST_combined_high_incident_78709,cluster_245647168_3238255150_3495323634,411.0,20.0,6,12.583583912123675,15.0,10.0,10.0,5.0,0.75,10.0,15.801862,20.0
TEST_combined_high_incident_78709,cluster_245647168_3238255150_3495323634,416.0,25.0,8,9.545870137336246,20.0,15.0,10.0,10.0,0.75,15.0,17.032286,25.0
TEST_combined_high_incident_78709,cluster_245647168_3238255150_3495323634,421.0,30.0,9,17.002878572744706,25.0,20.0,15.0,10.0,1.0,15.0,17.171192,30.0
TEST_combined_high_incident_78709,cluster_245647168_3238255150_3495323634,426.0,40.0,10,7.379807419883179,30.0,25.0,20.0,15.0,1.25,20.0,19.225407,40.0
TEST_combined_high_incident_78709,cluster_245647168_3238255150_3495323634,431.0,30.0,7,1.4627095477645835,40.0,30.0,25.0,20.0,0.5,25.0,15.23486,30.0
TEST_combined_high_incident_78709,cluster_245647168_3238255150_3495323634,436.0,35.0,7,0.0,30.0,40.0,30.0,25.0,0.5,20.0,20.13175,35.0
TEST_combined_high_incident_78709,cluster_245647168_3238255150_3495323634,441.0,35.0,7,0.0,35.0,30.0,40.0,30.0,0.25,25.0,22.36232,35.0
TEST_combined_high_incident_78709,cluster_245647168_3238255150_3495323634,446.0,35.0,9,14.52679446020415,35.0,35.0,30.0,40.0,-0.25,25.0,48.169514,35.0
TEST_combined_high_incident_78709,cluster_245647168_3238255150_3495323634,451.0,20.0,6,3.179287299957121,35.0,35.0,35.0,30.0,-0.5,35.0,27.946371,20.0
TEST_combined_high_incident_78709,cluster_245647168_3238255150_3495323634,456.0,10.0,3,7.859957203781573,20.0,35.0,35.0,35.0,-1.25,40.0,39.79694,10.0
TEST_combined_high_incident_78709,cluster_245647168_3238255150_3495323634,461.0,10.0,2,0.0,10.0,20.0,35.0,35.0,-1.25,40.0,37.066883,10.0
TEST_combined_high_incident_78709,cluster_245647168_3238255150_3495323634,466.0,10.0,4,30.29772279229481,10.0,10.0,20.0,35.0,-1.25,50.0,82.04986,10.0
TEST_combined_high_incident_78709,cluster_245647168_3238255150_3495323634,471.0,10.0,4,6.966362029770321,10.0,10.0,10.0,20.0,-0.5,55.0,26.946169,10.0
TEST_combined_high_incident_78709,cluster_245647168_3238255150_3495323634,476.0,15.0,4,10.197806023152216,10.0,10.0,10.0,10.0,0.25,65.0,14.857994,15.0
TEST_combined_high_incident_78709,cluster_245647168_3238255150_3495323634,481.0,15.0,5,21.700677472892945,15.0,10.0,10.0,10.0,0.25,45.0,37.843178,15.0
TEST_combined_high_incident_78709,cluster_245647168_3238255150_3495323634,486.0,20.0,6,9.037455373651724,15.0,15.0,10.0,10.0,0.5,0.0,17.79371,20.0
TEST_combined_high_incident_78709,cluster_245647168_3238255150_3495323634,491.0,25.0,7,17.125836278152086,20.0,15.0,15.0,10.0,0.75,5.0,15.339256,25.0
TEST_combined_high_incident_78709,cluster_245647168_3238255150_3495323634,496.0,20.0,6,8.669348205531469,25.0,20.0,15.0,15.0,0.25,5.0,17.786156,20.0
TEST_combined_high_incident_78709,cluster_245647168_3238255150_3495323634,501.0,25.0,5,0.0019472314367281,20.0,25.0,20.0,15.0,0.5,5.0,8.679725,25.0
TEST_combined_high_incident_78709,cluster_245647168_3238255150_3495323634,506.0,25.0,9,23.941078143298554,25.0,20.0,25.0,20.0,0.25,5.0,21.75845,25.0
TEST_combined_high_incident_78709,cluster_245647168_3238255150_3495323634,511.0,35.0,9,5.709557415966908,25.0,25.0,20.0,25.0,0.5,10.0,30.355207,35.0
TEST_combined_high_incident_78709,cluster_245647168_3238255150_3495323634,516.0,40.0,8,0.0,35.0,25.0,25.0,20.0,1.0,25.0,10.299568,40.0
TEST_combined_high_incident_78709,cluster_245647168_3238255150_3495323634,521.0,40.0,11,9.290979740824346,40.0,35.0,25.0,25.0,0.75,35.0,29.855473,40.0
TEST_combined_high_incident_78709,cluster_245647168_3238255150_3495323634,526.0,50.0,12,5.874529723925588,40.0,40.0,35.0,25.0,1.25,45.0,30.264378,50.0
TEST_combined_high_incident_78709,cluster_245647168_3238255150_3495323634,531.0,55.0,13,3.4149230129478982,50.0,40.0,40.0,35.0,1.0,45.0,33.535194,55.0
TEST_combined_high_incident_78709,cluster_245647168_3238255150_3495323634,536.0,65.0,13,0.0161193900203742,55.0,50.0,40.0,40.0,1.25,45.0,38.117455,65.0
TEST_combined_high_incident_78709,cluster_245647168_3238255150_3495323634,541.0,45.0,9,0.0083412247201302,65.0,55.0,50.0,40.0,0.25,45.0,40.61389,45.0
TEST_combined_high_incident_78709,cluster_245647168_3238255150_3495323634,546.0,0.0,7,17.887114248208427,45.0,65.0,55.0,50.0,-2.5,55.0,32.813393,0.0
TEST_combined_high_incident_78709,cluster_245647168_3238255150_3495323634,551.0,5.0,3,30.24008911092155,0.0,45.0,65.0,55.0,-2.5,65.0,76.18606,5.0
TEST_combined_high_incident_78709,cluster_245647168_3238255150_3495323634,556.0,5.0,1,0.0,5.0,0.0,45.0,65.0,-3.0,70.0,60.900703,5.0
TEST_combined_high_incident_78709,cluster_245647168_3238255150_3495323634,561.0,5.0,2,29.411213697477248,5.0,5.0,0.0,45.0,-2.0,75.0,41.46743,5.0
TEST_combined_high_incident_78709,cluster_245647168_3238255150_3495323634,566.0,5.0,3,24.097056761130663,5.0,5.0,5.0,0.0,0.25,80.0,26.201097,5.0
TEST_combined_high_incident_78709,cluster_245647168_3238255150_3495323634,571.0,10.0,5,21.557424866649992,5.0,5.0,5.0,5.0,0.25,75.0,38.92127,10.0
TEST_combined_high_incident_78709,cluster_245647168_3238255150_3495323634,576.0,25.0,8,18.48345319274461,10.0,5.0,5.0,5.0,1.0,25.0,14.570086,25.0
TEST_combined_high_incident_78709,cluster_245647168_3238255150_3495323634,581.0,35.0,9,6.389629714696216,25.0,10.0,5.0,5.0,1.5,5.0,29.854654,35.0
TEST_combined_high_incident_78709,cluster_245647168_3238255150_3495323634,586.0,45.0,9,0.0301527274372464,35.0,25.0,10.0,5.0,2.0,5.0,13.537755,45.0
TEST_combined_high_incident_78709,cluster_245647168_3238255150_3495323634,591.0,45.0,9,0.0,45.0,35.0,25.0,10.0,1.75,20.0,11.871912,45.0
TEST_combined_high_incident_78709,cluster_245647168_3238255150_3495323634,596.0,45.0,9,0.0,45.0,45.0,35.0,25.0,1.0,25.0,22.790478,45.0
TEST_combined_high_incident_78709,cluster_245647168_3238255150_3495323634,601.0,45.0,12,12.529307275852496,45.0,45.0,45.0,35.0,0.5,25.0,36.733986,45.0
TEST_combined_high_incident_78709,cluster_245647168_3238255150_3495323634,606.0,55.0,14,7.339642680395835,45.0,45.0,45.0,45.0,0.5,25.0,35.68835,55.0
TEST_combined_high_incident_78709,cluster_245647168_3238255150_3495323634,611.0,65.0,14,1.5526631214171809,55.0,45.0,45.0,45.0,1.0,25.0,37.84301,65.0
TEST_combined_high_incident_78709,cluster_245647168_3238255150_3495323634,616.0,70.0,16,8.919265839206943,65.0,55.0,45.0,45.0,1.25,25.0,39.469337,70.0
TEST_combined_high_incident_78709,cluster_245647168_3238255150_3495323634,621.0,75.0,18,7.354007329556855,70.0,65.0,55.0,45.0,1.5,25.0,46.662014,75.0
TEST_combined_high_incident_78709,cluster_245647168_3238255150_3495323634,626.0,80.0,20,4.482124327945368,75.0,70.0,65.0,55.0,1.25,25.0,30.807152,80.0
TEST_combined_high_incident_78709,cluster_245647168_3238255150_3495323634,631.0,75.0,21,10.544688163590273,80.0,75.0,70.0,65.0,0.5,25.0,36.098763,75.0
TEST_combined_high_incident_78709,cluster_245647168_3238255150_3495323634,636.0,25.0,17,7.085446279204762,75.0,80.0,75.0,70.0,-2.25,25.0,40.25515,25.0
TEST_combined_high_incident_78709,cluster_245647168_3238255150_3495323634,641.0,5.0,11,13.268802502945707,25.0,75.0,80.0,75.0,-3.5,30.0,47.256947,5.0
TEST_combined_high_incident_78709,cluster_245647168_3238255150_3495323634,646.0,5.0,5,22.703078231725065,5.0,25.0,75.0,80.0,-3.75,40.0,80.91695,5.0
TEST_combined_high_incident_78709,cluster_245647168_3238255150_3495323634,651.0,20.0,5,0.1622484065777757,5.0,5.0,25.0,75.0,-2.75,40.0,86.3599,20.0
TEST_combined_high_incident_78709,cluster_245647168_3238255150_3495323634,656.0,25.0,5,0.0002147488147099,20.0,5.0,5.0,25.0,0.0,50.0,19.012806,25.0
TEST_combined_high_incident_78709,cluster_245647168_3238255150_3495323634,661.0,25.0,5,0.0,25.0,20.0,5.0,5.0,1.0,35.0,6.2630777,25.0
TEST_combined_high_incident_78709,cluster_245647168_3238255150_3495323634,666.0,25.0,6,7.179802490232573,25.0,25.0,20.0,5.0,1.0,10.0,16.985624,25.0
TEST_combined_high_incident_78709,cluster_245647168_3238255150_3495323634,671.0,25.0,5,0.0,25.0,25.0,25.0,20.0,0.25,0.0,11.22934,25.0
TEST_combined_high_incident_78709,cluster_245647168_3238255150_3495323634,676.0,25.0,5,0.0,25.0,25.0,25.0,25.0,0.0,0.0,19.228607,25.0
TEST_combined_high_incident_78709,cluster_245647168_3238255150_3495323634,681.0,25.0,5,0.0,25.0,25.0,25.0,25.0,0.0,0.0,19.228607,25.0
TEST_combined_high_incident_78709,cluster_245647168_3238255150_3495323634,686.0,25.0,5,0.0,25.0,25.0,25.0,25.0,0.0,0.0,19.228607,25.0
TEST_combined_high_incident_78709,cluster_245647168_3238255150_3495323634,691.0,25.0,6,14.62252757847016,25.0,25.0,25.0,25.0,0.0,0.0,31.420465,25.0
TEST_combined_high_incident_78709,cluster_245647168_3238255150_3495323634,696.0,25.0,7,13.887432241955668,25.0,25.0,25.0,25.0,0.0,0.0,32.982983,25.0
TEST_combined_high_incident_78709,cluster_245647168_3238255150_3495323634,701.0,30.0,8,3.2544697661761743,25.0,25.0,25.0,25.0,0.25,0.0,23.35219,30.0
TEST_combined_high_incident_78709,cluster_245647168_3238255150_3495323634,706.0,40.0,9,8.403409160662711,30.0,25.0,25.0,25.0,0.75,0.0,30.454433,40.0
TEST_combined_high_incident_78709,cluster_245647168_3238255150_3495323634,711.0,40.0,10,6.473020753528153,40.0,30.0,25.0,25.0,0.75,0.0,29.772472,40.0
TEST_combined_high_incident_78709,cluster_245647168_3238255150_3495323634,716.0,50.0,11,1.8082865720383765,40.0,40.0,30.0,25.0,1.25,0.0,25.623596,50.0
TEST_combined_high_incident_78709,cluster_245647168_3238255150_3495323634,721.0,35.0,8,6.2697652509056185,50.0,40.0,40.0,30.0,0.25,0.0,30.725561,35.0
TEST_combined_high_incident_78709,cluster_245647168_3238255150_3495323634,726.0,10.0,7,7.561821317374006,35.0,50.0,40.0,40.0,-1.5,0.0,46.611298,10.0
TEST_combined_high_incident_78709,cluster_245647168_3238255150_3495323634,731.0,0.0,2,27.682868624864174,10.0,35.0,50.0,40.0,-2.0,0.0,30.482243,0.0
TEST_combined_high_incident_78709,cluster_245647168_3238255150_3495323634,736.0,0.0,0,0.0,0.0,10.0,35.0,50.0,-2.5,0.0,70.74766,0.0
TEST_combined_high_moto_92913,cluster_13546492148_1838721956,16.0,0.0,0,0.0,0.0,0.0,0.0,0.0,0.0,0.0,1.363607,0.0
TEST_combined_high_moto_92913,cluster_13546492148_1838721956,21.0,0.0,0,0.0,0.0,0.0,0.0,0.0,0.0,0.0,1.363607,0.0
TEST_combined_high_moto_92913,cluster_13546492148_1838721956,26.0,0.0,0,0.0,0.0,0.0,0.0,0.0,0.0,0.0,1.363607,0.0
TEST_combined_high_moto_92913,cluster_13546492148_1838721956,31.0,0.0,0,0.0,0.0,0.0,0.0,0.0,0.0,0.0,1.363607,0.0
TEST_combined_high_moto_92913,cluster_13546492148_1838721956,36.0,0.0,0,0.0,0.0,0.0,0.0,0.0,0.0,0.0,1.363607,0.0
TEST_combined_high_moto_92913,cluster_13546492148_1838721956,41.0,0.0,0,0.0,0.0,0.0,0.0,0.0,0.0,0.0,1.363607,0.0
TEST_combined_high_moto_92913,cluster_13546492148_1838721956,46.0,0.0,0,0.0,0.0,0.0,0.0,0.0,0.0,0.0,1.363607,0.0
TEST_combined_high_moto_92913,cluster_13546492148_1838721956,51.0,0.0,0,0.0,0.0,0.0,0.0,0.0,0.0,0.0,1.363607,0.0
TEST_combined_high_moto_92913,cluster_13546492148_1838721956,56.0,0.0,0,0.0,0.0,0.0,0.0,0.0,0.0,0.0,1.363607,0.0
TEST_combined_high_moto_92913,cluster_13546492148_1838721956,61.0,0.0,0,0.0,0.0,0.0,0.0,0.0,0.0,5.0,1.363607,0.0
TEST_combined_high_moto_92913,cluster_13546492148_1838721956,66.0,0.0,0,0.0,0.0,0.0,0.0,0.0,0.0,5.0,1.363607,0.0
TEST_combined_high_moto_92913,cluster_13546492148_1838721956,71.0,0.0,0,0.0,0.0,0.0,0.0,0.0,0.0,5.0,1.363607,0.0
TEST_combined_high_moto_92913,cluster_13546492148_1838721956,76.0,0.0,0,0.0,0.0,0.0,0.0,0.0,0.0,0.0,1.363607,0.0
TEST_combined_high_moto_92913,cluster_13546492148_1838721956,81.0,0.0,0,0.0,0.0,0.0,0.0,0.0,0.0,0.0,1.363607,0.0
TEST_combined_high_moto_92913,cluster_13546492148_1838721956,86.0,0.0,0,0.0,0.0,0.0,0.0,0.0,0.0,0.0,1.363607,0.0
TEST_combined_high_moto_92913,cluster_13546492148_1838721956,91.0,0.0,0,0.0,0.0,0.0,0.0,0.0,0.0,0.0,1.363607,0.0
TEST_combined_high_moto_92913,cluster_13546492148_1838721956,96.0,0.0,0,0.0,0.0,0.0,0.0,0.0,0.0,0.0,1.363607,0.0
TEST_combined_high_moto_92913,cluster_13546492148_1838721956,101.0,0.0,0,0.0,0.0,0.0,0.0,0.0,0.0,0.0,1.363607,0.0
TEST_combined_high_moto_92913,cluster_13546492148_1838721956,106.0,0.0,0,0.0,0.0,0.0,0.0,0.0,0.0,5.0,1.363607,0.0
TEST_combined_high_moto_92913,cluster_13546492148_1838721956,111.0,0.0,0,0.0,0.0,0.0,0.0,0.0,0.0,10.0,1.363607,0.0
TEST_combined_high_moto_92913,cluster_13546492148_1838721956,116.0,0.0,0,0.0,0.0,0.0,0.0,0.0,0.0,10.0,1.363607,0.0
TEST_combined_high_moto_92913,cluster_13546492148_1838721956,121.0,5.0,1,0.2582544841994648,0.0,0.0,0.0,0.0,0.25,0.0,5.4441495,5.0
TEST_combined_high_moto_92913,cluster_13546492148_1838721956,126.0,5.0,1,0.0011754801523799,5.0,0.0,0.0,0.0,0.25,0.0,4.831453,5.0
TEST_combined_high_moto_92913,cluster_13546492148_1838721956,131.0,5.0,2,7.938726900964098,5.0,5.0,0.0,0.0,0.25,5.0,6.176383,5.0
TEST_combined_high_moto_92913,cluster_13546492148_1838721956,136.0,0.0,0,0.0,5.0,5.0,5.0,0.0,0.0,10.0,1.2144732,0.0
TEST_combined_high_moto_92913,cluster_13546492148_1838721956,141.0,0.0,0,0.0,0.0,5.0,5.0,5.0,-0.25,10.0,6.3771977,0.0
TEST_combined_high_moto_92913,cluster_13546492148_1838721956,146.0,0.0,0,0.0,0.0,0.0,5.0,5.0,-0.25,15.0,6.3771977,0.0
TEST_combined_high_moto_92913,cluster_13546492148_1838721956,151.0,0.0,0,0.0,0.0,0.0,0.0,5.0,-0.25,15.0,6.3771977,0.0
TEST_combined_high_moto_92913,cluster_13546492148_1838721956,156.0,0.0,0,0.0,0.0,0.0,0.0,0.0,0.0,15.0,1.363607,0.0
TEST_combined_high_moto_92913,cluster_13546492148_1838721956,161.0,0.0,0,0.0,0.0,0.0,0.0,0.0,0.0,15.0,1.363607,0.0
TEST_combined_high_moto_92913,cluster_13546492148_1838721956,166.0,5.0,2,1.08845431979943,0.0,0.0,0.0,0.0,0.25,0.0,5.1907144,5.0
TEST_combined_high_moto_92913,cluster_13546492148_1838721956,171.0,10.0,2,0.0,5.0,0.0,0.0,0.0,0.5,5.0,4.8251686,10.0
TEST_combined_high_moto_92913,cluster_13546492148_1838721956,176.0,10.0,2,0.0,10.0,5.0,0.0,0.0,0.5,10.0,4.8251686,10.0
TEST_combined_high_moto_92913,cluster_13546492148_1838721956,181.0,0.0,0,0.0,10.0,10.0,5.0,0.0,0.0,20.0,1.2144732,0.0
TEST_combined_high_moto_92913,cluster_13546492148_1838721956,186.0,0.0,1,25.19695870094887,0.0,10.0,10.0,5.0,-0.25,25.0,16.106297,0.0
TEST_combined_high_moto_92913,cluster_13546492148_1838721956,191.0,5.0,2,0.5342565226547838,0.0,0.0,10.0,10.0,-0.25,25.0,8.311465,5.0
TEST_combined_high_moto_92913,cluster_13546492148_1838721956,196.0,10.0,2,0.0001962560855626,5.0,0.0,0.0,10.0,0.0,25.0,6.464632,10.0
TEST_combined_high_moto_92913,cluster_13546492148_1838721956,201.0,10.0,3,6.782232938042149,10.0,5.0,0.0,0.0,0.5,25.0,9.184679,10.0
TEST_combined_high_moto_92913,cluster_13546492148_1838721956,206.0,15.0,3,0.0007593016229263,10.0,10.0,5.0,0.0,0.75,25.0,6.4771914,15.0
TEST_combined_high_moto_92913,cluster_13546492148_1838721956,211.0,15.0,3,0.0,15.0,10.0,10.0,5.0,0.5,10.0,9.010549,15.0
TEST_combined_high_moto_92913,cluster_13546492148_1838721956,216.0,15.0,3,0.0,15.0,15.0,10.0,10.0,0.25,0.0,9.287345,15.0
TEST_combined_high_moto_92913,cluster_13546492148_1838721956,221.0,15.0,3,0.0,15.0,15.0,15.0,10.0,0.25,0.0,9.287345,15.0
TEST_combined_high_moto_92913,cluster_13546492148_1838721956,226.0,0.0,1,0.441964942794034,15.0,15.0,15.0,15.0,-0.75,0.0,7.1556444,0.0
TEST_combined_high_moto_92913,cluster_13546492148_1838721956,231.0,5.0,2,7.019443155532652,0.0,15.0,15.0,15.0,-0.5,0.0,15.088481,5.0
TEST_combined_high_moto_92913,cluster_13546492148_1838721956,236.0,10.0,4,5.077880456230091,5.0,0.0,15.0,15.0,-0.25,5.0,33.238277,10.0
TEST_combined_high_moto_92913,cluster_13546492148_1838721956,241.0,20.0,5,0.736596601375226,10.0,5.0,0.0,15.0,0.25,10.0,11.039097,20.0
TEST_combined_high_moto_92913,cluster_13546492148_1838721956,246.0,25.0,5,0.0007816254244881,20.0,10.0,5.0,0.0,1.25,10.0,2.3103135,25.0
TEST_combined_high_moto_92913,cluster_13546492148_1838721956,251.0,25.0,5,0.0,25.0,20.0,10.0,5.0,1.0,10.0,5.9685807,25.0
TEST_combined_high_moto_92913,cluster_13546492148_1838721956,256.0,25.0,5,0.0,25.0,25.0,20.0,10.0,0.75,0.0,10.753801,25.0
TEST_combined_high_moto_92913,cluster_13546492148_1838721956,261.0,25.0,5,0.0,25.0,25.0,25.0,20.0,0.25,0.0,11.22934,25.0
TEST_combined_high_moto_92913,cluster_13546492148_1838721956,266.0,25.0,5,0.0,25.0,25.0,25.0,25.0,0.0,0.0,19.228607,25.0
TEST_combined_high_moto_92913,cluster_13546492148_1838721956,271.0,10.0,2,0.0,25.0,25.0,25.0,25.0,-0.75,0.0,29.164642,10.0
TEST_combined_high_moto_92913,cluster_13546492148_1838721956,276.0,0.0,0,0.0,10.0,25.0,25.0,25.0,-1.25,0.0,8.103171,0.0
TEST_combined_high_moto_92913,cluster_13546492148_1838721956,281.0,0.0,0,0.0,0.0,10.0,25.0,25.0,-1.25,0.0,8.398845,0.0
TEST_combined_high_moto_92913,cluster_13546492148_1838721956,286.0,0.0,0,0.0,0.0,0.0,10.0,25.0,-1.25,5.0,8.398845,0.0
TEST_combined_high_moto_92913,cluster_13546492148_1838721956,291.0,0.0,0,0.0,0.0,0.0,0.0,10.0,-0.5,5.0,6.4594674,0.0
TEST_combined_high_moto_92913,cluster_13546492148_1838721956,296.0,5.0,1,0.0086995175064728,0.0,0.0,0.0,0.0,0.25,5.0,5.9832397,5.0
TEST_combined_high_moto_92913,cluster_13546492148_1838721956,301.0,10.0,2,0.145743346481122,5.0,0.0,0.0,0.0,0.5,0.0,5.958828,10.0
TEST_combined_high_moto_92913,cluster_13546492148_1838721956,306.0,10.0,3,26.06556652236845,10.0,5.0,0.0,0.0,0.5,5.0,36.968895,10.0
TEST_combined_high_moto_92913,cluster_13546492148_1838721956,311.0,10.0,2,0.0,10.0,10.0,5.0,0.0,0.5,5.0,4.8251686,10.0
TEST_combined_high_moto_92913,cluster_13546492148_1838721956,316.0,0.0,0,0.0,10.0,10.0,10.0,5.0,-0.25,5.0,5.3519025,0.0
TEST_combined_high_moto_92913,cluster_13546492148_1838721956,321.0,0.0,0,0.0,0.0,10.0,10.0,10.0,-0.5,5.0,6.4594674,0.0
TEST_combined_high_moto_92913,cluster_13546492148_1838721956,326.0,0.0,0,0.0,0.0,0.0,10.0,10.0,-0.5,10.0,6.4594674,0.0
TEST_combined_high_moto_92913,cluster_13546492148_1838721956,331.0,0.0,0,0.0,0.0,0.0,0.0,10.0,-0.5,10.0,6.4594674,0.0
TEST_combined_high_moto_92913,cluster_13546492148_1838721956,336.0,0.0,0,0.0,0.0,0.0,0.0,0.0,0.0,10.0,1.363607,0.0
TEST_combined_high_moto_92913,cluster_13546492148_1838721956,341.0,0.0,1,17.986027967787795,0.0,0.0,0.0,0.0,0.0,10.0,4.890169,0.0
TEST_combined_high_moto_92913,cluster_13546492148_1838721956,346.0,5.0,1,0.022027269861774,0.0,0.0,0.0,0.0,0.25,5.0,5.4441495,5.0
TEST_combined_high_moto_92913,cluster_13546492148_1838721956,351.0,5.0,1,0.0,5.0,0.0,0.0,0.0,0.25,10.0,4.31049,5.0
TEST_combined_high_moto_92913,cluster_13546492148_1838721956,356.0,5.0,1,0.0,5.0,5.0,0.0,0.0,0.25,10.0,4.31049,5.0
TEST_combined_high_moto_92913,cluster_13546492148_1838721956,361.0,0.0,1,2.280716853352265,5.0,5.0,5.0,0.0,0.0,10.0,3.473514,0.0
TEST_combined_high_moto_92913,cluster_13546492148_1838721956,366.0,5.0,1,0.0021956320313179,0.0,5.0,5.0,5.0,0.0,10.0,5.9170446,5.0
TEST_combined_high_moto_92913,cluster_13546492148_1838721956,371.0,5.0,1,0.0,5.0,0.0,5.0,5.0,0.0,10.0,5.867684,5.0
TEST_combined_high_moto_92913,cluster_13546492148_1838721956,376.0,5.0,1,0.0,5.0,5.0,0.0,5.0,0.0,10.0,5.867684,5.0
TEST_combined_high_moto_92913,cluster_13546492148_1838721956,381.0,5.0,2,0.6629370082692605,5.0,5.0,5.0,0.0,0.25,15.0,5.1907144,5.0
TEST_combined_high_moto_92913,cluster_13546492148_1838721956,386.0,10.0,2,0.0049568081904888,5.0,5.0,5.0,5.0,0.25,15.0,8.69915,10.0
TEST_combined_high_moto_92913,cluster_13546492148_1838721956,391.0,10.0,2,0.0,10.0,5.0,5.0,5.0,0.25,5.0,6.3823624,10.0
TEST_combined_high_moto_92913,cluster_13546492148_1838721956,396.0,10.0,2,0.0,10.0,10.0,5.0,5.0,0.25,0.0,6.3823624,10.0
TEST_combined_high_moto_92913,cluster_13546492148_1838721956,401.0,10.0,2,0.0,10.0,10.0,10.0,5.0,0.25,0.0,6.3823624,10.0
TEST_combined_high_moto_92913,cluster_13546492148_1838721956,406.0,5.0,1,0.103128593623122,10.0,10.0,10.0,10.0,-0.25,0.0,8.311465,5.0
TEST_combined_high_moto_92913,cluster_13546492148_1838721956,411.0,10.0,2,0.0150942448169985,5.0,10.0,10.0,10.0,0.0,0.0,6.773725,10.0
TEST_combined_high_moto_92913,cluster_13546492148_1838721956,416.0,10.0,2,0.0,10.0,5.0,10.0,10.0,0.0,5.0,6.464632,10.0
TEST_combined_high_moto_92913,cluster_13546492148_1838721956,421.0,10.0,2,0.0,10.0,10.0,5.0,10.0,0.0,10.0,6.464632,10.0
TEST_combined_high_moto_92913,cluster_13546492148_1838721956,426.0,10.0,2,0.0,10.0,10.0,10.0,5.0,0.25,10.0,6.3823624,10.0
TEST_combined_high_moto_92913,cluster_13546492148_1838721956,431.0,10.0,2,0.0,10.0,10.0,10.0,10.0,0.0,10.0,6.464632,10.0
TEST_combined_high_moto_92913,cluster_13546492148_1838721956,436.0,10.0,3,0.4433776782334962,10.0,10.0,10.0,10.0,0.0,0.0,9.752657,10.0
TEST_combined_high_moto_92913,cluster_13546492148_1838721956,441.0,15.0,3,0.0,10.0,10.0,10.0,10.0,0.25,0.0,8.646792,15.0
TEST_combined_high_moto_92913,cluster_13546492148_1838721956,446.0,15.0,3,0.0,15.0,10.0,10.0,10.0,0.25,5.0,8.646792,15.0
TEST_combined_high_moto_92913,cluster_13546492148_1838721956,451.0,5.0,1,0.0,15.0,15.0,10.0,10.0,-0.25,5.0,8.046817,5.0
TEST_combined_high_moto_92913,cluster_13546492148_1838721956,456.0,0.0,0,0.0,5.0,15.0,15.0,10.0,-0.5,5.0,6.0747232,0.0
TEST_combined_high_moto_92913,cluster_13546492148_1838721956,461.0,0.0,0,0.0,0.0,5.0,15.0,15.0,-0.75,5.0,6.7851744,0.0
TEST_combined_high_moto_92913,cluster_13546492148_1838721956,466.0,0.0,0,0.0,0.0,0.0,5.0,15.0,-0.75,5.0,6.7851744,0.0
TEST_combined_high_moto_92913,cluster_13546492148_1838721956,471.0,0.0,1,0.6577750329731983,0.0,0.0,0.0,5.0,-0.25,5.0,7.414932,0.0
TEST_combined_high_moto_92913,cluster_13546492148_1838721956,476.0,5.0,2,0.2429512987590855,0.0,0.0,0.0,0.0,0.25,5.0,5.4441495,5.0
TEST_combined_high_moto_92913,cluster_13546492148_1838721956,481.0,10.0,2,0.0001851711753712,5.0,0.0,0.0,0.0,0.5,0.0,4.8251686,10.0
TEST_combined_high_moto_92913,cluster_13546492148_1838721956,486.0,10.0,2,0.0,10.0,5.0,0.0,0.0,0.5,0.0,4.8251686,10.0
TEST_combined_high_moto_92913,cluster_13546492148_1838721956,491.0,10.0,2,0.0,10.0,10.0,5.0,0.0,0.5,0.0,4.8251686,10.0
TEST_combined_high_moto_92913,cluster_13546492148_1838721956,496.0,0.0,0,0.0,10.0,10.0,10.0,5.0,-0.25,0.0,5.3519025,0.0
TEST_combined_high_moto_92913,cluster_13546492148_1838721956,501.0,0.0,1,4.116930324681488,0.0,10.0,10.0,10.0,-0.5,0.0,17.651104,0.0
TEST_combined_high_moto_92913,cluster_13546492148_1838721956,506.0,5.0,1,0.0033626667018392,0.0,0.0,10.0,10.0,-0.25,5.0,7.455627,5.0
TEST_combined_high_moto_92913,cluster_13546492148_1838721956,511.0,5.0,1,0.0,5.0,0.0,0.0,10.0,-0.25,10.0,7.406266,5.0
TEST_combined_high_moto_92913,cluster_13546492148_1838721956,516.0,5.0,1,0.0,5.0,5.0,0.0,0.0,0.25,10.0,4.31049,5.0
TEST_combined_high_moto_92913,cluster_13546492148_1838721956,521.0,5.0,1,0.0,5.0,5.0,5.0,0.0,0.25,10.0,4.31049,5.0
TEST_combined_high_moto_92913,cluster_13546492148_1838721956,526.0,5.0,1,0.0,5.0,5.0,5.0,5.0,0.0,0.0,5.867684,5.0
TEST_combined_high_moto_92913,cluster_13546492148_1838721956,531.0,5.0,1,0.0,5.0,5.0,5.0,5.0,0.0,0.0,5.867684,5.0
TEST_combined_high_moto_92913,cluster_13546492148_1838721956,536.0,5.0,1,0.0,5.0,5.0,5.0,5.0,0.0,0.0,5.867684,5.0
TEST_combined_high_moto_92913,cluster_13546492148_1838721956,541.0,0.0,0,0.0,5.0,5.0,5.0,5.0,-0.25,0.0,5.3519025,0.0
TEST_combined_high_moto_92913,cluster_13546492148_1838721956,546.0,0.0,0,0.0,0.0,5.0,5.0,5.0,-0.25,0.0,6.3771977,0.0
TEST_combined_high_moto_92913,cluster_13546492148_1838721956,551.0,0.0,0,0.0,0.0,0.0,5.0,5.0,-0.25,5.0,6.3771977,0.0
TEST_combined_high_moto_92913,cluster_13546492148_1838721956,556.0,0.0,0,0.0,0.0,0.0,0.0,5.0,-0.25,5.0,6.3771977,0.0
TEST_combined_high_moto_92913,cluster_13546492148_1838721956,561.0,0.0,0,0.0,0.0,0.0,0.0,0.0,0.0,5.0,1.363607,0.0
TEST_combined_high_moto_92913,cluster_13546492148_1838721956,566.0,5.0,2,0.2216986118897958,0.0,0.0,0.0,0.0,0.25,5.0,5.4441495,5.0
TEST_combined_high_moto_92913,cluster_13546492148_1838721956,571.0,10.0,3,21.85663305671677,5.0,0.0,0.0,0.0,0.5,0.0,25.665228,10.0
TEST_combined_high_moto_92913,cluster_13546492148_1838721956,576.0,10.0,2,0.0,10.0,5.0,0.0,0.0,0.5,0.0,4.8251686,10.0
TEST_combined_high_moto_92913,cluster_13546492148_1838721956,581.0,10.0,2,0.0,10.0,10.0,5.0,0.0,0.5,0.0,4.8251686,10.0
TEST_combined_high_moto_92913,cluster_13546492148_1838721956,586.0,0.0,0,0.0,10.0,10.0,10.0,5.0,-0.25,0.0,5.3519025,0.0
TEST_combined_high_moto_92913,cluster_13546492148_1838721956,591.0,0.0,0,0.0,0.0,10.0,10.0,10.0,-0.5,0.0,6.4594674,0.0
TEST_combined_high_moto_92913,cluster_13546492148_1838721956,596.0,0.0,0,0.0,0.0,0.0,10.0,10.0,-0.5,5.0,6.4594674,0.0
TEST_combined_high_moto_92913,cluster_13546492148_1838721956,601.0,0.0,0,0.0,0.0,0.0,0.0,10.0,-0.5,5.0,6.4594674,0.0
TEST_combined_high_moto_92913,cluster_13546492148_1838721956,606.0,0.0,2,52.062307603712256,0.0,0.0,0.0,0.0,0.0,5.0,11.199253,0.0
TEST_combined_high_moto_92913,cluster_13546492148_1838721956,611.0,5.0,2,39.28508839004767,0.0,0.0,0.0,0.0,0.25,5.0,3.5985012,5.0
TEST_combined_high_moto_92913,cluster_13546492148_1838721956,616.0,5.0,1,0.0,5.0,0.0,0.0,0.0,0.25,5.0,4.31049,5.0
TEST_combined_high_moto_92913,cluster_13546492148_1838721956,621.0,5.0,1,0.0,5.0,5.0,0.0,0.0,0.25,5.0,4.31049,5.0
TEST_combined_high_moto_92913,cluster_13546492148_1838721956,626.0,5.0,1,0.0,5.0,5.0,5.0,0.0,0.25,10.0,4.31049,5.0
TEST_combined_high_moto_92913,cluster_13546492148_1838721956,631.0,0.0,0,0.0,5.0,5.0,5.0,5.0,-0.25,15.0,5.3519025,0.0
TEST_combined_high_moto_92913,cluster_13546492148_1838721956,636.0,0.0,0,0.0,0.0,5.0,5.0,5.0,-0.25,15.0,6.3771977,0.0
TEST_combined_high_moto_92913,cluster_13546492148_1838721956,641.0,0.0,0,0.0,0.0,0.0,5.0,5.0,-0.25,15.0,6.3771977,0.0
TEST_combined_high_moto_92913,cluster_13546492148_1838721956,646.0,0.0,0,0.0,0.0,0.0,0.0,5.0,-0.25,15.0,6.3771977,0.0
TEST_combined_high_moto_92913,cluster_13546492148_1838721956,651.0,0.0,0,0.0,0.0,0.0,0.0,0.0,0.0,15.0,1.363607,0.0
TEST_combined_high_moto_92913,cluster_13546492148_1838721956,656.0,5.0,1,0.0047388240110387,0.0,0.0,0.0,0.0,0.25,15.0,5.1627755,5.0
TEST_combined_high_moto_92913,cluster_13546492148_1838721956,661.0,5.0,1,0.0,5.0,0.0,0.0,0.0,0.25,5.0,4.31049,5.0
TEST_combined_high_moto_92913,cluster_13546492148_1838721956,666.0,5.0,1,0.0,5.0,5.0,0.0,0.0,0.25,0.0,4.31049,5.0
TEST_combined_high_moto_92913,cluster_13546492148_1838721956,671.0,5.0,2,20.528516035156912,5.0,5.0,5.0,0.0,0.25,0.0,17.11859,5.0
TEST_combined_high_moto_92913,cluster_13546492148_1838721956,676.0,5.0,1,0.0448212373979877,5.0,5.0,5.0,5.0,0.0,0.0,6.45915,5.0
TEST_combined_high_moto_92913,cluster_13546492148_1838721956,681.0,5.0,2,2.209238764297934,5.0,5.0,5.0,5.0,0.0,5.0,6.5194488,5.0
TEST_combined_high_moto_92913,cluster_13546492148_1838721956,686.0,10.0,3,2.2955787873207245,5.0,5.0,5.0,5.0,0.25,5.0,9.453001,10.0
TEST_combined_high_moto_92913,cluster_13546492148_1838721956,691.0,15.0,3,0.0006564023025802,10.0,5.0,5.0,5.0,0.5,5.0,9.469972,15.0
TEST_combined_high_moto_92913,cluster_13546492148_1838721956,696.0,15.0,3,0.0,15.0,10.0,5.0,5.0,0.5,5.0,9.469972,15.0
TEST_combined_high_moto_92913,cluster_13546492148_1838721956,701.0,15.0,3,0.0,15.0,15.0,10.0,5.0,0.5,5.0,9.6511,15.0
TEST_combined_high_moto_92913,cluster_13546492148_1838721956,706.0,15.0,3,0.0,15.0,15.0,15.0,10.0,0.25,0.0,9.287345,15.0
TEST_combined_high_moto_92913,cluster_13546492148_1838721956,711.0,15.0,3,0.0,15.0,15.0,15.0,15.0,0.0,0.0,9.780973,15.0
TEST_combined_high_moto_92913,cluster_13546492148_1838721956,716.0,15.0,3,0.0,15.0,15.0,15.0,15.0,0.0,0.0,9.780973,15.0
TEST_combined_high_moto_92913,cluster_13546492148_1838721956,721.0,5.0,1,0.0,15.0,15.0,15.0,15.0,-0.5,0.0,11.2069645,5.0
TEST_combined_high_moto_92913,cluster_13546492148_1838721956,726.0,0.0,0,0.0,5.0,15.0,15.0,15.0,-0.75,0.0,6.40043,0.0
TEST_combined_high_moto_92913,cluster_13546492148_1838721956,731.0,0.0,0,0.0,0.0,5.0,15.0,15.0,-0.75,0.0,6.7851744,0.0
TEST_combined_high_moto_92913,cluster_13546492148_1838721956,736.0,0.0,0,0.0,0.0,0.0,5.0,15.0,-0.75,0.0,6.7851744,0.0
TEST_combined_high_moto_92913,cluster_2061304035_245647208,16.0,0.0,0,0.0,0.0,0.0,0.0,0.0,0.0,0.0,1.363607,0.0
TEST_combined_high_moto_92913,cluster_2061304035_245647208,21.0,0.0,0,0.0,0.0,0.0,0.0,0.0,0.0,0.0,1.363607,0.0
TEST_combined_high_moto_92913,cluster_2061304035_245647208,26.0,0.0,0,0.0,0.0,0.0,0.0,0.0,0.0,0.0,1.363607,0.0
TEST_combined_high_moto_92913,cluster_2061304035_245647208,31.0,0.0,0,0.0,0.0,0.0,0.0,0.0,0.0,0.0,1.363607,0.0
TEST_combined_high_moto_92913,cluster_2061304035_245647208,36.0,0.0,0,0.0,0.0,0.0,0.0,0.0,0.0,5.0,1.363607,0.0
TEST_combined_high_moto_92913,cluster_2061304035_245647208,41.0,0.0,0,0.0,0.0,0.0,0.0,0.0,0.0,5.0,1.363607,0.0
TEST_combined_high_moto_92913,cluster_2061304035_245647208,46.0,0.0,0,0.0,0.0,0.0,0.0,0.0,0.0,5.0,1.363607,0.0
TEST_combined_high_moto_92913,cluster_2061304035_245647208,51.0,0.0,0,0.0,0.0,0.0,0.0,0.0,0.0,5.0,1.363607,0.0
TEST_combined_high_moto_92913,cluster_2061304035_245647208,56.0,0.0,0,0.0,0.0,0.0,0.0,0.0,0.0,5.0,1.363607,0.0
TEST_combined_high_moto_92913,cluster_2061304035_245647208,61.0,0.0,0,0.0,0.0,0.0,0.0,0.0,0.0,5.0,1.363607,0.0
TEST_combined_high_moto_92913,cluster_2061304035_245647208,66.0,0.0,0,0.0,0.0,0.0,0.0,0.0,0.0,5.0,1.363607,0.0
TEST_combined_high_moto_92913,cluster_2061304035_245647208,71.0,0.0,0,0.0,0.0,0.0,0.0,0.0,0.0,5.0,1.363607,0.0
TEST_combined_high_moto_92913,cluster_2061304035_245647208,76.0,0.0,0,0.0,0.0,0.0,0.0,0.0,0.0,0.0,1.363607,0.0
TEST_combined_high_moto_92913,cluster_2061304035_245647208,81.0,0.0,0,0.0,0.0,0.0,0.0,0.0,0.0,0.0,1.363607,0.0
TEST_combined_high_moto_92913,cluster_2061304035_245647208,86.0,0.0,1,71.73486600491223,0.0,0.0,0.0,0.0,0.0,0.0,3.3101542,0.0
TEST_combined_high_moto_92913,cluster_2061304035_245647208,91.0,0.0,1,0.9990001824873752,0.0,0.0,0.0,0.0,0.0,0.0,3.622648,0.0
TEST_combined_high_moto_92913,cluster_2061304035_245647208,96.0,5.0,1,0.0009031689710112,0.0,0.0,0.0,0.0,0.0,0.0,4.831453,5.0
TEST_combined_high_moto_92913,cluster_2061304035_245647208,101.0,5.0,1,0.0,5.0,0.0,0.0,0.0,0.0,0.0,4.31049,5.0
TEST_combined_high_moto_92913,cluster_2061304035_245647208,106.0,5.0,1,0.0,5.0,5.0,0.0,0.0,0.0,0.0,4.31049,5.0
TEST_combined_high_moto_92913,cluster_2061304035_245647208,111.0,5.0,1,0.0,5.0,5.0,5.0,0.0,0.25,0.0,4.31049,5.0
TEST_combined_high_moto_92913,cluster_2061304035_245647208,116.0,5.0,1,0.0,5.0,5.0,5.0,5.0,0.0,0.0,5.867684,5.0
TEST_combined_high_moto_92913,cluster_2061304035_245647208,121.0,5.0,1,0.0,5.0,5.0,5.0,5.0,0.0,0.0,5.867684,5.0
TEST_combined_high_moto_92913,cluster_2061304035_245647208,126.0,5.0,2,43.56163003000896,5.0,5.0,5.0,5.0,0.0,0.0,2.6971755,5.0
TEST_combined_high_moto_92913,cluster_2061304035_245647208,131.0,5.0,1,0.0,5.0,5.0,5.0,5.0,0.0,0.0,5.867684,5.0
TEST_combined_high_moto_92913,cluster_2061304035_245647208,136.0,0.0,0,0.0,5.0,5.0,5.0,5.0,-0.25,0.0,5.3519025,0.0
TEST_combined_high_moto_92913,cluster_2061304035_245647208,141.0,0.0,0,0.0,0.0,5.0,5.0,5.0,-0.25,0.0,6.3771977,0.0
TEST_combined_high_moto_92913,cluster_2061304035_245647208,146.0,0.0,1,74.56354138154815,0.0,0.0,5.0,5.0,-0.25,0.0,6.6367035,0.0
TEST_combined_high_moto_92913,cluster_2061304035_245647208,151.0,0.0,0,0.0,0.0,0.0,0.0,5.0,-0.25,0.0,6.3771977,0.0
TEST_combined_high_moto_92913,cluster_2061304035_245647208,156.0,0.0,0,0.0,0.0,0.0,0.0,0.0,0.0,0.0,1.363607,0.0
TEST_combined_high_moto_92913,cluster_2061304035_245647208,161.0,0.0,1,42.24403575142122,0.0,0.0,0.0,0.0,0.0,0.0,11.605194,0.0
TEST_combined_high_moto_92913,cluster_2061304035_245647208,166.0,0.0,0,0.0,0.0,0.0,0.0,0.0,0.0,0.0,1.363607,0.0
TEST_combined_high_moto_92913,cluster_2061304035_245647208,171.0,0.0,0,0.0,0.0,0.0,0.0,0.0,0.0,0.0,1.363607,0.0
TEST_combined_high_moto_92913,cluster_2061304035_245647208,176.0,0.0,1,52.52251991991908,0.0,0.0,0.0,0.0,0.0,0.0,2.1724977,0.0
TEST_combined_high_moto_92913,cluster_2061304035_245647208,181.0,0.0,0,0.0,0.0,0.0,0.0,0.0,0.0,0.0,1.363607,0.0
TEST_combined_high_moto_92913,cluster_2061304035_245647208,186.0,0.0,0,0.0,0.0,0.0,0.0,0.0,0.0,0.0,1.363607,0.0
TEST_combined_high_moto_92913,cluster_2061304035_245647208,191.0,0.0,0,0.0,0.0,0.0,0.0,0.0,0.0,0.0,1.363607,0.0
TEST_combined_high_moto_92913,cluster_2061304035_245647208,196.0,0.0,1,16.815722415936605,0.0,0.0,0.0,0.0,0.0,0.0,6.049996,0.0
TEST_combined_high_moto_92913,cluster_2061304035_245647208,201.0,0.0,1,42.84544053208083,0.0,0.0,0.0,0.0,0.0,0.0,11.605194,0.0
TEST_combined_high_moto_92913,cluster_2061304035_245647208,206.0,0.0,0,0.0,0.0,0.0,0.0,0.0,0.0,0.0,1.363607,0.0
TEST_combined_high_moto_92913,cluster_2061304035_245647208,211.0,0.0,0,0.0,0.0,0.0,0.0,0.0,0.0,0.0,1.363607,0.0
TEST_combined_high_moto_92913,cluster_2061304035_245647208,216.0,0.0,0,0.0,0.0,0.0,0.0,0.0,0.0,0.0,1.363607,0.0
TEST_combined_high_moto_92913,cluster_2061304035_245647208,221.0,0.0,0,0.0,0.0,0.0,0.0,0.0,0.0,0.0,1.363607,0.0
TEST_combined_high_moto_92913,cluster_2061304035_245647208,226.0,0.0,0,0.0,0.0,0.0,0.0,0.0,0.0,0.0,1.363607,0.0
TEST_combined_high_moto_92913,cluster_2061304035_245647208,231.0,0.0,0,0.0,0.0,0.0,0.0,0.0,0.0,15.0,1.363607,0.0
TEST_combined_high_moto_92913,cluster_2061304035_245647208,236.0,0.0,0,0.0,0.0,0.0,0.0,0.0,0.0,20.0,1.363607,0.0
TEST_combined_high_moto_92913,cluster_2061304035_245647208,241.0,0.0,0,0.0,0.0,0.0,0.0,0.0,0.0,20.0,1.363607,0.0
TEST_combined_high_moto_92913,cluster_2061304035_245647208,246.0,0.0,2,42.46418552247196,0.0,0.0,0.0,0.0,0.0,20.0,10.441654,0.0
TEST_combined_high_moto_92913,cluster_2061304035_245647208,251.0,0.0,1,22.07646759865979,0.0,0.0,0.0,0.0,0.0,20.0,7.188759,0.0
TEST_combined_high_moto_92913,cluster_2061304035_245647208,256.0,0.0,0,0.0,0.0,0.0,0.0,0.0,0.0,15.0,1.363607,0.0
TEST_combined_high_moto_92913,cluster_2061304035_245647208,261.0,0.0,0,0.0,0.0,0.0,0.0,0.0,0.0,0.0,1.363607,0.0
TEST_combined_high_moto_92913,cluster_2061304035_245647208,266.0,0.0,0,0.0,0.0,0.0,0.0,0.0,0.0,0.0,1.363607,0.0
TEST_combined_high_moto_92913,cluster_2061304035_245647208,271.0,0.0,0,0.0,0.0,0.0,0.0,0.0,0.0,0.0,1.363607,0.0
TEST_combined_high_moto_92913,cluster_2061304035_245647208,276.0,0.0,0,0.0,0.0,0.0,0.0,0.0,0.0,0.0,1.363607,0.0
TEST_combined_high_moto_92913,cluster_2061304035_245647208,281.0,0.0,0,0.0,0.0,0.0,0.0,0.0,0.0,0.0,1.363607,0.0
TEST_combined_high_moto_92913,cluster_2061304035_245647208,286.0,0.0,5,22.78145889699313,0.0,0.0,0.0,0.0,0.0,0.0,25.909084,0.0
TEST_combined_high_moto_92913,cluster_2061304035_245647208,291.0,15.0,4,1.3565508215620663,0.0,0.0,0.0,0.0,0.75,0.0,-0.043236453,15.0
TEST_combined_high_moto_92913,cluster_2061304035_245647208,296.0,20.0,5,8.019757192945422,15.0,0.0,0.0,0.0,1.0,0.0,9.809719,20.0
TEST_combined_high_moto_92913,cluster_2061304035_245647208,301.0,20.0,4,0.0,20.0,15.0,0.0,0.0,1.0,0.0,2.3103135,20.0
TEST_combined_high_moto_92913,cluster_2061304035_245647208,306.0,20.0,4,0.0,20.0,20.0,15.0,0.0,1.0,0.0,2.4752407,20.0
TEST_combined_high_moto_92913,cluster_2061304035_245647208,311.0,20.0,5,0.3141839409004672,20.0,20.0,20.0,15.0,0.25,0.0,9.63941,20.0
TEST_combined_high_moto_92913,cluster_2061304035_245647208,316.0,15.0,4,5.186695528999512,20.0,20.0,20.0,20.0,-0.25,0.0,26.408464,15.0
TEST_combined_high_moto_92913,cluster_2061304035_245647208,321.0,0.0,1,17.61471248906776,15.0,20.0,20.0,20.0,-1.0,10.0,12.866779,0.0
TEST_combined_high_moto_92913,cluster_2061304035_245647208,326.0,0.0,0,0.0,0.0,15.0,20.0,20.0,-1.0,15.0,9.234034,0.0
TEST_combined_high_moto_92913,cluster_2061304035_245647208,331.0,0.0,2,52.71018606229453,0.0,0.0,15.0,20.0,-1.0,15.0,4.6426945,0.0
TEST_combined_high_moto_92913,cluster_2061304035_245647208,336.0,0.0,0,0.0,0.0,0.0,0.0,15.0,-0.75,15.0,6.7851744,0.0
TEST_combined_high_moto_92913,cluster_2061304035_245647208,341.0,0.0,1,46.86289379249345,0.0,0.0,0.0,0.0,0.0,20.0,15.257093,0.0
TEST_combined_high_moto_92913,cluster_2061304035_245647208,346.0,0.0,0,0.0,0.0,0.0,0.0,0.0,0.0,10.0,1.363607,0.0
TEST_combined_high_moto_92913,cluster_2061304035_245647208,351.0,0.0,0,0.0,0.0,0.0,0.0,0.0,0.0,0.0,1.363607,0.0
TEST_combined_high_moto_92913,cluster_2061304035_245647208,356.0,0.0,0,0.0,0.0,0.0,0.0,0.0,0.0,0.0,1.363607,0.0
TEST_combined_high_moto_92913,cluster_2061304035_245647208,361.0,0.0,0,0.0,0.0,0.0,0.0,0.0,0.0,0.0,1.363607,0.0
TEST_combined_high_moto_92913,cluster_2061304035_245647208,366.0,0.0,0,0.0,0.0,0.0,0.0,0.0,0.0,0.0,1.363607,0.0
TEST_combined_high_moto_92913,cluster_2061304035_245647208,371.0,0.0,0,0.0,0.0,0.0,0.0,0.0,0.0,5.0,1.363607,0.0
TEST_combined_high_moto_92913,cluster_2061304035_245647208,376.0,0.0,3,46.06345213924355,0.0,0.0,0.0,0.0,0.0,5.0,29.69524,0.0
TEST_combined_high_moto_92913,cluster_2061304035_245647208,381.0,10.0,3,0.2082185141999083,0.0,0.0,0.0,0.0,0.5,5.0,0.78272414,10.0
TEST_combined_high_moto_92913,cluster_2061304035_245647208,386.0,15.0,3,0.0001640650811215,10.0,0.0,0.0,0.0,0.75,5.0,6.4771914,15.0
TEST_combined_high_moto_92913,cluster_2061304035_245647208,391.0,15.0,4,15.88737095083029,15.0,10.0,0.0,0.0,0.75,0.0,11.537872,15.0
TEST_combined_high_moto_92913,cluster_2061304035_245647208,396.0,15.0,4,0.319942174461308,15.0,15.0,10.0,0.0,0.75,0.0,8.660414,15.0
TEST_combined_high_moto_92913,cluster_2061304035_245647208,401.0,20.0,5,7.262515794823112,15.0,15.0,15.0,10.0,0.5,0.0,14.254409,20.0
TEST_combined_high_moto_92913,cluster_2061304035_245647208,406.0,10.0,2,0.0174271895485126,20.0,15.0,15.0,15.0,-0.25,0.0,14.594958,10.0
TEST_combined_high_moto_92913,cluster_2061304035_245647208,411.0,0.0,0,0.0,10.0,20.0,15.0,15.0,-0.75,5.0,6.40043,0.0
TEST_combined_high_moto_92913,cluster_2061304035_245647208,416.0,0.0,0,0.0,0.0,10.0,20.0,15.0,-0.75,15.0,7.8540497,0.0
TEST_combined_high_moto_92913,cluster_2061304035_245647208,421.0,0.0,2,22.86098372663741,0.0,0.0,10.0,20.0,-1.0,15.0,12.014898,0.0
TEST_combined_high_moto_92913,cluster_2061304035_245647208,426.0,0.0,2,29.206122222070025,0.0,0.0,0.0,10.0,-0.5,15.0,11.670256,0.0
TEST_combined_high_moto_92913,cluster_2061304035_245647208,431.0,5.0,1,0.0062077014544219,0.0,0.0,0.0,0.0,0.25,25.0,5.9832397,5.0
TEST_combined_high_moto_92913,cluster_2061304035_245647208,436.0,5.0,1,0.0,5.0,0.0,0.0,0.0,0.25,15.0,4.31049,5.0
TEST_combined_high_moto_92913,cluster_2061304035_245647208,441.0,5.0,2,16.222707149499,5.0,5.0,0.0,0.0,0.25,0.0,5.087813,5.0
TEST_combined_high_moto_92913,cluster_2061304035_245647208,446.0,5.0,1,0.0,5.0,5.0,5.0,0.0,0.25,0.0,4.31049,5.0
TEST_combined_high_moto_92913,cluster_2061304035_245647208,451.0,0.0,0,0.0,5.0,5.0,5.0,5.0,-0.25,0.0,5.3519025,0.0
TEST_combined_high_moto_92913,cluster_2061304035_245647208,456.0,0.0,0,0.0,0.0,5.0,5.0,5.0,-0.25,0.0,6.3771977,0.0
TEST_combined_high_moto_92913,cluster_2061304035_245647208,461.0,0.0,0,0.0,0.0,0.0,5.0,5.0,-0.25,0.0,6.3771977,0.0
TEST_combined_high_moto_92913,cluster_2061304035_245647208,466.0,0.0,2,53.95768667441775,0.0,0.0,0.0,5.0,-0.25,0.0,1.3309875,0.0
TEST_combined_high_moto_92913,cluster_2061304035_245647208,471.0,5.0,3,13.361544247841302,0.0,0.0,0.0,0.0,0.25,0.0,1.9404556,5.0
TEST_combined_high_moto_92913,cluster_2061304035_245647208,476.0,15.0,4,18.957340303164376,5.0,0.0,0.0,0.0,0.75,0.0,27.258648,15.0
TEST_combined_high_moto_92913,cluster_2061304035_245647208,481.0,15.0,6,10.499422295811934,15.0,5.0,0.0,0.0,0.75,0.0,12.965487,15.0
TEST_combined_high_moto_92913,cluster_2061304035_245647208,486.0,15.0,6,7.221131287957013,15.0,15.0,5.0,0.0,0.75,0.0,14.333454,15.0
TEST_combined_high_moto_92913,cluster_2061304035_245647208,491.0,25.0,6,0.13364251368504,15.0,15.0,15.0,5.0,1.0,0.0,14.158116,25.0
TEST_combined_high_moto_92913,cluster_2061304035_245647208,496.0,15.0,3,0.0008836529533175,25.0,15.0,15.0,15.0,0.0,0.0,8.5329,15.0
TEST_combined_high_moto_92913,cluster_2061304035_245647208,501.0,0.0,1,22.748993402557748,15.0,25.0,15.0,15.0,-0.75,10.0,17.407845,0.0
TEST_combined_high_moto_92913,cluster_2061304035_245647208,506.0,0.0,0,0.0,0.0,15.0,25.0,15.0,-0.75,15.0,9.740569,0.0
TEST_combined_high_moto_92913,cluster_2061304035_245647208,511.0,0.0,1,47.626860118372576,0.0,0.0,15.0,25.0,-1.25,15.0,42.749973,0.0
TEST_combined_high_moto_92913,cluster_2061304035_245647208,516.0,0.0,0,0.0,0.0,0.0,0.0,15.0,-0.75,15.0,6.7851744,0.0
TEST_combined_high_moto_92913,cluster_2061304035_245647208,521.0,0.0,0,0.0,0.0,0.0,0.0,0.0,0.0,15.0,1.363607,0.0
TEST_combined_high_moto_92913,cluster_2061304035_245647208,526.0,0.0,0,0.0,0.0,0.0,0.0,0.0,0.0,5.0,1.363607,0.0
TEST_combined_high_moto_92913,cluster_2061304035_245647208,531.0,0.0,0,0.0,0.0,0.0,0.0,0.0,0.0,0.0,1.363607,0.0
TEST_combined_high_moto_92913,cluster_2061304035_245647208,536.0,0.0,0,0.0,0.0,0.0,0.0,0.0,0.0,0.0,1.363607,0.0
TEST_combined_high_moto_92913,cluster_2061304035_245647208,541.0,0.0,0,0.0,0.0,0.0,0.0,0.0,0.0,0.0,1.363607,0.0
TEST_combined_high_moto_92913,cluster_2061304035_245647208,546.0,0.0,0,0.0,0.0,0.0,0.0,0.0,0.0,0.0,1.363607,0.0
TEST_combined_high_moto_92913,cluster_2061304035_245647208,551.0,0.0,0,0.0,0.0,0.0,0.0,0.0,0.0,0.0,1.363607,0.0
TEST_combined_high_moto_92913,cluster_2061304035_245647208,556.0,0.0,3,58.8194212382207,0.0,0.0,0.0,0.0,0.0,0.0,8.371211,0.0
TEST_combined_high_moto_92913,cluster_2061304035_245647208,561.0,10.0,3,5.303947855112639,0.0,0.0,0.0,0.0,0.5,0.0,3.5926871,10.0
TEST_combined_high_moto_92913,cluster_2061304035_245647208,566.0,15.0,3,0.0096253302221721,10.0,0.0,0.0,0.0,0.75,0.0,8.252429,15.0
TEST_combined_high_moto_92913,cluster_2061304035_245647208,571.0,15.0,3,0.0,15.0,10.0,0.0,0.0,0.75,0.0,6.4771914,15.0
TEST_combined_high_moto_92913,cluster_2061304035_245647208,576.0,15.0,3,0.0,15.0,15.0,10.0,0.0,0.75,0.0,6.6260247,15.0
TEST_combined_high_moto_92913,cluster_2061304035_245647208,581.0,15.0,4,12.284079004432582,15.0,15.0,15.0,10.0,0.25,0.0,15.006827,15.0
TEST_combined_high_moto_92913,cluster_2061304035_245647208,586.0,5.0,1,0.0,15.0,15.0,15.0,15.0,-0.5,0.0,11.2069645,5.0
TEST_combined_high_moto_92913,cluster_2061304035_245647208,591.0,0.0,0,0.0,5.0,15.0,15.0,15.0,-0.75,5.0,6.40043,0.0
TEST_combined_high_moto_92913,cluster_2061304035_245647208,596.0,0.0,0,0.0,0.0,5.0,15.0,15.0,-0.75,5.0,6.7851744,0.0
TEST_combined_high_moto_92913,cluster_2061304035_245647208,601.0,0.0,1,57.65871866237831,0.0,0.0,5.0,15.0,-0.75,5.0,11.896583,0.0
TEST_combined_high_moto_92913,cluster_2061304035_245647208,606.0,0.0,1,35.475695963241655,0.0,0.0,0.0,5.0,-0.25,5.0,10.726224,0.0
TEST_combined_high_moto_92913,cluster_2061304035_245647208,611.0,0.0,1,53.86194213018175,0.0,0.0,0.0,0.0,0.0,5.0,2.1724977,0.0
TEST_combined_high_moto_92913,cluster_2061304035_245647208,616.0,0.0,1,51.46796428351246,0.0,0.0,0.0,0.0,0.0,0.0,15.340861,0.0
TEST_combined_high_moto_92913,cluster_2061304035_245647208,621.0,0.0,1,55.47775259224329,0.0,0.0,0.0,0.0,0.0,0.0,3.3101542,0.0
TEST_combined_high_moto_92913,cluster_2061304035_245647208,626.0,0.0,0,0.0,0.0,0.0,0.0,0.0,0.0,0.0,1.363607,0.0
TEST_combined_high_moto_92913,cluster_2061304035_245647208,631.0,0.0,0,0.0,0.0,0.0,0.0,0.0,0.0,0.0,1.363607,0.0
TEST_combined_high_moto_92913,cluster_2061304035_245647208,636.0,0.0,0,0.0,0.0,0.0,0.0,0.0,0.0,0.0,1.363607,0.0
TEST_combined_high_moto_92913,cluster_2061304035_245647208,641.0,0.0,1,33.37759746672266,0.0,0.0,0.0,0.0,0.0,0.0,9.742005,0.0
TEST_combined_high_moto_92913,cluster_2061304035_245647208,646.0,0.0,1,6.307960759009256,0.0,0.0,0.0,0.0,0.0,0.0,7.0735164,0.0
TEST_combined_high_moto_92913,cluster_2061304035_245647208,651.0,5.0,1,0.0,0.0,0.0,0.0,0.0,0.25,0.0,4.31049,5.0
TEST_combined_high_moto_92913,cluster_2061304035_245647208,656.0,5.0,2,34.01751758574804,5.0,0.0,0.0,0.0,0.25,0.0,3.9653363,5.0
TEST_combined_high_moto_92913,cluster_2061304035_245647208,661.0,5.0,1,0.0,5.0,5.0,0.0,0.0,0.25,0.0,4.31049,5.0
TEST_combined_high_moto_92913,cluster_2061304035_245647208,666.0,5.0,1,0.0,5.0,5.0,5.0,0.0,0.25,0.0,4.31049,5.0
TEST_combined_high_moto_92913,cluster_2061304035_245647208,671.0,5.0,1,0.0,5.0,5.0,5.0,5.0,0.0,0.0,5.867684,5.0
TEST_combined_high_moto_92913,cluster_2061304035_245647208,676.0,0.0,1,8.307672879778359,5.0,5.0,5.0,5.0,-0.25,0.0,8.024533,0.0
TEST_combined_high_moto_92913,cluster_2061304035_245647208,681.0,0.0,1,38.80518242096137,0.0,5.0,5.0,5.0,-0.25,0.0,11.663331,0.0
TEST_combined_high_moto_92913,cluster_2061304035_245647208,686.0,0.0,0,0.0,0.0,0.0,5.0,5.0,-0.25,0.0,6.3771977,0.0
TEST_combined_high_moto_92913,cluster_2061304035_245647208,691.0,0.0,0,0.0,0.0,0.0,0.0,5.0,-0.25,0.0,6.3771977,0.0
TEST_combined_high_moto_92913,cluster_2061304035_245647208,696.0,0.0,0,0.0,0.0,0.0,0.0,0.0,0.0,0.0,1.363607,0.0
TEST_combined_high_moto_92913,cluster_2061304035_245647208,701.0,0.0,0,0.0,0.0,0.0,0.0,0.0,0.0,0.0,1.363607,0.0
TEST_combined_high_moto_92913,cluster_2061304035_245647208,706.0,0.0,0,0.0,0.0,0.0,0.0,0.0,0.0,0.0,1.363607,0.0
TEST_combined_high_moto_92913,cluster_2061304035_245647208,711.0,0.0,0,0.0,0.0,0.0,0.0,0.0,0.0,0.0,1.363607,0.0
TEST_combined_high_moto_92913,cluster_2061304035_245647208,716.0,0.0,0,0.0,0.0,0.0,0.0,0.0,0.0,0.0,1.363607,0.0
TEST_combined_high_moto_92913,cluster_2061304035_245647208,721.0,0.0,0,0.0,0.0,0.0,0.0,0.0,0.0,0.0,1.363607,0.0
TEST_combined_high_moto_92913,cluster_2061304035_245647208,726.0,0.0,0,0.0,0.0,0.0,0.0,0.0,0.0,0.0,1.363607,0.0
TEST_combined_high_moto_92913,cluster_2061304035_245647208,731.0,0.0,0,0.0,0.0,0.0,0.0,0.0,0.0,0.0,1.363607,0.0
TEST_combined_high_moto_92913,cluster_2061304035_245647208,736.0,0.0,1,49.224185337672594,0.0,0.0,0.0,0.0,0.0,0.0,20.609566,0.0
TEST_combined_high_moto_92913,cluster_245647168_3238255150_3495323634,16.0,0.0,0,0.0,0.0,0.0,0.0,0.0,0.0,5.0,1.363607,0.0
TEST_combined_high_moto_92913,cluster_245647168_3238255150_3495323634,21.0,0.0,0,0.0,0.0,0.0,0.0,0.0,0.0,5.0,1.363607,0.0
TEST_combined_high_moto_92913,cluster_245647168_3238255150_3495323634,26.0,0.0,0,0.0,0.0,0.0,0.0,0.0,0.0,5.0,1.363607,0.0
TEST_combined_high_moto_92913,cluster_245647168_3238255150_3495323634,31.0,0.0,0,0.0,0.0,0.0,0.0,0.0,0.0,5.0,1.363607,0.0
TEST_combined_high_moto_92913,cluster_245647168_3238255150_3495323634,36.0,0.0,0,0.0,0.0,0.0,0.0,0.0,0.0,5.0,1.363607,0.0
TEST_combined_high_moto_92913,cluster_245647168_3238255150_3495323634,41.0,0.0,0,0.0,0.0,0.0,0.0,0.0,0.0,5.0,1.363607,0.0
TEST_combined_high_moto_92913,cluster_245647168_3238255150_3495323634,46.0,0.0,0,0.0,0.0,0.0,0.0,0.0,0.0,10.0,1.363607,0.0
TEST_combined_high_moto_92913,cluster_245647168_3238255150_3495323634,51.0,0.0,0,0.0,0.0,0.0,0.0,0.0,0.0,15.0,1.363607,0.0
TEST_combined_high_moto_92913,cluster_245647168_3238255150_3495323634,56.0,0.0,1,44.54741423164931,0.0,0.0,0.0,0.0,0.0,5.0,15.257093,0.0
TEST_combined_high_moto_92913,cluster_245647168_3238255150_3495323634,61.0,5.0,1,0.0133390871683941,0.0,0.0,0.0,0.0,0.0,5.0,5.9832397,5.0
TEST_combined_high_moto_92913,cluster_245647168_3238255150_3495323634,66.0,5.0,1,0.0,5.0,0.0,0.0,0.0,0.0,10.0,4.31049,5.0
TEST_combined_high_moto_92913,cluster_245647168_3238255150_3495323634,71.0,5.0,1,0.0,5.0,5.0,0.0,0.0,0.0,10.0,4.31049,5.0
TEST_combined_high_moto_92913,cluster_245647168_3238255150_3495323634,76.0,5.0,1,0.0,5.0,5.0,5.0,0.0,0.0,5.0,4.31049,5.0
TEST_combined_high_moto_92913,cluster_245647168_3238255150_3495323634,81.0,5.0,1,0.0,5.0,5.0,5.0,5.0,0.0,5.0,5.867684,5.0
TEST_combined_high_moto_92913,cluster_245647168_3238255150_3495323634,86.0,5.0,3,33.2172887062816,5.0,5.0,5.0,5.0,0.0,10.0,32.343025,5.0
TEST_combined_high_moto_92913,cluster_245647168_3238255150_3495323634,91.0,5.0,2,6.2189338790384925,5.0,5.0,5.0,5.0,0.0,10.0,8.150531,5.0
TEST_combined_high_moto_92913,cluster_245647168_3238255150_3495323634,96.0,5.0,1,0.0,5.0,5.0,5.0,5.0,0.0,15.0,5.867684,5.0
TEST_combined_high_moto_92913,cluster_245647168_3238255150_3495323634,101.0,5.0,2,20.639121563670585,5.0,5.0,5.0,5.0,0.0,25.0,16.504519,5.0
TEST_combined_high_moto_92913,cluster_245647168_3238255150_3495323634,106.0,10.0,3,12.25907103872676,5.0,5.0,5.0,5.0,0.0,30.0,14.586438,10.0
TEST_combined_high_moto_92913,cluster_245647168_3238255150_3495323634,111.0,15.0,3,0.0017887647543195,10.0,5.0,5.0,5.0,0.5,40.0,9.064769,15.0
TEST_combined_high_moto_92913,cluster_245647168_3238255150_3495323634,116.0,5.0,2,21.16476398113032,15.0,10.0,5.0,5.0,0.0,45.0,15.444457,5.0
TEST_combined_high_moto_92913,cluster_245647168_3238255150_3495323634,121.0,5.0,2,6.349542926212973,5.0,15.0,10.0,5.0,0.0,35.0,8.299365,5.0
TEST_combined_high_moto_92913,cluster_245647168_3238255150_3495323634,126.0,10.0,3,26.1962677794605,5.0,5.0,15.0,10.0,0.0,0.0,42.182117,10.0
TEST_combined_high_moto_92913,cluster_245647168_3238255150_3495323634,131.0,10.0,3,5.9937400551441975,10.0,5.0,5.0,15.0,-0.25,0.0,30.674145,10.0
TEST_combined_high_moto_92913,cluster_245647168_3238255150_3495323634,136.0,5.0,2,3.395926667324904,10.0,10.0,5.0,5.0,0.0,5.0,5.856038,5.0
TEST_combined_high_moto_92913,cluster_245647168_3238255150_3495323634,141.0,5.0,2,13.503342652539674,5.0,10.0,10.0,5.0,0.0,5.0,7.7752423,5.0
TEST_combined_high_moto_92913,cluster_245647168_3238255150_3495323634,146.0,10.0,3,29.98728616104245,5.0,5.0,10.0,10.0,0.0,5.0,53.461666,10.0
TEST_combined_high_moto_92913,cluster_245647168_3238255150_3495323634,151.0,10.0,5,27.75517692997203,10.0,5.0,5.0,10.0,0.0,5.0,61.100292,10.0
TEST_combined_high_moto_92913,cluster_245647168_3238255150_3495323634,156.0,15.0,6,10.99305053521955,10.0,10.0,5.0,5.0,0.5,5.0,14.9293785,15.0
TEST_combined_high_moto_92913,cluster_245647168_3238255150_3495323634,161.0,25.0,7,20.165540008481667,15.0,10.0,10.0,5.0,1.0,20.0,31.639858,25.0
TEST_combined_high_moto_92913,cluster_245647168_3238255150_3495323634,166.0,30.0,8,9.949498152529031,25.0,15.0,10.0,10.0,1.0,15.0,15.7673435,30.0
TEST_combined_high_moto_92913,cluster_245647168_3238255150_3495323634,171.0,40.0,9,6.160904798307727,30.0,25.0,15.0,10.0,1.5,15.0,29.194674,40.0
TEST_combined_high_moto_92913,cluster_245647168_3238255150_3495323634,176.0,45.0,10,2.6930991804006568,40.0,30.0,25.0,15.0,1.5,15.0,23.939568,45.0
TEST_combined_high_moto_92913,cluster_245647168_3238255150_3495323634,181.0,35.0,8,4.55347418864369,45.0,40.0,30.0,25.0,0.5,25.0,30.335993,35.0
TEST_combined_high_moto_92913,cluster_245647168_3238255150_3495323634,186.0,0.0,4,25.06193197209025,35.0,45.0,40.0,30.0,-1.5,30.0,27.967018,0.0
TEST_combined_high_moto_92913,cluster_245647168_3238255150_3495323634,191.0,0.0,1,51.644987972785984,0.0,35.0,45.0,40.0,-2.0,40.0,11.500319,0.0
TEST_combined_high_moto_92913,cluster_245647168_3238255150_3495323634,196.0,5.0,1,0.0543785011065046,0.0,0.0,35.0,45.0,-2.0,45.0,50.765694,5.0
TEST_combined_high_moto_92913,cluster_245647168_3238255150_3495323634,201.0,5.0,1,0.0,5.0,0.0,0.0,35.0,-1.5,55.0,42.41422,5.0
TEST_combined_high_moto_92913,cluster_245647168_3238255150_3495323634,206.0,5.0,2,22.23394770540941,5.0,5.0,0.0,0.0,0.25,65.0,7.413687,5.0
TEST_combined_high_moto_92913,cluster_245647168_3238255150_3495323634,211.0,5.0,3,44.25799097097841,5.0,5.0,5.0,0.0,0.25,50.0,15.28949,5.0
TEST_combined_high_moto_92913,cluster_245647168_3238255150_3495323634,216.0,5.0,4,13.814156300586738,5.0,5.0,5.0,5.0,0.0,20.0,15.656341,5.0
TEST_combined_high_moto_92913,cluster_245647168_3238255150_3495323634,221.0,20.0,4,0.0786768035978668,5.0,5.0,5.0,5.0,0.75,20.0,9.117084,20.0
TEST_combined_high_moto_92913,cluster_245647168_3238255150_3495323634,226.0,15.0,3,0.0,20.0,5.0,5.0,5.0,0.5,20.0,8.595751,15.0
TEST_combined_high_moto_92913,cluster_245647168_3238255150_3495323634,231.0,15.0,3,0.0,15.0,20.0,5.0,5.0,0.5,25.0,10.110523,15.0
TEST_combined_high_moto_92913,cluster_245647168_3238255150_3495323634,236.0,15.0,4,0.2800456227207767,15.0,15.0,20.0,5.0,0.5,0.0,11.418815,15.0
TEST_combined_high_moto_92913,cluster_245647168_3238255150_3495323634,241.0,25.0,7,8.440016931342539,15.0,15.0,15.0,20.0,0.25,0.0,19.430632,25.0
TEST_combined_high_moto_92913,cluster_245647168_3238255150_3495323634,246.0,30.0,8,0.6845843291696573,25.0,15.0,15.0,15.0,0.75,10.0,12.759147,30.0
TEST_combined_high_moto_92913,cluster_245647168_3238255150_3495323634,251.0,40.0,9,4.519593174597704,30.0,25.0,15.0,15.0,1.25,10.0,22.188646,40.0
TEST_combined_high_moto_92913,cluster_245647168_3238255150_3495323634,256.0,45.0,11,10.096857779898196,40.0,30.0,25.0,15.0,1.5,15.0,35.496967,45.0
TEST_combined_high_moto_92913,cluster_245647168_3238255150_3495323634,261.0,55.0,13,9.751690121644424,45.0,40.0,30.0,25.0,1.5,15.0,37.317307,55.0
TEST_combined_high_moto_92913,cluster_245647168_3238255150_3495323634,266.0,65.0,15,6.07078965287734,55.0,45.0,40.0,30.0,1.75,25.0,34.475212,65.0
TEST_combined_high_moto_92913,cluster_245647168_3238255150_3495323634,271.0,50.0,11,0.0497627467973781,65.0,55.0,45.0,40.0,0.5,30.0,38.257652,50.0
TEST_combined_high_moto_92913,cluster_245647168_3238255150_3495323634,276.0,20.0,9,26.076630768168943,50.0,65.0,55.0,45.0,-1.25,50.0,50.324852,20.0
TEST_combined_high_moto_92913,cluster_245647168_3238255150_3495323634,281.0,20.0,5,15.940632023528774,20.0,50.0,65.0,55.0,-1.75,65.0,57.683758,20.0
TEST_combined_high_moto_92913,cluster_245647168_3238255150_3495323634,286.0,20.0,5,2.3918364729972805,20.0,20.0,50.0,65.0,-2.25,60.0,62.47069,20.0
TEST_combined_high_moto_92913,cluster_245647168_3238255150_3495323634,291.0,25.0,5,0.0004206066588282,20.0,20.0,20.0,50.0,-1.25,80.0,46.01721,25.0
TEST_combined_high_moto_92913,cluster_245647168_3238255150_3495323634,296.0,0.0,3,31.41057618794086,25.0,20.0,20.0,20.0,-1.0,85.0,22.262423,0.0
TEST_combined_high_moto_92913,cluster_245647168_3238255150_3495323634,301.0,0.0,2,12.882131214484152,0.0,25.0,20.0,20.0,-1.0,70.0,11.770764,0.0
TEST_combined_high_moto_92913,cluster_245647168_3238255150_3495323634,306.0,10.0,3,20.55679781409112,0.0,0.0,25.0,20.0,-0.5,5.0,54.598656,10.0
TEST_combined_high_moto_92913,cluster_245647168_3238255150_3495323634,311.0,10.0,3,0.2358171291980486,10.0,0.0,0.0,25.0,-0.75,10.0,30.552805,10.0
TEST_combined_high_moto_92913,cluster_245647168_3238255150_3495323634,316.0,15.0,5,25.443693656107,10.0,10.0,0.0,0.0,0.75,10.0,29.944048,15.0
TEST_combined_high_moto_92913,cluster_245647168_3238255150_3495323634,321.0,15.0,5,22.32691477026454,15.0,10.0,10.0,0.0,0.75,15.0,32.360332,15.0
TEST_combined_high_moto_92913,cluster_245647168_3238255150_3495323634,326.0,25.0,8,15.156755780567115,15.0,15.0,10.0,10.0,0.75,15.0,15.62581,25.0
TEST_combined_high_moto_92913,cluster_245647168_3238255150_3495323634,331.0,30.0,11,15.919213357151806,25.0,15.0,15.0,10.0,1.0,20.0,15.923614,30.0
TEST_combined_high_moto_92913,cluster_245647168_3238255150_3495323634,336.0,50.0,14,10.8181025994903,30.0,25.0,15.0,15.0,1.75,25.0,26.386377,50.0
TEST_combined_high_moto_92913,cluster_245647168_3238255150_3495323634,341.0,65.0,14,0.4858411722787084,50.0,30.0,25.0,15.0,2.5,35.0,21.336962,65.0
TEST_combined_high_moto_92913,cluster_245647168_3238255150_3495323634,346.0,60.0,16,6.470352838827603,65.0,50.0,30.0,25.0,1.75,30.0,33.919895,60.0
TEST_combined_high_moto_92913,cluster_245647168_3238255150_3495323634,351.0,80.0,17,3.5946678599816253,60.0,65.0,50.0,30.0,2.5,20.0,31.044727,80.0
TEST_combined_high_moto_92913,cluster_245647168_3238255150_3495323634,356.0,85.0,18,1.441247009767327,80.0,60.0,65.0,50.0,1.75,20.0,27.593193,85.0
TEST_combined_high_moto_92913,cluster_245647168_3238255150_3495323634,361.0,70.0,16,3.335459958542286,85.0,80.0,60.0,65.0,0.25,25.0,31.96096,70.0
TEST_combined_high_moto_92913,cluster_245647168_3238255150_3495323634,366.0,5.0,10,10.20009760842374,70.0,85.0,80.0,60.0,-2.75,40.0,36.442127,5.0
TEST_combined_high_moto_92913,cluster_245647168_3238255150_3495323634,371.0,10.0,5,19.78633954129367,5.0,70.0,85.0,80.0,-3.5,40.0,52.92103,10.0
TEST_combined_high_moto_92913,cluster_245647168_3238255150_3495323634,376.0,10.0,4,16.609109368895805,10.0,5.0,70.0,85.0,-3.75,40.0,59.342426,10.0
TEST_combined_high_moto_92913,cluster_245647168_3238255150_3495323634,381.0,15.0,4,0.2295129489273701,10.0,10.0,5.0,70.0,-2.75,60.0,75.418755,15.0
TEST_combined_high_moto_92913,cluster_245647168_3238255150_3495323634,386.0,15.0,5,17.957570765857486,15.0,10.0,10.0,5.0,0.5,70.0,21.796888,15.0
TEST_combined_high_moto_92913,cluster_245647168_3238255150_3495323634,391.0,20.0,7,13.785674677971924,15.0,15.0,10.0,10.0,0.5,55.0,17.684631,20.0
TEST_combined_high_moto_92913,cluster_245647168_3238255150_3495323634,396.0,25.0,7,1.515406531182338,20.0,15.0,15.0,10.0,0.75,15.0,13.953833,25.0
TEST_combined_high_moto_92913,cluster_245647168_3238255150_3495323634,401.0,35.0,8,6.805634373863772,25.0,20.0,15.0,15.0,1.0,10.0,17.83872,35.0
TEST_combined_high_moto_92913,cluster_245647168_3238255150_3495323634,406.0,30.0,7,0.8490236066079655,35.0,25.0,20.0,15.0,0.75,10.0,13.850978,30.0
TEST_combined_high_moto_92913,cluster_245647168_3238255150_3495323634,411.0,20.0,6,13.183011204311144,30.0,35.0,25.0,20.0,0.0,15.0,21.394047,20.0
TEST_combined_high_moto_92913,cluster_245647168_3238255150_3495323634,416.0,20.0,5,3.29857477116217,20.0,30.0,35.0,25.0,-0.25,10.0,27.022411,20.0
TEST_combined_high_moto_92913,cluster_245647168_3238255150_3495323634,421.0,25.0,9,25.267654924307507,20.0,20.0,30.0,35.0,-0.5,10.0,58.409588,25.0
TEST_combined_high_moto_92913,cluster_245647168_3238255150_3495323634,426.0,40.0,10,6.449369740135862,25.0,20.0,20.0,30.0,0.5,20.0,30.979948,40.0
TEST_combined_high_moto_92913,cluster_245647168_3238255150_3495323634,431.0,40.0,12,16.50825163772402,40.0,25.0,20.0,20.0,1.0,25.0,16.752094,40.0
TEST_combined_high_moto_92913,cluster_245647168_3238255150_3495323634,436.0,40.0,13,8.803823998483264,40.0,40.0,25.0,20.0,1.0,20.0,22.157515,40.0
TEST_combined_high_moto_92913,cluster_245647168_3238255150_3495323634,441.0,60.0,14,2.325265098506318,40.0,40.0,40.0,25.0,1.75,25.0,25.301022,60.0
TEST_combined_high_moto_92913,cluster_245647168_3238255150_3495323634,446.0,70.0,15,0.9233956825785632,60.0,40.0,40.0,40.0,1.5,30.0,41.04402,70.0
TEST_combined_high_moto_92913,cluster_245647168_3238255150_3495323634,451.0,55.0,13,5.3139643251201445,70.0,60.0,40.0,40.0,0.75,30.0,39.18029,55.0
TEST_combined_high_moto_92913,cluster_245647168_3238255150_3495323634,456.0,15.0,11,15.428297348797852,55.0,70.0,60.0,40.0,-1.25,35.0,54.701714,15.0
TEST_combined_high_moto_92913,cluster_245647168_3238255150_3495323634,461.0,10.0,6,9.431914809030344,15.0,55.0,70.0,60.0,-2.5,35.0,53.726994,10.0
TEST_combined_high_moto_92913,cluster_245647168_3238255150_3495323634,466.0,10.0,3,6.719107604869798,10.0,15.0,55.0,70.0,-3.0,45.0,56.51237,10.0
TEST_combined_high_moto_92913,cluster_245647168_3238255150_3495323634,471.0,15.0,3,0.0010490495722432,10.0,10.0,15.0,55.0,-2.0,50.0,47.066547,15.0
TEST_combined_high_moto_92913,cluster_245647168_3238255150_3495323634,476.0,10.0,3,28.069117361644984,15.0,10.0,10.0,15.0,-0.25,55.0,60.51844,10.0
TEST_combined_high_moto_92913,cluster_245647168_3238255150_3495323634,481.0,10.0,5,19.853685044657155,10.0,15.0,10.0,10.0,0.0,45.0,50.423683,10.0
TEST_combined_high_moto_92913,cluster_245647168_3238255150_3495323634,486.0,20.0,5,0.2894151293161907,10.0,10.0,15.0,10.0,0.5,5.0,11.208878,20.0
TEST_combined_high_moto_92913,cluster_245647168_3238255150_3495323634,491.0,25.0,5,0.0,20.0,10.0,10.0,15.0,0.5,5.0,7.826001,25.0
TEST_combined_high_moto_92913,cluster_245647168_3238255150_3495323634,496.0,20.0,5,15.258951347883045,25.0,20.0,10.0,10.0,0.5,10.0,9.748078,20.0
TEST_combined_high_moto_92913,cluster_245647168_3238255150_3495323634,501.0,25.0,6,13.336048874982035,20.0,25.0,20.0,10.0,0.75,10.0,18.432156,25.0
TEST_combined_high_moto_92913,cluster_245647168_3238255150_3495323634,506.0,30.0,6,0.0455611985291469,25.0,20.0,25.0,20.0,0.5,0.0,13.414727,30.0
TEST_combined_high_moto_92913,cluster_245647168_3238255150_3495323634,511.0,30.0,7,5.263692689443443,30.0,25.0,20.0,25.0,0.25,5.0,27.835205,30.0
TEST_combined_high_moto_92913,cluster_245647168_3238255150_3495323634,516.0,35.0,7,0.0027175561943127,30.0,30.0,25.0,20.0,0.75,10.0,14.081933,35.0
TEST_combined_high_moto_92913,cluster_245647168_3238255150_3495323634,521.0,35.0,9,12.3937730046259,35.0,30.0,30.0,25.0,0.5,10.0,29.32029,35.0
TEST_combined_high_moto_92913,cluster_245647168_3238255150_3495323634,526.0,45.0,11,9.937011698326328,35.0,35.0,30.0,30.0,0.75,15.0,28.723372,45.0
TEST_combined_high_moto_92913,cluster_245647168_3238255150_3495323634,531.0,50.0,12,4.908518006672341,45.0,35.0,35.0,30.0,1.0,25.0,31.787066,50.0
TEST_combined_high_moto_92913,cluster_245647168_3238255150_3495323634,536.0,55.0,13,3.914525789117636,50.0,45.0,35.0,35.0,1.0,30.0,35.877403,55.0
TEST_combined_high_moto_92913,cluster_245647168_3238255150_3495323634,541.0,45.0,11,1.713591922435145,55.0,50.0,45.0,35.0,0.5,40.0,36.72794,45.0
TEST_combined_high_moto_92913,cluster_245647168_3238255150_3495323634,546.0,5.0,8,7.536630423038484,45.0,55.0,50.0,45.0,-2.0,45.0,45.611523,5.0
TEST_combined_high_moto_92913,cluster_245647168_3238255150_3495323634,551.0,5.0,6,24.359622857918296,5.0,45.0,55.0,50.0,-2.25,55.0,60.588432,5.0
TEST_combined_high_moto_92913,cluster_245647168_3238255150_3495323634,556.0,10.0,2,0.1418345988325041,5.0,5.0,45.0,55.0,-2.25,60.0,43.84093,10.0
TEST_combined_high_moto_92913,cluster_245647168_3238255150_3495323634,561.0,10.0,3,19.923958818872624,10.0,5.0,5.0,45.0,-1.75,60.0,74.554085,10.0
TEST_combined_high_moto_92913,cluster_245647168_3238255150_3495323634,566.0,0.0,1,4.442666160641527,10.0,10.0,5.0,5.0,-0.25,85.0,17.831459,0.0
TEST_combined_high_moto_92913,cluster_245647168_3238255150_3495323634,571.0,5.0,2,18.021091379048567,0.0,10.0,10.0,5.0,0.0,75.0,5.1056886,5.0
TEST_combined_high_moto_92913,cluster_245647168_3238255150_3495323634,576.0,10.0,3,19.490239353382293,5.0,0.0,10.0,10.0,0.0,10.0,46.699932,10.0
TEST_combined_high_moto_92913,cluster_245647168_3238255150_3495323634,581.0,10.0,3,0.2047044067171829,10.0,5.0,0.0,10.0,0.0,10.0,10.21208,10.0
TEST_combined_high_moto_92913,cluster_245647168_3238255150_3495323634,586.0,15.0,5,17.35767884240399,10.0,10.0,5.0,0.0,0.75,10.0,19.863188,15.0
TEST_combined_high_moto_92913,cluster_245647168_3238255150_3495323634,591.0,25.0,8,20.355403451550888,15.0,10.0,10.0,5.0,1.0,10.0,31.639858,25.0
TEST_combined_high_moto_92913,cluster_245647168_3238255150_3495323634,596.0,30.0,8,5.326620027976579,25.0,15.0,10.0,10.0,1.0,5.0,16.159216,30.0
TEST_combined_high_moto_92913,cluster_245647168_3238255150_3495323634,601.0,40.0,10,13.03577987243114,30.0,25.0,15.0,10.0,1.5,10.0,33.15289,40.0
TEST_combined_high_moto_92913,cluster_245647168_3238255150_3495323634,606.0,45.0,12,9.82266229427921,40.0,30.0,25.0,15.0,1.5,15.0,33.368065,45.0
TEST_combined_high_moto_92913,cluster_245647168_3238255150_3495323634,611.0,55.0,12,0.084305883149109,45.0,40.0,30.0,25.0,1.5,15.0,25.534164,55.0
TEST_combined_high_moto_92913,cluster_245647168_3238255150_3495323634,616.0,60.0,14,8.943534853474251,55.0,45.0,40.0,30.0,1.5,20.0,40.52452,60.0
TEST_combined_high_moto_92913,cluster_245647168_3238255150_3495323634,621.0,60.0,18,10.257940325235266,60.0,55.0,45.0,40.0,1.0,25.0,40.647655,60.0
TEST_combined_high_moto_92913,cluster_245647168_3238255150_3495323634,626.0,85.0,19,3.421314421333026,60.0,60.0,55.0,45.0,2.0,25.0,32.92797,85.0
TEST_combined_high_moto_92913,cluster_245647168_3238255150_3495323634,631.0,75.0,16,3.765586080503603,85.0,60.0,60.0,55.0,1.0,30.0,33.888004,75.0
TEST_combined_high_moto_92913,cluster_245647168_3238255150_3495323634,636.0,10.0,12,10.894415814013842,75.0,85.0,60.0,60.0,-2.5,30.0,47.017826,10.0
TEST_combined_high_moto_92913,cluster_245647168_3238255150_3495323634,641.0,10.0,6,25.22499847180713,10.0,75.0,85.0,60.0,-2.5,35.0,69.913704,10.0
TEST_combined_high_moto_92913,cluster_245647168_3238255150_3495323634,646.0,10.0,2,0.0,10.0,10.0,75.0,85.0,-3.75,40.0,61.471508,10.0
TEST_combined_high_moto_92913,cluster_245647168_3238255150_3495323634,651.0,10.0,3,33.680032383287184,10.0,10.0,10.0,75.0,-3.25,45.0,88.87995,10.0
TEST_combined_high_moto_92913,cluster_245647168_3238255150_3495323634,656.0,5.0,3,28.452448609725398,10.0,10.0,10.0,10.0,-0.25,45.0,54.800533,5.0
TEST_combined_high_moto_92913,cluster_245647168_3238255150_3495323634,661.0,10.0,3,3.957155913689608,5.0,10.0,10.0,10.0,0.0,25.0,23.678354,10.0
TEST_combined_high_moto_92913,cluster_245647168_3238255150_3495323634,666.0,15.0,4,16.442436258886406,10.0,5.0,10.0,10.0,0.25,0.0,12.7991705,15.0
TEST_combined_high_moto_92913,cluster_245647168_3238255150_3495323634,671.0,15.0,6,20.31385653752872,15.0,10.0,5.0,10.0,0.25,0.0,53.73362,15.0
TEST_combined_high_moto_92913,cluster_245647168_3238255150_3495323634,676.0,20.0,5,0.3092842353007612,15.0,15.0,10.0,5.0,0.75,0.0,11.618326,20.0
TEST_combined_high_moto_92913,cluster_245647168_3238255150_3495323634,681.0,25.0,5,7.881874378192647e-05,20.0,15.0,15.0,10.0,0.75,0.0,8.247464,25.0
TEST_combined_high_moto_92913,cluster_245647168_3238255150_3495323634,686.0,25.0,6,3.820173284991176,25.0,20.0,15.0,15.0,0.5,0.0,13.655096,25.0
TEST_combined_high_moto_92913,cluster_245647168_3238255150_3495323634,691.0,30.0,7,11.441142143747369,25.0,25.0,20.0,15.0,0.75,0.0,17.395563,30.0
TEST_combined_high_moto_92913,cluster_245647168_3238255150_3495323634,696.0,30.0,8,6.489585451436466,30.0,25.0,25.0,20.0,0.5,0.0,17.954912,30.0
TEST_combined_high_moto_92913,cluster_245647168_3238255150_3495323634,701.0,35.0,8,0.9645294821283146,30.0,30.0,25.0,25.0,0.5,5.0,19.716484,35.0
TEST_combined_high_moto_92913,cluster_245647168_3238255150_3495323634,706.0,40.0,9,7.601913108166434,35.0,30.0,30.0,25.0,0.75,5.0,29.661375,40.0
TEST_combined_high_moto_92913,cluster_245647168_3238255150_3495323634,711.0,45.0,9,0.0100026673690543,40.0,35.0,30.0,30.0,0.75,5.0,21.450233,45.0
TEST_combined_high_moto_92913,cluster_245647168_3238255150_3495323634,716.0,45.0,9,0.0,45.0,40.0,35.0,30.0,0.75,5.0,21.76364,45.0
TEST_combined_high_moto_92913,cluster_245647168_3238255150_3495323634,721.0,25.0,5,0.0,45.0,45.0,40.0,35.0,-0.5,5.0,28.798155,25.0
TEST_combined_high_moto_92913,cluster_245647168_3238255150_3495323634,726.0,0.0,1,26.32185853859573,25.0,45.0,45.0,40.0,-2.0,10.0,27.542555,0.0
TEST_combined_high_moto_92913,cluster_245647168_3238255150_3495323634,731.0,0.0,0,0.0,0.0,25.0,45.0,45.0,-2.25,10.0,58.807858,0.0
TEST_combined_high_moto_92913,cluster_245647168_3238255150_3495323634,736.0,0.0,0,0.0,0.0,0.0,25.0,45.0,-2.25,10.0,59.67219,0.0
TEST_combined_incident_heavy_29105,cluster_13546492148_1838721956,16.0,0.0,0,0.0,0.0,0.0,0.0,0.0,0.0,0.0,1.363607,0.0
TEST_combined_incident_heavy_29105,cluster_13546492148_1838721956,21.0,0.0,0,0.0,0.0,0.0,0.0,0.0,0.0,0.0,1.363607,0.0
TEST_combined_incident_heavy_29105,cluster_13546492148_1838721956,26.0,0.0,0,0.0,0.0,0.0,0.0,0.0,0.0,5.0,1.363607,0.0
TEST_combined_incident_heavy_29105,cluster_13546492148_1838721956,31.0,0.0,0,0.0,0.0,0.0,0.0,0.0,0.0,0.0,1.363607,0.0
TEST_combined_incident_heavy_29105,cluster_13546492148_1838721956,36.0,0.0,0,0.0,0.0,0.0,0.0,0.0,0.0,0.0,1.363607,0.0
TEST_combined_incident_heavy_29105,cluster_13546492148_1838721956,41.0,0.0,0,0.0,0.0,0.0,0.0,0.0,0.0,0.0,1.363607,0.0
TEST_combined_incident_heavy_29105,cluster_13546492148_1838721956,46.0,0.0,0,0.0,0.0,0.0,0.0,0.0,0.0,0.0,1.363607,0.0
TEST_combined_incident_heavy_29105,cluster_13546492148_1838721956,51.0,0.0,0,0.0,0.0,0.0,0.0,0.0,0.0,0.0,1.363607,0.0
TEST_combined_incident_heavy_29105,cluster_13546492148_1838721956,56.0,0.0,0,0.0,0.0,0.0,0.0,0.0,0.0,5.0,1.363607,0.0
TEST_combined_incident_heavy_29105,cluster_13546492148_1838721956,61.0,0.0,0,0.0,0.0,0.0,0.0,0.0,0.0,5.0,1.363607,0.0
TEST_combined_incident_heavy_29105,cluster_13546492148_1838721956,66.0,0.0,0,0.0,0.0,0.0,0.0,0.0,0.0,5.0,1.363607,0.0
TEST_combined_incident_heavy_29105,cluster_13546492148_1838721956,71.0,0.0,0,0.0,0.0,0.0,0.0,0.0,0.0,5.0,1.363607,0.0
TEST_combined_incident_heavy_29105,cluster_13546492148_1838721956,76.0,0.0,0,0.0,0.0,0.0,0.0,0.0,0.0,0.0,1.363607,0.0
TEST_combined_incident_heavy_29105,cluster_13546492148_1838721956,81.0,0.0,1,5.478693789377722,0.0,0.0,0.0,0.0,0.0,0.0,5.7372646,0.0
TEST_combined_incident_heavy_29105,cluster_13546492148_1838721956,86.0,5.0,1,0.0016549539820022,0.0,0.0,0.0,0.0,0.0,0.0,5.3307853,5.0
TEST_combined_incident_heavy_29105,cluster_13546492148_1838721956,91.0,0.0,0,0.0,5.0,0.0,0.0,0.0,0.0,5.0,1.2144732,0.0
TEST_combined_incident_heavy_29105,cluster_13546492148_1838721956,96.0,0.0,0,0.0,0.0,5.0,0.0,0.0,0.0,5.0,1.363607,0.0
TEST_combined_incident_heavy_29105,cluster_13546492148_1838721956,101.0,0.0,0,0.0,0.0,0.0,5.0,0.0,0.0,5.0,1.363607,0.0
TEST_combined_incident_heavy_29105,cluster_13546492148_1838721956,106.0,0.0,0,0.0,0.0,0.0,0.0,5.0,0.0,5.0,5.327605,0.0
TEST_combined_incident_heavy_29105,cluster_13546492148_1838721956,111.0,0.0,0,0.0,0.0,0.0,0.0,0.0,0.0,5.0,1.363607,0.0
TEST_combined_incident_heavy_29105,cluster_13546492148_1838721956,116.0,5.0,1,0.0045070303752497,0.0,0.0,0.0,0.0,0.25,5.0,5.1627755,5.0
TEST_combined_incident_heavy_29105,cluster_13546492148_1838721956,121.0,5.0,1,0.0,5.0,0.0,0.0,0.0,0.25,5.0,4.31049,5.0
TEST_combined_incident_heavy_29105,cluster_13546492148_1838721956,126.0,5.0,1,0.0,5.0,5.0,0.0,0.0,0.25,5.0,4.31049,5.0
TEST_combined_incident_heavy_29105,cluster_13546492148_1838721956,131.0,5.0,1,0.0,5.0,5.0,5.0,0.0,0.25,5.0,4.31049,5.0
TEST_combined_incident_heavy_29105,cluster_13546492148_1838721956,136.0,0.0,0,0.0,5.0,5.0,5.0,5.0,-0.25,5.0,5.3519025,0.0
TEST_combined_incident_heavy_29105,cluster_13546492148_1838721956,141.0,0.0,0,0.0,0.0,5.0,5.0,5.0,-0.25,5.0,6.3771977,0.0
TEST_combined_incident_heavy_29105,cluster_13546492148_1838721956,146.0,0.0,0,0.0,0.0,0.0,5.0,5.0,-0.25,10.0,6.3771977,0.0
TEST_combined_incident_heavy_29105,cluster_13546492148_1838721956,151.0,5.0,1,0.0523411007674396,0.0,0.0,0.0,5.0,0.0,10.0,6.45915,5.0
TEST_combined_incident_heavy_29105,cluster_13546492148_1838721956,156.0,5.0,1,0.0,5.0,0.0,0.0,0.0,0.25,10.0,4.31049,5.0
TEST_combined_incident_heavy_29105,cluster_13546492148_1838721956,161.0,5.0,1,0.0,5.0,5.0,0.0,0.0,0.25,10.0,4.31049,5.0
TEST_combined_incident_heavy_29105,cluster_13546492148_1838721956,166.0,5.0,1,0.0,5.0,5.0,5.0,0.0,0.25,0.0,4.31049,5.0
TEST_combined_incident_heavy_29105,cluster_13546492148_1838721956,171.0,5.0,1,0.0,5.0,5.0,5.0,5.0,0.0,0.0,5.867684,5.0
TEST_combined_incident_heavy_29105,cluster_13546492148_1838721956,176.0,5.0,1,0.0,5.0,5.0,5.0,5.0,0.0,0.0,5.867684,5.0
TEST_combined_incident_heavy_29105,cluster_13546492148_1838721956,181.0,5.0,2,1.469185416139386,5.0,5.0,5.0,5.0,0.0,0.0,6.5194488,5.0
TEST_combined_incident_heavy_29105,cluster_13546492148_1838721956,186.0,5.0,1,0.0,5.0,5.0,5.0,5.0,0.0,0.0,5.867684,5.0
TEST_combined_incident_heavy_29105,cluster_13546492148_1838721956,191.0,5.0,1,0.0,5.0,5.0,5.0,5.0,0.0,0.0,5.867684,5.0
TEST_combined_incident_heavy_29105,cluster_13546492148_1838721956,196.0,5.0,1,0.0,5.0,5.0,5.0,5.0,0.0,0.0,5.867684,5.0
TEST_combined_incident_heavy_29105,cluster_13546492148_1838721956,201.0,5.0,2,11.482590694015345,5.0,5.0,5.0,5.0,0.0,5.0,7.2042747,5.0
TEST_combined_incident_heavy_29105,cluster_13546492148_1838721956,206.0,10.0,2,0.001850111656696,5.0,5.0,5.0,5.0,0.25,5.0,6.4317236,10.0
TEST_combined_incident_heavy_29105,cluster_13546492148_1838721956,211.0,10.0,2,0.0,10.0,5.0,5.0,5.0,0.25,0.0,6.3823624,10.0
TEST_combined_incident_heavy_29105,cluster_13546492148_1838721956,216.0,10.0,2,0.0,10.0,10.0,5.0,5.0,0.25,0.0,6.3823624,10.0
TEST_combined_incident_heavy_29105,cluster_13546492148_1838721956,221.0,10.0,2,0.0,10.0,10.0,10.0,5.0,0.25,0.0,6.3823624,10.0
TEST_combined_incident_heavy_29105,cluster_13546492148_1838721956,226.0,0.0,0,0.0,10.0,10.0,10.0,10.0,-0.5,0.0,5.434172,0.0
TEST_combined_incident_heavy_29105,cluster_13546492148_1838721956,231.0,0.0,0,0.0,0.0,10.0,10.0,10.0,-0.5,0.0,6.4594674,0.0
TEST_combined_incident_heavy_29105,cluster_13546492148_1838721956,236.0,0.0,0,0.0,0.0,0.0,10.0,10.0,-0.5,5.0,6.4594674,0.0
TEST_combined_incident_heavy_29105,cluster_13546492148_1838721956,241.0,0.0,0,0.0,0.0,0.0,0.0,10.0,-0.5,5.0,6.4594674,0.0
TEST_combined_incident_heavy_29105,cluster_13546492148_1838721956,246.0,0.0,0,0.0,0.0,0.0,0.0,0.0,0.0,5.0,1.363607,0.0
TEST_combined_incident_heavy_29105,cluster_13546492148_1838721956,251.0,0.0,0,0.0,0.0,0.0,0.0,0.0,0.0,5.0,1.363607,0.0
TEST_combined_incident_heavy_29105,cluster_13546492148_1838721956,256.0,0.0,1,13.974777791191077,0.0,0.0,0.0,0.0,0.0,0.0,6.6982255,0.0
TEST_combined_incident_heavy_29105,cluster_13546492148_1838721956,261.0,5.0,1,0.0098979459154141,0.0,0.0,0.0,0.0,0.25,0.0,5.9832397,5.0
TEST_combined_incident_heavy_29105,cluster_13546492148_1838721956,266.0,5.0,1,0.0,5.0,0.0,0.0,0.0,0.25,0.0,4.31049,5.0
TEST_combined_incident_heavy_29105,cluster_13546492148_1838721956,271.0,0.0,0,0.0,5.0,5.0,0.0,0.0,0.0,0.0,1.2144732,0.0
TEST_combined_incident_heavy_29105,cluster_13546492148_1838721956,276.0,0.0,0,0.0,0.0,5.0,5.0,0.0,0.0,0.0,1.363607,0.0
TEST_combined_incident_heavy_29105,cluster_13546492148_1838721956,281.0,0.0,0,0.0,0.0,0.0,5.0,5.0,-0.25,0.0,6.3771977,0.0
TEST_combined_incident_heavy_29105,cluster_13546492148_1838721956,286.0,0.0,0,0.0,0.0,0.0,0.0,5.0,-0.25,5.0,6.3771977,0.0
TEST_combined_incident_heavy_29105,cluster_13546492148_1838721956,291.0,0.0,1,22.71353219396412,0.0,0.0,0.0,0.0,0.0,5.0,7.188759,0.0
TEST_combined_incident_heavy_29105,cluster_13546492148_1838721956,296.0,5.0,1,0.0,0.0,0.0,0.0,0.0,0.25,5.0,4.31049,5.0
TEST_combined_incident_heavy_29105,cluster_13546492148_1838721956,301.0,5.0,1,0.0,5.0,0.0,0.0,0.0,0.25,0.0,4.31049,5.0
TEST_combined_incident_heavy_29105,cluster_13546492148_1838721956,306.0,5.0,1,0.0,5.0,5.0,0.0,0.0,0.25,0.0,4.31049,5.0
TEST_combined_incident_heavy_29105,cluster_13546492148_1838721956,311.0,5.0,1,0.0,5.0,5.0,5.0,0.0,0.25,0.0,4.31049,5.0
TEST_combined_incident_heavy_29105,cluster_13546492148_1838721956,316.0,0.0,0,0.0,5.0,5.0,5.0,5.0,-0.25,0.0,5.3519025,0.0
TEST_combined_incident_heavy_29105,cluster_13546492148_1838721956,321.0,0.0,0,0.0,0.0,5.0,5.0,5.0,-0.25,0.0,6.3771977,0.0
TEST_combined_incident_heavy_29105,cluster_13546492148_1838721956,326.0,0.0,0,0.0,0.0,0.0,5.0,5.0,-0.25,5.0,6.3771977,0.0
TEST_combined_incident_heavy_29105,cluster_13546492148_1838721956,331.0,0.0,0,0.0,0.0,0.0,0.0,5.0,-0.25,5.0,6.3771977,0.0
TEST_combined_incident_heavy_29105,cluster_13546492148_1838721956,336.0,0.0,0,0.0,0.0,0.0,0.0,0.0,0.0,5.0,1.363607,0.0
TEST_combined_incident_heavy_29105,cluster_13546492148_1838721956,341.0,0.0,1,16.929286485963416,0.0,0.0,0.0,0.0,0.0,5.0,6.049996,0.0
TEST_combined_incident_heavy_29105,cluster_13546492148_1838721956,346.0,5.0,1,0.0103871794981842,0.0,0.0,0.0,0.0,0.25,0.0,5.9832397,5.0
TEST_combined_incident_heavy_29105,cluster_13546492148_1838721956,351.0,5.0,1,0.0005062778288167,5.0,0.0,0.0,0.0,0.25,0.0,4.31049,5.0
TEST_combined_incident_heavy_29105,cluster_13546492148_1838721956,356.0,5.0,1,0.0,5.0,5.0,0.0,0.0,0.25,0.0,4.31049,5.0
TEST_combined_incident_heavy_29105,cluster_13546492148_1838721956,361.0,0.0,0,0.0,5.0,5.0,5.0,0.0,0.0,0.0,1.2144732,0.0
TEST_combined_incident_heavy_29105,cluster_13546492148_1838721956,366.0,0.0,1,44.21044099660729,0.0,5.0,5.0,5.0,-0.25,0.0,9.709934,0.0
TEST_combined_incident_heavy_29105,cluster_13546492148_1838721956,371.0,0.0,0,0.0,0.0,0.0,5.0,5.0,-0.25,0.0,6.3771977,0.0
TEST_combined_incident_heavy_29105,cluster_13546492148_1838721956,376.0,0.0,0,0.0,0.0,0.0,0.0,5.0,-0.25,0.0,6.3771977,0.0
TEST_combined_incident_heavy_29105,cluster_13546492148_1838721956,381.0,0.0,0,0.0,0.0,0.0,0.0,0.0,0.0,5.0,1.363607,0.0
TEST_combined_incident_heavy_29105,cluster_13546492148_1838721956,386.0,5.0,1,0.0075819881306948,0.0,0.0,0.0,0.0,0.25,5.0,5.9832397,5.0
TEST_combined_incident_heavy_29105,cluster_13546492148_1838721956,391.0,5.0,1,0.0,5.0,0.0,0.0,0.0,0.25,0.0,4.31049,5.0
TEST_combined_incident_heavy_29105,cluster_13546492148_1838721956,396.0,5.0,1,0.0,5.0,5.0,0.0,0.0,0.25,0.0,4.31049,5.0
TEST_combined_incident_heavy_29105,cluster_13546492148_1838721956,401.0,5.0,1,0.0,5.0,5.0,5.0,0.0,0.25,0.0,4.31049,5.0
TEST_combined_incident_heavy_29105,cluster_13546492148_1838721956,406.0,0.0,0,0.0,5.0,5.0,5.0,5.0,-0.25,0.0,5.3519025,0.0
TEST_combined_incident_heavy_29105,cluster_13546492148_1838721956,411.0,0.0,0,0.0,0.0,5.0,5.0,5.0,-0.25,0.0,6.3771977,0.0
TEST_combined_incident_heavy_29105,cluster_13546492148_1838721956,416.0,0.0,0,0.0,0.0,0.0,5.0,5.0,-0.25,5.0,6.3771977,0.0
TEST_combined_incident_heavy_29105,cluster_13546492148_1838721956,421.0,0.0,0,0.0,0.0,0.0,0.0,5.0,-0.25,5.0,6.3771977,0.0
TEST_combined_incident_heavy_29105,cluster_13546492148_1838721956,426.0,0.0,0,0.0,0.0,0.0,0.0,0.0,0.0,5.0,1.363607,0.0
TEST_combined_incident_heavy_29105,cluster_13546492148_1838721956,431.0,0.0,0,0.0,0.0,0.0,0.0,0.0,0.0,5.0,1.363607,0.0
TEST_combined_incident_heavy_29105,cluster_13546492148_1838721956,436.0,0.0,1,26.16220010881342,0.0,0.0,0.0,0.0,0.0,0.0,12.17676,0.0
TEST_combined_incident_heavy_29105,cluster_13546492148_1838721956,441.0,5.0,1,0.0010233872859153,0.0,0.0,0.0,0.0,0.25,5.0,4.831453,5.0
TEST_combined_incident_heavy_29105,cluster_13546492148_1838721956,446.0,5.0,1,0.0,5.0,0.0,0.0,0.0,0.25,5.0,4.31049,5.0
TEST_combined_incident_heavy_29105,cluster_13546492148_1838721956,451.0,0.0,1,2.9988359365146606,5.0,5.0,0.0,0.0,0.0,5.0,4.179467,0.0
TEST_combined_incident_heavy_29105,cluster_13546492148_1838721956,456.0,0.0,0,0.0,0.0,5.0,5.0,0.0,0.0,5.0,1.363607,0.0
TEST_combined_incident_heavy_29105,cluster_13546492148_1838721956,461.0,0.0,0,0.0,0.0,0.0,5.0,5.0,-0.25,5.0,6.3771977,0.0
TEST_combined_incident_heavy_29105,cluster_13546492148_1838721956,466.0,0.0,0,0.0,0.0,0.0,0.0,5.0,-0.25,5.0,6.3771977,0.0
TEST_combined_incident_heavy_29105,cluster_13546492148_1838721956,471.0,0.0,0,0.0,0.0,0.0,0.0,0.0,0.0,5.0,1.363607,0.0
TEST_combined_incident_heavy_29105,cluster_13546492148_1838721956,476.0,5.0,1,0.1258985519671682,0.0,0.0,0.0,0.0,0.25,5.0,5.4441495,5.0
TEST_combined_incident_heavy_29105,cluster_13546492148_1838721956,481.0,5.0,1,0.0,5.0,0.0,0.0,0.0,0.25,0.0,4.31049,5.0
TEST_combined_incident_heavy_29105,cluster_13546492148_1838721956,486.0,5.0,1,0.0,5.0,5.0,0.0,0.0,0.25,0.0,4.31049,5.0
TEST_combined_incident_heavy_29105,cluster_13546492148_1838721956,491.0,5.0,1,0.0,5.0,5.0,5.0,0.0,0.25,0.0,4.31049,5.0
TEST_combined_incident_heavy_29105,cluster_13546492148_1838721956,496.0,0.0,0,0.0,5.0,5.0,5.0,5.0,-0.25,0.0,5.3519025,0.0
TEST_combined_incident_heavy_29105,cluster_13546492148_1838721956,501.0,5.0,1,0.1798225438077596,0.0,5.0,5.0,5.0,0.0,0.0,6.772884,5.0
TEST_combined_incident_heavy_29105,cluster_13546492148_1838721956,506.0,5.0,1,0.0,5.0,0.0,5.0,5.0,0.0,0.0,5.867684,5.0
TEST_combined_incident_heavy_29105,cluster_13546492148_1838721956,511.0,5.0,1,0.0,5.0,5.0,0.0,5.0,0.0,0.0,5.867684,5.0
TEST_combined_incident_heavy_29105,cluster_13546492148_1838721956,516.0,5.0,1,0.0,5.0,5.0,5.0,0.0,0.25,5.0,4.31049,5.0
TEST_combined_incident_heavy_29105,cluster_13546492148_1838721956,521.0,5.0,1,0.0,5.0,5.0,5.0,5.0,0.0,5.0,5.867684,5.0
TEST_combined_incident_heavy_29105,cluster_13546492148_1838721956,526.0,5.0,1,0.0,5.0,5.0,5.0,5.0,0.0,0.0,5.867684,5.0
TEST_combined_incident_heavy_29105,cluster_13546492148_1838721956,531.0,5.0,1,0.0,5.0,5.0,5.0,5.0,0.0,0.0,5.867684,5.0
TEST_combined_incident_heavy_29105,cluster_13546492148_1838721956,536.0,5.0,1,0.0,5.0,5.0,5.0,5.0,0.0,0.0,5.867684,5.0
TEST_combined_incident_heavy_29105,cluster_13546492148_1838721956,541.0,0.0,1,2.900485309073701,5.0,5.0,5.0,5.0,-0.25,0.0,7.3038993,0.0
TEST_combined_incident_heavy_29105,cluster_13546492148_1838721956,546.0,0.0,0,0.0,0.0,5.0,5.0,5.0,-0.25,5.0,6.3771977,0.0
TEST_combined_incident_heavy_29105,cluster_13546492148_1838721956,551.0,0.0,0,0.0,0.0,0.0,5.0,5.0,-0.25,5.0,6.3771977,0.0
TEST_combined_incident_heavy_29105,cluster_13546492148_1838721956,556.0,0.0,0,0.0,0.0,0.0,0.0,5.0,-0.25,5.0,6.3771977,0.0
TEST_combined_incident_heavy_29105,cluster_13546492148_1838721956,561.0,0.0,0,0.0,0.0,0.0,0.0,0.0,0.0,5.0,1.363607,0.0
TEST_combined_incident_heavy_29105,cluster_13546492148_1838721956,566.0,0.0,0,0.0,0.0,0.0,0.0,0.0,0.0,10.0,1.363607,0.0
TEST_combined_incident_heavy_29105,cluster_13546492148_1838721956,571.0,0.0,0,0.0,0.0,0.0,0.0,0.0,0.0,0.0,1.363607,0.0
TEST_combined_incident_heavy_29105,cluster_13546492148_1838721956,576.0,5.0,1,0.0171177111784526,0.0,0.0,0.0,0.0,0.25,0.0,5.9832397,5.0
TEST_combined_incident_heavy_29105,cluster_13546492148_1838721956,581.0,5.0,1,0.0,5.0,0.0,0.0,0.0,0.25,0.0,4.31049,5.0
TEST_combined_incident_heavy_29105,cluster_13546492148_1838721956,586.0,0.0,1,3.584063207963481,5.0,5.0,0.0,0.0,0.0,0.0,2.6017947,0.0
TEST_combined_incident_heavy_29105,cluster_13546492148_1838721956,591.0,0.0,0,0.0,0.0,5.0,5.0,0.0,0.0,0.0,1.363607,0.0
TEST_combined_incident_heavy_29105,cluster_13546492148_1838721956,596.0,0.0,0,0.0,0.0,0.0,5.0,5.0,-0.25,5.0,6.3771977,0.0
TEST_combined_incident_heavy_29105,cluster_13546492148_1838721956,601.0,0.0,1,31.318313821658418,0.0,0.0,0.0,5.0,-0.25,5.0,13.708989,0.0
TEST_combined_incident_heavy_29105,cluster_13546492148_1838721956,606.0,5.0,1,0.0004707497520884,0.0,0.0,0.0,0.0,0.25,5.0,4.31049,5.0
TEST_combined_incident_heavy_29105,cluster_13546492148_1838721956,611.0,5.0,1,0.0,5.0,0.0,0.0,0.0,0.25,5.0,4.31049,5.0
TEST_combined_incident_heavy_29105,cluster_13546492148_1838721956,616.0,5.0,1,0.0,5.0,5.0,0.0,0.0,0.25,0.0,4.31049,5.0
TEST_combined_incident_heavy_29105,cluster_13546492148_1838721956,621.0,5.0,2,8.327406175141018,5.0,5.0,5.0,0.0,0.25,0.0,7.8197083,5.0
TEST_combined_incident_heavy_29105,cluster_13546492148_1838721956,626.0,10.0,2,0.0050013553744592,5.0,5.0,5.0,5.0,0.25,0.0,8.69915,10.0
TEST_combined_incident_heavy_29105,cluster_13546492148_1838721956,631.0,0.0,0,0.0,10.0,5.0,5.0,5.0,-0.25,0.0,5.3519025,0.0
TEST_combined_incident_heavy_29105,cluster_13546492148_1838721956,636.0,0.0,0,0.0,0.0,10.0,5.0,5.0,-0.25,0.0,6.3771977,0.0
TEST_combined_incident_heavy_29105,cluster_13546492148_1838721956,641.0,0.0,0,0.0,0.0,0.0,10.0,5.0,-0.25,0.0,6.3771977,0.0
TEST_combined_incident_heavy_29105,cluster_13546492148_1838721956,646.0,0.0,0,0.0,0.0,0.0,0.0,10.0,-0.5,0.0,6.4594674,0.0
TEST_combined_incident_heavy_29105,cluster_13546492148_1838721956,651.0,0.0,0,0.0,0.0,0.0,0.0,0.0,0.0,0.0,1.363607,0.0
TEST_combined_incident_heavy_29105,cluster_13546492148_1838721956,656.0,5.0,1,0.0078032980600026,0.0,0.0,0.0,0.0,0.25,0.0,5.9832397,5.0
TEST_combined_incident_heavy_29105,cluster_13546492148_1838721956,661.0,5.0,1,0.0,5.0,0.0,0.0,0.0,0.25,0.0,4.31049,5.0
TEST_combined_incident_heavy_29105,cluster_13546492148_1838721956,666.0,5.0,1,0.0,5.0,5.0,0.0,0.0,0.25,0.0,4.31049,5.0
TEST_combined_incident_heavy_29105,cluster_13546492148_1838721956,671.0,5.0,1,0.0,5.0,5.0,5.0,0.0,0.25,0.0,4.31049,5.0
TEST_combined_incident_heavy_29105,cluster_13546492148_1838721956,676.0,0.0,0,0.0,5.0,5.0,5.0,5.0,-0.25,0.0,5.3519025,0.0
TEST_combined_incident_heavy_29105,cluster_13546492148_1838721956,681.0,0.0,0,0.0,0.0,5.0,5.0,5.0,-0.25,0.0,6.3771977,0.0
TEST_combined_incident_heavy_29105,cluster_13546492148_1838721956,686.0,0.0,0,0.0,0.0,0.0,5.0,5.0,-0.25,0.0,6.3771977,0.0
TEST_combined_incident_heavy_29105,cluster_13546492148_1838721956,691.0,0.0,0,0.0,0.0,0.0,0.0,5.0,-0.25,0.0,6.3771977,0.0
TEST_combined_incident_heavy_29105,cluster_13546492148_1838721956,696.0,0.0,0,0.0,0.0,0.0,0.0,0.0,0.0,0.0,1.363607,0.0
TEST_combined_incident_heavy_29105,cluster_13546492148_1838721956,701.0,0.0,0,0.0,0.0,0.0,0.0,0.0,0.0,0.0,1.363607,0.0
TEST_combined_incident_heavy_29105,cluster_13546492148_1838721956,706.0,0.0,0,0.0,0.0,0.0,0.0,0.0,0.0,0.0,1.363607,0.0
TEST_combined_incident_heavy_29105,cluster_13546492148_1838721956,711.0,0.0,0,0.0,0.0,0.0,0.0,0.0,0.0,0.0,1.363607,0.0
TEST_combined_incident_heavy_29105,cluster_13546492148_1838721956,716.0,0.0,0,0.0,0.0,0.0,0.0,0.0,0.0,0.0,1.363607,0.0
TEST_combined_incident_heavy_29105,cluster_13546492148_1838721956,721.0,0.0,0,0.0,0.0,0.0,0.0,0.0,0.0,0.0,1.363607,0.0
TEST_combined_incident_heavy_29105,cluster_13546492148_1838721956,726.0,0.0,0,0.0,0.0,0.0,0.0,0.0,0.0,0.0,1.363607,0.0
TEST_combined_incident_heavy_29105,cluster_13546492148_1838721956,731.0,0.0,0,0.0,0.0,0.0,0.0,0.0,0.0,0.0,1.363607,0.0
TEST_combined_incident_heavy_29105,cluster_13546492148_1838721956,736.0,0.0,0,0.0,0.0,0.0,0.0,0.0,0.0,5.0,1.363607,0.0
TEST_combined_incident_heavy_29105,cluster_2061304035_245647208,16.0,0.0,0,0.0,0.0,0.0,0.0,0.0,0.0,0.0,1.363607,0.0
TEST_combined_incident_heavy_29105,cluster_2061304035_245647208,21.0,0.0,0,0.0,0.0,0.0,0.0,0.0,0.0,0.0,1.363607,0.0
TEST_combined_incident_heavy_29105,cluster_2061304035_245647208,26.0,0.0,0,0.0,0.0,0.0,0.0,0.0,0.0,0.0,1.363607,0.0
TEST_combined_incident_heavy_29105,cluster_2061304035_245647208,31.0,0.0,0,0.0,0.0,0.0,0.0,0.0,0.0,0.0,1.363607,0.0
TEST_combined_incident_heavy_29105,cluster_2061304035_245647208,36.0,0.0,0,0.0,0.0,0.0,0.0,0.0,0.0,0.0,1.363607,0.0
TEST_combined_incident_heavy_29105,cluster_2061304035_245647208,41.0,0.0,0,0.0,0.0,0.0,0.0,0.0,0.0,0.0,1.363607,0.0
TEST_combined_incident_heavy_29105,cluster_2061304035_245647208,46.0,0.0,0,0.0,0.0,0.0,0.0,0.0,0.0,0.0,1.363607,0.0
TEST_combined_incident_heavy_29105,cluster_2061304035_245647208,51.0,0.0,0,0.0,0.0,0.0,0.0,0.0,0.0,0.0,1.363607,0.0
TEST_combined_incident_heavy_29105,cluster_2061304035_245647208,56.0,0.0,0,0.0,0.0,0.0,0.0,0.0,0.0,0.0,1.363607,0.0
TEST_combined_incident_heavy_29105,cluster_2061304035_245647208,61.0,0.0,0,0.0,0.0,0.0,0.0,0.0,0.0,0.0,1.363607,0.0
TEST_combined_incident_heavy_29105,cluster_2061304035_245647208,66.0,0.0,0,0.0,0.0,0.0,0.0,0.0,0.0,0.0,1.363607,0.0
TEST_combined_incident_heavy_29105,cluster_2061304035_245647208,71.0,0.0,0,0.0,0.0,0.0,0.0,0.0,0.0,0.0,1.363607,0.0
TEST_combined_incident_heavy_29105,cluster_2061304035_245647208,76.0,0.0,0,0.0,0.0,0.0,0.0,0.0,0.0,0.0,1.363607,0.0
TEST_combined_incident_heavy_29105,cluster_2061304035_245647208,81.0,0.0,0,0.0,0.0,0.0,0.0,0.0,0.0,0.0,1.363607,0.0
TEST_combined_incident_heavy_29105,cluster_2061304035_245647208,86.0,0.0,0,0.0,0.0,0.0,0.0,0.0,0.0,0.0,1.363607,0.0
TEST_combined_incident_heavy_29105,cluster_2061304035_245647208,91.0,0.0,0,0.0,0.0,0.0,0.0,0.0,0.0,0.0,1.363607,0.0
TEST_combined_incident_heavy_29105,cluster_2061304035_245647208,96.0,0.0,0,0.0,0.0,0.0,0.0,0.0,0.0,0.0,1.363607,0.0
TEST_combined_incident_heavy_29105,cluster_2061304035_245647208,101.0,0.0,0,0.0,0.0,0.0,0.0,0.0,0.0,0.0,1.363607,0.0
TEST_combined_incident_heavy_29105,cluster_2061304035_245647208,106.0,0.0,0,0.0,0.0,0.0,0.0,0.0,0.0,0.0,1.363607,0.0
TEST_combined_incident_heavy_29105,cluster_2061304035_245647208,111.0,0.0,0,0.0,0.0,0.0,0.0,0.0,0.0,0.0,1.363607,0.0
TEST_combined_incident_heavy_29105,cluster_2061304035_245647208,116.0,0.0,0,0.0,0.0,0.0,0.0,0.0,0.0,0.0,1.363607,0.0
TEST_combined_incident_heavy_29105,cluster_2061304035_245647208,121.0,0.0,0,0.0,0.0,0.0,0.0,0.0,0.0,0.0,1.363607,0.0
TEST_combined_incident_heavy_29105,cluster_2061304035_245647208,126.0,0.0,0,0.0,0.0,0.0,0.0,0.0,0.0,0.0,1.363607,0.0
TEST_combined_incident_heavy_29105,cluster_2061304035_245647208,131.0,0.0,0,0.0,0.0,0.0,0.0,0.0,0.0,0.0,1.363607,0.0
TEST_combined_incident_heavy_29105,cluster_2061304035_245647208,136.0,0.0,0,0.0,0.0,0.0,0.0,0.0,0.0,0.0,1.363607,0.0
TEST_combined_incident_heavy_29105,cluster_2061304035_245647208,141.0,0.0,0,0.0,0.0,0.0,0.0,0.0,0.0,0.0,1.363607,0.0
TEST_combined_incident_heavy_29105,cluster_2061304035_245647208,146.0,0.0,0,0.0,0.0,0.0,0.0,0.0,0.0,0.0,1.363607,0.0
TEST_combined_incident_heavy_29105,cluster_2061304035_245647208,151.0,0.0,0,0.0,0.0,0.0,0.0,0.0,0.0,5.0,1.363607,0.0
TEST_combined_incident_heavy_29105,cluster_2061304035_245647208,156.0,0.0,0,0.0,0.0,0.0,0.0,0.0,0.0,5.0,1.363607,0.0
TEST_combined_incident_heavy_29105,cluster_2061304035_245647208,161.0,0.0,0,0.0,0.0,0.0,0.0,0.0,0.0,5.0,1.363607,0.0
TEST_combined_incident_heavy_29105,cluster_2061304035_245647208,166.0,0.0,1,28.299335929216824,0.0,0.0,0.0,0.0,0.0,5.0,21.360447,0.0
TEST_combined_incident_heavy_29105,cluster_2061304035_245647208,171.0,0.0,0,0.0,0.0,0.0,0.0,0.0,0.0,5.0,1.363607,0.0
TEST_combined_incident_heavy_29105,cluster_2061304035_245647208,176.0,0.0,0,0.0,0.0,0.0,0.0,0.0,0.0,0.0,1.363607,0.0
TEST_combined_incident_heavy_29105,cluster_2061304035_245647208,181.0,0.0,0,0.0,0.0,0.0,0.0,0.0,0.0,0.0,1.363607,0.0
TEST_combined_incident_heavy_29105,cluster_2061304035_245647208,186.0,0.0,0,0.0,0.0,0.0,0.0,0.0,0.0,0.0,1.363607,0.0
TEST_combined_incident_heavy_29105,cluster_2061304035_245647208,191.0,0.0,0,0.0,0.0,0.0,0.0,0.0,0.0,0.0,1.363607,0.0
TEST_combined_incident_heavy_29105,cluster_2061304035_245647208,196.0,0.0,0,0.0,0.0,0.0,0.0,0.0,0.0,0.0,1.363607,0.0
TEST_combined_incident_heavy_29105,cluster_2061304035_245647208,201.0,0.0,0,0.0,0.0,0.0,0.0,0.0,0.0,0.0,1.363607,0.0
TEST_combined_incident_heavy_29105,cluster_2061304035_245647208,206.0,0.0,1,11.99207081065157,0.0,0.0,0.0,0.0,0.0,0.0,6.127261,0.0
TEST_combined_incident_heavy_29105,cluster_2061304035_245647208,211.0,5.0,1,0.0,0.0,0.0,0.0,0.0,0.25,0.0,4.31049,5.0
TEST_combined_incident_heavy_29105,cluster_2061304035_245647208,216.0,5.0,1,0.0,5.0,0.0,0.0,0.0,0.25,0.0,4.31049,5.0
TEST_combined_incident_heavy_29105,cluster_2061304035_245647208,221.0,5.0,2,5.816174026753681,5.0,5.0,0.0,0.0,0.25,0.0,6.1729155,5.0
TEST_combined_incident_heavy_29105,cluster_2061304035_245647208,226.0,5.0,2,1.4633908271125968,5.0,5.0,5.0,0.0,0.25,0.0,5.1907144,5.0
TEST_combined_incident_heavy_29105,cluster_2061304035_245647208,231.0,5.0,1,0.0,5.0,5.0,5.0,5.0,0.0,0.0,5.867684,5.0
TEST_combined_incident_heavy_29105,cluster_2061304035_245647208,236.0,0.0,0,0.0,5.0,5.0,5.0,5.0,-0.25,5.0,5.3519025,0.0
TEST_combined_incident_heavy_29105,cluster_2061304035_245647208,241.0,0.0,1,36.51672436914646,0.0,5.0,5.0,5.0,-0.25,5.0,11.663331,0.0
TEST_combined_incident_heavy_29105,cluster_2061304035_245647208,246.0,0.0,0,0.0,0.0,0.0,5.0,5.0,-0.25,5.0,6.3771977,0.0
TEST_combined_incident_heavy_29105,cluster_2061304035_245647208,251.0,0.0,1,40.425056905813726,0.0,0.0,0.0,5.0,-0.25,5.0,11.801387,0.0
TEST_combined_incident_heavy_29105,cluster_2061304035_245647208,256.0,0.0,0,0.0,0.0,0.0,0.0,0.0,0.0,0.0,1.363607,0.0
TEST_combined_incident_heavy_29105,cluster_2061304035_245647208,261.0,0.0,0,0.0,0.0,0.0,0.0,0.0,0.0,0.0,1.363607,0.0
TEST_combined_incident_heavy_29105,cluster_2061304035_245647208,266.0,0.0,0,0.0,0.0,0.0,0.0,0.0,0.0,0.0,1.363607,0.0
TEST_combined_incident_heavy_29105,cluster_2061304035_245647208,271.0,0.0,0,0.0,0.0,0.0,0.0,0.0,0.0,0.0,1.363607,0.0
TEST_combined_incident_heavy_29105,cluster_2061304035_245647208,276.0,0.0,0,0.0,0.0,0.0,0.0,0.0,0.0,0.0,1.363607,0.0
TEST_combined_incident_heavy_29105,cluster_2061304035_245647208,281.0,0.0,0,0.0,0.0,0.0,0.0,0.0,0.0,0.0,1.363607,0.0
TEST_combined_incident_heavy_29105,cluster_2061304035_245647208,286.0,0.0,1,33.13307700594605,0.0,0.0,0.0,0.0,0.0,0.0,13.994936,0.0
TEST_combined_incident_heavy_29105,cluster_2061304035_245647208,291.0,0.0,1,14.785449043072012,0.0,0.0,0.0,0.0,0.0,0.0,6.049996,0.0
TEST_combined_incident_heavy_29105,cluster_2061304035_245647208,296.0,5.0,1,0.0,0.0,0.0,0.0,0.0,0.25,0.0,4.31049,5.0
TEST_combined_incident_heavy_29105,cluster_2061304035_245647208,301.0,5.0,1,0.0,5.0,0.0,0.0,0.0,0.25,0.0,4.31049,5.0
TEST_combined_incident_heavy_29105,cluster_2061304035_245647208,306.0,5.0,1,0.0,5.0,5.0,0.0,0.0,0.25,0.0,4.31049,5.0
TEST_combined_incident_heavy_29105,cluster_2061304035_245647208,311.0,5.0,1,0.0,5.0,5.0,5.0,0.0,0.25,0.0,4.31049,5.0
TEST_combined_incident_heavy_29105,cluster_2061304035_245647208,316.0,0.0,1,3.3891127415467053,5.0,5.0,5.0,5.0,-0.25,0.0,5.726226,0.0
TEST_combined_incident_heavy_29105,cluster_2061304035_245647208,321.0,0.0,0,0.0,0.0,5.0,5.0,5.0,-0.25,0.0,6.3771977,0.0
TEST_combined_incident_heavy_29105,cluster_2061304035_245647208,326.0,0.0,0,0.0,0.0,0.0,5.0,5.0,-0.25,0.0,6.3771977,0.0
TEST_combined_incident_heavy_29105,cluster_2061304035_245647208,331.0,0.0,1,41.33561067921132,0.0,0.0,0.0,5.0,-0.25,0.0,11.801387,0.0
TEST_combined_incident_heavy_29105,cluster_2061304035_245647208,336.0,0.0,0,0.0,0.0,0.0,0.0,0.0,0.0,0.0,1.363607,0.0
TEST_combined_incident_heavy_29105,cluster_2061304035_245647208,341.0,0.0,2,45.184086232511895,0.0,0.0,0.0,0.0,0.0,0.0,14.093554,0.0
TEST_combined_incident_heavy_29105,cluster_2061304035_245647208,346.0,0.0,1,79.6105598001837,0.0,0.0,0.0,0.0,0.0,0.0,9.950874,0.0
TEST_combined_incident_heavy_29105,cluster_2061304035_245647208,351.0,0.0,0,0.0,0.0,0.0,0.0,0.0,0.0,0.0,1.363607,0.0
TEST_combined_incident_heavy_29105,cluster_2061304035_245647208,356.0,0.0,0,0.0,0.0,0.0,0.0,0.0,0.0,0.0,1.363607,0.0
TEST_combined_incident_heavy_29105,cluster_2061304035_245647208,361.0,0.0,0,0.0,0.0,0.0,0.0,0.0,0.0,0.0,1.363607,0.0
TEST_combined_incident_heavy_29105,cluster_2061304035_245647208,366.0,0.0,0,0.0,0.0,0.0,0.0,0.0,0.0,0.0,1.363607,0.0
TEST_combined_incident_heavy_29105,cluster_2061304035_245647208,371.0,0.0,0,0.0,0.0,0.0,0.0,0.0,0.0,0.0,1.363607,0.0
TEST_combined_incident_heavy_29105,cluster_2061304035_245647208,376.0,0.0,1,51.74124015157626,0.0,0.0,0.0,0.0,0.0,0.0,15.340861,0.0
TEST_combined_incident_heavy_29105,cluster_2061304035_245647208,381.0,0.0,0,0.0,0.0,0.0,0.0,0.0,0.0,0.0,1.363607,0.0
TEST_combined_incident_heavy_29105,cluster_2061304035_245647208,386.0,0.0,2,47.014902856204806,0.0,0.0,0.0,0.0,0.0,0.0,14.093554,0.0
TEST_combined_incident_heavy_29105,cluster_2061304035_245647208,391.0,0.0,1,15.736152367410735,0.0,0.0,0.0,0.0,0.0,0.0,6.049996,0.0
TEST_combined_incident_heavy_29105,cluster_2061304035_245647208,396.0,0.0,0,0.0,0.0,0.0,0.0,0.0,0.0,0.0,1.363607,0.0
TEST_combined_incident_heavy_29105,cluster_2061304035_245647208,401.0,0.0,0,0.0,0.0,0.0,0.0,0.0,0.0,0.0,1.363607,0.0
TEST_combined_incident_heavy_29105,cluster_2061304035_245647208,406.0,0.0,0,0.0,0.0,0.0,0.0,0.0,0.0,0.0,1.363607,0.0
TEST_combined_incident_heavy_29105,cluster_2061304035_245647208,411.0,0.0,1,24.13462218741887,0.0,0.0,0.0,0.0,0.0,0.0,6.55333,0.0
TEST_combined_incident_heavy_29105,cluster_2061304035_245647208,416.0,0.0,0,0.0,0.0,0.0,0.0,0.0,0.0,0.0,1.363607,0.0
TEST_combined_incident_heavy_29105,cluster_2061304035_245647208,421.0,0.0,0,0.0,0.0,0.0,0.0,0.0,0.0,5.0,1.363607,0.0
TEST_combined_incident_heavy_29105,cluster_2061304035_245647208,426.0,0.0,0,0.0,0.0,0.0,0.0,0.0,0.0,5.0,1.363607,0.0
TEST_combined_incident_heavy_29105,cluster_2061304035_245647208,431.0,0.0,0,0.0,0.0,0.0,0.0,0.0,0.0,5.0,1.363607,0.0
TEST_combined_incident_heavy_29105,cluster_2061304035_245647208,436.0,0.0,1,67.08271282122163,0.0,0.0,0.0,0.0,0.0,0.0,3.3101542,0.0
TEST_combined_incident_heavy_29105,cluster_2061304035_245647208,441.0,0.0,0,0.0,0.0,0.0,0.0,0.0,0.0,0.0,1.363607,0.0
TEST_combined_incident_heavy_29105,cluster_2061304035_245647208,446.0,0.0,0,0.0,0.0,0.0,0.0,0.0,0.0,0.0,1.363607,0.0
TEST_combined_incident_heavy_29105,cluster_2061304035_245647208,451.0,0.0,0,0.0,0.0,0.0,0.0,0.0,0.0,0.0,1.363607,0.0
TEST_combined_incident_heavy_29105,cluster_2061304035_245647208,456.0,0.0,0,0.0,0.0,0.0,0.0,0.0,0.0,0.0,1.363607,0.0
TEST_combined_incident_heavy_29105,cluster_2061304035_245647208,461.0,0.0,0,0.0,0.0,0.0,0.0,0.0,0.0,0.0,1.363607,0.0
TEST_combined_incident_heavy_29105,cluster_2061304035_245647208,466.0,0.0,0,0.0,0.0,0.0,0.0,0.0,0.0,0.0,1.363607,0.0
TEST_combined_incident_heavy_29105,cluster_2061304035_245647208,471.0,0.0,0,0.0,0.0,0.0,0.0,0.0,0.0,0.0,1.363607,0.0
TEST_combined_incident_heavy_29105,cluster_2061304035_245647208,476.0,0.0,1,20.67599699469664,0.0,0.0,0.0,0.0,0.0,0.0,8.547714,0.0
TEST_combined_incident_heavy_29105,cluster_2061304035_245647208,481.0,5.0,1,0.00080313822819,0.0,0.0,0.0,0.0,0.25,0.0,4.831453,5.0
TEST_combined_incident_heavy_29105,cluster_2061304035_245647208,486.0,5.0,1,0.0,5.0,0.0,0.0,0.0,0.25,0.0,4.31049,5.0
TEST_combined_incident_heavy_29105,cluster_2061304035_245647208,491.0,5.0,1,0.0,5.0,5.0,0.0,0.0,0.25,0.0,4.31049,5.0
TEST_combined_incident_heavy_29105,cluster_2061304035_245647208,496.0,0.0,1,2.455576377315446,5.0,5.0,5.0,0.0,0.0,0.0,4.8959374,0.0
TEST_combined_incident_heavy_29105,cluster_2061304035_245647208,501.0,0.0,0,0.0,0.0,5.0,5.0,5.0,-0.25,0.0,6.3771977,0.0
TEST_combined_incident_heavy_29105,cluster_2061304035_245647208,506.0,0.0,0,0.0,0.0,0.0,5.0,5.0,-0.25,5.0,6.3771977,0.0
TEST_combined_incident_heavy_29105,cluster_2061304035_245647208,511.0,0.0,0,0.0,0.0,0.0,0.0,5.0,-0.25,5.0,6.3771977,0.0
TEST_combined_incident_heavy_29105,cluster_2061304035_245647208,516.0,0.0,0,0.0,0.0,0.0,0.0,0.0,0.0,5.0,1.363607,0.0
TEST_combined_incident_heavy_29105,cluster_2061304035_245647208,521.0,0.0,0,0.0,0.0,0.0,0.0,0.0,0.0,5.0,1.363607,0.0
TEST_combined_incident_heavy_29105,cluster_2061304035_245647208,526.0,0.0,1,29.726396882476603,0.0,0.0,0.0,0.0,0.0,0.0,11.14429,0.0
TEST_combined_incident_heavy_29105,cluster_2061304035_245647208,531.0,0.0,0,0.0,0.0,0.0,0.0,0.0,0.0,0.0,1.363607,0.0
TEST_combined_incident_heavy_29105,cluster_2061304035_245647208,536.0,0.0,0,0.0,0.0,0.0,0.0,0.0,0.0,0.0,1.363607,0.0
TEST_combined_incident_heavy_29105,cluster_2061304035_245647208,541.0,0.0,0,0.0,0.0,0.0,0.0,0.0,0.0,0.0,1.363607,0.0
TEST_combined_incident_heavy_29105,cluster_2061304035_245647208,546.0,0.0,0,0.0,0.0,0.0,0.0,0.0,0.0,0.0,1.363607,0.0
TEST_combined_incident_heavy_29105,cluster_2061304035_245647208,551.0,0.0,0,0.0,0.0,0.0,0.0,0.0,0.0,0.0,1.363607,0.0
TEST_combined_incident_heavy_29105,cluster_2061304035_245647208,556.0,0.0,0,0.0,0.0,0.0,0.0,0.0,0.0,0.0,1.363607,0.0
TEST_combined_incident_heavy_29105,cluster_2061304035_245647208,561.0,0.0,1,0.8223100928224691,0.0,0.0,0.0,0.0,0.0,0.0,3.622648,0.0
TEST_combined_incident_heavy_29105,cluster_2061304035_245647208,566.0,5.0,2,16.011379429981538,0.0,0.0,0.0,0.0,0.25,0.0,5.087813,5.0
TEST_combined_incident_heavy_29105,cluster_2061304035_245647208,571.0,5.0,2,26.92781618332956,5.0,0.0,0.0,0.0,0.25,0.0,6.2042665,5.0
TEST_combined_incident_heavy_29105,cluster_2061304035_245647208,576.0,5.0,1,0.0,5.0,5.0,0.0,0.0,0.25,0.0,4.31049,5.0
TEST_combined_incident_heavy_29105,cluster_2061304035_245647208,581.0,5.0,1,0.0,5.0,5.0,5.0,0.0,0.25,0.0,4.31049,5.0
TEST_combined_incident_heavy_29105,cluster_2061304035_245647208,586.0,0.0,0,0.0,5.0,5.0,5.0,5.0,-0.25,0.0,5.3519025,0.0
TEST_combined_incident_heavy_29105,cluster_2061304035_245647208,591.0,0.0,0,0.0,0.0,5.0,5.0,5.0,-0.25,5.0,6.3771977,0.0
TEST_combined_incident_heavy_29105,cluster_2061304035_245647208,596.0,0.0,0,0.0,0.0,0.0,5.0,5.0,-0.25,5.0,6.3771977,0.0
TEST_combined_incident_heavy_29105,cluster_2061304035_245647208,601.0,0.0,0,0.0,0.0,0.0,0.0,5.0,-0.25,5.0,6.3771977,0.0
TEST_combined_incident_heavy_29105,cluster_2061304035_245647208,606.0,0.0,0,0.0,0.0,0.0,0.0,0.0,0.0,5.0,1.363607,0.0
TEST_combined_incident_heavy_29105,cluster_2061304035_245647208,611.0,0.0,0,0.0,0.0,0.0,0.0,0.0,0.0,5.0,1.363607,0.0
TEST_combined_incident_heavy_29105,cluster_2061304035_245647208,616.0,0.0,0,0.0,0.0,0.0,0.0,0.0,0.0,0.0,1.363607,0.0
TEST_combined_incident_heavy_29105,cluster_2061304035_245647208,621.0,0.0,0,0.0,0.0,0.0,0.0,0.0,0.0,0.0,1.363607,0.0
TEST_combined_incident_heavy_29105,cluster_2061304035_245647208,626.0,0.0,0,0.0,0.0,0.0,0.0,0.0,0.0,0.0,1.363607,0.0
TEST_combined_incident_heavy_29105,cluster_2061304035_245647208,631.0,0.0,0,0.0,0.0,0.0,0.0,0.0,0.0,0.0,1.363607,0.0
TEST_combined_incident_heavy_29105,cluster_2061304035_245647208,636.0,0.0,1,25.695723160770136,0.0,0.0,0.0,0.0,0.0,0.0,12.17676,0.0
TEST_combined_incident_heavy_29105,cluster_2061304035_245647208,641.0,0.0,0,0.0,0.0,0.0,0.0,0.0,0.0,0.0,1.363607,0.0
TEST_combined_incident_heavy_29105,cluster_2061304035_245647208,646.0,0.0,2,34.1993404403322,0.0,0.0,0.0,0.0,0.0,0.0,8.426211,0.0
TEST_combined_incident_heavy_29105,cluster_2061304035_245647208,651.0,5.0,1,0.1147911394316281,0.0,0.0,0.0,0.0,0.25,0.0,5.4441495,5.0
TEST_combined_incident_heavy_29105,cluster_2061304035_245647208,656.0,5.0,1,0.0,5.0,0.0,0.0,0.0,0.25,0.0,4.31049,5.0
TEST_combined_incident_heavy_29105,cluster_2061304035_245647208,661.0,5.0,1,0.0,5.0,5.0,0.0,0.0,0.25,0.0,4.31049,5.0
TEST_combined_incident_heavy_29105,cluster_2061304035_245647208,666.0,5.0,1,0.0,5.0,5.0,5.0,0.0,0.25,0.0,4.31049,5.0
TEST_combined_incident_heavy_29105,cluster_2061304035_245647208,671.0,5.0,1,0.0,5.0,5.0,5.0,5.0,0.0,0.0,5.867684,5.0
TEST_combined_incident_heavy_29105,cluster_2061304035_245647208,676.0,0.0,0,0.0,5.0,5.0,5.0,5.0,-0.25,0.0,5.3519025,0.0
TEST_combined_incident_heavy_29105,cluster_2061304035_245647208,681.0,0.0,0,0.0,0.0,5.0,5.0,5.0,-0.25,0.0,6.3771977,0.0
TEST_combined_incident_heavy_29105,cluster_2061304035_245647208,686.0,0.0,0,0.0,0.0,0.0,5.0,5.0,-0.25,0.0,6.3771977,0.0
TEST_combined_incident_heavy_29105,cluster_2061304035_245647208,691.0,0.0,2,45.39763710563879,0.0,0.0,0.0,5.0,-0.25,0.0,17.572279,0.0
TEST_combined_incident_heavy_29105,cluster_2061304035_245647208,696.0,0.0,0,0.0,0.0,0.0,0.0,0.0,0.0,0.0,1.363607,0.0
TEST_combined_incident_heavy_29105,cluster_2061304035_245647208,701.0,0.0,0,0.0,0.0,0.0,0.0,0.0,0.0,0.0,1.363607,0.0
TEST_combined_incident_heavy_29105,cluster_2061304035_245647208,706.0,0.0,0,0.0,0.0,0.0,0.0,0.0,0.0,0.0,1.363607,0.0
TEST_combined_incident_heavy_29105,cluster_2061304035_245647208,711.0,0.0,0,0.0,0.0,0.0,0.0,0.0,0.0,0.0,1.363607,0.0
TEST_combined_incident_heavy_29105,cluster_2061304035_245647208,716.0,0.0,0,0.0,0.0,0.0,0.0,0.0,0.0,0.0,1.363607,0.0
TEST_combined_incident_heavy_29105,cluster_2061304035_245647208,721.0,0.0,0,0.0,0.0,0.0,0.0,0.0,0.0,0.0,1.363607,0.0
TEST_combined_incident_heavy_29105,cluster_2061304035_245647208,726.0,0.0,0,0.0,0.0,0.0,0.0,0.0,0.0,0.0,1.363607,0.0
TEST_combined_incident_heavy_29105,cluster_2061304035_245647208,731.0,0.0,0,0.0,0.0,0.0,0.0,0.0,0.0,0.0,1.363607,0.0
TEST_combined_incident_heavy_29105,cluster_2061304035_245647208,736.0,0.0,0,0.0,0.0,0.0,0.0,0.0,0.0,0.0,1.363607,0.0
TEST_combined_incident_heavy_29105,cluster_245647168_3238255150_3495323634,16.0,0.0,0,0.0,0.0,0.0,0.0,0.0,0.0,5.0,1.363607,0.0
TEST_combined_incident_heavy_29105,cluster_245647168_3238255150_3495323634,21.0,0.0,0,0.0,0.0,0.0,0.0,0.0,0.0,5.0,1.363607,0.0
TEST_combined_incident_heavy_29105,cluster_245647168_3238255150_3495323634,26.0,0.0,0,0.0,0.0,0.0,0.0,0.0,0.0,5.0,1.363607,0.0
TEST_combined_incident_heavy_29105,cluster_245647168_3238255150_3495323634,31.0,0.0,0,0.0,0.0,0.0,0.0,0.0,0.0,0.0,1.363607,0.0
TEST_combined_incident_heavy_29105,cluster_245647168_3238255150_3495323634,36.0,0.0,0,0.0,0.0,0.0,0.0,0.0,0.0,5.0,1.363607,0.0
TEST_combined_incident_heavy_29105,cluster_245647168_3238255150_3495323634,41.0,0.0,0,0.0,0.0,0.0,0.0,0.0,0.0,5.0,1.363607,0.0
TEST_combined_incident_heavy_29105,cluster_245647168_3238255150_3495323634,46.0,0.0,0,0.0,0.0,0.0,0.0,0.0,0.0,5.0,1.363607,0.0
TEST_combined_incident_heavy_29105,cluster_245647168_3238255150_3495323634,51.0,0.0,1,64.14484083700889,0.0,0.0,0.0,0.0,0.0,5.0,3.3101542,0.0
TEST_combined_incident_heavy_29105,cluster_245647168_3238255150_3495323634,56.0,5.0,1,0.0117909088010764,0.0,0.0,0.0,0.0,0.0,0.0,5.9832397,5.0
TEST_combined_incident_heavy_29105,cluster_245647168_3238255150_3495323634,61.0,5.0,1,0.0,5.0,0.0,0.0,0.0,0.0,0.0,4.31049,5.0
TEST_combined_incident_heavy_29105,cluster_245647168_3238255150_3495323634,66.0,5.0,1,0.0,5.0,5.0,0.0,0.0,0.0,0.0,4.31049,5.0
TEST_combined_incident_heavy_29105,cluster_245647168_3238255150_3495323634,71.0,5.0,1,0.0,5.0,5.0,5.0,0.0,0.0,0.0,4.31049,5.0
TEST_combined_incident_heavy_29105,cluster_245647168_3238255150_3495323634,76.0,5.0,1,0.0,5.0,5.0,5.0,5.0,0.0,0.0,5.867684,5.0
TEST_combined_incident_heavy_29105,cluster_245647168_3238255150_3495323634,81.0,5.0,1,0.0,5.0,5.0,5.0,5.0,0.0,0.0,5.867684,5.0
TEST_combined_incident_heavy_29105,cluster_245647168_3238255150_3495323634,86.0,5.0,1,0.0,5.0,5.0,5.0,5.0,0.0,0.0,5.867684,5.0
TEST_combined_incident_heavy_29105,cluster_245647168_3238255150_3495323634,91.0,0.0,1,30.755459558613104,5.0,5.0,5.0,5.0,0.0,5.0,14.579085,0.0
TEST_combined_incident_heavy_29105,cluster_245647168_3238255150_3495323634,96.0,5.0,1,0.0070281954564913,0.0,5.0,5.0,5.0,0.0,5.0,6.99824,5.0
TEST_combined_incident_heavy_29105,cluster_245647168_3238255150_3495323634,101.0,5.0,1,0.0,5.0,0.0,5.0,5.0,0.0,5.0,5.867684,5.0
TEST_combined_incident_heavy_29105,cluster_245647168_3238255150_3495323634,106.0,5.0,1,0.0,5.0,5.0,0.0,5.0,0.0,5.0,5.867684,5.0
TEST_combined_incident_heavy_29105,cluster_245647168_3238255150_3495323634,111.0,5.0,2,21.01393680955041,5.0,5.0,5.0,0.0,0.25,5.0,17.11859,5.0
TEST_combined_incident_heavy_29105,cluster_245647168_3238255150_3495323634,116.0,0.0,0,0.0,5.0,5.0,5.0,5.0,-0.25,10.0,5.3519025,0.0
TEST_combined_incident_heavy_29105,cluster_245647168_3238255150_3495323634,121.0,0.0,0,0.0,0.0,5.0,5.0,5.0,-0.25,5.0,6.3771977,0.0
TEST_combined_incident_heavy_29105,cluster_245647168_3238255150_3495323634,126.0,0.0,0,0.0,0.0,0.0,5.0,5.0,-0.25,0.0,6.3771977,0.0
TEST_combined_incident_heavy_29105,cluster_245647168_3238255150_3495323634,131.0,0.0,0,0.0,0.0,0.0,0.0,5.0,-0.25,0.0,6.3771977,0.0
TEST_combined_incident_heavy_29105,cluster_245647168_3238255150_3495323634,136.0,0.0,0,0.0,0.0,0.0,0.0,0.0,0.0,0.0,1.363607,0.0
TEST_combined_incident_heavy_29105,cluster_245647168_3238255150_3495323634,141.0,0.0,0,0.0,0.0,0.0,0.0,0.0,0.0,5.0,1.363607,0.0
TEST_combined_incident_heavy_29105,cluster_245647168_3238255150_3495323634,146.0,0.0,1,51.0373281427357,0.0,0.0,0.0,0.0,0.0,5.0,15.340861,0.0
TEST_combined_incident_heavy_29105,cluster_245647168_3238255150_3495323634,151.0,5.0,1,0.0307582263705559,0.0,0.0,0.0,0.0,0.25,10.0,5.4441495,5.0
TEST_combined_incident_heavy_29105,cluster_245647168_3238255150_3495323634,156.0,5.0,1,0.0,5.0,0.0,0.0,0.0,0.25,15.0,4.31049,5.0
TEST_combined_incident_heavy_29105,cluster_245647168_3238255150_3495323634,161.0,5.0,1,0.0,5.0,5.0,0.0,0.0,0.25,20.0,4.31049,5.0
TEST_combined_incident_heavy_29105,cluster_245647168_3238255150_3495323634,166.0,5.0,2,28.995543301125476,5.0,5.0,5.0,0.0,0.25,20.0,34.263966,5.0
TEST_combined_incident_heavy_29105,cluster_245647168_3238255150_3495323634,171.0,5.0,2,0.1828840512635902,5.0,5.0,5.0,5.0,0.0,25.0,6.772884,5.0
TEST_combined_incident_heavy_29105,cluster_245647168_3238255150_3495323634,176.0,10.0,3,11.600389046869662,5.0,5.0,5.0,5.0,0.25,30.0,12.079374,10.0
TEST_combined_incident_heavy_29105,cluster_245647168_3238255150_3495323634,181.0,5.0,2,39.50899495123379,10.0,5.0,5.0,5.0,0.0,30.0,5.725618,5.0
TEST_combined_incident_heavy_29105,cluster_245647168_3238255150_3495323634,186.0,0.0,0,0.0,5.0,10.0,5.0,5.0,-0.25,30.0,5.3519025,0.0
TEST_combined_incident_heavy_29105,cluster_245647168_3238255150_3495323634,191.0,0.0,1,53.65168610312976,0.0,5.0,10.0,5.0,-0.25,25.0,2.1476173,0.0
TEST_combined_incident_heavy_29105,cluster_245647168_3238255150_3495323634,196.0,0.0,3,46.590157846577725,0.0,0.0,5.0,10.0,-0.5,25.0,30.905182,0.0
TEST_combined_incident_heavy_29105,cluster_245647168_3238255150_3495323634,201.0,5.0,2,0.3096954327762022,0.0,0.0,0.0,5.0,0.0,30.0,6.772884,5.0
TEST_combined_incident_heavy_29105,cluster_245647168_3238255150_3495323634,206.0,5.0,3,34.66170157784158,5.0,0.0,0.0,0.0,0.25,30.0,13.123778,5.0
TEST_combined_incident_heavy_29105,cluster_245647168_3238255150_3495323634,211.0,10.0,3,0.3768498898642772,5.0,5.0,0.0,0.0,0.5,25.0,6.2941985,10.0
TEST_combined_incident_heavy_29105,cluster_245647168_3238255150_3495323634,216.0,15.0,4,5.194326116433644,10.0,5.0,5.0,0.0,0.75,10.0,15.21269,15.0
TEST_combined_incident_heavy_29105,cluster_245647168_3238255150_3495323634,221.0,20.0,4,0.0,15.0,10.0,5.0,5.0,0.75,5.0,9.007119,20.0
TEST_combined_incident_heavy_29105,cluster_245647168_3238255150_3495323634,226.0,20.0,5,8.529859172785669,20.0,15.0,10.0,5.0,0.75,5.0,9.9429655,20.0
TEST_combined_incident_heavy_29105,cluster_245647168_3238255150_3495323634,231.0,25.0,6,6.779826387088588,20.0,20.0,15.0,10.0,0.75,5.0,17.834318,25.0
TEST_combined_incident_heavy_29105,cluster_245647168_3238255150_3495323634,236.0,30.0,6,0.0050617890189248,25.0,20.0,20.0,15.0,0.75,0.0,12.307283,30.0
TEST_combined_incident_heavy_29105,cluster_245647168_3238255150_3495323634,241.0,30.0,6,0.0,30.0,25.0,20.0,20.0,0.5,0.0,12.721669,30.0
TEST_combined_incident_heavy_29105,cluster_245647168_3238255150_3495323634,246.0,30.0,6,0.0,30.0,30.0,25.0,20.0,0.5,0.0,13.572623,30.0
TEST_combined_incident_heavy_29105,cluster_245647168_3238255150_3495323634,251.0,25.0,6,11.581672278153375,30.0,30.0,30.0,25.0,0.0,10.0,29.37861,25.0
TEST_combined_incident_heavy_29105,cluster_245647168_3238255150_3495323634,256.0,25.0,8,12.696433200696823,25.0,30.0,30.0,30.0,-0.25,10.0,40.38233,25.0
TEST_combined_incident_heavy_29105,cluster_245647168_3238255150_3495323634,261.0,30.0,8,0.4590171427434014,25.0,25.0,30.0,30.0,0.0,10.0,20.885366,30.0
TEST_combined_incident_heavy_29105,cluster_245647168_3238255150_3495323634,266.0,30.0,9,5.004296370078549,30.0,25.0,25.0,30.0,0.0,15.0,37.023144,30.0
TEST_combined_incident_heavy_29105,cluster_245647168_3238255150_3495323634,271.0,25.0,11,8.736278997721135,30.0,30.0,25.0,25.0,0.0,15.0,33.247562,25.0
TEST_combined_incident_heavy_29105,cluster_245647168_3238255150_3495323634,276.0,10.0,7,8.080580639283452,25.0,30.0,30.0,25.0,-0.75,15.0,47.47105,10.0
TEST_combined_incident_heavy_29105,cluster_245647168_3238255150_3495323634,281.0,5.0,1,0.0,10.0,25.0,30.0,30.0,-1.25,15.0,21.823145,5.0
TEST_combined_incident_heavy_29105,cluster_245647168_3238255150_3495323634,286.0,5.0,1,0.0,5.0,10.0,25.0,30.0,-1.25,15.0,19.452456,5.0
TEST_combined_incident_heavy_29105,cluster_245647168_3238255150_3495323634,291.0,5.0,1,0.0,5.0,5.0,10.0,25.0,-1.0,15.0,24.801516,5.0
TEST_combined_incident_heavy_29105,cluster_245647168_3238255150_3495323634,296.0,0.0,0,0.0,5.0,5.0,5.0,10.0,-0.5,20.0,5.434172,0.0
TEST_combined_incident_heavy_29105,cluster_245647168_3238255150_3495323634,301.0,0.0,1,80.70316343641475,0.0,5.0,5.0,5.0,-0.25,10.0,6.945528,0.0
TEST_combined_incident_heavy_29105,cluster_245647168_3238255150_3495323634,306.0,0.0,2,18.28036962437281,0.0,0.0,5.0,5.0,-0.25,0.0,6.2489047,0.0
TEST_combined_incident_heavy_29105,cluster_245647168_3238255150_3495323634,311.0,10.0,2,0.0110292698815927,0.0,0.0,0.0,5.0,0.25,0.0,7.5129185,10.0
TEST_combined_incident_heavy_29105,cluster_245647168_3238255150_3495323634,316.0,10.0,3,16.37197620433004,10.0,0.0,0.0,0.0,0.5,0.0,10.037096,10.0
TEST_combined_incident_heavy_29105,cluster_245647168_3238255150_3495323634,321.0,10.0,4,14.220140166233309,10.0,10.0,0.0,0.0,0.5,0.0,12.546237,10.0
TEST_combined_incident_heavy_29105,cluster_245647168_3238255150_3495323634,326.0,15.0,3,0.0031268121316828,10.0,10.0,10.0,0.0,0.75,5.0,5.615833,15.0
TEST_combined_incident_heavy_29105,cluster_245647168_3238255150_3495323634,331.0,15.0,3,0.0001624334012165,15.0,10.0,10.0,10.0,0.25,5.0,8.646792,15.0
TEST_combined_incident_heavy_29105,cluster_245647168_3238255150_3495323634,336.0,15.0,3,0.0,15.0,15.0,10.0,10.0,0.25,15.0,9.287345,15.0
TEST_combined_incident_heavy_29105,cluster_245647168_3238255150_3495323634,341.0,15.0,3,0.0,15.0,15.0,15.0,10.0,0.25,25.0,9.287345,15.0
TEST_combined_incident_heavy_29105,cluster_245647168_3238255150_3495323634,346.0,15.0,4,16.97383182241393,15.0,15.0,15.0,15.0,0.0,30.0,18.659441,15.0
TEST_combined_incident_heavy_29105,cluster_245647168_3238255150_3495323634,351.0,15.0,4,0.2911095388188372,15.0,15.0,15.0,15.0,0.0,35.0,11.825343,15.0
TEST_combined_incident_heavy_29105,cluster_245647168_3238255150_3495323634,356.0,20.0,5,6.985537642293658,15.0,15.0,15.0,15.0,0.25,45.0,15.244721,20.0
TEST_combined_incident_heavy_29105,cluster_245647168_3238255150_3495323634,361.0,10.0,6,18.543078298304284,20.0,15.0,15.0,15.0,-0.25,45.0,47.11849,10.0
TEST_combined_incident_heavy_29105,cluster_245647168_3238255150_3495323634,366.0,0.0,4,23.96957128820682,10.0,20.0,15.0,15.0,-0.75,45.0,36.956486,0.0
TEST_combined_incident_heavy_29105,cluster_245647168_3238255150_3495323634,371.0,0.0,0,0.0,0.0,10.0,20.0,15.0,-0.75,45.0,7.8540497,0.0
TEST_combined_incident_heavy_29105,cluster_245647168_3238255150_3495323634,376.0,0.0,1,78.38907833954954,0.0,0.0,10.0,20.0,-1.0,55.0,13.054415,0.0
TEST_combined_incident_heavy_29105,cluster_245647168_3238255150_3495323634,381.0,0.0,1,9.07451650675715,0.0,0.0,0.0,10.0,-0.5,60.0,10.319624,0.0
TEST_combined_incident_heavy_29105,cluster_245647168_3238255150_3495323634,386.0,5.0,4,41.34131714384581,0.0,0.0,0.0,0.0,0.25,60.0,57.600464,5.0
TEST_combined_incident_heavy_29105,cluster_245647168_3238255150_3495323634,391.0,5.0,6,39.716019021244335,5.0,0.0,0.0,0.0,0.25,40.0,77.00365,5.0
TEST_combined_incident_heavy_29105,cluster_245647168_3238255150_3495323634,396.0,15.0,6,15.836791117378691,5.0,5.0,0.0,0.0,0.75,0.0,9.080173,15.0
TEST_combined_incident_heavy_29105,cluster_245647168_3238255150_3495323634,401.0,25.0,6,2.9109238876237944,15.0,5.0,5.0,0.0,1.25,0.0,9.378279,25.0
TEST_combined_incident_heavy_29105,cluster_245647168_3238255150_3495323634,406.0,30.0,9,16.106141998004567,25.0,15.0,5.0,5.0,1.25,5.0,17.735699,30.0
TEST_combined_incident_heavy_29105,cluster_245647168_3238255150_3495323634,411.0,35.0,9,5.997196489133671,30.0,25.0,15.0,5.0,1.5,5.0,30.556353,35.0
TEST_combined_incident_heavy_29105,cluster_245647168_3238255150_3495323634,416.0,45.0,9,0.0105534240892162,35.0,30.0,25.0,15.0,1.5,5.0,17.420225,45.0
TEST_combined_incident_heavy_29105,cluster_245647168_3238255150_3495323634,421.0,45.0,9,0.0,45.0,35.0,30.0,25.0,1.0,5.0,22.274265,45.0
TEST_combined_incident_heavy_29105,cluster_245647168_3238255150_3495323634,426.0,45.0,10,6.578941377706827,45.0,45.0,35.0,30.0,0.75,10.0,32.788677,45.0
TEST_combined_incident_heavy_29105,cluster_245647168_3238255150_3495323634,431.0,45.0,11,1.9520571753361848,45.0,45.0,45.0,35.0,0.5,10.0,33.665672,45.0
TEST_combined_incident_heavy_29105,cluster_245647168_3238255150_3495323634,436.0,55.0,12,1.1858838182501743,45.0,45.0,45.0,45.0,0.5,10.0,37.00688,55.0
TEST_combined_incident_heavy_29105,cluster_245647168_3238255150_3495323634,441.0,60.0,12,0.0228189501984766,55.0,45.0,45.0,45.0,0.75,10.0,37.44261,60.0
TEST_combined_incident_heavy_29105,cluster_245647168_3238255150_3495323634,446.0,60.0,12,0.0,60.0,55.0,45.0,45.0,0.75,10.0,39.66291,60.0
TEST_combined_incident_heavy_29105,cluster_245647168_3238255150_3495323634,451.0,40.0,10,7.403275954005558,60.0,60.0,55.0,45.0,-0.25,10.0,44.474785,40.0
TEST_combined_incident_heavy_29105,cluster_245647168_3238255150_3495323634,456.0,0.0,6,15.736841717344197,40.0,60.0,60.0,55.0,-2.75,15.0,28.075623,0.0
TEST_combined_incident_heavy_29105,cluster_245647168_3238255150_3495323634,461.0,0.0,1,7.562728955548279,0.0,40.0,60.0,60.0,-3.0,15.0,63.83151,0.0
TEST_combined_incident_heavy_29105,cluster_245647168_3238255150_3495323634,466.0,5.0,2,18.17070049641118,0.0,0.0,40.0,60.0,-2.75,15.0,46.093784,5.0
TEST_combined_incident_heavy_29105,cluster_245647168_3238255150_3495323634,471.0,5.0,2,0.864561427444876,5.0,0.0,0.0,40.0,-1.75,15.0,35.761326,5.0
TEST_combined_incident_heavy_29105,cluster_245647168_3238255150_3495323634,476.0,5.0,2,25.485741239245208,5.0,5.0,0.0,0.0,0.25,20.0,21.243057,5.0
TEST_combined_incident_heavy_29105,cluster_245647168_3238255150_3495323634,481.0,5.0,2,0.1947653986263119,5.0,5.0,5.0,0.0,0.25,15.0,5.4441495,5.0
TEST_combined_incident_heavy_29105,cluster_245647168_3238255150_3495323634,486.0,10.0,2,0.0,5.0,5.0,5.0,5.0,0.25,5.0,6.3823624,10.0
TEST_combined_incident_heavy_29105,cluster_245647168_3238255150_3495323634,491.0,10.0,2,0.0,10.0,5.0,5.0,5.0,0.25,0.0,6.3823624,10.0
TEST_combined_incident_heavy_29105,cluster_245647168_3238255150_3495323634,496.0,10.0,2,0.0,10.0,10.0,5.0,5.0,0.25,0.0,6.3823624,10.0
TEST_combined_incident_heavy_29105,cluster_245647168_3238255150_3495323634,501.0,10.0,2,0.0,10.0,10.0,10.0,5.0,0.25,5.0,6.3823624,10.0
TEST_combined_incident_heavy_29105,cluster_245647168_3238255150_3495323634,506.0,10.0,2,0.0,10.0,10.0,10.0,10.0,0.0,5.0,6.464632,10.0
TEST_combined_incident_heavy_29105,cluster_245647168_3238255150_3495323634,511.0,10.0,4,24.434229666175543,10.0,10.0,10.0,10.0,0.0,5.0,48.093338,10.0
TEST_combined_incident_heavy_29105,cluster_245647168_3238255150_3495323634,516.0,15.0,4,1.5370712045785229,10.0,10.0,10.0,10.0,0.25,5.0,10.437727,15.0
TEST_combined_incident_heavy_29105,cluster_245647168_3238255150_3495323634,521.0,15.0,3,0.0037727820347893,15.0,10.0,10.0,10.0,0.25,5.0,9.184356,15.0
TEST_combined_incident_heavy_29105,cluster_245647168_3238255150_3495323634,526.0,15.0,3,0.0,15.0,15.0,10.0,10.0,0.25,5.0,9.287345,15.0
TEST_combined_incident_heavy_29105,cluster_245647168_3238255150_3495323634,531.0,15.0,4,10.131132206633788,15.0,15.0,15.0,10.0,0.25,5.0,15.006827,15.0
TEST_combined_incident_heavy_29105,cluster_245647168_3238255150_3495323634,536.0,20.0,6,19.569021215544637,15.0,15.0,15.0,15.0,0.25,10.0,34.674885,20.0
TEST_combined_incident_heavy_29105,cluster_245647168_3238255150_3495323634,541.0,15.0,6,11.053982247408989,20.0,15.0,15.0,15.0,0.0,10.0,21.253672,15.0
TEST_combined_incident_heavy_29105,cluster_245647168_3238255150_3495323634,546.0,5.0,3,2.872397167873786,15.0,20.0,15.0,15.0,-0.5,10.0,19.43608,5.0
TEST_combined_incident_heavy_29105,cluster_245647168_3238255150_3495323634,551.0,0.0,3,39.74459071847373,5.0,15.0,20.0,15.0,-0.75,20.0,27.30638,0.0
TEST_combined_incident_heavy_29105,cluster_245647168_3238255150_3495323634,556.0,0.0,1,20.98683454764928,0.0,5.0,15.0,20.0,-1.0,30.0,14.035723,0.0
TEST_combined_incident_heavy_29105,cluster_245647168_3238255150_3495323634,561.0,5.0,1,0.0032094465269507,0.0,0.0,5.0,15.0,-0.5,35.0,10.333253,5.0
TEST_combined_incident_heavy_29105,cluster_245647168_3238255150_3495323634,566.0,5.0,1,0.0,5.0,0.0,0.0,5.0,0.0,35.0,5.867684,5.0
TEST_combined_incident_heavy_29105,cluster_245647168_3238255150_3495323634,571.0,5.0,1,0.0,5.0,5.0,0.0,0.0,0.25,20.0,4.31049,5.0
TEST_combined_incident_heavy_29105,cluster_245647168_3238255150_3495323634,576.0,5.0,1,0.0,5.0,5.0,5.0,0.0,0.25,0.0,4.31049,5.0
TEST_combined_incident_heavy_29105,cluster_245647168_3238255150_3495323634,581.0,5.0,1,0.0,5.0,5.0,5.0,5.0,0.0,0.0,5.867684,5.0
TEST_combined_incident_heavy_29105,cluster_245647168_3238255150_3495323634,586.0,5.0,2,26.920103219524027,5.0,5.0,5.0,5.0,0.0,0.0,15.039503,5.0
TEST_combined_incident_heavy_29105,cluster_245647168_3238255150_3495323634,591.0,5.0,2,7.260322492996097,5.0,5.0,5.0,5.0,0.0,0.0,7.4026074,5.0
TEST_combined_incident_heavy_29105,cluster_245647168_3238255150_3495323634,596.0,10.0,2,0.0002306052829248,5.0,5.0,5.0,5.0,0.25,0.0,6.3823624,10.0
TEST_combined_incident_heavy_29105,cluster_245647168_3238255150_3495323634,601.0,10.0,3,19.252815567763523,10.0,5.0,5.0,5.0,0.25,5.0,44.909847,10.0
TEST_combined_incident_heavy_29105,cluster_245647168_3238255150_3495323634,606.0,10.0,6,30.72943174068884,10.0,10.0,5.0,5.0,0.25,10.0,56.70712,10.0
TEST_combined_incident_heavy_29105,cluster_245647168_3238255150_3495323634,611.0,20.0,7,9.62041529935885,10.0,10.0,10.0,5.0,0.75,10.0,15.436074,20.0
TEST_combined_incident_heavy_29105,cluster_245647168_3238255150_3495323634,616.0,30.0,7,0.0632935310101622,20.0,10.0,10.0,10.0,1.0,10.0,12.499603,30.0
TEST_combined_incident_heavy_29105,cluster_245647168_3238255150_3495323634,621.0,35.0,7,0.0,30.0,20.0,10.0,10.0,1.25,15.0,11.685434,35.0
TEST_combined_incident_heavy_29105,cluster_245647168_3238255150_3495323634,626.0,35.0,7,0.0,35.0,30.0,20.0,10.0,1.25,15.0,14.642767,35.0
TEST_combined_incident_heavy_29105,cluster_245647168_3238255150_3495323634,631.0,20.0,6,0.8471631987020373,35.0,35.0,30.0,20.0,0.0,15.0,16.185123,20.0
TEST_combined_incident_heavy_29105,cluster_245647168_3238255150_3495323634,636.0,0.0,3,13.725142514224087,20.0,35.0,35.0,30.0,-1.5,20.0,25.13756,0.0
TEST_combined_incident_heavy_29105,cluster_245647168_3238255150_3495323634,641.0,0.0,2,35.61104426988614,0.0,20.0,35.0,35.0,-1.75,20.0,31.17184,0.0
TEST_combined_incident_heavy_29105,cluster_245647168_3238255150_3495323634,646.0,0.0,0,0.0,0.0,0.0,20.0,35.0,-1.75,20.0,50.111507,0.0
TEST_combined_incident_heavy_29105,cluster_245647168_3238255150_3495323634,651.0,0.0,1,52.80290356613696,0.0,0.0,0.0,20.0,-1.0,25.0,7.0998907,0.0
TEST_combined_incident_heavy_29105,cluster_245647168_3238255150_3495323634,656.0,0.0,2,40.546278903716406,0.0,0.0,0.0,0.0,0.0,25.0,10.401946,0.0
TEST_combined_incident_heavy_29105,cluster_245647168_3238255150_3495323634,661.0,5.0,3,20.434158128691827,0.0,0.0,0.0,0.0,0.25,10.0,5.592664,5.0
TEST_combined_incident_heavy_29105,cluster_245647168_3238255150_3495323634,666.0,10.0,3,0.5823058713535225,5.0,0.0,0.0,0.0,0.5,0.0,6.0407634,10.0
TEST_combined_incident_heavy_29105,cluster_245647168_3238255150_3495323634,671.0,10.0,3,1.5998020253441412,10.0,5.0,0.0,0.0,0.5,0.0,6.896264,10.0
TEST_combined_incident_heavy_29105,cluster_245647168_3238255150_3495323634,676.0,10.0,3,1.0991993311161783,10.0,10.0,5.0,0.0,0.5,0.0,6.896264,10.0
TEST_combined_incident_heavy_29105,cluster_245647168_3238255150_3495323634,681.0,15.0,3,0.0,10.0,10.0,10.0,5.0,0.5,0.0,9.010549,15.0
TEST_combined_incident_heavy_29105,cluster_245647168_3238255150_3495323634,686.0,15.0,3,0.0,15.0,10.0,10.0,10.0,0.25,0.0,8.646792,15.0
TEST_combined_incident_heavy_29105,cluster_245647168_3238255150_3495323634,691.0,15.0,4,12.698685790566994,15.0,15.0,10.0,10.0,0.25,0.0,15.006827,15.0
TEST_combined_incident_heavy_29105,cluster_245647168_3238255150_3495323634,696.0,20.0,4,0.0050764196474995,15.0,15.0,15.0,10.0,0.5,0.0,10.990845,20.0
TEST_combined_incident_heavy_29105,cluster_245647168_3238255150_3495323634,701.0,20.0,4,0.0,20.0,15.0,15.0,15.0,0.25,0.0,7.8716946,20.0
TEST_combined_incident_heavy_29105,cluster_245647168_3238255150_3495323634,706.0,20.0,5,14.06280092858776,20.0,20.0,15.0,15.0,0.25,0.0,13.075917,20.0
TEST_combined_incident_heavy_29105,cluster_245647168_3238255150_3495323634,711.0,25.0,5,0.0108092932675783,20.0,20.0,20.0,15.0,0.5,0.0,9.4893265,25.0
TEST_combined_incident_heavy_29105,cluster_245647168_3238255150_3495323634,716.0,25.0,5,0.0,25.0,20.0,20.0,20.0,0.25,0.0,8.6576395,25.0
TEST_combined_incident_heavy_29105,cluster_245647168_3238255150_3495323634,721.0,10.0,3,0.9555689960718156,25.0,25.0,20.0,20.0,-0.5,0.0,17.602123,10.0
TEST_combined_incident_heavy_29105,cluster_245647168_3238255150_3495323634,726.0,0.0,1,13.8698494388815,10.0,25.0,25.0,20.0,-1.0,0.0,12.431172,0.0
TEST_combined_incident_heavy_29105,cluster_245647168_3238255150_3495323634,731.0,0.0,0,0.0,0.0,10.0,25.0,25.0,-1.25,0.0,8.398845,0.0
TEST_combined_incident_heavy_29105,cluster_245647168_3238255150_3495323634,736.0,0.0,0,0.0,0.0,0.0,10.0,25.0,-1.25,0.0,8.398845,0.0
TEST_extreme_55400,cluster_13546492148_1838721956,16.0,0.0,0,0.0,0.0,0.0,0.0,0.0,0.0,5.0,1.363607,0.0
TEST_extreme_55400,cluster_13546492148_1838721956,21.0,0.0,0,0.0,0.0,0.0,0.0,0.0,0.0,5.0,1.363607,0.0
TEST_extreme_55400,cluster_13546492148_1838721956,26.0,0.0,0,0.0,0.0,0.0,0.0,0.0,0.0,10.0,1.363607,0.0
TEST_extreme_55400,cluster_13546492148_1838721956,31.0,0.0,0,0.0,0.0,0.0,0.0,0.0,0.0,0.0,1.363607,0.0
TEST_extreme_55400,cluster_13546492148_1838721956,36.0,0.0,0,0.0,0.0,0.0,0.0,0.0,0.0,0.0,1.363607,0.0
TEST_extreme_55400,cluster_13546492148_1838721956,41.0,0.0,0,0.0,0.0,0.0,0.0,0.0,0.0,5.0,1.363607,0.0
TEST_extreme_55400,cluster_13546492148_1838721956,46.0,0.0,0,0.0,0.0,0.0,0.0,0.0,0.0,5.0,1.363607,0.0
TEST_extreme_55400,cluster_13546492148_1838721956,51.0,0.0,0,0.0,0.0,0.0,0.0,0.0,0.0,5.0,1.363607,0.0
TEST_extreme_55400,cluster_13546492148_1838721956,56.0,0.0,0,0.0,0.0,0.0,0.0,0.0,0.0,10.0,1.363607,0.0
TEST_extreme_55400,cluster_13546492148_1838721956,61.0,0.0,1,15.52735000653646,0.0,0.0,0.0,0.0,0.0,10.0,6.049996,0.0
TEST_extreme_55400,cluster_13546492148_1838721956,66.0,5.0,1,0.0140854356336921,0.0,0.0,0.0,0.0,0.0,10.0,5.9832397,5.0
TEST_extreme_55400,cluster_13546492148_1838721956,71.0,5.0,1,0.0,5.0,0.0,0.0,0.0,0.0,10.0,4.31049,5.0
TEST_extreme_55400,cluster_13546492148_1838721956,76.0,5.0,1,0.0,5.0,5.0,0.0,0.0,0.0,0.0,4.31049,5.0
TEST_extreme_55400,cluster_13546492148_1838721956,81.0,5.0,2,4.966909512160664,5.0,5.0,5.0,0.0,0.0,0.0,16.950104,5.0
TEST_extreme_55400,cluster_13546492148_1838721956,86.0,10.0,2,0.0271149177022358,5.0,5.0,5.0,5.0,0.0,0.0,6.9738283,10.0
TEST_extreme_55400,cluster_13546492148_1838721956,91.0,0.0,0,0.0,10.0,5.0,5.0,5.0,0.0,5.0,5.178471,0.0
TEST_extreme_55400,cluster_13546492148_1838721956,96.0,0.0,0,0.0,0.0,10.0,5.0,5.0,0.0,5.0,5.327605,0.0
TEST_extreme_55400,cluster_13546492148_1838721956,101.0,5.0,1,0.0310234584801233,0.0,0.0,10.0,5.0,0.0,15.0,6.45915,5.0
TEST_extreme_55400,cluster_13546492148_1838721956,106.0,5.0,1,0.0,5.0,0.0,0.0,10.0,0.0,20.0,5.9499536,5.0
TEST_extreme_55400,cluster_13546492148_1838721956,111.0,5.0,1,0.0,5.0,5.0,0.0,0.0,0.25,20.0,4.31049,5.0
TEST_extreme_55400,cluster_13546492148_1838721956,116.0,10.0,2,0.0007796606910246,5.0,5.0,5.0,0.0,0.5,20.0,5.3461313,10.0
TEST_extreme_55400,cluster_13546492148_1838721956,121.0,10.0,2,0.0,10.0,5.0,5.0,5.0,0.25,5.0,6.3823624,10.0
TEST_extreme_55400,cluster_13546492148_1838721956,126.0,10.0,2,0.0,10.0,10.0,5.0,5.0,0.25,0.0,6.3823624,10.0
TEST_extreme_55400,cluster_13546492148_1838721956,131.0,10.0,2,0.0,10.0,10.0,10.0,5.0,0.25,0.0,6.3823624,10.0
TEST_extreme_55400,cluster_13546492148_1838721956,136.0,0.0,0,0.0,10.0,10.0,10.0,10.0,-0.5,0.0,5.434172,0.0
TEST_extreme_55400,cluster_13546492148_1838721956,141.0,0.0,2,23.42558235755689,0.0,10.0,10.0,10.0,-0.5,0.0,9.838158,0.0
TEST_extreme_55400,cluster_13546492148_1838721956,146.0,0.0,1,8.78341615334183,0.0,0.0,10.0,10.0,-0.5,10.0,10.19084,0.0
TEST_extreme_55400,cluster_13546492148_1838721956,151.0,5.0,1,0.0017624116582381,0.0,0.0,0.0,10.0,-0.25,10.0,7.455627,5.0
TEST_extreme_55400,cluster_13546492148_1838721956,156.0,5.0,2,0.4523067396867177,5.0,0.0,0.0,0.0,0.25,10.0,5.4441495,5.0
TEST_extreme_55400,cluster_13546492148_1838721956,161.0,15.0,4,1.161123486943631,5.0,5.0,0.0,0.0,0.75,10.0,5.4682393,15.0
TEST_extreme_55400,cluster_13546492148_1838721956,166.0,20.0,4,0.0,15.0,5.0,5.0,0.0,1.0,0.0,3.2317529,20.0
TEST_extreme_55400,cluster_13546492148_1838721956,171.0,20.0,4,0.0,20.0,15.0,5.0,5.0,0.75,0.0,8.624618,20.0
TEST_extreme_55400,cluster_13546492148_1838721956,176.0,20.0,4,0.0,20.0,20.0,15.0,5.0,0.75,0.0,8.1651945,20.0
TEST_extreme_55400,cluster_13546492148_1838721956,181.0,5.0,1,0.0,20.0,20.0,20.0,15.0,-0.5,0.0,13.9164295,5.0
TEST_extreme_55400,cluster_13546492148_1838721956,186.0,0.0,0,0.0,5.0,20.0,20.0,20.0,-1.0,0.0,8.208739,0.0
TEST_extreme_55400,cluster_13546492148_1838721956,191.0,0.0,0,0.0,0.0,5.0,20.0,20.0,-1.0,0.0,8.593481,0.0
TEST_extreme_55400,cluster_13546492148_1838721956,196.0,0.0,0,0.0,0.0,0.0,5.0,20.0,-1.0,0.0,7.524607,0.0
TEST_extreme_55400,cluster_13546492148_1838721956,201.0,0.0,1,14.586707164390557,0.0,0.0,0.0,5.0,-0.25,0.0,13.065246,0.0
TEST_extreme_55400,cluster_13546492148_1838721956,206.0,10.0,2,0.0154770566610207,0.0,0.0,0.0,0.0,0.5,0.0,6.497918,10.0
TEST_extreme_55400,cluster_13546492148_1838721956,211.0,10.0,3,22.21401133551384,10.0,0.0,0.0,0.0,0.5,0.0,26.52073,10.0
TEST_extreme_55400,cluster_13546492148_1838721956,216.0,10.0,2,0.0,10.0,10.0,0.0,0.0,0.5,0.0,4.8251686,10.0
TEST_extreme_55400,cluster_13546492148_1838721956,221.0,10.0,2,0.0,10.0,10.0,10.0,0.0,0.5,0.0,4.8251686,10.0
TEST_extreme_55400,cluster_13546492148_1838721956,226.0,0.0,0,0.0,10.0,10.0,10.0,10.0,-0.5,0.0,5.434172,0.0
TEST_extreme_55400,cluster_13546492148_1838721956,231.0,0.0,2,22.637600018209305,0.0,10.0,10.0,10.0,-0.5,0.0,15.55419,0.0
TEST_extreme_55400,cluster_13546492148_1838721956,236.0,0.0,0,0.0,0.0,0.0,10.0,10.0,-0.5,5.0,6.4594674,0.0
TEST_extreme_55400,cluster_13546492148_1838721956,241.0,0.0,0,0.0,0.0,0.0,0.0,10.0,-0.5,10.0,6.4594674,0.0
TEST_extreme_55400,cluster_13546492148_1838721956,246.0,0.0,0,0.0,0.0,0.0,0.0,0.0,0.0,10.0,1.363607,0.0
TEST_extreme_55400,cluster_13546492148_1838721956,251.0,0.0,0,0.0,0.0,0.0,0.0,0.0,0.0,10.0,1.363607,0.0
TEST_extreme_55400,cluster_13546492148_1838721956,256.0,0.0,0,0.0,0.0,0.0,0.0,0.0,0.0,0.0,1.363607,0.0
TEST_extreme_55400,cluster_13546492148_1838721956,261.0,0.0,0,0.0,0.0,0.0,0.0,0.0,0.0,0.0,1.363607,0.0
TEST_extreme_55400,cluster_13546492148_1838721956,266.0,0.0,0,0.0,0.0,0.0,0.0,0.0,0.0,0.0,1.363607,0.0
TEST_extreme_55400,cluster_13546492148_1838721956,271.0,0.0,0,0.0,0.0,0.0,0.0,0.0,0.0,0.0,1.363607,0.0
TEST_extreme_55400,cluster_13546492148_1838721956,276.0,0.0,0,0.0,0.0,0.0,0.0,0.0,0.0,0.0,1.363607,0.0
TEST_extreme_55400,cluster_13546492148_1838721956,281.0,0.0,0,0.0,0.0,0.0,0.0,0.0,0.0,5.0,1.363607,0.0
TEST_extreme_55400,cluster_13546492148_1838721956,286.0,0.0,0,0.0,0.0,0.0,0.0,0.0,0.0,10.0,1.363607,0.0
TEST_extreme_55400,cluster_13546492148_1838721956,291.0,0.0,0,0.0,0.0,0.0,0.0,0.0,0.0,15.0,1.363607,0.0
TEST_extreme_55400,cluster_13546492148_1838721956,296.0,5.0,2,0.408251576754176,0.0,0.0,0.0,0.0,0.25,20.0,5.4441495,5.0
TEST_extreme_55400,cluster_13546492148_1838721956,301.0,10.0,2,0.0010343911199214,5.0,0.0,0.0,0.0,0.5,5.0,5.3461313,10.0
TEST_extreme_55400,cluster_13546492148_1838721956,306.0,10.0,2,0.0,10.0,5.0,0.0,0.0,0.5,0.0,4.8251686,10.0
TEST_extreme_55400,cluster_13546492148_1838721956,311.0,10.0,2,0.0,10.0,10.0,5.0,0.0,0.5,0.0,4.8251686,10.0
TEST_extreme_55400,cluster_13546492148_1838721956,316.0,0.0,1,64.37861085364466,10.0,10.0,10.0,5.0,-0.25,0.0,6.5196943,0.0
TEST_extreme_55400,cluster_13546492148_1838721956,321.0,0.0,1,21.73195197085688,0.0,10.0,10.0,10.0,-0.5,0.0,16.21606,0.0
TEST_extreme_55400,cluster_13546492148_1838721956,326.0,0.0,0,0.0,0.0,0.0,10.0,10.0,-0.5,5.0,6.4594674,0.0
TEST_extreme_55400,cluster_13546492148_1838721956,331.0,0.0,0,0.0,0.0,0.0,0.0,10.0,-0.5,10.0,6.4594674,0.0
TEST_extreme_55400,cluster_13546492148_1838721956,336.0,0.0,0,0.0,0.0,0.0,0.0,0.0,0.0,10.0,1.363607,0.0
TEST_extreme_55400,cluster_13546492148_1838721956,341.0,5.0,2,15.115194489036629,0.0,0.0,0.0,0.0,0.25,10.0,5.087813,5.0
TEST_extreme_55400,cluster_13546492148_1838721956,346.0,10.0,3,0.418700308625182,5.0,0.0,0.0,0.0,0.5,0.0,6.2941985,10.0
TEST_extreme_55400,cluster_13546492148_1838721956,351.0,15.0,3,0.0,10.0,5.0,0.0,0.0,0.75,0.0,6.4771914,15.0
TEST_extreme_55400,cluster_13546492148_1838721956,356.0,20.0,4,0.0073933793602561,15.0,10.0,5.0,0.0,1.0,5.0,6.3109674,20.0
TEST_extreme_55400,cluster_13546492148_1838721956,361.0,5.0,2,0.3362337320286702,20.0,15.0,10.0,5.0,0.0,10.0,6.8083673,5.0
TEST_extreme_55400,cluster_13546492148_1838721956,366.0,0.0,1,27.91117007925171,5.0,20.0,15.0,10.0,-0.5,10.0,23.826044,0.0
TEST_extreme_55400,cluster_13546492148_1838721956,371.0,0.0,0,0.0,0.0,5.0,20.0,15.0,-0.75,10.0,7.8540497,0.0
TEST_extreme_55400,cluster_13546492148_1838721956,376.0,0.0,0,0.0,0.0,0.0,5.0,20.0,-1.0,15.0,7.524607,0.0
TEST_extreme_55400,cluster_13546492148_1838721956,381.0,0.0,1,21.670473869458625,0.0,0.0,0.0,5.0,-0.25,20.0,7.538633,0.0
TEST_extreme_55400,cluster_13546492148_1838721956,386.0,5.0,2,10.181545905552866,0.0,0.0,0.0,0.0,0.25,25.0,5.97805,5.0
TEST_extreme_55400,cluster_13546492148_1838721956,391.0,10.0,2,0.0007369076061431,5.0,0.0,0.0,0.0,0.5,10.0,5.3461313,10.0
TEST_extreme_55400,cluster_13546492148_1838721956,396.0,10.0,2,0.0,10.0,5.0,0.0,0.0,0.5,0.0,4.8251686,10.0
TEST_extreme_55400,cluster_13546492148_1838721956,401.0,10.0,2,0.0,10.0,10.0,5.0,0.0,0.5,0.0,4.8251686,10.0
TEST_extreme_55400,cluster_13546492148_1838721956,406.0,0.0,0,0.0,10.0,10.0,10.0,5.0,-0.25,0.0,5.3519025,0.0
TEST_extreme_55400,cluster_13546492148_1838721956,411.0,0.0,1,15.916655011913337,0.0,10.0,10.0,10.0,-0.5,0.0,10.232121,0.0
TEST_extreme_55400,cluster_13546492148_1838721956,416.0,5.0,1,0.0029278685154589,0.0,0.0,10.0,10.0,-0.25,5.0,7.455627,5.0
TEST_extreme_55400,cluster_13546492148_1838721956,421.0,10.0,2,0.043036811748298,5.0,0.0,0.0,10.0,0.0,5.0,7.0560985,10.0
TEST_extreme_55400,cluster_13546492148_1838721956,426.0,10.0,2,0.0,10.0,5.0,0.0,0.0,0.5,10.0,4.8251686,10.0
TEST_extreme_55400,cluster_13546492148_1838721956,431.0,10.0,2,0.0,10.0,10.0,5.0,0.0,0.5,10.0,4.8251686,10.0
TEST_extreme_55400,cluster_13546492148_1838721956,436.0,15.0,4,6.418985738929211,10.0,10.0,10.0,5.0,0.5,5.0,13.047869,15.0
TEST_extreme_55400,cluster_13546492148_1838721956,441.0,20.0,4,0.0,15.0,10.0,10.0,10.0,0.5,10.0,8.629966,20.0
TEST_extreme_55400,cluster_13546492148_1838721956,446.0,25.0,5,0.0,20.0,15.0,10.0,10.0,0.75,10.0,8.247464,25.0
TEST_extreme_55400,cluster_13546492148_1838721956,451.0,10.0,2,0.0,25.0,20.0,15.0,10.0,0.0,15.0,6.626023,10.0
TEST_extreme_55400,cluster_13546492148_1838721956,456.0,0.0,1,19.451060620375163,10.0,25.0,20.0,15.0,-0.75,20.0,13.830821,0.0
TEST_extreme_55400,cluster_13546492148_1838721956,461.0,0.0,0,0.0,0.0,10.0,25.0,20.0,-1.0,20.0,9.839451,0.0
TEST_extreme_55400,cluster_13546492148_1838721956,466.0,0.0,0,0.0,0.0,0.0,10.0,25.0,-1.25,20.0,8.398845,0.0
TEST_extreme_55400,cluster_13546492148_1838721956,471.0,0.0,1,86.17616896617919,0.0,0.0,0.0,10.0,-0.5,25.0,33.624607,0.0
TEST_extreme_55400,cluster_13546492148_1838721956,476.0,5.0,1,0.0470426408744968,0.0,0.0,0.0,0.0,0.25,25.0,5.4441495,5.0
TEST_extreme_55400,cluster_13546492148_1838721956,481.0,5.0,2,35.32014414795738,5.0,0.0,0.0,0.0,0.25,10.0,2.642168,5.0
TEST_extreme_55400,cluster_13546492148_1838721956,486.0,10.0,2,0.0,5.0,5.0,0.0,0.0,0.5,0.0,4.8251686,10.0
TEST_extreme_55400,cluster_13546492148_1838721956,491.0,10.0,2,0.0,10.0,5.0,5.0,0.0,0.5,0.0,4.8251686,10.0
TEST_extreme_55400,cluster_13546492148_1838721956,496.0,5.0,2,2.497070082461612,10.0,10.0,5.0,5.0,0.0,0.0,7.4337106,5.0
TEST_extreme_55400,cluster_13546492148_1838721956,501.0,10.0,3,7.380492443546434,5.0,10.0,10.0,5.0,0.25,0.0,10.9446745,10.0
TEST_extreme_55400,cluster_13546492148_1838721956,506.0,10.0,2,0.0,10.0,5.0,10.0,10.0,0.0,5.0,6.464632,10.0
TEST_extreme_55400,cluster_13546492148_1838721956,511.0,15.0,3,0.0420922634544805,10.0,10.0,5.0,10.0,0.25,10.0,10.038612,15.0
TEST_extreme_55400,cluster_13546492148_1838721956,516.0,20.0,4,0.0052866279426043,15.0,10.0,10.0,5.0,0.75,10.0,10.817421,20.0
TEST_extreme_55400,cluster_13546492148_1838721956,521.0,20.0,4,0.0,20.0,15.0,10.0,10.0,0.5,10.0,8.247464,20.0
TEST_extreme_55400,cluster_13546492148_1838721956,526.0,20.0,4,0.0,20.0,20.0,15.0,10.0,0.5,0.0,8.247464,20.0
TEST_extreme_55400,cluster_13546492148_1838721956,531.0,25.0,5,0.060755523196811,20.0,20.0,20.0,15.0,0.5,0.0,9.7717,25.0
TEST_extreme_55400,cluster_13546492148_1838721956,536.0,25.0,5,0.0,25.0,20.0,20.0,20.0,0.25,5.0,8.6576395,25.0
TEST_extreme_55400,cluster_13546492148_1838721956,541.0,10.0,2,0.0,25.0,25.0,20.0,20.0,-0.5,15.0,19.174437,10.0
TEST_extreme_55400,cluster_13546492148_1838721956,546.0,0.0,1,30.81801111006208,10.0,25.0,25.0,20.0,-1.0,15.0,15.149372,0.0
TEST_extreme_55400,cluster_13546492148_1838721956,551.0,0.0,0,0.0,0.0,10.0,25.0,25.0,-1.25,20.0,8.398845,0.0
TEST_extreme_55400,cluster_13546492148_1838721956,556.0,0.0,0,0.0,0.0,0.0,10.0,25.0,-1.25,20.0,8.398845,0.0
TEST_extreme_55400,cluster_13546492148_1838721956,561.0,0.0,1,14.855714401918377,0.0,0.0,0.0,10.0,-0.5,20.0,10.276031,0.0
TEST_extreme_55400,cluster_13546492148_1838721956,566.0,5.0,1,0.0154191670985539,0.0,0.0,0.0,0.0,0.25,20.0,5.9832397,5.0
TEST_extreme_55400,cluster_13546492148_1838721956,571.0,10.0,2,0.0257030468527227,5.0,0.0,0.0,0.0,0.5,5.0,5.958828,10.0
TEST_extreme_55400,cluster_13546492148_1838721956,576.0,10.0,2,0.0,10.0,5.0,0.0,0.0,0.5,5.0,4.8251686,10.0
TEST_extreme_55400,cluster_13546492148_1838721956,581.0,10.0,2,0.0,10.0,10.0,5.0,0.0,0.5,5.0,4.8251686,10.0
TEST_extreme_55400,cluster_13546492148_1838721956,586.0,0.0,0,0.0,10.0,10.0,10.0,5.0,-0.25,5.0,5.3519025,0.0
TEST_extreme_55400,cluster_13546492148_1838721956,591.0,0.0,1,22.221289984852444,0.0,10.0,10.0,10.0,-0.5,5.0,16.21606,0.0
TEST_extreme_55400,cluster_13546492148_1838721956,596.0,5.0,2,10.972534310214506,0.0,0.0,10.0,10.0,-0.25,5.0,11.03878,5.0
TEST_extreme_55400,cluster_13546492148_1838721956,601.0,15.0,3,0.0732500272133668,5.0,0.0,0.0,10.0,0.25,10.0,8.417942,15.0
TEST_extreme_55400,cluster_13546492148_1838721956,606.0,15.0,4,0.7974339508887477,15.0,5.0,0.0,0.0,0.75,10.0,8.258144,15.0
TEST_extreme_55400,cluster_13546492148_1838721956,611.0,20.0,4,0.000150873046668,15.0,15.0,5.0,0.0,1.0,10.0,3.2317529,20.0
TEST_extreme_55400,cluster_13546492148_1838721956,616.0,20.0,4,0.0,20.0,15.0,15.0,5.0,0.75,5.0,8.1651945,20.0
TEST_extreme_55400,cluster_13546492148_1838721956,621.0,20.0,4,0.0,20.0,20.0,15.0,15.0,0.25,5.0,7.8716946,20.0
TEST_extreme_55400,cluster_13546492148_1838721956,626.0,20.0,4,0.0,20.0,20.0,20.0,15.0,0.25,10.0,8.29206,20.0
TEST_extreme_55400,cluster_13546492148_1838721956,631.0,5.0,2,0.8210794973840364,20.0,20.0,20.0,20.0,-0.75,15.0,13.84209,5.0
TEST_extreme_55400,cluster_13546492148_1838721956,636.0,5.0,1,0.0025264382740161,5.0,20.0,20.0,20.0,-0.75,20.0,15.02777,5.0
TEST_extreme_55400,cluster_13546492148_1838721956,641.0,5.0,2,31.361254694560728,5.0,5.0,20.0,20.0,-0.75,20.0,24.323736,5.0
TEST_extreme_55400,cluster_13546492148_1838721956,646.0,5.0,1,0.0,5.0,5.0,5.0,20.0,-0.75,20.0,11.305845,5.0
TEST_extreme_55400,cluster_13546492148_1838721956,651.0,5.0,2,34.78067372260595,5.0,5.0,5.0,5.0,0.0,20.0,10.594682,5.0
TEST_extreme_55400,cluster_13546492148_1838721956,656.0,5.0,2,6.699238209706335,5.0,5.0,5.0,5.0,0.0,20.0,7.497762,5.0
TEST_extreme_55400,cluster_13546492148_1838721956,661.0,10.0,2,0.0004976007195767,5.0,5.0,5.0,5.0,0.25,5.0,6.3823624,10.0
TEST_extreme_55400,cluster_13546492148_1838721956,666.0,10.0,2,0.0,10.0,5.0,5.0,5.0,0.25,0.0,6.3823624,10.0
TEST_extreme_55400,cluster_13546492148_1838721956,671.0,10.0,2,0.0,10.0,10.0,5.0,5.0,0.25,0.0,6.3823624,10.0
TEST_extreme_55400,cluster_13546492148_1838721956,676.0,5.0,1,0.007185766371299,10.0,10.0,10.0,5.0,0.0,0.0,6.99824,5.0
TEST_extreme_55400,cluster_13546492148_1838721956,681.0,5.0,2,4.493746676026444,5.0,10.0,10.0,10.0,-0.25,0.0,18.465366,5.0
TEST_extreme_55400,cluster_13546492148_1838721956,686.0,10.0,2,0.004470288641246,5.0,5.0,10.0,10.0,0.0,5.0,8.781421,10.0
TEST_extreme_55400,cluster_13546492148_1838721956,691.0,15.0,4,3.927954238366238,10.0,5.0,5.0,10.0,0.25,5.0,20.11861,15.0
TEST_extreme_55400,cluster_13546492148_1838721956,696.0,20.0,4,0.0002235836307786,15.0,10.0,5.0,5.0,0.75,5.0,9.007119,20.0
TEST_extreme_55400,cluster_13546492148_1838721956,701.0,20.0,4,0.0,20.0,15.0,10.0,5.0,0.75,5.0,8.1651945,20.0
TEST_extreme_55400,cluster_13546492148_1838721956,706.0,20.0,4,0.0,20.0,20.0,15.0,10.0,0.5,0.0,8.247464,20.0
TEST_extreme_55400,cluster_13546492148_1838721956,711.0,20.0,4,0.0,20.0,20.0,20.0,15.0,0.25,0.0,8.29206,20.0
TEST_extreme_55400,cluster_13546492148_1838721956,716.0,20.0,4,0.0,20.0,20.0,20.0,20.0,0.0,0.0,9.454866,20.0
TEST_extreme_55400,cluster_13546492148_1838721956,721.0,5.0,1,0.0,20.0,20.0,20.0,20.0,-0.75,0.0,14.655862,5.0
TEST_extreme_55400,cluster_13546492148_1838721956,726.0,0.0,0,0.0,5.0,20.0,20.0,20.0,-1.0,0.0,8.208739,0.0
TEST_extreme_55400,cluster_13546492148_1838721956,731.0,0.0,0,0.0,0.0,5.0,20.0,20.0,-1.0,0.0,8.593481,0.0
TEST_extreme_55400,cluster_13546492148_1838721956,736.0,0.0,1,64.0512730251684,0.0,0.0,5.0,20.0,-1.0,0.0,11.896583,0.0
TEST_extreme_55400,cluster_2061304035_245647208,16.0,5.0,1,0.3590470129573869,5.0,5.0,5.0,5.0,0.0,0.0,6.772884,5.0
TEST_extreme_55400,cluster_2061304035_245647208,21.0,5.0,1,0.0012362113032133,5.0,5.0,5.0,5.0,0.0,0.0,5.9170446,5.0
TEST_extreme_55400,cluster_2061304035_245647208,26.0,5.0,1,0.0,5.0,5.0,5.0,5.0,0.0,0.0,5.867684,5.0
TEST_extreme_55400,cluster_2061304035_245647208,31.0,5.0,1,0.0,5.0,5.0,5.0,5.0,0.0,0.0,5.867684,5.0
TEST_extreme_55400,cluster_2061304035_245647208,36.0,5.0,1,0.0,5.0,5.0,5.0,5.0,0.0,0.0,5.867684,5.0
TEST_extreme_55400,cluster_2061304035_245647208,41.0,5.0,1,0.0,5.0,5.0,5.0,5.0,0.0,0.0,5.867684,5.0
TEST_extreme_55400,cluster_2061304035_245647208,46.0,0.0,0,0.0,5.0,5.0,5.0,5.0,0.0,0.0,5.178471,0.0
TEST_extreme_55400,cluster_2061304035_245647208,51.0,0.0,0,0.0,0.0,5.0,5.0,5.0,0.0,0.0,5.327605,0.0
TEST_extreme_55400,cluster_2061304035_245647208,56.0,0.0,0,0.0,0.0,0.0,5.0,5.0,0.0,0.0,5.327605,0.0
TEST_extreme_55400,cluster_2061304035_245647208,61.0,0.0,1,57.46114226738688,0.0,0.0,0.0,5.0,0.0,0.0,4.6409235,0.0
TEST_extreme_55400,cluster_2061304035_245647208,66.0,0.0,0,0.0,0.0,0.0,0.0,0.0,0.0,0.0,1.363607,0.0
TEST_extreme_55400,cluster_2061304035_245647208,71.0,0.0,0,0.0,0.0,0.0,0.0,0.0,0.0,0.0,1.363607,0.0
TEST_extreme_55400,cluster_2061304035_245647208,76.0,0.0,0,0.0,0.0,0.0,0.0,0.0,0.0,0.0,1.363607,0.0
TEST_extreme_55400,cluster_2061304035_245647208,81.0,0.0,0,0.0,0.0,0.0,0.0,0.0,0.0,0.0,1.363607,0.0
TEST_extreme_55400,cluster_2061304035_245647208,86.0,0.0,1,36.03600000000001,0.0,0.0,0.0,0.0,0.0,0.0,10.642577,0.0
TEST_extreme_55400,cluster_2061304035_245647208,91.0,0.0,0,0.0,0.0,0.0,0.0,0.0,0.0,0.0,1.363607,0.0
TEST_extreme_55400,cluster_2061304035_245647208,96.0,0.0,0,0.0,0.0,0.0,0.0,0.0,0.0,0.0,1.363607,0.0
TEST_extreme_55400,cluster_2061304035_245647208,101.0,0.0,0,0.0,0.0,0.0,0.0,0.0,0.0,0.0,1.363607,0.0
TEST_extreme_55400,cluster_2061304035_245647208,106.0,0.0,2,41.30889132017589,0.0,0.0,0.0,0.0,0.0,0.0,10.401946,0.0
TEST_extreme_55400,cluster_2061304035_245647208,111.0,0.0,0,0.0,0.0,0.0,0.0,0.0,0.0,0.0,1.363607,0.0
TEST_extreme_55400,cluster_2061304035_245647208,116.0,0.0,1,42.05787272903592,0.0,0.0,0.0,0.0,0.0,0.0,11.605194,0.0
TEST_extreme_55400,cluster_2061304035_245647208,121.0,0.0,0,0.0,0.0,0.0,0.0,0.0,0.0,0.0,1.363607,0.0
TEST_extreme_55400,cluster_2061304035_245647208,126.0,0.0,0,0.0,0.0,0.0,0.0,0.0,0.0,0.0,1.363607,0.0
TEST_extreme_55400,cluster_2061304035_245647208,131.0,0.0,0,0.0,0.0,0.0,0.0,0.0,0.0,0.0,1.363607,0.0
TEST_extreme_55400,cluster_2061304035_245647208,136.0,0.0,0,0.0,0.0,0.0,0.0,0.0,0.0,0.0,1.363607,0.0
TEST_extreme_55400,cluster_2061304035_245647208,141.0,0.0,0,0.0,0.0,0.0,0.0,0.0,0.0,0.0,1.363607,0.0
TEST_extreme_55400,cluster_2061304035_245647208,146.0,0.0,0,0.0,0.0,0.0,0.0,0.0,0.0,0.0,1.363607,0.0
TEST_extreme_55400,cluster_2061304035_245647208,151.0,0.0,3,65.96702293704733,0.0,0.0,0.0,0.0,0.0,0.0,8.371211,0.0
TEST_extreme_55400,cluster_2061304035_245647208,156.0,0.0,1,20.47809255904053,0.0,0.0,0.0,0.0,0.0,0.0,8.547714,0.0
TEST_extreme_55400,cluster_2061304035_245647208,161.0,0.0,2,30.22423958823279,0.0,0.0,0.0,0.0,0.0,0.0,12.679142,0.0
TEST_extreme_55400,cluster_2061304035_245647208,166.0,0.0,1,30.697536296178143,0.0,0.0,0.0,0.0,0.0,0.0,13.994936,0.0
TEST_extreme_55400,cluster_2061304035_245647208,171.0,0.0,0,0.0,0.0,0.0,0.0,0.0,0.0,0.0,1.363607,0.0
TEST_extreme_55400,cluster_2061304035_245647208,176.0,0.0,0,0.0,0.0,0.0,0.0,0.0,0.0,0.0,1.363607,0.0
TEST_extreme_55400,cluster_2061304035_245647208,181.0,0.0,0,0.0,0.0,0.0,0.0,0.0,0.0,0.0,1.363607,0.0
TEST_extreme_55400,cluster_2061304035_245647208,186.0,0.0,0,0.0,0.0,0.0,0.0,0.0,0.0,0.0,1.363607,0.0
TEST_extreme_55400,cluster_2061304035_245647208,191.0,0.0,0,0.0,0.0,0.0,0.0,0.0,0.0,0.0,1.363607,0.0
TEST_extreme_55400,cluster_2061304035_245647208,196.0,0.0,2,39.4875742458736,0.0,0.0,0.0,0.0,0.0,0.0,9.326783,0.0
TEST_extreme_55400,cluster_2061304035_245647208,201.0,0.0,2,29.846918302031067,0.0,0.0,0.0,0.0,0.0,0.0,9.828496,0.0
TEST_extreme_55400,cluster_2061304035_245647208,206.0,0.0,0,0.0,0.0,0.0,0.0,0.0,0.0,0.0,1.363607,0.0
TEST_extreme_55400,cluster_2061304035_245647208,211.0,0.0,0,0.0,0.0,0.0,0.0,0.0,0.0,0.0,1.363607,0.0
TEST_extreme_55400,cluster_2061304035_245647208,216.0,0.0,0,0.0,0.0,0.0,0.0,0.0,0.0,5.0,1.363607,0.0
TEST_extreme_55400,cluster_2061304035_245647208,221.0,0.0,1,46.13573113185427,0.0,0.0,0.0,0.0,0.0,5.0,15.257093,0.0
TEST_extreme_55400,cluster_2061304035_245647208,226.0,0.0,0,0.0,0.0,0.0,0.0,0.0,0.0,5.0,1.363607,0.0
TEST_extreme_55400,cluster_2061304035_245647208,231.0,0.0,0,0.0,0.0,0.0,0.0,0.0,0.0,5.0,1.363607,0.0
TEST_extreme_55400,cluster_2061304035_245647208,236.0,0.0,0,0.0,0.0,0.0,0.0,0.0,0.0,5.0,1.363607,0.0
TEST_extreme_55400,cluster_2061304035_245647208,241.0,0.0,2,93.79833937722115,0.0,0.0,0.0,0.0,0.0,5.0,34.423706,0.0
TEST_extreme_55400,cluster_2061304035_245647208,246.0,0.0,1,42.321601508131415,0.0,0.0,0.0,0.0,0.0,5.0,11.605194,0.0
TEST_extreme_55400,cluster_2061304035_245647208,251.0,0.0,0,0.0,0.0,0.0,0.0,0.0,0.0,5.0,1.363607,0.0
TEST_extreme_55400,cluster_2061304035_245647208,256.0,0.0,0,0.0,0.0,0.0,0.0,0.0,0.0,0.0,1.363607,0.0
TEST_extreme_55400,cluster_2061304035_245647208,261.0,0.0,0,0.0,0.0,0.0,0.0,0.0,0.0,0.0,1.363607,0.0
TEST_extreme_55400,cluster_2061304035_245647208,266.0,0.0,0,0.0,0.0,0.0,0.0,0.0,0.0,0.0,1.363607,0.0
TEST_extreme_55400,cluster_2061304035_245647208,271.0,0.0,1,53.97248469765923,0.0,0.0,0.0,0.0,0.0,0.0,2.1724977,0.0
TEST_extreme_55400,cluster_2061304035_245647208,276.0,5.0,1,0.0468604598501848,0.0,0.0,0.0,0.0,0.25,0.0,5.4441495,5.0
TEST_extreme_55400,cluster_2061304035_245647208,281.0,5.0,1,0.0,5.0,0.0,0.0,0.0,0.25,0.0,4.31049,5.0
TEST_extreme_55400,cluster_2061304035_245647208,286.0,5.0,1,0.0,5.0,5.0,0.0,0.0,0.25,0.0,4.31049,5.0
TEST_extreme_55400,cluster_2061304035_245647208,291.0,5.0,2,43.274707689063234,5.0,5.0,5.0,0.0,0.25,0.0,2.5575206,5.0
TEST_extreme_55400,cluster_2061304035_245647208,296.0,5.0,2,16.748174483288942,5.0,5.0,5.0,5.0,0.0,0.0,6.314038,5.0
TEST_extreme_55400,cluster_2061304035_245647208,301.0,5.0,1,0.0,5.0,5.0,5.0,5.0,0.0,0.0,5.867684,5.0
TEST_extreme_55400,cluster_2061304035_245647208,306.0,5.0,2,36.90273867610042,5.0,5.0,5.0,5.0,0.0,0.0,12.818425,5.0
TEST_extreme_55400,cluster_2061304035_245647208,311.0,5.0,1,0.0,5.0,5.0,5.0,5.0,0.0,0.0,5.867684,5.0
TEST_extreme_55400,cluster_2061304035_245647208,316.0,0.0,0,0.0,5.0,5.0,5.0,5.0,-0.25,0.0,5.3519025,0.0
TEST_extreme_55400,cluster_2061304035_245647208,321.0,0.0,0,0.0,0.0,5.0,5.0,5.0,-0.25,15.0,6.3771977,0.0
TEST_extreme_55400,cluster_2061304035_245647208,326.0,0.0,0,0.0,0.0,0.0,5.0,5.0,-0.25,35.0,6.3771977,0.0
TEST_extreme_55400,cluster_2061304035_245647208,331.0,0.0,3,62.864478165037504,0.0,0.0,0.0,5.0,-0.25,35.0,11.563694,0.0
TEST_extreme_55400,cluster_2061304035_245647208,336.0,0.0,2,28.41523199499842,0.0,0.0,0.0,0.0,0.0,35.0,20.044651,0.0
TEST_extreme_55400,cluster_2061304035_245647208,341.0,0.0,2,23.5408463406862,0.0,0.0,0.0,0.0,0.0,45.0,4.390688,0.0
TEST_extreme_55400,cluster_2061304035_245647208,346.0,0.0,1,84.86560034444264,0.0,0.0,0.0,0.0,0.0,30.0,9.950874,0.0
TEST_extreme_55400,cluster_2061304035_245647208,351.0,0.0,1,48.493332527650914,0.0,0.0,0.0,0.0,0.0,0.0,20.609566,0.0
TEST_extreme_55400,cluster_2061304035_245647208,356.0,0.0,0,0.0,0.0,0.0,0.0,0.0,0.0,0.0,1.363607,0.0
TEST_extreme_55400,cluster_2061304035_245647208,361.0,0.0,0,0.0,0.0,0.0,0.0,0.0,0.0,0.0,1.363607,0.0
TEST_extreme_55400,cluster_2061304035_245647208,366.0,0.0,0,0.0,0.0,0.0,0.0,0.0,0.0,0.0,1.363607,0.0
TEST_extreme_55400,cluster_2061304035_245647208,371.0,0.0,0,0.0,0.0,0.0,0.0,0.0,0.0,0.0,1.363607,0.0
TEST_extreme_55400,cluster_2061304035_245647208,376.0,0.0,3,35.098066468025166,0.0,0.0,0.0,0.0,0.0,0.0,17.3895,0.0
TEST_extreme_55400,cluster_2061304035_245647208,381.0,15.0,7,2.6237082534425573,0.0,0.0,0.0,0.0,0.75,0.0,2.2235491,15.0
TEST_extreme_55400,cluster_2061304035_245647208,386.0,35.0,7,0.0051021313949663,15.0,0.0,0.0,0.0,1.75,0.0,11.919001,35.0
TEST_extreme_55400,cluster_2061304035_245647208,391.0,35.0,7,0.0,35.0,15.0,0.0,0.0,1.75,0.0,9.22316,35.0
TEST_extreme_55400,cluster_2061304035_245647208,396.0,35.0,8,0.8555651157502617,35.0,35.0,15.0,0.0,1.75,0.0,12.756888,35.0
TEST_extreme_55400,cluster_2061304035_245647208,401.0,45.0,9,0.0241517493147106,35.0,35.0,35.0,15.0,1.5,0.0,18.985514,45.0
TEST_extreme_55400,cluster_2061304035_245647208,406.0,30.0,7,0.1045154241000337,45.0,35.0,35.0,35.0,-0.25,0.0,32.007786,30.0
TEST_extreme_55400,cluster_2061304035_245647208,411.0,0.0,5,20.53878437447133,30.0,45.0,35.0,35.0,-1.75,0.0,28.779152,0.0
TEST_extreme_55400,cluster_2061304035_245647208,416.0,0.0,0,0.0,0.0,30.0,45.0,35.0,-1.75,10.0,51.892853,0.0
TEST_extreme_55400,cluster_2061304035_245647208,421.0,0.0,1,38.935889842830434,0.0,0.0,30.0,45.0,-2.25,15.0,54.613274,0.0
TEST_extreme_55400,cluster_2061304035_245647208,426.0,0.0,2,26.917569394347552,0.0,0.0,0.0,30.0,-1.5,10.0,20.925161,0.0
TEST_extreme_55400,cluster_2061304035_245647208,431.0,0.0,3,51.27510105956725,0.0,0.0,0.0,0.0,0.0,25.0,21.04229,0.0
TEST_extreme_55400,cluster_2061304035_245647208,436.0,0.0,2,63.112046886312335,0.0,0.0,0.0,0.0,0.0,15.0,2.8011346,0.0
TEST_extreme_55400,cluster_2061304035_245647208,441.0,0.0,1,35.95785180099372,0.0,0.0,0.0,0.0,0.0,0.0,10.642577,0.0
TEST_extreme_55400,cluster_2061304035_245647208,446.0,0.0,0,0.0,0.0,0.0,0.0,0.0,0.0,0.0,1.363607,0.0
TEST_extreme_55400,cluster_2061304035_245647208,451.0,0.0,0,0.0,0.0,0.0,0.0,0.0,0.0,0.0,1.363607,0.0
TEST_extreme_55400,cluster_2061304035_245647208,456.0,0.0,0,0.0,0.0,0.0,0.0,0.0,0.0,0.0,1.363607,0.0
TEST_extreme_55400,cluster_2061304035_245647208,461.0,0.0,0,0.0,0.0,0.0,0.0,0.0,0.0,0.0,1.363607,0.0
TEST_extreme_55400,cluster_2061304035_245647208,466.0,0.0,3,53.337688321684766,0.0,0.0,0.0,0.0,0.0,0.0,7.233555,0.0
TEST_extreme_55400,cluster_2061304035_245647208,471.0,0.0,4,39.08693843156034,0.0,0.0,0.0,0.0,0.0,0.0,71.24565,0.0
TEST_extreme_55400,cluster_2061304035_245647208,476.0,10.0,3,6.938373029383602,0.0,0.0,0.0,0.0,0.5,0.0,2.8177,10.0
TEST_extreme_55400,cluster_2061304035_245647208,481.0,15.0,4,4.088135228778919,10.0,0.0,0.0,0.0,0.75,0.0,16.53383,15.0
TEST_extreme_55400,cluster_2061304035_245647208,486.0,10.0,5,4.440190115987384,15.0,10.0,0.0,0.0,0.5,0.0,15.239244,10.0
TEST_extreme_55400,cluster_2061304035_245647208,491.0,25.0,8,10.01441779136315,10.0,15.0,10.0,0.0,1.25,0.0,15.310667,25.0
TEST_extreme_55400,cluster_2061304035_245647208,496.0,15.0,5,6.409636991986645,25.0,10.0,15.0,10.0,0.25,0.0,12.570424,15.0
TEST_extreme_55400,cluster_2061304035_245647208,501.0,0.0,1,17.27191744719473,15.0,25.0,10.0,15.0,-0.75,10.0,15.210572,0.0
TEST_extreme_55400,cluster_2061304035_245647208,506.0,0.0,0,0.0,0.0,15.0,25.0,10.0,-0.5,30.0,9.414862,0.0
TEST_extreme_55400,cluster_2061304035_245647208,511.0,0.0,2,50.02282087448669,0.0,0.0,15.0,25.0,-1.25,35.0,7.161353,0.0
TEST_extreme_55400,cluster_2061304035_245647208,516.0,0.0,3,35.52884900989914,0.0,0.0,0.0,15.0,-0.75,40.0,26.016573,0.0
TEST_extreme_55400,cluster_2061304035_245647208,521.0,0.0,3,46.597967032741366,0.0,0.0,0.0,0.0,0.0,50.0,29.69524,0.0
TEST_extreme_55400,cluster_2061304035_245647208,526.0,0.0,2,16.938188175170982,0.0,0.0,0.0,0.0,0.0,40.0,5.1756797,0.0
TEST_extreme_55400,cluster_2061304035_245647208,531.0,0.0,3,19.3108832930824,0.0,0.0,0.0,0.0,0.0,0.0,19.455202,0.0
TEST_extreme_55400,cluster_2061304035_245647208,536.0,0.0,2,18.14525248555793,0.0,0.0,0.0,0.0,0.0,0.0,4.2283,0.0
TEST_extreme_55400,cluster_2061304035_245647208,541.0,0.0,1,57.4672003708434,0.0,0.0,0.0,0.0,0.0,0.0,3.3101542,0.0
TEST_extreme_55400,cluster_2061304035_245647208,546.0,0.0,0,0.0,0.0,0.0,0.0,0.0,0.0,0.0,1.363607,0.0
TEST_extreme_55400,cluster_2061304035_245647208,551.0,0.0,0,0.0,0.0,0.0,0.0,0.0,0.0,0.0,1.363607,0.0
TEST_extreme_55400,cluster_2061304035_245647208,556.0,0.0,3,43.12371135244013,0.0,0.0,0.0,0.0,0.0,0.0,22.408077,0.0
TEST_extreme_55400,cluster_2061304035_245647208,561.0,10.0,6,8.847711549560834,0.0,0.0,0.0,0.0,0.5,0.0,5.244246,10.0
TEST_extreme_55400,cluster_2061304035_245647208,566.0,30.0,7,2.764936069168015,10.0,0.0,0.0,0.0,1.5,0.0,16.285442,30.0
TEST_extreme_55400,cluster_2061304035_245647208,571.0,35.0,8,0.0927898512973142,30.0,10.0,0.0,0.0,1.75,0.0,10.517492,35.0
TEST_extreme_55400,cluster_2061304035_245647208,576.0,40.0,9,1.5006264815915298,35.0,30.0,10.0,0.0,2.0,0.0,6.9173594,40.0
TEST_extreme_55400,cluster_2061304035_245647208,581.0,50.0,11,3.108224974412045,40.0,35.0,30.0,10.0,2.0,5.0,21.4237,50.0
TEST_extreme_55400,cluster_2061304035_245647208,586.0,40.0,8,0.0017614067450524,50.0,40.0,35.0,30.0,0.5,5.0,20.214226,40.0
TEST_extreme_55400,cluster_2061304035_245647208,591.0,0.0,4,14.356201988943267,40.0,50.0,40.0,35.0,-1.75,15.0,31.406876,0.0
TEST_extreme_55400,cluster_2061304035_245647208,596.0,0.0,0,0.0,0.0,40.0,50.0,40.0,-2.0,25.0,56.90969,0.0
TEST_extreme_55400,cluster_2061304035_245647208,601.0,0.0,3,54.35410599796021,0.0,0.0,40.0,50.0,-2.5,25.0,13.618414,0.0
TEST_extreme_55400,cluster_2061304035_245647208,606.0,0.0,1,23.28699201387277,0.0,0.0,0.0,40.0,-2.0,25.0,38.934074,0.0
TEST_extreme_55400,cluster_2061304035_245647208,611.0,0.0,2,28.724511146795056,0.0,0.0,0.0,0.0,0.0,25.0,20.044651,0.0
TEST_extreme_55400,cluster_2061304035_245647208,616.0,0.0,2,25.779628194882907,0.0,0.0,0.0,0.0,0.0,15.0,11.514889,0.0
TEST_extreme_55400,cluster_2061304035_245647208,621.0,0.0,1,32.32303234892598,0.0,0.0,0.0,0.0,0.0,0.0,13.994936,0.0
TEST_extreme_55400,cluster_2061304035_245647208,626.0,0.0,2,26.329094071557925,0.0,0.0,0.0,0.0,0.0,5.0,9.839593,0.0
TEST_extreme_55400,cluster_2061304035_245647208,631.0,0.0,2,18.600937350357047,0.0,0.0,0.0,0.0,0.0,5.0,6.8728237,0.0
TEST_extreme_55400,cluster_2061304035_245647208,636.0,0.0,1,10.88605195095676,0.0,0.0,0.0,0.0,0.0,5.0,6.127261,0.0
TEST_extreme_55400,cluster_2061304035_245647208,641.0,5.0,1,0.0,0.0,0.0,0.0,0.0,0.25,5.0,4.31049,5.0
TEST_extreme_55400,cluster_2061304035_245647208,646.0,5.0,2,14.74552963102662,5.0,0.0,0.0,0.0,0.25,5.0,5.087813,5.0
TEST_extreme_55400,cluster_2061304035_245647208,651.0,15.0,7,8.922474739078083,5.0,5.0,0.0,0.0,0.75,5.0,10.6504545,15.0
TEST_extreme_55400,cluster_2061304035_245647208,656.0,25.0,5,0.000415463131352,15.0,5.0,5.0,0.0,1.25,5.0,3.7662957,25.0
TEST_extreme_55400,cluster_2061304035_245647208,661.0,25.0,5,0.0,25.0,15.0,5.0,5.0,1.0,0.0,6.2630777,25.0
TEST_extreme_55400,cluster_2061304035_245647208,666.0,25.0,5,0.0,25.0,25.0,15.0,5.0,1.0,0.0,10.002023,25.0
TEST_extreme_55400,cluster_2061304035_245647208,671.0,25.0,5,0.0,25.0,25.0,25.0,15.0,0.5,0.0,10.658655,25.0
TEST_extreme_55400,cluster_2061304035_245647208,676.0,15.0,3,0.0,25.0,25.0,25.0,25.0,-0.5,0.0,24.33503,15.0
TEST_extreme_55400,cluster_2061304035_245647208,681.0,0.0,3,28.48842199243457,15.0,25.0,25.0,25.0,-1.25,10.0,22.100147,0.0
TEST_extreme_55400,cluster_2061304035_245647208,686.0,5.0,3,13.391697365540278,0.0,15.0,25.0,25.0,-1.0,15.0,46.691242,5.0
TEST_extreme_55400,cluster_2061304035_245647208,691.0,5.0,2,24.0204126475895,5.0,0.0,15.0,25.0,-1.0,20.0,34.38321,5.0
TEST_extreme_55400,cluster_2061304035_245647208,696.0,5.0,3,39.995640084935104,5.0,5.0,0.0,15.0,-0.5,20.0,36.277122,5.0
TEST_extreme_55400,cluster_2061304035_245647208,701.0,5.0,2,8.439003350798018,5.0,5.0,5.0,0.0,0.25,20.0,7.8197083,5.0
TEST_extreme_55400,cluster_2061304035_245647208,706.0,5.0,1,0.0,5.0,5.0,5.0,5.0,0.0,10.0,5.867684,5.0
TEST_extreme_55400,cluster_2061304035_245647208,711.0,5.0,1,0.0,5.0,5.0,5.0,5.0,0.0,0.0,5.867684,5.0
TEST_extreme_55400,cluster_2061304035_245647208,716.0,5.0,1,0.0,5.0,5.0,5.0,5.0,0.0,0.0,5.867684,5.0
TEST_extreme_55400,cluster_2061304035_245647208,721.0,0.0,0,0.0,5.0,5.0,5.0,5.0,-0.25,0.0,5.3519025,0.0
TEST_extreme_55400,cluster_2061304035_245647208,726.0,0.0,0,0.0,0.0,5.0,5.0,5.0,-0.25,0.0,6.3771977,0.0
TEST_extreme_55400,cluster_2061304035_245647208,731.0,0.0,0,0.0,0.0,0.0,5.0,5.0,-0.25,0.0,6.3771977,0.0
TEST_extreme_55400,cluster_2061304035_245647208,736.0,0.0,4,42.35566049060199,0.0,0.0,0.0,5.0,-0.25,0.0,74.21942,0.0
TEST_extreme_55400,cluster_245647168_3238255150_3495323634,16.0,0.0,0,0.0,0.0,0.0,0.0,0.0,0.0,10.0,1.363607,0.0
TEST_extreme_55400,cluster_245647168_3238255150_3495323634,21.0,0.0,0,0.0,0.0,0.0,0.0,0.0,0.0,15.0,1.363607,0.0
TEST_extreme_55400,cluster_245647168_3238255150_3495323634,26.0,0.0,0,0.0,0.0,0.0,0.0,0.0,0.0,15.0,1.363607,0.0
TEST_extreme_55400,cluster_245647168_3238255150_3495323634,31.0,0.0,0,0.0,0.0,0.0,0.0,0.0,0.0,5.0,1.363607,0.0
TEST_extreme_55400,cluster_245647168_3238255150_3495323634,36.0,0.0,0,0.0,0.0,0.0,0.0,0.0,0.0,0.0,1.363607,0.0
TEST_extreme_55400,cluster_245647168_3238255150_3495323634,41.0,0.0,0,0.0,0.0,0.0,0.0,0.0,0.0,5.0,1.363607,0.0
TEST_extreme_55400,cluster_245647168_3238255150_3495323634,46.0,0.0,0,0.0,0.0,0.0,0.0,0.0,0.0,5.0,1.363607,0.0
TEST_extreme_55400,cluster_245647168_3238255150_3495323634,51.0,0.0,0,0.0,0.0,0.0,0.0,0.0,0.0,5.0,1.363607,0.0
TEST_extreme_55400,cluster_245647168_3238255150_3495323634,56.0,0.0,1,81.87166318505616,0.0,0.0,0.0,0.0,0.0,15.0,9.950874,0.0
TEST_extreme_55400,cluster_245647168_3238255150_3495323634,61.0,0.0,2,42.35221491357684,0.0,0.0,0.0,0.0,0.0,15.0,10.441654,0.0
TEST_extreme_55400,cluster_245647168_3238255150_3495323634,66.0,5.0,2,5.447210253990843,0.0,0.0,0.0,0.0,0.0,20.0,6.1448097,5.0
TEST_extreme_55400,cluster_245647168_3238255150_3495323634,71.0,5.0,3,22.554948537145087,5.0,0.0,0.0,0.0,0.0,30.0,22.594736,5.0
TEST_extreme_55400,cluster_245647168_3238255150_3495323634,76.0,10.0,3,0.1515795547367334,5.0,5.0,0.0,0.0,0.0,45.0,6.7175717,10.0
TEST_extreme_55400,cluster_245647168_3238255150_3495323634,81.0,15.0,4,14.785441444755064,10.0,5.0,5.0,0.0,0.0,60.0,16.274954,15.0
TEST_extreme_55400,cluster_245647168_3238255150_3495323634,86.0,15.0,4,6.517195022780907,15.0,10.0,5.0,5.0,0.0,70.0,15.361589,15.0
TEST_extreme_55400,cluster_245647168_3238255150_3495323634,91.0,5.0,1,0.0,15.0,15.0,10.0,5.0,0.0,75.0,6.508235,5.0
TEST_extreme_55400,cluster_245647168_3238255150_3495323634,96.0,0.0,1,24.03627167223051,5.0,15.0,15.0,10.0,0.0,80.0,11.446803,0.0
TEST_extreme_55400,cluster_245647168_3238255150_3495323634,101.0,5.0,3,56.425991850908765,0.0,5.0,15.0,15.0,0.0,60.0,12.421696,5.0
TEST_extreme_55400,cluster_245647168_3238255150_3495323634,106.0,5.0,2,32.14719659562573,5.0,0.0,5.0,15.0,0.0,65.0,19.851587,5.0
TEST_extreme_55400,cluster_245647168_3238255150_3495323634,111.0,5.0,3,13.02819241762459,5.0,5.0,0.0,5.0,0.0,85.0,12.4126005,5.0
TEST_extreme_55400,cluster_245647168_3238255150_3495323634,116.0,15.0,4,12.32018436076314,5.0,5.0,5.0,0.0,0.75,100.0,9.46374,15.0
TEST_extreme_55400,cluster_245647168_3238255150_3495323634,121.0,15.0,5,24.37839671805415,15.0,5.0,5.0,5.0,0.5,95.0,31.318281,15.0
TEST_extreme_55400,cluster_245647168_3238255150_3495323634,126.0,20.0,6,10.499450740163049,15.0,15.0,5.0,5.0,0.75,30.0,14.259055,20.0
TEST_extreme_55400,cluster_245647168_3238255150_3495323634,131.0,30.0,9,12.495999511559267,20.0,15.0,15.0,5.0,1.25,25.0,16.043335,30.0
TEST_extreme_55400,cluster_245647168_3238255150_3495323634,136.0,45.0,12,7.3324946382552465,30.0,20.0,15.0,15.0,1.5,25.0,31.412186,45.0
TEST_extreme_55400,cluster_245647168_3238255150_3495323634,141.0,60.0,14,5.189147125584769,45.0,30.0,20.0,15.0,2.25,40.0,25.897158,60.0
TEST_extreme_55400,cluster_245647168_3238255150_3495323634,146.0,70.0,16,7.097125705918696,60.0,45.0,30.0,20.0,2.5,40.0,28.548357,70.0
TEST_extreme_55400,cluster_245647168_3238255150_3495323634,151.0,75.0,17,2.139147210101736,70.0,60.0,45.0,30.0,2.25,40.0,25.03038,75.0
TEST_extreme_55400,cluster_245647168_3238255150_3495323634,156.0,80.0,17,0.3646425489527754,75.0,70.0,60.0,45.0,1.75,50.0,30.95709,80.0
TEST_extreme_55400,cluster_245647168_3238255150_3495323634,161.0,60.0,15,4.405934829336308,80.0,75.0,70.0,60.0,0.0,55.0,52.37969,60.0
TEST_extreme_55400,cluster_245647168_3238255150_3495323634,166.0,65.0,17,10.040214172032687,60.0,80.0,75.0,70.0,-0.25,60.0,64.31873,65.0
TEST_extreme_55400,cluster_245647168_3238255150_3495323634,171.0,85.0,21,8.47652455969058,65.0,60.0,80.0,75.0,0.5,60.0,36.679123,85.0
TEST_extreme_55400,cluster_245647168_3238255150_3495323634,176.0,100.0,24,5.007923093593617,85.0,65.0,60.0,80.0,1.0,70.0,36.24966,100.0
TEST_extreme_55400,cluster_245647168_3238255150_3495323634,181.0,95.0,25,8.854508885408508,100.0,85.0,65.0,60.0,1.75,75.0,23.513433,95.0
TEST_extreme_55400,cluster_245647168_3238255150_3495323634,186.0,30.0,25,7.720644741196621,95.0,100.0,85.0,65.0,-1.75,90.0,199.19656,30.0
TEST_extreme_55400,cluster_245647168_3238255150_3495323634,191.0,25.0,17,10.110536872256134,30.0,95.0,100.0,85.0,-3.0,90.0,33.906174,25.0
TEST_extreme_55400,cluster_245647168_3238255150_3495323634,196.0,25.0,11,13.571621787214044,25.0,30.0,95.0,100.0,-3.75,105.0,45.54991,25.0
TEST_extreme_55400,cluster_245647168_3238255150_3495323634,201.0,40.0,11,0.3360614912013532,25.0,25.0,30.0,95.0,-2.75,120.0,72.47627,40.0
TEST_extreme_55400,cluster_245647168_3238255150_3495323634,206.0,40.0,10,7.761642985115297,40.0,25.0,25.0,30.0,0.5,125.0,30.421595,40.0
TEST_extreme_55400,cluster_245647168_3238255150_3495323634,211.0,40.0,11,9.450299738809278,40.0,40.0,25.0,25.0,0.75,115.0,28.661037,40.0
TEST_extreme_55400,cluster_245647168_3238255150_3495323634,216.0,50.0,14,12.335612546266775,40.0,40.0,40.0,25.0,1.25,50.0,31.500082,50.0
TEST_extreme_55400,cluster_245647168_3238255150_3495323634,221.0,55.0,13,0.3939351794603053,50.0,40.0,40.0,40.0,0.75,40.0,36.46851,55.0
TEST_extreme_55400,cluster_245647168_3238255150_3495323634,226.0,60.0,13,4.206973560275623,55.0,50.0,40.0,40.0,1.0,30.0,39.804703,60.0
TEST_extreme_55400,cluster_245647168_3238255150_3495323634,231.0,60.0,14,0.6197772316525264,60.0,55.0,50.0,40.0,1.0,40.0,38.163616,60.0
TEST_extreme_55400,cluster_245647168_3238255150_3495323634,236.0,70.0,17,8.78240294159613,60.0,60.0,55.0,50.0,1.0,55.0,33.953304,70.0
TEST_extreme_55400,cluster_245647168_3238255150_3495323634,241.0,75.0,20,4.956187978920644,70.0,60.0,60.0,55.0,1.0,75.0,33.03151,75.0
TEST_extreme_55400,cluster_245647168_3238255150_3495323634,246.0,90.0,20,0.4744775239270569,75.0,70.0,60.0,60.0,1.5,80.0,33.131367,90.0
TEST_extreme_55400,cluster_245647168_3238255150_3495323634,251.0,90.0,20,2.0753117242362245,90.0,75.0,70.0,60.0,1.5,90.0,28.325079,90.0
TEST_extreme_55400,cluster_245647168_3238255150_3495323634,256.0,105.0,24,3.3341848922220656,90.0,90.0,75.0,70.0,1.75,85.0,84.81335,105.0
TEST_extreme_55400,cluster_245647168_3238255150_3495323634,261.0,120.0,26,3.062568782829704,105.0,90.0,90.0,75.0,2.25,85.0,71.006,120.0
TEST_extreme_55400,cluster_245647168_3238255150_3495323634,266.0,125.0,29,5.079161735082668,120.0,105.0,90.0,90.0,1.75,90.0,217.51476,125.0
TEST_extreme_55400,cluster_245647168_3238255150_3495323634,271.0,115.0,26,3.7041257050859735,125.0,120.0,105.0,90.0,1.25,95.0,85.64147,115.0
TEST_extreme_55400,cluster_245647168_3238255150_3495323634,276.0,50.0,23,5.569743491463067,115.0,125.0,120.0,105.0,-2.75,105.0,82.179634,50.0
TEST_extreme_55400,cluster_245647168_3238255150_3495323634,281.0,40.0,18,9.475722911888726,50.0,115.0,125.0,120.0,-4.0,95.0,29.248823,40.0
TEST_extreme_55400,cluster_245647168_3238255150_3495323634,286.0,30.0,15,13.215870325325875,40.0,50.0,115.0,125.0,-4.75,95.0,42.818035,30.0
TEST_extreme_55400,cluster_245647168_3238255150_3495323634,291.0,40.0,17,10.914897032736151,30.0,40.0,50.0,115.0,-3.75,105.0,41.243378,40.0
TEST_extreme_55400,cluster_245647168_3238255150_3495323634,296.0,55.0,16,1.445481985909589,40.0,30.0,40.0,50.0,0.25,115.0,30.808224,55.0
TEST_extreme_55400,cluster_245647168_3238255150_3495323634,301.0,75.0,17,4.173549166288102,55.0,40.0,30.0,40.0,1.75,100.0,33.099392,75.0
TEST_extreme_55400,cluster_245647168_3238255150_3495323634,306.0,80.0,18,0.1456432367908483,75.0,55.0,40.0,30.0,2.5,40.0,21.894938,80.0
TEST_extreme_55400,cluster_245647168_3238255150_3495323634,311.0,90.0,18,0.0002062883095486,80.0,75.0,55.0,40.0,2.5,15.0,26.616102,90.0
TEST_extreme_55400,cluster_245647168_3238255150_3495323634,316.0,85.0,17,0.0,90.0,80.0,75.0,55.0,1.5,15.0,29.636095,85.0
TEST_extreme_55400,cluster_245647168_3238255150_3495323634,321.0,85.0,18,0.0823222009832567,85.0,90.0,80.0,75.0,0.5,30.0,16.134918,85.0
TEST_extreme_55400,cluster_245647168_3238255150_3495323634,326.0,90.0,19,3.630294378368041,85.0,85.0,90.0,80.0,0.5,50.0,17.92294,90.0
TEST_extreme_55400,cluster_245647168_3238255150_3495323634,331.0,95.0,23,4.830909374805418,90.0,85.0,85.0,90.0,0.25,65.0,51.838737,95.0
TEST_extreme_55400,cluster_245647168_3238255150_3495323634,336.0,105.0,23,0.5170375959623315,95.0,90.0,85.0,85.0,1.0,65.0,31.575733,105.0
TEST_extreme_55400,cluster_245647168_3238255150_3495323634,341.0,95.0,22,2.906994341471408,105.0,95.0,90.0,85.0,0.5,70.0,16.783314,95.0
TEST_extreme_55400,cluster_245647168_3238255150_3495323634,346.0,95.0,23,8.489133484022764,95.0,105.0,95.0,90.0,0.25,70.0,54.34435,95.0
TEST_extreme_55400,cluster_245647168_3238255150_3495323634,351.0,105.0,24,3.300863904972851,95.0,95.0,105.0,95.0,0.5,80.0,98.35296,105.0
TEST_extreme_55400,cluster_245647168_3238255150_3495323634,356.0,115.0,26,3.385054500238841,105.0,95.0,95.0,105.0,0.5,85.0,103.43706,115.0
TEST_extreme_55400,cluster_245647168_3238255150_3495323634,361.0,100.0,22,0.6712475008060252,115.0,105.0,95.0,95.0,0.25,90.0,20.033894,100.0
TEST_extreme_55400,cluster_245647168_3238255150_3495323634,366.0,40.0,19,7.946310988307661,100.0,115.0,105.0,95.0,-2.75,100.0,29.539824,40.0
TEST_extreme_55400,cluster_245647168_3238255150_3495323634,371.0,15.0,14,8.1585975474739,40.0,100.0,115.0,105.0,-4.5,105.0,35.250984,15.0
TEST_extreme_55400,cluster_245647168_3238255150_3495323634,376.0,15.0,11,13.009469688550093,15.0,40.0,100.0,115.0,-5.0,130.0,39.080555,15.0
TEST_extreme_55400,cluster_245647168_3238255150_3495323634,381.0,30.0,13,10.016693648276384,15.0,15.0,40.0,100.0,-3.5,140.0,44.789032,30.0
TEST_extreme_55400,cluster_245647168_3238255150_3495323634,386.0,50.0,13,4.384171359764066,30.0,15.0,15.0,40.0,0.5,150.0,35.47416,50.0
TEST_extreme_55400,cluster_245647168_3238255150_3495323634,391.0,65.0,13,0.0198017607134065,50.0,30.0,15.0,15.0,2.5,130.0,19.999844,65.0
TEST_extreme_55400,cluster_245647168_3238255150_3495323634,396.0,65.0,15,6.649618132204972,65.0,50.0,30.0,15.0,2.5,60.0,32.169098,65.0
TEST_extreme_55400,cluster_245647168_3238255150_3495323634,401.0,70.0,15,2.1302856844199267,65.0,65.0,50.0,30.0,2.0,45.0,28.466562,70.0
TEST_extreme_55400,cluster_245647168_3238255150_3495323634,406.0,70.0,17,5.355640799613266,70.0,65.0,65.0,50.0,1.0,45.0,33.870308,70.0
TEST_extreme_55400,cluster_245647168_3238255150_3495323634,411.0,80.0,18,5.382696052811154,70.0,70.0,65.0,65.0,0.75,70.0,39.588387,80.0
TEST_extreme_55400,cluster_245647168_3238255150_3495323634,416.0,85.0,20,5.201522406091766,80.0,70.0,70.0,65.0,1.0,75.0,30.104567,85.0
TEST_extreme_55400,cluster_245647168_3238255150_3495323634,421.0,90.0,22,6.946429621871084,85.0,80.0,70.0,70.0,1.0,75.0,32.388744,90.0
TEST_extreme_55400,cluster_245647168_3238255150_3495323634,426.0,100.0,23,5.854492864419163,90.0,85.0,80.0,70.0,1.5,75.0,57.10556,100.0
TEST_extreme_55400,cluster_245647168_3238255150_3495323634,431.0,105.0,26,4.570003431072308,100.0,90.0,85.0,80.0,1.25,90.0,79.69562,105.0
TEST_extreme_55400,cluster_245647168_3238255150_3495323634,436.0,130.0,28,2.9261854603413537,105.0,100.0,90.0,85.0,2.25,95.0,141.16608,130.0
TEST_extreme_55400,cluster_245647168_3238255150_3495323634,441.0,140.0,30,3.7495134340365706,130.0,105.0,100.0,90.0,2.5,115.0,196.91724,140.0
TEST_extreme_55400,cluster_245647168_3238255150_3495323634,446.0,150.0,33,2.953251679254052,140.0,130.0,105.0,100.0,2.5,125.0,213.86339,150.0
TEST_extreme_55400,cluster_245647168_3238255150_3495323634,451.0,130.0,32,5.467010738765145,150.0,140.0,130.0,105.0,1.25,130.0,238.95163,130.0
TEST_extreme_55400,cluster_245647168_3238255150_3495323634,456.0,60.0,30,6.285805989440891,130.0,150.0,140.0,130.0,-3.5,135.0,251.05719,60.0
TEST_extreme_55400,cluster_245647168_3238255150_3495323634,461.0,45.0,23,9.87176390441048,60.0,130.0,150.0,140.0,-4.75,135.0,93.18103,45.0
TEST_extreme_55400,cluster_245647168_3238255150_3495323634,466.0,45.0,20,15.688605049256967,45.0,60.0,130.0,150.0,-5.25,135.0,48.277935,45.0
TEST_extreme_55400,cluster_245647168_3238255150_3495323634,471.0,70.0,20,3.6771981097301234,45.0,45.0,60.0,130.0,-3.0,145.0,71.952446,70.0
TEST_extreme_55400,cluster_245647168_3238255150_3495323634,476.0,75.0,17,1.7261156524646577,70.0,45.0,45.0,60.0,0.75,170.0,41.199196,75.0
TEST_extreme_55400,cluster_245647168_3238255150_3495323634,481.0,75.0,19,9.700188385546658,75.0,70.0,45.0,45.0,1.5,170.0,46.32626,75.0
TEST_extreme_55400,cluster_245647168_3238255150_3495323634,486.0,75.0,20,6.267719567173577,75.0,75.0,70.0,45.0,1.5,100.0,45.003044,75.0
TEST_extreme_55400,cluster_245647168_3238255150_3495323634,491.0,90.0,22,4.62966245042586,75.0,75.0,75.0,70.0,1.0,50.0,34.605003,90.0
TEST_extreme_55400,cluster_245647168_3238255150_3495323634,496.0,95.0,25,6.948086366229209,90.0,75.0,75.0,75.0,1.0,40.0,25.321938,95.0
TEST_extreme_55400,cluster_245647168_3238255150_3495323634,501.0,115.0,25,0.0883515042433756,95.0,90.0,75.0,75.0,2.0,50.0,55.177773,115.0
TEST_extreme_55400,cluster_245647168_3238255150_3495323634,506.0,125.0,26,0.1556749598801141,115.0,95.0,90.0,75.0,2.5,95.0,14.696752,125.0
TEST_extreme_55400,cluster_245647168_3238255150_3495323634,511.0,130.0,27,1.5469157035173902,125.0,115.0,95.0,90.0,2.0,135.0,92.409065,130.0
TEST_extreme_55400,cluster_245647168_3238255150_3495323634,516.0,135.0,28,0.0369791269706532,130.0,125.0,115.0,95.0,2.0,145.0,137.19908,135.0
TEST_extreme_55400,cluster_245647168_3238255150_3495323634,521.0,135.0,28,0.5797153484225575,135.0,130.0,125.0,115.0,1.0,150.0,140.59122,135.0
TEST_extreme_55400,cluster_245647168_3238255150_3495323634,526.0,135.0,30,4.828449595151249,135.0,135.0,130.0,125.0,0.5,150.0,223.6845,135.0
TEST_extreme_55400,cluster_245647168_3238255150_3495323634,531.0,145.0,37,6.338069592923329,135.0,135.0,135.0,130.0,0.75,155.0,226.33731,145.0
TEST_extreme_55400,cluster_245647168_3238255150_3495323634,536.0,170.0,39,3.059492274207893,145.0,135.0,135.0,135.0,1.75,160.0,216.5427,170.0
TEST_extreme_55400,cluster_245647168_3238255150_3495323634,541.0,170.0,37,1.6156258710362554,170.0,145.0,135.0,135.0,1.75,165.0,220.9927,170.0
TEST_extreme_55400,cluster_245647168_3238255150_3495323634,546.0,100.0,35,4.459196887406456,170.0,170.0,145.0,135.0,-1.75,170.0,217.28046,100.0
TEST_extreme_55400,cluster_245647168_3238255150_3495323634,551.0,50.0,29,5.947735087559517,100.0,170.0,170.0,145.0,-4.75,175.0,212.90509,50.0
TEST_extreme_55400,cluster_245647168_3238255150_3495323634,556.0,40.0,25,12.621293317125115,50.0,100.0,170.0,170.0,-6.5,180.0,223.9883,40.0
TEST_extreme_55400,cluster_245647168_3238255150_3495323634,561.0,50.0,28,9.206690957585634,40.0,50.0,100.0,170.0,-6.0,185.0,202.2228,50.0
TEST_extreme_55400,cluster_245647168_3238255150_3495323634,566.0,95.0,28,1.551200004532388,50.0,40.0,50.0,100.0,-0.25,205.0,205.4557,95.0
TEST_extreme_55400,cluster_245647168_3238255150_3495323634,571.0,135.0,29,1.381191344633827,95.0,50.0,40.0,50.0,4.25,185.0,81.24645,135.0
TEST_extreme_55400,cluster_245647168_3238255150_3495323634,576.0,145.0,32,3.476992419364995,135.0,95.0,50.0,40.0,5.25,100.0,106.131584,145.0
TEST_extreme_55400,cluster_245647168_3238255150_3495323634,581.0,150.0,32,0.0530481057033561,145.0,135.0,95.0,50.0,5.0,50.0,31.387548,150.0
TEST_extreme_55400,cluster_245647168_3238255150_3495323634,586.0,150.0,32,0.1938904431833352,150.0,145.0,135.0,95.0,2.75,40.0,78.81461,150.0
TEST_extreme_55400,cluster_245647168_3238255150_3495323634,591.0,155.0,31,6.660510755981922e-05,150.0,150.0,145.0,135.0,1.0,50.0,185.25623,155.0
TEST_extreme_55400,cluster_245647168_3238255150_3495323634,596.0,160.0,32,2.134441626834441e-05,155.0,150.0,150.0,145.0,0.75,85.0,174.3546,160.0
TEST_extreme_55400,cluster_245647168_3238255150_3495323634,601.0,165.0,34,1.5585306133861836,160.0,155.0,150.0,150.0,0.75,140.0,234.41118,165.0
TEST_extreme_55400,cluster_245647168_3238255150_3495323634,606.0,170.0,38,2.968153778087314,165.0,160.0,155.0,150.0,1.0,165.0,226.36288,170.0
TEST_extreme_55400,cluster_245647168_3238255150_3495323634,611.0,175.0,38,0.4792867038367562,170.0,165.0,160.0,155.0,1.0,185.0,171.8984,175.0
TEST_extreme_55400,cluster_245647168_3238255150_3495323634,616.0,180.0,38,1.1183558408350154,175.0,170.0,165.0,160.0,1.0,190.0,171.93709,180.0
TEST_extreme_55400,cluster_245647168_3238255150_3495323634,621.0,185.0,40,0.3985439532797992,180.0,175.0,170.0,165.0,1.0,190.0,157.16365,185.0
TEST_extreme_55400,cluster_245647168_3238255150_3495323634,626.0,205.0,41,0.005329682285027,185.0,180.0,175.0,170.0,1.75,190.0,147.22699,205.0
TEST_extreme_55400,cluster_245647168_3238255150_3495323634,631.0,185.0,39,1.5497598319306096,205.0,185.0,180.0,175.0,0.5,205.0,172.40039,185.0
TEST_extreme_55400,cluster_245647168_3238255150_3495323634,636.0,100.0,35,3.159160565361513,185.0,205.0,185.0,180.0,-4.0,210.0,200.18715,100.0
TEST_extreme_55400,cluster_245647168_3238255150_3495323634,641.0,50.0,28,7.577975481868632,100.0,185.0,205.0,185.0,-6.75,225.0,186.81157,50.0
TEST_extreme_55400,cluster_245647168_3238255150_3495323634,646.0,40.0,23,14.143558728508632,50.0,100.0,185.0,205.0,-8.25,230.0,78.97772,40.0
TEST_extreme_55400,cluster_245647168_3238255150_3495323634,651.0,50.0,29,10.511324127879137,40.0,50.0,100.0,185.0,-6.75,230.0,240.24492,50.0
TEST_extreme_55400,cluster_245647168_3238255150_3495323634,656.0,85.0,34,6.6409695079993725,50.0,40.0,50.0,100.0,-0.75,240.0,267.5947,85.0
TEST_extreme_55400,cluster_245647168_3238255150_3495323634,661.0,140.0,36,3.16167066525326,85.0,50.0,40.0,50.0,4.5,225.0,130.65588,140.0
TEST_extreme_55400,cluster_245647168_3238255150_3495323634,666.0,165.0,40,2.759835421808297,140.0,85.0,50.0,40.0,6.25,135.0,99.05091,165.0
TEST_extreme_55400,cluster_245647168_3238255150_3495323634,671.0,185.0,39,0.0830523586883952,165.0,140.0,85.0,50.0,6.75,55.0,29.517014,185.0
TEST_extreme_55400,cluster_245647168_3238255150_3495323634,676.0,190.0,38,0.0046873048213822,185.0,165.0,140.0,85.0,5.25,45.0,35.418797,190.0
TEST_extreme_55400,cluster_245647168_3238255150_3495323634,681.0,190.0,39,1.984092344288087,190.0,185.0,165.0,140.0,2.5,85.0,179.93248,190.0
TEST_extreme_55400,cluster_245647168_3238255150_3495323634,686.0,190.0,42,2.476071807617958,190.0,190.0,185.0,165.0,1.25,115.0,174.04974,190.0
TEST_extreme_55400,cluster_245647168_3238255150_3495323634,691.0,205.0,42,0.0136629540535298,190.0,190.0,190.0,185.0,1.0,155.0,151.61368,205.0
TEST_extreme_55400,cluster_245647168_3238255150_3495323634,696.0,210.0,44,0.7240770325160355,205.0,190.0,190.0,190.0,1.0,170.0,153.76402,210.0
TEST_extreme_55400,cluster_245647168_3238255150_3495323634,701.0,225.0,46,0.6799459885290269,210.0,205.0,190.0,190.0,1.75,170.0,143.42694,225.0
TEST_extreme_55400,cluster_245647168_3238255150_3495323634,706.0,230.0,47,0.0484365641182214,225.0,210.0,205.0,190.0,2.0,170.0,144.8947,230.0
TEST_extreme_55400,cluster_245647168_3238255150_3495323634,711.0,230.0,48,0.1606524489409329,230.0,225.0,210.0,205.0,1.25,170.0,161.85672,230.0
TEST_extreme_55400,cluster_245647168_3238255150_3495323634,716.0,240.0,49,0.0301720564075313,230.0,230.0,225.0,210.0,1.5,170.0,160.69078,240.0
TEST_extreme_55400,cluster_245647168_3238255150_3495323634,721.0,225.0,46,0.6498786245657335,240.0,230.0,230.0,225.0,0.0,175.0,202.01451,225.0
TEST_extreme_55400,cluster_245647168_3238255150_3495323634,726.0,135.0,42,2.744184372895558,225.0,240.0,230.0,230.0,-4.75,180.0,224.52254,135.0
TEST_extreme_55400,cluster_245647168_3238255150_3495323634,731.0,55.0,36,5.563764025235784,135.0,225.0,240.0,230.0,-8.75,185.0,200.99161,55.0
TEST_extreme_55400,cluster_245647168_3238255150_3495323634,736.0,45.0,30,9.628953767307545,55.0,135.0,225.0,240.0,-9.75,190.0,239.53656,45.0
TEST_heavy_vehicle_87238,cluster_13546492148_1838721956,16.0,0.0,0,0.0,0.0,0.0,0.0,0.0,0.0,0.0,1.363607,0.0
TEST_heavy_vehicle_87238,cluster_13546492148_1838721956,21.0,0.0,0,0.0,0.0,0.0,0.0,0.0,0.0,0.0,1.363607,0.0
TEST_heavy_vehicle_87238,cluster_13546492148_1838721956,26.0,0.0,0,0.0,0.0,0.0,0.0,0.0,0.0,0.0,1.363607,0.0
TEST_heavy_vehicle_87238,cluster_13546492148_1838721956,31.0,0.0,0,0.0,0.0,0.0,0.0,0.0,0.0,0.0,1.363607,0.0
TEST_heavy_vehicle_87238,cluster_13546492148_1838721956,36.0,0.0,0,0.0,0.0,0.0,0.0,0.0,0.0,0.0,1.363607,0.0
TEST_heavy_vehicle_87238,cluster_13546492148_1838721956,41.0,0.0,0,0.0,0.0,0.0,0.0,0.0,0.0,0.0,1.363607,0.0
TEST_heavy_vehicle_87238,cluster_13546492148_1838721956,46.0,0.0,0,0.0,0.0,0.0,0.0,0.0,0.0,0.0,1.363607,0.0
TEST_heavy_vehicle_87238,cluster_13546492148_1838721956,51.0,0.0,0,0.0,0.0,0.0,0.0,0.0,0.0,0.0,1.363607,0.0
TEST_heavy_vehicle_87238,cluster_13546492148_1838721956,56.0,0.0,0,0.0,0.0,0.0,0.0,0.0,0.0,0.0,1.363607,0.0
TEST_heavy_vehicle_87238,cluster_13546492148_1838721956,61.0,0.0,0,0.0,0.0,0.0,0.0,0.0,0.0,0.0,1.363607,0.0
TEST_heavy_vehicle_87238,cluster_13546492148_1838721956,66.0,0.0,0,0.0,0.0,0.0,0.0,0.0,0.0,0.0,1.363607,0.0
TEST_heavy_vehicle_87238,cluster_13546492148_1838721956,71.0,0.0,0,0.0,0.0,0.0,0.0,0.0,0.0,0.0,1.363607,0.0
TEST_heavy_vehicle_87238,cluster_13546492148_1838721956,76.0,0.0,0,0.0,0.0,0.0,0.0,0.0,0.0,0.0,1.363607,0.0
TEST_heavy_vehicle_87238,cluster_13546492148_1838721956,81.0,0.0,0,0.0,0.0,0.0,0.0,0.0,0.0,5.0,1.363607,0.0
TEST_heavy_vehicle_87238,cluster_13546492148_1838721956,86.0,0.0,0,0.0,0.0,0.0,0.0,0.0,0.0,5.0,1.363607,0.0
TEST_heavy_vehicle_87238,cluster_13546492148_1838721956,91.0,0.0,0,0.0,0.0,0.0,0.0,0.0,0.0,5.0,1.363607,0.0
TEST_heavy_vehicle_87238,cluster_13546492148_1838721956,96.0,0.0,0,0.0,0.0,0.0,0.0,0.0,0.0,5.0,1.363607,0.0
TEST_heavy_vehicle_87238,cluster_13546492148_1838721956,101.0,0.0,0,0.0,0.0,0.0,0.0,0.0,0.0,5.0,1.363607,0.0
TEST_heavy_vehicle_87238,cluster_13546492148_1838721956,106.0,0.0,0,0.0,0.0,0.0,0.0,0.0,0.0,5.0,1.363607,0.0
TEST_heavy_vehicle_87238,cluster_13546492148_1838721956,111.0,0.0,0,0.0,0.0,0.0,0.0,0.0,0.0,5.0,1.363607,0.0
TEST_heavy_vehicle_87238,cluster_13546492148_1838721956,116.0,0.0,0,0.0,0.0,0.0,0.0,0.0,0.0,5.0,1.363607,0.0
TEST_heavy_vehicle_87238,cluster_13546492148_1838721956,121.0,0.0,0,0.0,0.0,0.0,0.0,0.0,0.0,0.0,1.363607,0.0
TEST_heavy_vehicle_87238,cluster_13546492148_1838721956,126.0,0.0,0,0.0,0.0,0.0,0.0,0.0,0.0,0.0,1.363607,0.0
TEST_heavy_vehicle_87238,cluster_13546492148_1838721956,131.0,0.0,0,0.0,0.0,0.0,0.0,0.0,0.0,0.0,1.363607,0.0
TEST_heavy_vehicle_87238,cluster_13546492148_1838721956,136.0,0.0,1,19.73657634071657,0.0,0.0,0.0,0.0,0.0,0.0,8.547714,0.0
TEST_heavy_vehicle_87238,cluster_13546492148_1838721956,141.0,5.0,1,0.0019911455681279,0.0,0.0,0.0,0.0,0.25,0.0,5.3307853,5.0
TEST_heavy_vehicle_87238,cluster_13546492148_1838721956,146.0,5.0,1,0.0,5.0,0.0,0.0,0.0,0.25,5.0,4.31049,5.0
TEST_heavy_vehicle_87238,cluster_13546492148_1838721956,151.0,5.0,1,0.0,5.0,5.0,0.0,0.0,0.25,5.0,4.31049,5.0
TEST_heavy_vehicle_87238,cluster_13546492148_1838721956,156.0,5.0,1,0.0,5.0,5.0,5.0,0.0,0.25,5.0,4.31049,5.0
TEST_heavy_vehicle_87238,cluster_13546492148_1838721956,161.0,5.0,1,0.0,5.0,5.0,5.0,5.0,0.0,5.0,5.867684,5.0
TEST_heavy_vehicle_87238,cluster_13546492148_1838721956,166.0,5.0,1,0.0,5.0,5.0,5.0,5.0,0.0,5.0,5.867684,5.0
TEST_heavy_vehicle_87238,cluster_13546492148_1838721956,171.0,5.0,1,0.0,5.0,5.0,5.0,5.0,0.0,5.0,5.867684,5.0
TEST_heavy_vehicle_87238,cluster_13546492148_1838721956,176.0,5.0,1,0.0,5.0,5.0,5.0,5.0,0.0,5.0,5.867684,5.0
TEST_heavy_vehicle_87238,cluster_13546492148_1838721956,181.0,0.0,1,3.043246666761115,5.0,5.0,5.0,5.0,-0.25,5.0,7.3038993,0.0
TEST_heavy_vehicle_87238,cluster_13546492148_1838721956,186.0,0.0,0,0.0,0.0,5.0,5.0,5.0,-0.25,5.0,6.3771977,0.0
TEST_heavy_vehicle_87238,cluster_13546492148_1838721956,191.0,0.0,0,0.0,0.0,0.0,5.0,5.0,-0.25,5.0,6.3771977,0.0
TEST_heavy_vehicle_87238,cluster_13546492148_1838721956,196.0,0.0,0,0.0,0.0,0.0,0.0,5.0,-0.25,5.0,6.3771977,0.0
TEST_heavy_vehicle_87238,cluster_13546492148_1838721956,201.0,0.0,0,0.0,0.0,0.0,0.0,0.0,0.0,5.0,1.363607,0.0
TEST_heavy_vehicle_87238,cluster_13546492148_1838721956,206.0,5.0,1,0.1351323650796097,0.0,0.0,0.0,0.0,0.25,10.0,5.4441495,5.0
TEST_heavy_vehicle_87238,cluster_13546492148_1838721956,211.0,5.0,1,0.0,5.0,0.0,0.0,0.0,0.25,5.0,4.31049,5.0
TEST_heavy_vehicle_87238,cluster_13546492148_1838721956,216.0,5.0,1,0.0,5.0,5.0,0.0,0.0,0.25,0.0,4.31049,5.0
TEST_heavy_vehicle_87238,cluster_13546492148_1838721956,221.0,5.0,1,0.0,5.0,5.0,5.0,0.0,0.25,0.0,4.31049,5.0
TEST_heavy_vehicle_87238,cluster_13546492148_1838721956,226.0,5.0,1,0.0117045941323733,5.0,5.0,5.0,5.0,0.0,0.0,6.99824,5.0
TEST_heavy_vehicle_87238,cluster_13546492148_1838721956,231.0,5.0,1,0.0,5.0,5.0,5.0,5.0,0.0,0.0,5.867684,5.0
TEST_heavy_vehicle_87238,cluster_13546492148_1838721956,236.0,5.0,1,0.0,5.0,5.0,5.0,5.0,0.0,0.0,5.867684,5.0
TEST_heavy_vehicle_87238,cluster_13546492148_1838721956,241.0,5.0,1,0.0,5.0,5.0,5.0,5.0,0.0,0.0,5.867684,5.0
TEST_heavy_vehicle_87238,cluster_13546492148_1838721956,246.0,5.0,1,0.0,5.0,5.0,5.0,5.0,0.0,0.0,5.867684,5.0
TEST_heavy_vehicle_87238,cluster_13546492148_1838721956,251.0,5.0,1,0.0,5.0,5.0,5.0,5.0,0.0,0.0,5.867684,5.0
TEST_heavy_vehicle_87238,cluster_13546492148_1838721956,256.0,5.0,1,0.0,5.0,5.0,5.0,5.0,0.0,0.0,5.867684,5.0
TEST_heavy_vehicle_87238,cluster_13546492148_1838721956,261.0,5.0,2,9.57175762366528,5.0,5.0,5.0,5.0,0.0,0.0,7.2042747,5.0
TEST_heavy_vehicle_87238,cluster_13546492148_1838721956,266.0,10.0,2,0.0002947733420464,5.0,5.0,5.0,5.0,0.25,5.0,6.3823624,10.0
TEST_heavy_vehicle_87238,cluster_13546492148_1838721956,271.0,5.0,1,0.0057178011282114,10.0,5.0,5.0,5.0,0.0,5.0,6.99824,5.0
TEST_heavy_vehicle_87238,cluster_13546492148_1838721956,276.0,0.0,0,0.0,5.0,10.0,5.0,5.0,-0.25,5.0,5.3519025,0.0
TEST_heavy_vehicle_87238,cluster_13546492148_1838721956,281.0,0.0,0,0.0,0.0,5.0,10.0,5.0,-0.25,5.0,6.3771977,0.0
TEST_heavy_vehicle_87238,cluster_13546492148_1838721956,286.0,0.0,0,0.0,0.0,0.0,5.0,10.0,-0.5,5.0,6.4594674,0.0
TEST_heavy_vehicle_87238,cluster_13546492148_1838721956,291.0,0.0,0,0.0,0.0,0.0,0.0,5.0,-0.25,5.0,6.3771977,0.0
TEST_heavy_vehicle_87238,cluster_13546492148_1838721956,296.0,0.0,0,0.0,0.0,0.0,0.0,0.0,0.0,5.0,1.363607,0.0
TEST_heavy_vehicle_87238,cluster_13546492148_1838721956,301.0,0.0,0,0.0,0.0,0.0,0.0,0.0,0.0,0.0,1.363607,0.0
TEST_heavy_vehicle_87238,cluster_13546492148_1838721956,306.0,0.0,0,0.0,0.0,0.0,0.0,0.0,0.0,0.0,1.363607,0.0
TEST_heavy_vehicle_87238,cluster_13546492148_1838721956,311.0,0.0,0,0.0,0.0,0.0,0.0,0.0,0.0,0.0,1.363607,0.0
TEST_heavy_vehicle_87238,cluster_13546492148_1838721956,316.0,0.0,0,0.0,0.0,0.0,0.0,0.0,0.0,0.0,1.363607,0.0
TEST_heavy_vehicle_87238,cluster_13546492148_1838721956,321.0,0.0,1,11.648909381504804,0.0,0.0,0.0,0.0,0.0,0.0,6.127261,0.0
TEST_heavy_vehicle_87238,cluster_13546492148_1838721956,326.0,5.0,1,0.0027758789476064,0.0,0.0,0.0,0.0,0.25,0.0,5.3307853,5.0
TEST_heavy_vehicle_87238,cluster_13546492148_1838721956,331.0,5.0,1,0.0,5.0,0.0,0.0,0.0,0.25,0.0,4.31049,5.0
TEST_heavy_vehicle_87238,cluster_13546492148_1838721956,336.0,5.0,1,0.0,5.0,5.0,0.0,0.0,0.25,5.0,4.31049,5.0
TEST_heavy_vehicle_87238,cluster_13546492148_1838721956,341.0,5.0,1,0.0,5.0,5.0,5.0,0.0,0.25,5.0,4.31049,5.0
TEST_heavy_vehicle_87238,cluster_13546492148_1838721956,346.0,5.0,1,0.0,5.0,5.0,5.0,5.0,0.0,0.0,5.867684,5.0
TEST_heavy_vehicle_87238,cluster_13546492148_1838721956,351.0,5.0,1,0.0,5.0,5.0,5.0,5.0,0.0,0.0,5.867684,5.0
TEST_heavy_vehicle_87238,cluster_13546492148_1838721956,356.0,5.0,1,0.0,5.0,5.0,5.0,5.0,0.0,0.0,5.867684,5.0
TEST_heavy_vehicle_87238,cluster_13546492148_1838721956,361.0,0.0,1,2.838307381980121,5.0,5.0,5.0,5.0,-0.25,0.0,7.3038993,0.0
TEST_heavy_vehicle_87238,cluster_13546492148_1838721956,366.0,0.0,0,0.0,0.0,5.0,5.0,5.0,-0.25,0.0,6.3771977,0.0
TEST_heavy_vehicle_87238,cluster_13546492148_1838721956,371.0,0.0,0,0.0,0.0,0.0,5.0,5.0,-0.25,5.0,6.3771977,0.0
TEST_heavy_vehicle_87238,cluster_13546492148_1838721956,376.0,0.0,0,0.0,0.0,0.0,0.0,5.0,-0.25,5.0,6.3771977,0.0
TEST_heavy_vehicle_87238,cluster_13546492148_1838721956,381.0,0.0,0,0.0,0.0,0.0,0.0,0.0,0.0,5.0,1.363607,0.0
TEST_heavy_vehicle_87238,cluster_13546492148_1838721956,386.0,0.0,0,0.0,0.0,0.0,0.0,0.0,0.0,5.0,1.363607,0.0
TEST_heavy_vehicle_87238,cluster_13546492148_1838721956,391.0,0.0,1,0.7940215256508356,0.0,0.0,0.0,0.0,0.0,0.0,3.622648,0.0
TEST_heavy_vehicle_87238,cluster_13546492148_1838721956,396.0,5.0,1,0.0,0.0,0.0,0.0,0.0,0.25,0.0,4.31049,5.0
TEST_heavy_vehicle_87238,cluster_13546492148_1838721956,401.0,5.0,1,0.0,5.0,0.0,0.0,0.0,0.25,0.0,4.31049,5.0
TEST_heavy_vehicle_87238,cluster_13546492148_1838721956,406.0,0.0,2,17.749475585663863,5.0,5.0,0.0,0.0,0.0,0.0,10.087642,0.0
TEST_heavy_vehicle_87238,cluster_13546492148_1838721956,411.0,0.0,0,0.0,0.0,5.0,5.0,0.0,0.0,0.0,1.363607,0.0
TEST_heavy_vehicle_87238,cluster_13546492148_1838721956,416.0,0.0,0,0.0,0.0,0.0,5.0,5.0,-0.25,0.0,6.3771977,0.0
TEST_heavy_vehicle_87238,cluster_13546492148_1838721956,421.0,0.0,0,0.0,0.0,0.0,0.0,5.0,-0.25,0.0,6.3771977,0.0
TEST_heavy_vehicle_87238,cluster_13546492148_1838721956,426.0,0.0,0,0.0,0.0,0.0,0.0,0.0,0.0,0.0,1.363607,0.0
TEST_heavy_vehicle_87238,cluster_13546492148_1838721956,431.0,5.0,1,0.0574686984930697,0.0,0.0,0.0,0.0,0.25,10.0,5.4441495,5.0
TEST_heavy_vehicle_87238,cluster_13546492148_1838721956,436.0,5.0,1,0.0003921067845275,5.0,0.0,0.0,0.0,0.25,0.0,4.31049,5.0
TEST_heavy_vehicle_87238,cluster_13546492148_1838721956,441.0,5.0,1,0.0,5.0,5.0,0.0,0.0,0.25,0.0,4.31049,5.0
TEST_heavy_vehicle_87238,cluster_13546492148_1838721956,446.0,5.0,1,0.0,5.0,5.0,5.0,0.0,0.25,5.0,4.31049,5.0
TEST_heavy_vehicle_87238,cluster_13546492148_1838721956,451.0,0.0,1,54.086319142942216,5.0,5.0,5.0,5.0,-0.25,5.0,1.6722249,0.0
TEST_heavy_vehicle_87238,cluster_13546492148_1838721956,456.0,0.0,0,0.0,0.0,5.0,5.0,5.0,-0.25,10.0,6.3771977,0.0
TEST_heavy_vehicle_87238,cluster_13546492148_1838721956,461.0,0.0,0,0.0,0.0,0.0,5.0,5.0,-0.25,10.0,6.3771977,0.0
TEST_heavy_vehicle_87238,cluster_13546492148_1838721956,466.0,0.0,0,0.0,0.0,0.0,0.0,5.0,-0.25,15.0,6.3771977,0.0
TEST_heavy_vehicle_87238,cluster_13546492148_1838721956,471.0,0.0,0,0.0,0.0,0.0,0.0,0.0,0.0,15.0,1.363607,0.0
TEST_heavy_vehicle_87238,cluster_13546492148_1838721956,476.0,0.0,0,0.0,0.0,0.0,0.0,0.0,0.0,15.0,1.363607,0.0
TEST_heavy_vehicle_87238,cluster_13546492148_1838721956,481.0,0.0,1,68.1787459042933,0.0,0.0,0.0,0.0,0.0,5.0,3.3101542,0.0
TEST_heavy_vehicle_87238,cluster_13546492148_1838721956,486.0,0.0,2,8.161487512964337,0.0,0.0,0.0,0.0,0.0,0.0,6.173477,0.0
TEST_heavy_vehicle_87238,cluster_13546492148_1838721956,491.0,10.0,2,0.0032657430691172,0.0,0.0,0.0,0.0,0.5,5.0,5.8454638,10.0
TEST_heavy_vehicle_87238,cluster_13546492148_1838721956,496.0,0.0,1,2.197720610210672,10.0,0.0,0.0,0.0,0.0,5.0,3.473514,0.0
TEST_heavy_vehicle_87238,cluster_13546492148_1838721956,501.0,0.0,1,2.5057481888461286,0.0,10.0,0.0,0.0,0.0,5.0,4.328601,0.0
TEST_heavy_vehicle_87238,cluster_13546492148_1838721956,506.0,5.0,1,0.0017925107550594,0.0,0.0,10.0,0.0,0.25,5.0,5.3307853,5.0
TEST_heavy_vehicle_87238,cluster_13546492148_1838721956,511.0,5.0,1,0.0,5.0,0.0,0.0,10.0,-0.25,10.0,7.406266,5.0
TEST_heavy_vehicle_87238,cluster_13546492148_1838721956,516.0,10.0,2,0.0069275044894644,5.0,5.0,0.0,0.0,0.5,10.0,6.497918,10.0
TEST_heavy_vehicle_87238,cluster_13546492148_1838721956,521.0,10.0,3,2.3814017389603364,10.0,5.0,5.0,0.0,0.5,10.0,6.896264,10.0
TEST_heavy_vehicle_87238,cluster_13546492148_1838721956,526.0,15.0,3,0.006642287960377,10.0,10.0,5.0,5.0,0.5,0.0,10.941459,15.0
TEST_heavy_vehicle_87238,cluster_13546492148_1838721956,531.0,15.0,3,0.0,15.0,10.0,10.0,5.0,0.5,0.0,9.010549,15.0
TEST_heavy_vehicle_87238,cluster_13546492148_1838721956,536.0,15.0,3,0.0,15.0,15.0,10.0,10.0,0.25,0.0,9.287345,15.0
TEST_heavy_vehicle_87238,cluster_13546492148_1838721956,541.0,5.0,1,0.0,15.0,15.0,15.0,10.0,-0.25,5.0,8.046817,5.0
TEST_heavy_vehicle_87238,cluster_13546492148_1838721956,546.0,0.0,1,17.980759248869532,5.0,15.0,15.0,15.0,-0.75,5.0,5.9859037,0.0
TEST_heavy_vehicle_87238,cluster_13546492148_1838721956,551.0,5.0,1,0.0034544174907417,0.0,5.0,15.0,15.0,-0.5,5.0,10.333253,5.0
TEST_heavy_vehicle_87238,cluster_13546492148_1838721956,556.0,5.0,1,0.0,5.0,0.0,5.0,15.0,-0.5,10.0,10.566412,5.0
TEST_heavy_vehicle_87238,cluster_13546492148_1838721956,561.0,5.0,1,0.0,5.0,5.0,0.0,5.0,0.0,15.0,5.867684,5.0
TEST_heavy_vehicle_87238,cluster_13546492148_1838721956,566.0,5.0,2,0.7485951095390171,5.0,5.0,5.0,0.0,0.25,15.0,5.1907144,5.0
TEST_heavy_vehicle_87238,cluster_13546492148_1838721956,571.0,10.0,2,0.0,5.0,5.0,5.0,5.0,0.25,5.0,6.3823624,10.0
TEST_heavy_vehicle_87238,cluster_13546492148_1838721956,576.0,10.0,2,0.0,10.0,5.0,5.0,5.0,0.25,0.0,6.3823624,10.0
TEST_heavy_vehicle_87238,cluster_13546492148_1838721956,581.0,10.0,2,0.0,10.0,10.0,5.0,5.0,0.25,0.0,6.3823624,10.0
TEST_heavy_vehicle_87238,cluster_13546492148_1838721956,586.0,0.0,1,3.4564068293664607,10.0,10.0,10.0,5.0,-0.25,0.0,5.726226,0.0
TEST_heavy_vehicle_87238,cluster_13546492148_1838721956,591.0,0.0,1,15.565408187080182,0.0,10.0,10.0,10.0,-0.5,0.0,10.232121,0.0
TEST_heavy_vehicle_87238,cluster_13546492148_1838721956,596.0,0.0,0,0.0,0.0,0.0,10.0,10.0,-0.5,0.0,6.4594674,0.0
TEST_heavy_vehicle_87238,cluster_13546492148_1838721956,601.0,5.0,1,0.0019454006521017,0.0,0.0,0.0,10.0,-0.25,0.0,7.455627,5.0
TEST_heavy_vehicle_87238,cluster_13546492148_1838721956,606.0,5.0,1,0.0,5.0,0.0,0.0,0.0,0.25,0.0,4.31049,5.0
TEST_heavy_vehicle_87238,cluster_13546492148_1838721956,611.0,5.0,2,12.151885860261697,5.0,5.0,0.0,0.0,0.25,0.0,5.97805,5.0
TEST_heavy_vehicle_87238,cluster_13546492148_1838721956,616.0,10.0,2,0.0002786221820827,5.0,5.0,5.0,0.0,0.5,0.0,4.8251686,10.0
TEST_heavy_vehicle_87238,cluster_13546492148_1838721956,621.0,15.0,3,0.0128856748440667,10.0,5.0,5.0,5.0,0.5,0.0,10.941459,15.0
TEST_heavy_vehicle_87238,cluster_13546492148_1838721956,626.0,15.0,3,0.0,15.0,10.0,5.0,5.0,0.5,0.0,9.469972,15.0
TEST_heavy_vehicle_87238,cluster_13546492148_1838721956,631.0,5.0,1,0.0,15.0,15.0,10.0,5.0,0.0,0.0,6.508235,5.0
TEST_heavy_vehicle_87238,cluster_13546492148_1838721956,636.0,0.0,0,0.0,5.0,15.0,15.0,10.0,-0.5,5.0,6.0747232,0.0
TEST_heavy_vehicle_87238,cluster_13546492148_1838721956,641.0,0.0,0,0.0,0.0,5.0,15.0,15.0,-0.75,5.0,6.7851744,0.0
TEST_heavy_vehicle_87238,cluster_13546492148_1838721956,646.0,0.0,0,0.0,0.0,0.0,5.0,15.0,-0.75,5.0,6.7851744,0.0
TEST_heavy_vehicle_87238,cluster_13546492148_1838721956,651.0,0.0,0,0.0,0.0,0.0,0.0,5.0,-0.25,5.0,6.3771977,0.0
TEST_heavy_vehicle_87238,cluster_13546492148_1838721956,656.0,0.0,0,0.0,0.0,0.0,0.0,0.0,0.0,5.0,1.363607,0.0
TEST_heavy_vehicle_87238,cluster_13546492148_1838721956,661.0,0.0,0,0.0,0.0,0.0,0.0,0.0,0.0,0.0,1.363607,0.0
TEST_heavy_vehicle_87238,cluster_13546492148_1838721956,666.0,0.0,0,0.0,0.0,0.0,0.0,0.0,0.0,0.0,1.363607,0.0
TEST_heavy_vehicle_87238,cluster_13546492148_1838721956,671.0,0.0,0,0.0,0.0,0.0,0.0,0.0,0.0,0.0,1.363607,0.0
TEST_heavy_vehicle_87238,cluster_13546492148_1838721956,676.0,0.0,0,0.0,0.0,0.0,0.0,0.0,0.0,0.0,1.363607,0.0
TEST_heavy_vehicle_87238,cluster_13546492148_1838721956,681.0,0.0,0,0.0,0.0,0.0,0.0,0.0,0.0,0.0,1.363607,0.0
TEST_heavy_vehicle_87238,cluster_13546492148_1838721956,686.0,0.0,0,0.0,0.0,0.0,0.0,0.0,0.0,5.0,1.363607,0.0
TEST_heavy_vehicle_87238,cluster_13546492148_1838721956,691.0,0.0,1,1.9982741344512625,0.0,0.0,0.0,0.0,0.0,5.0,3.622648,0.0
TEST_heavy_vehicle_87238,cluster_13546492148_1838721956,696.0,5.0,1,0.0066123586668085,0.0,0.0,0.0,0.0,0.25,5.0,5.9832397,5.0
TEST_heavy_vehicle_87238,cluster_13546492148_1838721956,701.0,5.0,1,0.0,5.0,0.0,0.0,0.0,0.25,5.0,4.31049,5.0
TEST_heavy_vehicle_87238,cluster_13546492148_1838721956,706.0,5.0,1,0.0,5.0,5.0,0.0,0.0,0.25,0.0,4.31049,5.0
TEST_heavy_vehicle_87238,cluster_13546492148_1838721956,711.0,5.0,1,0.0,5.0,5.0,5.0,0.0,0.25,0.0,4.31049,5.0
TEST_heavy_vehicle_87238,cluster_13546492148_1838721956,716.0,5.0,1,0.0,5.0,5.0,5.0,5.0,0.0,0.0,5.867684,5.0
TEST_heavy_vehicle_87238,cluster_13546492148_1838721956,721.0,0.0,0,0.0,5.0,5.0,5.0,5.0,-0.25,0.0,5.3519025,0.0
TEST_heavy_vehicle_87238,cluster_13546492148_1838721956,726.0,0.0,0,0.0,0.0,5.0,5.0,5.0,-0.25,0.0,6.3771977,0.0
TEST_heavy_vehicle_87238,cluster_13546492148_1838721956,731.0,0.0,0,0.0,0.0,0.0,5.0,5.0,-0.25,0.0,6.3771977,0.0
TEST_heavy_vehicle_87238,cluster_13546492148_1838721956,736.0,0.0,0,0.0,0.0,0.0,0.0,5.0,-0.25,0.0,6.3771977,0.0
TEST_heavy_vehicle_87238,cluster_2061304035_245647208,16.0,0.0,0,0.0,0.0,0.0,0.0,0.0,0.0,0.0,1.363607,0.0
TEST_heavy_vehicle_87238,cluster_2061304035_245647208,21.0,0.0,0,0.0,0.0,0.0,0.0,0.0,0.0,0.0,1.363607,0.0
TEST_heavy_vehicle_87238,cluster_2061304035_245647208,26.0,0.0,0,0.0,0.0,0.0,0.0,0.0,0.0,0.0,1.363607,0.0
TEST_heavy_vehicle_87238,cluster_2061304035_245647208,31.0,0.0,0,0.0,0.0,0.0,0.0,0.0,0.0,0.0,1.363607,0.0
TEST_heavy_vehicle_87238,cluster_2061304035_245647208,36.0,0.0,0,0.0,0.0,0.0,0.0,0.0,0.0,0.0,1.363607,0.0
TEST_heavy_vehicle_87238,cluster_2061304035_245647208,41.0,0.0,0,0.0,0.0,0.0,0.0,0.0,0.0,0.0,1.363607,0.0
TEST_heavy_vehicle_87238,cluster_2061304035_245647208,46.0,0.0,0,0.0,0.0,0.0,0.0,0.0,0.0,0.0,1.363607,0.0
TEST_heavy_vehicle_87238,cluster_2061304035_245647208,51.0,0.0,0,0.0,0.0,0.0,0.0,0.0,0.0,0.0,1.363607,0.0
TEST_heavy_vehicle_87238,cluster_2061304035_245647208,56.0,0.0,0,0.0,0.0,0.0,0.0,0.0,0.0,0.0,1.363607,0.0
TEST_heavy_vehicle_87238,cluster_2061304035_245647208,61.0,0.0,0,0.0,0.0,0.0,0.0,0.0,0.0,0.0,1.363607,0.0
TEST_heavy_vehicle_87238,cluster_2061304035_245647208,66.0,0.0,0,0.0,0.0,0.0,0.0,0.0,0.0,0.0,1.363607,0.0
TEST_heavy_vehicle_87238,cluster_2061304035_245647208,71.0,0.0,0,0.0,0.0,0.0,0.0,0.0,0.0,0.0,1.363607,0.0
TEST_heavy_vehicle_87238,cluster_2061304035_245647208,76.0,0.0,0,0.0,0.0,0.0,0.0,0.0,0.0,0.0,1.363607,0.0
TEST_heavy_vehicle_87238,cluster_2061304035_245647208,81.0,0.0,0,0.0,0.0,0.0,0.0,0.0,0.0,0.0,1.363607,0.0
TEST_heavy_vehicle_87238,cluster_2061304035_245647208,86.0,0.0,0,0.0,0.0,0.0,0.0,0.0,0.0,0.0,1.363607,0.0
TEST_heavy_vehicle_87238,cluster_2061304035_245647208,91.0,0.0,0,0.0,0.0,0.0,0.0,0.0,0.0,0.0,1.363607,0.0
TEST_heavy_vehicle_87238,cluster_2061304035_245647208,96.0,0.0,0,0.0,0.0,0.0,0.0,0.0,0.0,0.0,1.363607,0.0
TEST_heavy_vehicle_87238,cluster_2061304035_245647208,101.0,0.0,0,0.0,0.0,0.0,0.0,0.0,0.0,0.0,1.363607,0.0
TEST_heavy_vehicle_87238,cluster_2061304035_245647208,106.0,0.0,0,0.0,0.0,0.0,0.0,0.0,0.0,0.0,1.363607,0.0
TEST_heavy_vehicle_87238,cluster_2061304035_245647208,111.0,0.0,0,0.0,0.0,0.0,0.0,0.0,0.0,0.0,1.363607,0.0
TEST_heavy_vehicle_87238,cluster_2061304035_245647208,116.0,0.0,0,0.0,0.0,0.0,0.0,0.0,0.0,0.0,1.363607,0.0
TEST_heavy_vehicle_87238,cluster_2061304035_245647208,121.0,0.0,0,0.0,0.0,0.0,0.0,0.0,0.0,0.0,1.363607,0.0
TEST_heavy_vehicle_87238,cluster_2061304035_245647208,126.0,0.0,0,0.0,0.0,0.0,0.0,0.0,0.0,0.0,1.363607,0.0
TEST_heavy_vehicle_87238,cluster_2061304035_245647208,131.0,0.0,1,11.098764506424567,0.0,0.0,0.0,0.0,0.0,0.0,6.127261,0.0
TEST_heavy_vehicle_87238,cluster_2061304035_245647208,136.0,0.0,1,3.1718746516787792,0.0,0.0,0.0,0.0,0.0,0.0,4.328601,0.0
TEST_heavy_vehicle_87238,cluster_2061304035_245647208,141.0,0.0,0,0.0,0.0,0.0,0.0,0.0,0.0,0.0,1.363607,0.0
TEST_heavy_vehicle_87238,cluster_2061304035_245647208,146.0,0.0,0,0.0,0.0,0.0,0.0,0.0,0.0,0.0,1.363607,0.0
TEST_heavy_vehicle_87238,cluster_2061304035_245647208,151.0,0.0,0,0.0,0.0,0.0,0.0,0.0,0.0,0.0,1.363607,0.0
TEST_heavy_vehicle_87238,cluster_2061304035_245647208,156.0,0.0,0,0.0,0.0,0.0,0.0,0.0,0.0,0.0,1.363607,0.0
TEST_heavy_vehicle_87238,cluster_2061304035_245647208,161.0,0.0,0,0.0,0.0,0.0,0.0,0.0,0.0,0.0,1.363607,0.0
TEST_heavy_vehicle_87238,cluster_2061304035_245647208,166.0,0.0,0,0.0,0.0,0.0,0.0,0.0,0.0,0.0,1.363607,0.0
TEST_heavy_vehicle_87238,cluster_2061304035_245647208,171.0,0.0,0,0.0,0.0,0.0,0.0,0.0,0.0,0.0,1.363607,0.0
TEST_heavy_vehicle_87238,cluster_2061304035_245647208,176.0,0.0,0,0.0,0.0,0.0,0.0,0.0,0.0,0.0,1.363607,0.0
TEST_heavy_vehicle_87238,cluster_2061304035_245647208,181.0,0.0,0,0.0,0.0,0.0,0.0,0.0,0.0,0.0,1.363607,0.0
TEST_heavy_vehicle_87238,cluster_2061304035_245647208,186.0,0.0,0,0.0,0.0,0.0,0.0,0.0,0.0,0.0,1.363607,0.0
TEST_heavy_vehicle_87238,cluster_2061304035_245647208,191.0,0.0,0,0.0,0.0,0.0,0.0,0.0,0.0,0.0,1.363607,0.0
TEST_heavy_vehicle_87238,cluster_2061304035_245647208,196.0,0.0,0,0.0,0.0,0.0,0.0,0.0,0.0,0.0,1.363607,0.0
TEST_heavy_vehicle_87238,cluster_2061304035_245647208,201.0,0.0,0,0.0,0.0,0.0,0.0,0.0,0.0,0.0,1.363607,0.0
TEST_heavy_vehicle_87238,cluster_2061304035_245647208,206.0,0.0,0,0.0,0.0,0.0,0.0,0.0,0.0,0.0,1.363607,0.0
TEST_heavy_vehicle_87238,cluster_2061304035_245647208,211.0,0.0,0,0.0,0.0,0.0,0.0,0.0,0.0,0.0,1.363607,0.0
TEST_heavy_vehicle_87238,cluster_2061304035_245647208,216.0,0.0,0,0.0,0.0,0.0,0.0,0.0,0.0,0.0,1.363607,0.0
TEST_heavy_vehicle_87238,cluster_2061304035_245647208,221.0,0.0,0,0.0,0.0,0.0,0.0,0.0,0.0,0.0,1.363607,0.0
TEST_heavy_vehicle_87238,cluster_2061304035_245647208,226.0,0.0,1,42.52242042024388,0.0,0.0,0.0,0.0,0.0,0.0,11.605194,0.0
TEST_heavy_vehicle_87238,cluster_2061304035_245647208,231.0,0.0,0,0.0,0.0,0.0,0.0,0.0,0.0,0.0,1.363607,0.0
TEST_heavy_vehicle_87238,cluster_2061304035_245647208,236.0,0.0,0,0.0,0.0,0.0,0.0,0.0,0.0,0.0,1.363607,0.0
TEST_heavy_vehicle_87238,cluster_2061304035_245647208,241.0,0.0,0,0.0,0.0,0.0,0.0,0.0,0.0,0.0,1.363607,0.0
TEST_heavy_vehicle_87238,cluster_2061304035_245647208,246.0,0.0,0,0.0,0.0,0.0,0.0,0.0,0.0,5.0,1.363607,0.0
TEST_heavy_vehicle_87238,cluster_2061304035_245647208,251.0,0.0,1,35.60262894324454,0.0,0.0,0.0,0.0,0.0,5.0,10.642577,0.0
TEST_heavy_vehicle_87238,cluster_2061304035_245647208,256.0,0.0,1,22.84663731795401,0.0,0.0,0.0,0.0,0.0,0.0,7.188759,0.0
TEST_heavy_vehicle_87238,cluster_2061304035_245647208,261.0,0.0,0,0.0,0.0,0.0,0.0,0.0,0.0,0.0,1.363607,0.0
TEST_heavy_vehicle_87238,cluster_2061304035_245647208,266.0,0.0,0,0.0,0.0,0.0,0.0,0.0,0.0,0.0,1.363607,0.0
TEST_heavy_vehicle_87238,cluster_2061304035_245647208,271.0,0.0,0,0.0,0.0,0.0,0.0,0.0,0.0,0.0,1.363607,0.0
TEST_heavy_vehicle_87238,cluster_2061304035_245647208,276.0,0.0,0,0.0,0.0,0.0,0.0,0.0,0.0,0.0,1.363607,0.0
TEST_heavy_vehicle_87238,cluster_2061304035_245647208,281.0,0.0,0,0.0,0.0,0.0,0.0,0.0,0.0,0.0,1.363607,0.0
TEST_heavy_vehicle_87238,cluster_2061304035_245647208,286.0,0.0,2,40.49987871648608,0.0,0.0,0.0,0.0,0.0,0.0,10.401946,0.0
TEST_heavy_vehicle_87238,cluster_2061304035_245647208,291.0,0.0,1,16.113635966296826,0.0,0.0,0.0,0.0,0.0,0.0,6.049996,0.0
TEST_heavy_vehicle_87238,cluster_2061304035_245647208,296.0,0.0,0,0.0,0.0,0.0,0.0,0.0,0.0,0.0,1.363607,0.0
TEST_heavy_vehicle_87238,cluster_2061304035_245647208,301.0,0.0,1,12.01728325564341,0.0,0.0,0.0,0.0,0.0,0.0,6.127261,0.0
TEST_heavy_vehicle_87238,cluster_2061304035_245647208,306.0,5.0,1,0.0,0.0,0.0,0.0,0.0,0.25,0.0,4.31049,5.0
TEST_heavy_vehicle_87238,cluster_2061304035_245647208,311.0,5.0,1,0.0,5.0,0.0,0.0,0.0,0.25,0.0,4.31049,5.0
TEST_heavy_vehicle_87238,cluster_2061304035_245647208,316.0,0.0,0,0.0,5.0,5.0,0.0,0.0,0.0,0.0,1.2144732,0.0
TEST_heavy_vehicle_87238,cluster_2061304035_245647208,321.0,0.0,0,0.0,0.0,5.0,5.0,0.0,0.0,5.0,1.363607,0.0
TEST_heavy_vehicle_87238,cluster_2061304035_245647208,326.0,0.0,0,0.0,0.0,0.0,5.0,5.0,-0.25,5.0,6.3771977,0.0
TEST_heavy_vehicle_87238,cluster_2061304035_245647208,331.0,0.0,0,0.0,0.0,0.0,0.0,5.0,-0.25,5.0,6.3771977,0.0
TEST_heavy_vehicle_87238,cluster_2061304035_245647208,336.0,0.0,0,0.0,0.0,0.0,0.0,0.0,0.0,5.0,1.363607,0.0
TEST_heavy_vehicle_87238,cluster_2061304035_245647208,341.0,0.0,1,41.61205234129211,0.0,0.0,0.0,0.0,0.0,5.0,11.71774,0.0
TEST_heavy_vehicle_87238,cluster_2061304035_245647208,346.0,0.0,1,30.430981812782747,0.0,0.0,0.0,0.0,0.0,0.0,13.994936,0.0
TEST_heavy_vehicle_87238,cluster_2061304035_245647208,351.0,0.0,1,37.14407917212394,0.0,0.0,0.0,0.0,0.0,0.0,10.642577,0.0
TEST_heavy_vehicle_87238,cluster_2061304035_245647208,356.0,0.0,0,0.0,0.0,0.0,0.0,0.0,0.0,0.0,1.363607,0.0
TEST_heavy_vehicle_87238,cluster_2061304035_245647208,361.0,0.0,0,0.0,0.0,0.0,0.0,0.0,0.0,0.0,1.363607,0.0
TEST_heavy_vehicle_87238,cluster_2061304035_245647208,366.0,0.0,0,0.0,0.0,0.0,0.0,0.0,0.0,0.0,1.363607,0.0
TEST_heavy_vehicle_87238,cluster_2061304035_245647208,371.0,0.0,0,0.0,0.0,0.0,0.0,0.0,0.0,0.0,1.363607,0.0
TEST_heavy_vehicle_87238,cluster_2061304035_245647208,376.0,0.0,2,29.56245963345161,0.0,0.0,0.0,0.0,0.0,0.0,9.828496,0.0
TEST_heavy_vehicle_87238,cluster_2061304035_245647208,381.0,5.0,1,0.0018323753255903,0.0,0.0,0.0,0.0,0.25,0.0,5.3307853,5.0
TEST_heavy_vehicle_87238,cluster_2061304035_245647208,386.0,5.0,1,0.0,5.0,0.0,0.0,0.0,0.25,0.0,4.31049,5.0
TEST_heavy_vehicle_87238,cluster_2061304035_245647208,391.0,5.0,1,0.0,5.0,5.0,0.0,0.0,0.25,0.0,4.31049,5.0
TEST_heavy_vehicle_87238,cluster_2061304035_245647208,396.0,5.0,1,0.0,5.0,5.0,5.0,0.0,0.25,0.0,4.31049,5.0
TEST_heavy_vehicle_87238,cluster_2061304035_245647208,401.0,5.0,1,0.0,5.0,5.0,5.0,5.0,0.0,0.0,5.867684,5.0
TEST_heavy_vehicle_87238,cluster_2061304035_245647208,406.0,0.0,0,0.0,5.0,5.0,5.0,5.0,-0.25,0.0,5.3519025,0.0
TEST_heavy_vehicle_87238,cluster_2061304035_245647208,411.0,0.0,0,0.0,0.0,5.0,5.0,5.0,-0.25,5.0,6.3771977,0.0
TEST_heavy_vehicle_87238,cluster_2061304035_245647208,416.0,0.0,0,0.0,0.0,0.0,5.0,5.0,-0.25,5.0,6.3771977,0.0
TEST_heavy_vehicle_87238,cluster_2061304035_245647208,421.0,0.0,1,53.40590998996049,0.0,0.0,0.0,5.0,-0.25,5.0,1.8400078,0.0
TEST_heavy_vehicle_87238,cluster_2061304035_245647208,426.0,0.0,0,0.0,0.0,0.0,0.0,0.0,0.0,5.0,1.363607,0.0
TEST_heavy_vehicle_87238,cluster_2061304035_245647208,431.0,0.0,1,32.687013057775815,0.0,0.0,0.0,0.0,0.0,5.0,13.994936,0.0
TEST_heavy_vehicle_87238,cluster_2061304035_245647208,436.0,0.0,0,0.0,0.0,0.0,0.0,0.0,0.0,0.0,1.363607,0.0
TEST_heavy_vehicle_87238,cluster_2061304035_245647208,441.0,0.0,0,0.0,0.0,0.0,0.0,0.0,0.0,0.0,1.363607,0.0
TEST_heavy_vehicle_87238,cluster_2061304035_245647208,446.0,0.0,0,0.0,0.0,0.0,0.0,0.0,0.0,0.0,1.363607,0.0
TEST_heavy_vehicle_87238,cluster_2061304035_245647208,451.0,0.0,0,0.0,0.0,0.0,0.0,0.0,0.0,0.0,1.363607,0.0
TEST_heavy_vehicle_87238,cluster_2061304035_245647208,456.0,0.0,0,0.0,0.0,0.0,0.0,0.0,0.0,0.0,1.363607,0.0
TEST_heavy_vehicle_87238,cluster_2061304035_245647208,461.0,0.0,1,57.603663820916914,0.0,0.0,0.0,0.0,0.0,0.0,3.3101542,0.0
TEST_heavy_vehicle_87238,cluster_2061304035_245647208,466.0,0.0,1,33.46628558794968,0.0,0.0,0.0,0.0,0.0,0.0,9.742005,0.0
TEST_heavy_vehicle_87238,cluster_2061304035_245647208,471.0,5.0,1,0.0539452610091291,0.0,0.0,0.0,0.0,0.25,0.0,5.4441495,5.0
TEST_heavy_vehicle_87238,cluster_2061304035_245647208,476.0,5.0,1,0.0004695813380885,5.0,0.0,0.0,0.0,0.25,0.0,4.31049,5.0
TEST_heavy_vehicle_87238,cluster_2061304035_245647208,481.0,5.0,1,0.0,5.0,5.0,0.0,0.0,0.25,0.0,4.31049,5.0
TEST_heavy_vehicle_87238,cluster_2061304035_245647208,486.0,5.0,2,25.224604944304563,5.0,5.0,5.0,0.0,0.25,0.0,28.114714,5.0
TEST_heavy_vehicle_87238,cluster_2061304035_245647208,491.0,5.0,2,22.032871622518154,5.0,5.0,5.0,5.0,0.0,0.0,15.145564,5.0
TEST_heavy_vehicle_87238,cluster_2061304035_245647208,496.0,0.0,0,0.0,5.0,5.0,5.0,5.0,-0.25,0.0,5.3519025,0.0
TEST_heavy_vehicle_87238,cluster_2061304035_245647208,501.0,0.0,0,0.0,0.0,5.0,5.0,5.0,-0.25,5.0,6.3771977,0.0
TEST_heavy_vehicle_87238,cluster_2061304035_245647208,506.0,0.0,0,0.0,0.0,0.0,5.0,5.0,-0.25,5.0,6.3771977,0.0
TEST_heavy_vehicle_87238,cluster_2061304035_245647208,511.0,0.0,0,0.0,0.0,0.0,0.0,5.0,-0.25,10.0,6.3771977,0.0
TEST_heavy_vehicle_87238,cluster_2061304035_245647208,516.0,0.0,0,0.0,0.0,0.0,0.0,0.0,0.0,10.0,1.363607,0.0
TEST_heavy_vehicle_87238,cluster_2061304035_245647208,521.0,0.0,0,0.0,0.0,0.0,0.0,0.0,0.0,10.0,1.363607,0.0
TEST_heavy_vehicle_87238,cluster_2061304035_245647208,526.0,0.0,0,0.0,0.0,0.0,0.0,0.0,0.0,5.0,1.363607,0.0
TEST_heavy_vehicle_87238,cluster_2061304035_245647208,531.0,0.0,0,0.0,0.0,0.0,0.0,0.0,0.0,0.0,1.363607,0.0
TEST_heavy_vehicle_87238,cluster_2061304035_245647208,536.0,0.0,0,0.0,0.0,0.0,0.0,0.0,0.0,0.0,1.363607,0.0
TEST_heavy_vehicle_87238,cluster_2061304035_245647208,541.0,0.0,0,0.0,0.0,0.0,0.0,0.0,0.0,0.0,1.363607,0.0
TEST_heavy_vehicle_87238,cluster_2061304035_245647208,546.0,0.0,0,0.0,0.0,0.0,0.0,0.0,0.0,0.0,1.363607,0.0
TEST_heavy_vehicle_87238,cluster_2061304035_245647208,551.0,0.0,0,0.0,0.0,0.0,0.0,0.0,0.0,0.0,1.363607,0.0
TEST_heavy_vehicle_87238,cluster_2061304035_245647208,556.0,0.0,2,40.74509831748584,0.0,0.0,0.0,0.0,0.0,0.0,10.401946,0.0
TEST_heavy_vehicle_87238,cluster_2061304035_245647208,561.0,5.0,1,0.0065687394172237,0.0,0.0,0.0,0.0,0.25,0.0,5.9832397,5.0
TEST_heavy_vehicle_87238,cluster_2061304035_245647208,566.0,5.0,2,0.2424743042195633,5.0,0.0,0.0,0.0,0.25,0.0,5.4441495,5.0
TEST_heavy_vehicle_87238,cluster_2061304035_245647208,571.0,10.0,2,0.0,5.0,5.0,0.0,0.0,0.5,0.0,4.8251686,10.0
TEST_heavy_vehicle_87238,cluster_2061304035_245647208,576.0,10.0,2,0.0,10.0,5.0,5.0,0.0,0.5,0.0,4.8251686,10.0
TEST_heavy_vehicle_87238,cluster_2061304035_245647208,581.0,10.0,2,0.0,10.0,10.0,5.0,5.0,0.25,0.0,6.3823624,10.0
TEST_heavy_vehicle_87238,cluster_2061304035_245647208,586.0,5.0,1,0.0,10.0,10.0,10.0,5.0,0.0,0.0,5.867684,5.0
TEST_heavy_vehicle_87238,cluster_2061304035_245647208,591.0,0.0,1,53.41147401798517,5.0,10.0,10.0,10.0,-0.5,5.0,5.6463633,0.0
TEST_heavy_vehicle_87238,cluster_2061304035_245647208,596.0,0.0,1,24.539708743058146,0.0,5.0,10.0,10.0,-0.5,5.0,12.000801,0.0
TEST_heavy_vehicle_87238,cluster_2061304035_245647208,601.0,0.0,1,49.89774218856377,0.0,0.0,5.0,10.0,-0.5,5.0,10.662328,0.0
TEST_heavy_vehicle_87238,cluster_2061304035_245647208,606.0,0.0,1,35.433985219381114,0.0,0.0,0.0,5.0,-0.25,10.0,10.726224,0.0
TEST_heavy_vehicle_87238,cluster_2061304035_245647208,611.0,0.0,1,45.39646627329455,0.0,0.0,0.0,0.0,0.0,10.0,15.257093,0.0
TEST_heavy_vehicle_87238,cluster_2061304035_245647208,616.0,0.0,0,0.0,0.0,0.0,0.0,0.0,0.0,5.0,1.363607,0.0
TEST_heavy_vehicle_87238,cluster_2061304035_245647208,621.0,0.0,0,0.0,0.0,0.0,0.0,0.0,0.0,0.0,1.363607,0.0
TEST_heavy_vehicle_87238,cluster_2061304035_245647208,626.0,0.0,0,0.0,0.0,0.0,0.0,0.0,0.0,0.0,1.363607,0.0
TEST_heavy_vehicle_87238,cluster_2061304035_245647208,631.0,0.0,0,0.0,0.0,0.0,0.0,0.0,0.0,0.0,1.363607,0.0
TEST_heavy_vehicle_87238,cluster_2061304035_245647208,636.0,0.0,0,0.0,0.0,0.0,0.0,0.0,0.0,0.0,1.363607,0.0
TEST_heavy_vehicle_87238,cluster_2061304035_245647208,641.0,0.0,0,0.0,0.0,0.0,0.0,0.0,0.0,0.0,1.363607,0.0
TEST_heavy_vehicle_87238,cluster_2061304035_245647208,646.0,0.0,2,42.4977982962797,0.0,0.0,0.0,0.0,0.0,0.0,10.441654,0.0
TEST_heavy_vehicle_87238,cluster_2061304035_245647208,651.0,5.0,1,0.001748531823541,0.0,0.0,0.0,0.0,0.25,0.0,5.3307853,5.0
TEST_heavy_vehicle_87238,cluster_2061304035_245647208,656.0,5.0,1,0.0,5.0,0.0,0.0,0.0,0.25,0.0,4.31049,5.0
TEST_heavy_vehicle_87238,cluster_2061304035_245647208,661.0,5.0,2,0.3312100210574796,5.0,5.0,0.0,0.0,0.25,0.0,5.4441495,5.0
TEST_heavy_vehicle_87238,cluster_2061304035_245647208,666.0,10.0,2,0.0,5.0,5.0,5.0,0.0,0.5,0.0,4.8251686,10.0
TEST_heavy_vehicle_87238,cluster_2061304035_245647208,671.0,10.0,3,9.448698255858009,10.0,5.0,5.0,5.0,0.25,0.0,12.079374,10.0
TEST_heavy_vehicle_87238,cluster_2061304035_245647208,676.0,5.0,1,0.0,10.0,10.0,5.0,5.0,0.0,0.0,5.867684,5.0
TEST_heavy_vehicle_87238,cluster_2061304035_245647208,681.0,0.0,1,7.30534278147854,5.0,10.0,10.0,5.0,-0.25,0.0,7.51478,0.0
TEST_heavy_vehicle_87238,cluster_2061304035_245647208,686.0,0.0,1,89.12656800138764,0.0,5.0,10.0,10.0,-0.5,0.0,11.872717,0.0
TEST_heavy_vehicle_87238,cluster_2061304035_245647208,691.0,0.0,0,0.0,0.0,0.0,5.0,10.0,-0.5,0.0,6.4594674,0.0
TEST_heavy_vehicle_87238,cluster_2061304035_245647208,696.0,0.0,0,0.0,0.0,0.0,0.0,5.0,-0.25,0.0,6.3771977,0.0
TEST_heavy_vehicle_87238,cluster_2061304035_245647208,701.0,0.0,0,0.0,0.0,0.0,0.0,0.0,0.0,0.0,1.363607,0.0
TEST_heavy_vehicle_87238,cluster_2061304035_245647208,706.0,0.0,0,0.0,0.0,0.0,0.0,0.0,0.0,0.0,1.363607,0.0
TEST_heavy_vehicle_87238,cluster_2061304035_245647208,711.0,0.0,0,0.0,0.0,0.0,0.0,0.0,0.0,0.0,1.363607,0.0
TEST_heavy_vehicle_87238,cluster_2061304035_245647208,716.0,0.0,0,0.0,0.0,0.0,0.0,0.0,0.0,0.0,1.363607,0.0
TEST_heavy_vehicle_87238,cluster_2061304035_245647208,721.0,0.0,0,0.0,0.0,0.0,0.0,0.0,0.0,0.0,1.363607,0.0
TEST_heavy_vehicle_87238,cluster_2061304035_245647208,726.0,0.0,0,0.0,0.0,0.0,0.0,0.0,0.0,0.0,1.363607,0.0
TEST_heavy_vehicle_87238,cluster_2061304035_245647208,731.0,0.0,0,0.0,0.0,0.0,0.0,0.0,0.0,0.0,1.363607,0.0
TEST_heavy_vehicle_87238,cluster_2061304035_245647208,736.0,0.0,1,39.21497359862547,0.0,0.0,0.0,0.0,0.0,0.0,10.642577,0.0
TEST_heavy_vehicle_87238,cluster_245647168_3238255150_3495323634,16.0,0.0,0,0.0,0.0,0.0,0.0,0.0,0.0,10.0,1.363607,0.0
TEST_heavy_vehicle_87238,cluster_245647168_3238255150_3495323634,21.0,0.0,0,0.0,0.0,0.0,0.0,0.0,0.0,10.0,1.363607,0.0
TEST_heavy_vehicle_87238,cluster_245647168_3238255150_3495323634,26.0,0.0,0,0.0,0.0,0.0,0.0,0.0,0.0,15.0,1.363607,0.0
TEST_heavy_vehicle_87238,cluster_245647168_3238255150_3495323634,31.0,0.0,0,0.0,0.0,0.0,0.0,0.0,0.0,10.0,1.363607,0.0
TEST_heavy_vehicle_87238,cluster_245647168_3238255150_3495323634,36.0,0.0,0,0.0,0.0,0.0,0.0,0.0,0.0,10.0,1.363607,0.0
TEST_heavy_vehicle_87238,cluster_245647168_3238255150_3495323634,41.0,0.0,0,0.0,0.0,0.0,0.0,0.0,0.0,10.0,1.363607,0.0
TEST_heavy_vehicle_87238,cluster_245647168_3238255150_3495323634,46.0,0.0,1,46.3437072,0.0,0.0,0.0,0.0,0.0,10.0,15.257093,0.0
TEST_heavy_vehicle_87238,cluster_245647168_3238255150_3495323634,51.0,0.0,1,0.4158044253622666,0.0,0.0,0.0,0.0,0.0,10.0,3.876083,0.0
TEST_heavy_vehicle_87238,cluster_245647168_3238255150_3495323634,56.0,5.0,1,0.0,0.0,0.0,0.0,0.0,0.0,10.0,4.31049,5.0
TEST_heavy_vehicle_87238,cluster_245647168_3238255150_3495323634,61.0,5.0,3,29.48363194965068,5.0,0.0,0.0,0.0,0.0,10.0,25.33292,5.0
TEST_heavy_vehicle_87238,cluster_245647168_3238255150_3495323634,66.0,5.0,3,8.690448121610435,5.0,5.0,0.0,0.0,0.0,10.0,9.468816,5.0
TEST_heavy_vehicle_87238,cluster_245647168_3238255150_3495323634,71.0,10.0,2,0.0438117165788812,5.0,5.0,5.0,0.0,0.0,10.0,5.958828,10.0
TEST_heavy_vehicle_87238,cluster_245647168_3238255150_3495323634,76.0,10.0,3,29.0889936,10.0,5.0,5.0,5.0,0.0,0.0,60.806396,10.0
TEST_heavy_vehicle_87238,cluster_245647168_3238255150_3495323634,81.0,10.0,3,10.831009363920572,10.0,10.0,5.0,5.0,0.0,5.0,14.586438,10.0
TEST_heavy_vehicle_87238,cluster_245647168_3238255150_3495323634,86.0,15.0,3,0.0115219191532608,10.0,10.0,10.0,5.0,0.0,5.0,10.459384,15.0
TEST_heavy_vehicle_87238,cluster_245647168_3238255150_3495323634,91.0,10.0,2,0.0,15.0,10.0,10.0,10.0,0.0,10.0,6.464632,10.0
TEST_heavy_vehicle_87238,cluster_245647168_3238255150_3495323634,96.0,10.0,2,0.0,10.0,15.0,10.0,10.0,0.0,10.0,7.105183,10.0
TEST_heavy_vehicle_87238,cluster_245647168_3238255150_3495323634,101.0,10.0,2,0.0,10.0,10.0,15.0,10.0,0.0,10.0,6.464632,10.0
TEST_heavy_vehicle_87238,cluster_245647168_3238255150_3495323634,106.0,10.0,2,0.0,10.0,10.0,10.0,15.0,0.0,10.0,10.021271,10.0
TEST_heavy_vehicle_87238,cluster_245647168_3238255150_3495323634,111.0,10.0,2,0.0,10.0,10.0,10.0,10.0,0.0,10.0,6.464632,10.0
TEST_heavy_vehicle_87238,cluster_245647168_3238255150_3495323634,116.0,10.0,2,0.0,10.0,10.0,10.0,10.0,0.0,15.0,6.464632,10.0
TEST_heavy_vehicle_87238,cluster_245647168_3238255150_3495323634,121.0,10.0,2,0.0,10.0,10.0,10.0,10.0,0.0,5.0,6.464632,10.0
TEST_heavy_vehicle_87238,cluster_245647168_3238255150_3495323634,126.0,10.0,3,8.212334763869048,10.0,10.0,10.0,10.0,0.0,0.0,15.844262,10.0
TEST_heavy_vehicle_87238,cluster_245647168_3238255150_3495323634,131.0,10.0,3,18.6749798580464,10.0,10.0,10.0,10.0,0.0,0.0,34.719944,10.0
TEST_heavy_vehicle_87238,cluster_245647168_3238255150_3495323634,136.0,0.0,2,11.386578782314546,10.0,10.0,10.0,10.0,-0.5,0.0,8.537349,0.0
TEST_heavy_vehicle_87238,cluster_245647168_3238255150_3495323634,141.0,5.0,1,0.0022723826266438,0.0,10.0,10.0,10.0,-0.25,0.0,7.455627,5.0
TEST_heavy_vehicle_87238,cluster_245647168_3238255150_3495323634,146.0,5.0,2,26.260451187793624,5.0,0.0,10.0,10.0,-0.25,0.0,16.379263,5.0
TEST_heavy_vehicle_87238,cluster_245647168_3238255150_3495323634,151.0,10.0,2,0.1793713444441072,5.0,5.0,0.0,10.0,0.0,0.0,7.369832,10.0
TEST_heavy_vehicle_87238,cluster_245647168_3238255150_3495323634,156.0,10.0,2,0.0,10.0,5.0,5.0,0.0,0.5,0.0,4.8251686,10.0
TEST_heavy_vehicle_87238,cluster_245647168_3238255150_3495323634,161.0,10.0,2,0.0,10.0,10.0,5.0,5.0,0.25,0.0,6.3823624,10.0
TEST_heavy_vehicle_87238,cluster_245647168_3238255150_3495323634,166.0,10.0,3,21.908569860577582,10.0,10.0,10.0,5.0,0.25,5.0,39.115467,10.0
TEST_heavy_vehicle_87238,cluster_245647168_3238255150_3495323634,171.0,10.0,3,0.2363419300006966,10.0,10.0,10.0,10.0,0.0,10.0,9.752657,10.0
TEST_heavy_vehicle_87238,cluster_245647168_3238255150_3495323634,176.0,15.0,4,16.155584439432573,10.0,10.0,10.0,10.0,0.25,10.0,12.7991705,15.0
TEST_heavy_vehicle_87238,cluster_245647168_3238255150_3495323634,181.0,5.0,3,24.05155976078561,15.0,10.0,10.0,10.0,-0.25,15.0,42.43717,5.0
TEST_heavy_vehicle_87238,cluster_245647168_3238255150_3495323634,186.0,0.0,1,27.80326646859134,5.0,15.0,10.0,10.0,-0.5,20.0,24.102608,0.0
TEST_heavy_vehicle_87238,cluster_245647168_3238255150_3495323634,191.0,0.0,0,0.0,0.0,5.0,15.0,10.0,-0.5,15.0,6.4594674,0.0
TEST_heavy_vehicle_87238,cluster_245647168_3238255150_3495323634,196.0,0.0,0,0.0,0.0,0.0,5.0,15.0,-0.75,20.0,6.7851744,0.0
TEST_heavy_vehicle_87238,cluster_245647168_3238255150_3495323634,201.0,0.0,0,0.0,0.0,0.0,0.0,5.0,-0.25,25.0,6.3771977,0.0
TEST_heavy_vehicle_87238,cluster_245647168_3238255150_3495323634,206.0,0.0,0,0.0,0.0,0.0,0.0,0.0,0.0,30.0,1.363607,0.0
TEST_heavy_vehicle_87238,cluster_245647168_3238255150_3495323634,211.0,0.0,0,0.0,0.0,0.0,0.0,0.0,0.0,15.0,1.363607,0.0
TEST_heavy_vehicle_87238,cluster_245647168_3238255150_3495323634,216.0,0.0,1,49.98155129258707,0.0,0.0,0.0,0.0,0.0,5.0,32.42643,0.0
TEST_heavy_vehicle_87238,cluster_245647168_3238255150_3495323634,221.0,0.0,1,30.170741480846697,0.0,0.0,0.0,0.0,0.0,5.0,13.994936,0.0
TEST_heavy_vehicle_87238,cluster_245647168_3238255150_3495323634,226.0,5.0,2,24.08409516282999,0.0,0.0,0.0,0.0,0.25,5.0,2.91531,5.0
TEST_heavy_vehicle_87238,cluster_245647168_3238255150_3495323634,231.0,10.0,3,17.165379497141235,5.0,0.0,0.0,0.0,0.5,10.0,8.019063,10.0
TEST_heavy_vehicle_87238,cluster_245647168_3238255150_3495323634,236.0,10.0,3,0.132482474885906,10.0,5.0,0.0,0.0,0.5,10.0,7.149699,10.0
TEST_heavy_vehicle_87238,cluster_245647168_3238255150_3495323634,241.0,15.0,5,25.8699957426844,10.0,10.0,5.0,0.0,0.75,15.0,35.763107,15.0
TEST_heavy_vehicle_87238,cluster_245647168_3238255150_3495323634,246.0,20.0,5,0.9231519652473328,15.0,10.0,10.0,5.0,0.75,20.0,10.873173,20.0
TEST_heavy_vehicle_87238,cluster_245647168_3238255150_3495323634,251.0,15.0,5,9.1247705590229,20.0,15.0,10.0,10.0,0.25,25.0,12.437423,15.0
TEST_heavy_vehicle_87238,cluster_245647168_3238255150_3495323634,256.0,20.0,6,4.961273674687543,15.0,20.0,15.0,10.0,0.5,25.0,20.737854,20.0
TEST_heavy_vehicle_87238,cluster_245647168_3238255150_3495323634,261.0,25.0,6,2.0402893818312,20.0,15.0,20.0,15.0,0.5,25.0,13.747434,25.0
TEST_heavy_vehicle_87238,cluster_245647168_3238255150_3495323634,266.0,30.0,6,7.681984664088138e-05,25.0,20.0,15.0,20.0,0.5,30.0,11.454212,30.0
TEST_heavy_vehicle_87238,cluster_245647168_3238255150_3495323634,271.0,15.0,6,9.840874983428511,30.0,25.0,20.0,15.0,0.0,40.0,19.327858,15.0
TEST_heavy_vehicle_87238,cluster_245647168_3238255150_3495323634,276.0,5.0,6,26.76987892270989,15.0,30.0,25.0,20.0,-0.75,40.0,47.151833,5.0
TEST_heavy_vehicle_87238,cluster_245647168_3238255150_3495323634,281.0,5.0,1,0.0,5.0,15.0,30.0,25.0,-1.0,45.0,25.322206,5.0
TEST_heavy_vehicle_87238,cluster_245647168_3238255150_3495323634,286.0,5.0,3,50.17795314535685,5.0,5.0,15.0,30.0,-1.25,50.0,28.73365,5.0
TEST_heavy_vehicle_87238,cluster_245647168_3238255150_3495323634,291.0,10.0,3,16.186574031901156,5.0,5.0,5.0,15.0,-0.25,50.0,30.73626,10.0
TEST_heavy_vehicle_87238,cluster_245647168_3238255150_3495323634,296.0,10.0,3,4.344754663121116,10.0,5.0,5.0,5.0,0.25,55.0,19.875324,10.0
TEST_heavy_vehicle_87238,cluster_245647168_3238255150_3495323634,301.0,15.0,5,30.110511526096776,10.0,10.0,5.0,5.0,0.5,40.0,59.387318,15.0
TEST_heavy_vehicle_87238,cluster_245647168_3238255150_3495323634,306.0,20.0,6,16.383518295943905,15.0,10.0,10.0,5.0,0.75,5.0,13.743039,20.0
TEST_heavy_vehicle_87238,cluster_245647168_3238255150_3495323634,311.0,25.0,7,5.920444104184483,20.0,15.0,10.0,10.0,0.75,10.0,17.424158,25.0
TEST_heavy_vehicle_87238,cluster_245647168_3238255150_3495323634,316.0,25.0,7,13.581609365594735,25.0,20.0,15.0,10.0,0.75,10.0,16.781916,25.0
TEST_heavy_vehicle_87238,cluster_245647168_3238255150_3495323634,321.0,25.0,8,12.378830077747011,25.0,25.0,20.0,15.0,0.5,10.0,18.044342,25.0
TEST_heavy_vehicle_87238,cluster_245647168_3238255150_3495323634,326.0,30.0,8,4.223895565235419,25.0,25.0,25.0,20.0,0.5,10.0,19.424595,30.0
TEST_heavy_vehicle_87238,cluster_245647168_3238255150_3495323634,331.0,40.0,9,6.477220558291574,30.0,25.0,25.0,25.0,0.75,10.0,29.629673,40.0
TEST_heavy_vehicle_87238,cluster_245647168_3238255150_3495323634,336.0,40.0,9,1.4203283969294018,40.0,30.0,25.0,25.0,0.75,15.0,23.73451,40.0
TEST_heavy_vehicle_87238,cluster_245647168_3238255150_3495323634,341.0,45.0,10,2.166764573693388,40.0,40.0,30.0,25.0,1.0,20.0,25.623596,45.0
TEST_heavy_vehicle_87238,cluster_245647168_3238255150_3495323634,346.0,50.0,10,0.0001450434485012,45.0,40.0,40.0,30.0,1.0,15.0,23.732403,50.0
TEST_heavy_vehicle_87238,cluster_245647168_3238255150_3495323634,351.0,50.0,11,2.135660349264176,50.0,45.0,40.0,40.0,0.5,15.0,38.37641,50.0
TEST_heavy_vehicle_87238,cluster_245647168_3238255150_3495323634,356.0,55.0,13,9.057765697124143,50.0,50.0,45.0,40.0,0.75,15.0,38.23982,55.0
TEST_heavy_vehicle_87238,cluster_245647168_3238255150_3495323634,361.0,40.0,10,4.316510591652981,55.0,50.0,50.0,45.0,-0.25,15.0,44.32828,40.0
TEST_heavy_vehicle_87238,cluster_245647168_3238255150_3495323634,366.0,5.0,7,19.59252956503012,40.0,55.0,50.0,50.0,-2.25,20.0,56.8578,5.0
TEST_heavy_vehicle_87238,cluster_245647168_3238255150_3495323634,371.0,10.0,2,0.0768584486732726,5.0,40.0,55.0,50.0,-2.0,25.0,41.94291,10.0
TEST_heavy_vehicle_87238,cluster_245647168_3238255150_3495323634,376.0,10.0,2,0.0,10.0,5.0,40.0,55.0,-2.25,30.0,45.57869,10.0
TEST_heavy_vehicle_87238,cluster_245647168_3238255150_3495323634,381.0,10.0,2,0.0,10.0,10.0,5.0,40.0,-1.5,30.0,37.937748,10.0
TEST_heavy_vehicle_87238,cluster_245647168_3238255150_3495323634,386.0,10.0,3,22.312069826919146,10.0,10.0,10.0,5.0,0.25,30.0,39.115467,10.0
TEST_heavy_vehicle_87238,cluster_245647168_3238255150_3495323634,391.0,10.0,4,20.778104324999045,10.0,10.0,10.0,10.0,0.0,10.0,49.740307,10.0
TEST_heavy_vehicle_87238,cluster_245647168_3238255150_3495323634,396.0,15.0,4,6.855758773362446,10.0,10.0,10.0,10.0,0.25,0.0,14.277872,15.0
TEST_heavy_vehicle_87238,cluster_245647168_3238255150_3495323634,401.0,20.0,4,0.0035639179821147,15.0,10.0,10.0,10.0,0.5,0.0,10.499126,20.0
TEST_heavy_vehicle_87238,cluster_245647168_3238255150_3495323634,406.0,15.0,3,0.0,20.0,15.0,10.0,10.0,0.25,0.0,8.413125,15.0
TEST_heavy_vehicle_87238,cluster_245647168_3238255150_3495323634,411.0,15.0,3,0.0,15.0,20.0,15.0,10.0,0.25,0.0,9.287345,15.0
TEST_heavy_vehicle_87238,cluster_245647168_3238255150_3495323634,416.0,15.0,4,15.95043145312462,15.0,15.0,20.0,15.0,0.0,5.0,18.382786,15.0
TEST_heavy_vehicle_87238,cluster_245647168_3238255150_3495323634,421.0,15.0,4,1.4030655343357377,15.0,15.0,15.0,20.0,-0.25,5.0,17.350035,15.0
TEST_heavy_vehicle_87238,cluster_245647168_3238255150_3495323634,426.0,20.0,6,21.653361548704872,15.0,15.0,15.0,15.0,0.25,10.0,26.901329,20.0
TEST_heavy_vehicle_87238,cluster_245647168_3238255150_3495323634,431.0,25.0,6,2.450104064540039,20.0,15.0,15.0,15.0,0.5,10.0,15.024029,25.0
TEST_heavy_vehicle_87238,cluster_245647168_3238255150_3495323634,436.0,30.0,6,0.001479204160974,25.0,20.0,15.0,15.0,0.75,10.0,9.853421,30.0
TEST_heavy_vehicle_87238,cluster_245647168_3238255150_3495323634,441.0,30.0,6,0.0,30.0,25.0,20.0,15.0,0.75,10.0,11.982238,30.0
TEST_heavy_vehicle_87238,cluster_245647168_3238255150_3495323634,446.0,30.0,6,0.0,30.0,30.0,25.0,20.0,0.5,10.0,13.572623,30.0
TEST_heavy_vehicle_87238,cluster_245647168_3238255150_3495323634,451.0,10.0,3,15.994885215381172,30.0,30.0,30.0,25.0,-0.75,10.0,38.97082,10.0
TEST_heavy_vehicle_87238,cluster_245647168_3238255150_3495323634,456.0,0.0,0,0.0,10.0,30.0,30.0,30.0,-1.5,15.0,7.670157,0.0
TEST_heavy_vehicle_87238,cluster_245647168_3238255150_3495323634,461.0,0.0,0,0.0,0.0,10.0,30.0,30.0,-1.5,10.0,8.398845,0.0
TEST_heavy_vehicle_87238,cluster_245647168_3238255150_3495323634,466.0,0.0,1,32.98334266952085,0.0,0.0,10.0,30.0,-1.5,15.0,20.94167,0.0
TEST_heavy_vehicle_87238,cluster_245647168_3238255150_3495323634,471.0,0.0,1,6.097750904258692,0.0,0.0,0.0,10.0,-0.5,20.0,10.880156,0.0
TEST_heavy_vehicle_87238,cluster_245647168_3238255150_3495323634,476.0,5.0,2,42.69193186478793,0.0,0.0,0.0,0.0,0.25,25.0,4.154865,5.0
TEST_heavy_vehicle_87238,cluster_245647168_3238255150_3495323634,481.0,5.0,2,3.917003700896223,5.0,0.0,0.0,0.0,0.25,15.0,3.9417746,5.0
TEST_heavy_vehicle_87238,cluster_245647168_3238255150_3495323634,486.0,10.0,2,0.0,5.0,5.0,0.0,0.0,0.5,5.0,4.8251686,10.0
TEST_heavy_vehicle_87238,cluster_245647168_3238255150_3495323634,491.0,10.0,2,0.0,10.0,5.0,5.0,0.0,0.5,5.0,4.8251686,10.0
TEST_heavy_vehicle_87238,cluster_245647168_3238255150_3495323634,496.0,10.0,2,0.0,10.0,10.0,5.0,5.0,0.25,5.0,6.3823624,10.0
TEST_heavy_vehicle_87238,cluster_245647168_3238255150_3495323634,501.0,10.0,2,0.0,10.0,10.0,10.0,5.0,0.25,5.0,6.3823624,10.0
TEST_heavy_vehicle_87238,cluster_245647168_3238255150_3495323634,506.0,10.0,2,0.0,10.0,10.0,10.0,10.0,0.0,5.0,6.464632,10.0
TEST_heavy_vehicle_87238,cluster_245647168_3238255150_3495323634,511.0,10.0,3,24.634385824502488,10.0,10.0,10.0,10.0,0.0,5.0,45.978916,10.0
TEST_heavy_vehicle_87238,cluster_245647168_3238255150_3495323634,516.0,15.0,4,13.328999417858444,10.0,10.0,10.0,10.0,0.25,5.0,14.857994,15.0
TEST_heavy_vehicle_87238,cluster_245647168_3238255150_3495323634,521.0,10.0,4,15.49834602375982,15.0,10.0,10.0,10.0,0.0,5.0,15.290013,10.0
TEST_heavy_vehicle_87238,cluster_245647168_3238255150_3495323634,526.0,15.0,5,23.82021498755692,10.0,15.0,10.0,10.0,0.25,0.0,34.75142,15.0
TEST_heavy_vehicle_87238,cluster_245647168_3238255150_3495323634,531.0,20.0,6,13.406828905424788,15.0,10.0,15.0,10.0,0.5,0.0,17.684631,20.0
TEST_heavy_vehicle_87238,cluster_245647168_3238255150_3495323634,536.0,25.0,6,0.2064860018912149,20.0,15.0,10.0,15.0,0.5,5.0,14.024088,25.0
TEST_heavy_vehicle_87238,cluster_245647168_3238255150_3495323634,541.0,15.0,4,0.8095742936720676,25.0,20.0,15.0,10.0,0.25,5.0,9.830206,15.0
TEST_heavy_vehicle_87238,cluster_245647168_3238255150_3495323634,546.0,5.0,1,0.0,15.0,25.0,20.0,15.0,-0.5,10.0,14.695918,5.0
TEST_heavy_vehicle_87238,cluster_245647168_3238255150_3495323634,551.0,5.0,1,0.0,5.0,15.0,25.0,20.0,-0.75,15.0,15.737984,5.0
TEST_heavy_vehicle_87238,cluster_245647168_3238255150_3495323634,556.0,5.0,1,0.0,5.0,5.0,15.0,25.0,-1.0,20.0,24.801516,5.0
TEST_heavy_vehicle_87238,cluster_245647168_3238255150_3495323634,561.0,5.0,1,0.0,5.0,5.0,5.0,15.0,-0.5,35.0,10.566412,5.0
TEST_heavy_vehicle_87238,cluster_245647168_3238255150_3495323634,566.0,5.0,1,0.0,5.0,5.0,5.0,5.0,0.0,35.0,5.867684,5.0
TEST_heavy_vehicle_87238,cluster_245647168_3238255150_3495323634,571.0,5.0,1,0.0,5.0,5.0,5.0,5.0,0.0,30.0,5.867684,5.0
TEST_heavy_vehicle_87238,cluster_245647168_3238255150_3495323634,576.0,5.0,1,0.0,5.0,5.0,5.0,5.0,0.0,5.0,5.867684,5.0
TEST_heavy_vehicle_87238,cluster_245647168_3238255150_3495323634,581.0,5.0,1,0.0,5.0,5.0,5.0,5.0,0.0,5.0,5.867684,5.0
TEST_heavy_vehicle_87238,cluster_245647168_3238255150_3495323634,586.0,0.0,1,62.19989556549597,5.0,5.0,5.0,5.0,-0.25,5.0,5.752449,0.0
TEST_heavy_vehicle_87238,cluster_245647168_3238255150_3495323634,591.0,0.0,1,0.5748832790009947,0.0,5.0,5.0,5.0,-0.25,5.0,7.414932,0.0
TEST_heavy_vehicle_87238,cluster_245647168_3238255150_3495323634,596.0,5.0,1,0.0003849166678418,0.0,0.0,5.0,5.0,0.0,10.0,5.867684,5.0
TEST_heavy_vehicle_87238,cluster_245647168_3238255150_3495323634,601.0,5.0,3,34.42251906624477,5.0,0.0,0.0,5.0,0.0,15.0,23.369965,5.0
TEST_heavy_vehicle_87238,cluster_245647168_3238255150_3495323634,606.0,10.0,4,14.017743138536032,5.0,5.0,0.0,0.0,0.5,15.0,9.151912,10.0
TEST_heavy_vehicle_87238,cluster_245647168_3238255150_3495323634,611.0,15.0,5,13.193113148396902,10.0,5.0,5.0,0.0,0.75,15.0,12.788187,15.0
TEST_heavy_vehicle_87238,cluster_245647168_3238255150_3495323634,616.0,20.0,9,22.93493101617838,15.0,10.0,5.0,5.0,0.75,5.0,23.365826,20.0
TEST_heavy_vehicle_87238,cluster_245647168_3238255150_3495323634,621.0,35.0,10,7.703858046942486,20.0,15.0,10.0,5.0,1.5,5.0,30.050909,35.0
TEST_heavy_vehicle_87238,cluster_245647168_3238255150_3495323634,626.0,35.0,10,2.8681189377283447,35.0,20.0,15.0,10.0,1.25,5.0,14.725649,35.0
TEST_heavy_vehicle_87238,cluster_245647168_3238255150_3495323634,631.0,30.0,10,8.843489386614486,35.0,35.0,20.0,15.0,0.75,10.0,23.109121,30.0
TEST_heavy_vehicle_87238,cluster_245647168_3238255150_3495323634,636.0,5.0,5,12.079916192668335,30.0,35.0,35.0,20.0,-0.75,10.0,27.2353,5.0
TEST_heavy_vehicle_87238,cluster_245647168_3238255150_3495323634,641.0,5.0,2,9.09890414763182,5.0,30.0,35.0,35.0,-1.5,10.0,30.092993,5.0
TEST_heavy_vehicle_87238,cluster_245647168_3238255150_3495323634,646.0,5.0,2,43.75620064009912,5.0,5.0,30.0,35.0,-1.5,10.0,32.37051,5.0
TEST_heavy_vehicle_87238,cluster_245647168_3238255150_3495323634,651.0,5.0,2,14.62728302597169,5.0,5.0,5.0,30.0,-1.25,20.0,26.131437,5.0
TEST_heavy_vehicle_87238,cluster_245647168_3238255150_3495323634,656.0,10.0,3,13.997737481684029,5.0,5.0,5.0,5.0,0.25,25.0,12.650339,10.0
TEST_heavy_vehicle_87238,cluster_245647168_3238255150_3495323634,661.0,15.0,3,0.0253067407769428,10.0,5.0,5.0,5.0,0.5,5.0,10.402369,15.0
TEST_heavy_vehicle_87238,cluster_245647168_3238255150_3495323634,666.0,15.0,3,0.0,15.0,10.0,5.0,5.0,0.5,0.0,9.469972,15.0
TEST_heavy_vehicle_87238,cluster_245647168_3238255150_3495323634,671.0,15.0,3,0.0,15.0,15.0,10.0,5.0,0.5,0.0,9.6511,15.0
TEST_heavy_vehicle_87238,cluster_245647168_3238255150_3495323634,676.0,5.0,2,1.3287337122950704,15.0,15.0,15.0,10.0,-0.25,0.0,8.952019,5.0
TEST_heavy_vehicle_87238,cluster_245647168_3238255150_3495323634,681.0,5.0,1,0.0,5.0,15.0,15.0,15.0,-0.5,0.0,11.2069645,5.0
TEST_heavy_vehicle_87238,cluster_245647168_3238255150_3495323634,686.0,5.0,2,18.18265397936864,5.0,5.0,15.0,15.0,-0.5,0.0,8.3083105,5.0
TEST_heavy_vehicle_87238,cluster_245647168_3238255150_3495323634,691.0,10.0,2,0.0026944998584292,5.0,5.0,5.0,15.0,-0.25,0.0,14.568895,10.0
TEST_heavy_vehicle_87238,cluster_245647168_3238255150_3495323634,696.0,10.0,2,0.0,10.0,5.0,5.0,5.0,0.25,0.0,6.3823624,10.0
TEST_heavy_vehicle_87238,cluster_245647168_3238255150_3495323634,701.0,10.0,4,26.26923878125831,10.0,10.0,5.0,5.0,0.25,10.0,38.998516,10.0
TEST_heavy_vehicle_87238,cluster_245647168_3238255150_3495323634,706.0,10.0,5,10.927743673016252,10.0,10.0,10.0,5.0,0.25,5.0,11.680634,10.0
TEST_heavy_vehicle_87238,cluster_245647168_3238255150_3495323634,711.0,20.0,5,3.694566202516143,10.0,10.0,10.0,10.0,0.5,10.0,10.869428,20.0
TEST_heavy_vehicle_87238,cluster_245647168_3238255150_3495323634,716.0,25.0,5,0.0,20.0,10.0,10.0,10.0,0.75,10.0,7.755745,25.0
TEST_heavy_vehicle_87238,cluster_245647168_3238255150_3495323634,721.0,5.0,2,1.2994001210667194,25.0,20.0,10.0,10.0,-0.25,10.0,8.742012,5.0
TEST_heavy_vehicle_87238,cluster_245647168_3238255150_3495323634,726.0,0.0,1,59.91655254643066,5.0,25.0,20.0,10.0,-0.5,10.0,8.358466,0.0
TEST_heavy_vehicle_87238,cluster_245647168_3238255150_3495323634,731.0,0.0,0,0.0,0.0,5.0,25.0,20.0,-1.0,10.0,9.839451,0.0
TEST_heavy_vehicle_87238,cluster_245647168_3238255150_3495323634,736.0,0.0,0,0.0,0.0,0.0,5.0,25.0,-1.25,10.0,8.398845,0.0
TEST_high_12502,cluster_13546492148_1838721956,16.0,0.0,0,0.0,0.0,0.0,0.0,0.0,0.0,5.0,1.363607,0.0
TEST_high_12502,cluster_13546492148_1838721956,21.0,0.0,0,0.0,0.0,0.0,0.0,0.0,0.0,5.0,1.363607,0.0
TEST_high_12502,cluster_13546492148_1838721956,26.0,0.0,0,0.0,0.0,0.0,0.0,0.0,0.0,5.0,1.363607,0.0
TEST_high_12502,cluster_13546492148_1838721956,31.0,0.0,0,0.0,0.0,0.0,0.0,0.0,0.0,0.0,1.363607,0.0
TEST_high_12502,cluster_13546492148_1838721956,36.0,0.0,0,0.0,0.0,0.0,0.0,0.0,0.0,0.0,1.363607,0.0
TEST_high_12502,cluster_13546492148_1838721956,41.0,0.0,0,0.0,0.0,0.0,0.0,0.0,0.0,5.0,1.363607,0.0
TEST_high_12502,cluster_13546492148_1838721956,46.0,0.0,0,0.0,0.0,0.0,0.0,0.0,0.0,5.0,1.363607,0.0
TEST_high_12502,cluster_13546492148_1838721956,51.0,5.0,1,0.106892505973021,0.0,0.0,0.0,0.0,0.0,5.0,5.4441495,5.0
TEST_high_12502,cluster_13546492148_1838721956,56.0,5.0,1,0.0,5.0,0.0,0.0,0.0,0.0,5.0,4.31049,5.0
TEST_high_12502,cluster_13546492148_1838721956,61.0,5.0,1,0.0,5.0,5.0,0.0,0.0,0.0,5.0,4.31049,5.0
TEST_high_12502,cluster_13546492148_1838721956,66.0,5.0,1,0.0,5.0,5.0,5.0,0.0,0.0,5.0,4.31049,5.0
TEST_high_12502,cluster_13546492148_1838721956,71.0,5.0,1,0.0,5.0,5.0,5.0,5.0,0.0,5.0,5.867684,5.0
TEST_high_12502,cluster_13546492148_1838721956,76.0,5.0,1,0.0,5.0,5.0,5.0,5.0,0.0,0.0,5.867684,5.0
TEST_high_12502,cluster_13546492148_1838721956,81.0,5.0,1,0.0,5.0,5.0,5.0,5.0,0.0,0.0,5.867684,5.0
TEST_high_12502,cluster_13546492148_1838721956,86.0,5.0,1,0.0,5.0,5.0,5.0,5.0,0.0,0.0,5.867684,5.0
TEST_high_12502,cluster_13546492148_1838721956,91.0,0.0,0,0.0,5.0,5.0,5.0,5.0,0.0,5.0,5.178471,0.0
TEST_high_12502,cluster_13546492148_1838721956,96.0,0.0,1,2.920087881482785,0.0,5.0,5.0,5.0,0.0,5.0,7.0261655,0.0
TEST_high_12502,cluster_13546492148_1838721956,101.0,5.0,1,0.0,0.0,0.0,5.0,5.0,0.0,5.0,5.867684,5.0
TEST_high_12502,cluster_13546492148_1838721956,106.0,5.0,1,0.0,5.0,0.0,0.0,5.0,0.0,10.0,5.867684,5.0
TEST_high_12502,cluster_13546492148_1838721956,111.0,5.0,1,0.0,5.0,5.0,0.0,0.0,0.25,15.0,4.31049,5.0
TEST_high_12502,cluster_13546492148_1838721956,116.0,5.0,1,0.0,5.0,5.0,5.0,0.0,0.25,15.0,4.31049,5.0
TEST_high_12502,cluster_13546492148_1838721956,121.0,5.0,1,0.0,5.0,5.0,5.0,5.0,0.0,0.0,5.867684,5.0
TEST_high_12502,cluster_13546492148_1838721956,126.0,5.0,1,0.0,5.0,5.0,5.0,5.0,0.0,0.0,5.867684,5.0
TEST_high_12502,cluster_13546492148_1838721956,131.0,5.0,1,0.0,5.0,5.0,5.0,5.0,0.0,0.0,5.867684,5.0
TEST_high_12502,cluster_13546492148_1838721956,136.0,0.0,0,0.0,5.0,5.0,5.0,5.0,-0.25,0.0,5.3519025,0.0
TEST_high_12502,cluster_13546492148_1838721956,141.0,0.0,0,0.0,0.0,5.0,5.0,5.0,-0.25,0.0,6.3771977,0.0
TEST_high_12502,cluster_13546492148_1838721956,146.0,0.0,0,0.0,0.0,0.0,5.0,5.0,-0.25,10.0,6.3771977,0.0
TEST_high_12502,cluster_13546492148_1838721956,151.0,5.0,1,0.1659044313697016,0.0,0.0,0.0,5.0,0.0,10.0,6.772884,5.0
TEST_high_12502,cluster_13546492148_1838721956,156.0,5.0,1,0.0,5.0,0.0,0.0,0.0,0.25,10.0,4.31049,5.0
TEST_high_12502,cluster_13546492148_1838721956,161.0,5.0,2,1.2587956533375275,5.0,5.0,0.0,0.0,0.25,10.0,5.1907144,5.0
TEST_high_12502,cluster_13546492148_1838721956,166.0,10.0,3,0.355575896781605,5.0,5.0,5.0,0.0,0.5,0.0,6.2941985,10.0
TEST_high_12502,cluster_13546492148_1838721956,171.0,15.0,3,0.0019165245970194,10.0,5.0,5.0,5.0,0.5,5.0,9.064769,15.0
TEST_high_12502,cluster_13546492148_1838721956,176.0,15.0,4,25.227018,15.0,10.0,5.0,5.0,0.5,10.0,33.844288,15.0
TEST_high_12502,cluster_13546492148_1838721956,181.0,0.0,0,0.0,15.0,15.0,10.0,5.0,-0.25,10.0,5.9924536,0.0
TEST_high_12502,cluster_13546492148_1838721956,186.0,0.0,0,0.0,0.0,15.0,15.0,10.0,-0.5,10.0,7.1000185,0.0
TEST_high_12502,cluster_13546492148_1838721956,191.0,0.0,0,0.0,0.0,0.0,15.0,15.0,-0.75,10.0,6.7851744,0.0
TEST_high_12502,cluster_13546492148_1838721956,196.0,0.0,0,0.0,0.0,0.0,0.0,15.0,-0.75,10.0,6.7851744,0.0
TEST_high_12502,cluster_13546492148_1838721956,201.0,0.0,1,15.743985641795522,0.0,0.0,0.0,0.0,0.0,15.0,6.049996,0.0
TEST_high_12502,cluster_13546492148_1838721956,206.0,10.0,2,0.1053766235923801,0.0,0.0,0.0,0.0,0.5,15.0,5.958828,10.0
TEST_high_12502,cluster_13546492148_1838721956,211.0,10.0,2,0.0002877459230064,10.0,0.0,0.0,0.0,0.5,5.0,4.8251686,10.0
TEST_high_12502,cluster_13546492148_1838721956,216.0,10.0,2,0.0,10.0,10.0,0.0,0.0,0.5,0.0,4.8251686,10.0
TEST_high_12502,cluster_13546492148_1838721956,221.0,10.0,2,0.0,10.0,10.0,10.0,0.0,0.5,0.0,4.8251686,10.0
TEST_high_12502,cluster_13546492148_1838721956,226.0,0.0,1,30.148594144319134,10.0,10.0,10.0,10.0,-0.5,0.0,18.49812,0.0
TEST_high_12502,cluster_13546492148_1838721956,231.0,5.0,3,14.026550933254024,0.0,10.0,10.0,10.0,-0.25,0.0,25.261011,5.0
TEST_high_12502,cluster_13546492148_1838721956,236.0,10.0,2,0.0023319759639844,5.0,0.0,10.0,10.0,0.0,10.0,6.5139933,10.0
TEST_high_12502,cluster_13546492148_1838721956,241.0,10.0,2,0.0,10.0,5.0,0.0,10.0,0.0,10.0,6.464632,10.0
TEST_high_12502,cluster_13546492148_1838721956,246.0,10.0,2,0.0,10.0,10.0,5.0,0.0,0.5,10.0,4.8251686,10.0
TEST_high_12502,cluster_13546492148_1838721956,251.0,10.0,2,0.0,10.0,10.0,10.0,5.0,0.25,10.0,6.3823624,10.0
TEST_high_12502,cluster_13546492148_1838721956,256.0,10.0,2,0.0,10.0,10.0,10.0,10.0,0.0,0.0,6.464632,10.0
TEST_high_12502,cluster_13546492148_1838721956,261.0,15.0,3,0.0009447345792328,10.0,10.0,10.0,10.0,0.25,5.0,8.646792,15.0
TEST_high_12502,cluster_13546492148_1838721956,266.0,15.0,3,0.0,15.0,10.0,10.0,10.0,0.25,5.0,8.646792,15.0
TEST_high_12502,cluster_13546492148_1838721956,271.0,5.0,1,0.0,15.0,15.0,10.0,10.0,-0.25,5.0,8.046817,5.0
TEST_high_12502,cluster_13546492148_1838721956,276.0,0.0,0,0.0,5.0,15.0,15.0,10.0,-0.5,5.0,6.0747232,0.0
TEST_high_12502,cluster_13546492148_1838721956,281.0,0.0,0,0.0,0.0,5.0,15.0,15.0,-0.75,5.0,6.7851744,0.0
TEST_high_12502,cluster_13546492148_1838721956,286.0,0.0,0,0.0,0.0,0.0,5.0,15.0,-0.75,10.0,6.7851744,0.0
TEST_high_12502,cluster_13546492148_1838721956,291.0,0.0,1,22.26891722699172,0.0,0.0,0.0,5.0,-0.25,10.0,7.538633,0.0
TEST_high_12502,cluster_13546492148_1838721956,296.0,10.0,2,0.0279103017826926,0.0,0.0,0.0,0.0,0.5,15.0,5.958828,10.0
TEST_high_12502,cluster_13546492148_1838721956,301.0,10.0,2,0.0,10.0,0.0,0.0,0.0,0.5,5.0,4.8251686,10.0
TEST_high_12502,cluster_13546492148_1838721956,306.0,10.0,2,0.0,10.0,10.0,0.0,0.0,0.5,0.0,4.8251686,10.0
TEST_high_12502,cluster_13546492148_1838721956,311.0,10.0,2,0.0,10.0,10.0,10.0,0.0,0.5,0.0,4.8251686,10.0
TEST_high_12502,cluster_13546492148_1838721956,316.0,0.0,1,12.095197163836035,10.0,10.0,10.0,10.0,-0.5,0.0,9.199219,0.0
TEST_high_12502,cluster_13546492148_1838721956,321.0,5.0,2,8.614290065830092,0.0,10.0,10.0,10.0,-0.25,0.0,11.005106,5.0
TEST_high_12502,cluster_13546492148_1838721956,326.0,5.0,1,0.0,5.0,0.0,10.0,10.0,-0.25,5.0,7.406266,5.0
TEST_high_12502,cluster_13546492148_1838721956,331.0,5.0,1,0.0,5.0,5.0,0.0,10.0,-0.25,5.0,7.406266,5.0
TEST_high_12502,cluster_13546492148_1838721956,336.0,5.0,1,0.0,5.0,5.0,5.0,0.0,0.25,10.0,4.31049,5.0
TEST_high_12502,cluster_13546492148_1838721956,341.0,5.0,2,2.3862888821180968,5.0,5.0,5.0,5.0,0.0,10.0,7.4337106,5.0
TEST_high_12502,cluster_13546492148_1838721956,346.0,10.0,2,0.0098902227480472,5.0,5.0,5.0,5.0,0.25,0.0,7.5129185,10.0
TEST_high_12502,cluster_13546492148_1838721956,351.0,10.0,3,0.17473178727752,10.0,5.0,5.0,5.0,0.25,5.0,9.706436,10.0
TEST_high_12502,cluster_13546492148_1838721956,356.0,15.0,4,0.3339436004151381,10.0,10.0,5.0,5.0,0.5,5.0,11.514339,15.0
TEST_high_12502,cluster_13546492148_1838721956,361.0,5.0,1,0.0,15.0,10.0,10.0,5.0,0.0,5.0,5.867684,5.0
TEST_high_12502,cluster_13546492148_1838721956,366.0,0.0,0,0.0,5.0,15.0,10.0,10.0,-0.5,5.0,6.0747232,0.0
TEST_high_12502,cluster_13546492148_1838721956,371.0,0.0,0,0.0,0.0,5.0,15.0,10.0,-0.5,5.0,6.4594674,0.0
TEST_high_12502,cluster_13546492148_1838721956,376.0,0.0,0,0.0,0.0,0.0,5.0,15.0,-0.75,5.0,6.7851744,0.0
TEST_high_12502,cluster_13546492148_1838721956,381.0,0.0,0,0.0,0.0,0.0,0.0,5.0,-0.25,5.0,6.3771977,0.0
TEST_high_12502,cluster_13546492148_1838721956,386.0,5.0,1,0.0252252266340712,0.0,0.0,0.0,0.0,0.25,5.0,5.4441495,5.0
TEST_high_12502,cluster_13546492148_1838721956,391.0,5.0,2,0.4853857221998738,5.0,0.0,0.0,0.0,0.25,0.0,5.4441495,5.0
TEST_high_12502,cluster_13546492148_1838721956,396.0,10.0,2,0.0,5.0,5.0,0.0,0.0,0.5,0.0,4.8251686,10.0
TEST_high_12502,cluster_13546492148_1838721956,401.0,10.0,2,0.0,10.0,5.0,5.0,0.0,0.5,0.0,4.8251686,10.0
TEST_high_12502,cluster_13546492148_1838721956,406.0,0.0,1,27.932136814449787,10.0,10.0,5.0,5.0,-0.25,5.0,23.81393,0.0
TEST_high_12502,cluster_13546492148_1838721956,411.0,5.0,3,10.534312851170656,0.0,10.0,10.0,5.0,0.0,5.0,11.509866,5.0
TEST_high_12502,cluster_13546492148_1838721956,416.0,5.0,1,0.0,5.0,0.0,10.0,10.0,-0.25,10.0,7.406266,5.0
TEST_high_12502,cluster_13546492148_1838721956,421.0,5.0,1,0.0,5.0,5.0,0.0,10.0,-0.25,15.0,7.406266,5.0
TEST_high_12502,cluster_13546492148_1838721956,426.0,5.0,1,0.0,5.0,5.0,5.0,0.0,0.25,15.0,4.31049,5.0
TEST_high_12502,cluster_13546492148_1838721956,431.0,5.0,1,0.0,5.0,5.0,5.0,5.0,0.0,15.0,5.867684,5.0
TEST_high_12502,cluster_13546492148_1838721956,436.0,5.0,1,0.0,5.0,5.0,5.0,5.0,0.0,0.0,5.867684,5.0
TEST_high_12502,cluster_13546492148_1838721956,441.0,5.0,1,0.0,5.0,5.0,5.0,5.0,0.0,0.0,5.867684,5.0
TEST_high_12502,cluster_13546492148_1838721956,446.0,5.0,1,0.0,5.0,5.0,5.0,5.0,0.0,5.0,5.867684,5.0
TEST_high_12502,cluster_13546492148_1838721956,451.0,0.0,0,0.0,5.0,5.0,5.0,5.0,-0.25,5.0,5.3519025,0.0
TEST_high_12502,cluster_13546492148_1838721956,456.0,0.0,0,0.0,0.0,5.0,5.0,5.0,-0.25,5.0,6.3771977,0.0
TEST_high_12502,cluster_13546492148_1838721956,461.0,0.0,1,14.036698307892753,0.0,0.0,5.0,5.0,-0.25,10.0,8.912706,0.0
TEST_high_12502,cluster_13546492148_1838721956,466.0,5.0,1,0.0061289610965097,0.0,0.0,0.0,5.0,0.0,20.0,6.99824,5.0
TEST_high_12502,cluster_13546492148_1838721956,471.0,5.0,1,0.0,5.0,0.0,0.0,0.0,0.25,20.0,4.31049,5.0
TEST_high_12502,cluster_13546492148_1838721956,476.0,10.0,3,0.2318084058098468,5.0,5.0,0.0,0.0,0.5,20.0,6.2941985,10.0
TEST_high_12502,cluster_13546492148_1838721956,481.0,15.0,3,0.0,10.0,5.0,5.0,0.0,0.75,5.0,6.4771914,15.0
TEST_high_12502,cluster_13546492148_1838721956,486.0,15.0,3,0.0,15.0,10.0,5.0,5.0,0.5,5.0,9.469972,15.0
TEST_high_12502,cluster_13546492148_1838721956,491.0,15.0,3,0.0,15.0,15.0,10.0,5.0,0.5,5.0,9.6511,15.0
TEST_high_12502,cluster_13546492148_1838721956,496.0,0.0,0,0.0,15.0,15.0,15.0,10.0,-0.5,5.0,6.0747232,0.0
TEST_high_12502,cluster_13546492148_1838721956,501.0,0.0,0,0.0,0.0,15.0,15.0,15.0,-0.75,5.0,7.4257255,0.0
TEST_high_12502,cluster_13546492148_1838721956,506.0,5.0,1,0.1979667115862541,0.0,0.0,15.0,15.0,-0.5,10.0,11.189092,5.0
TEST_high_12502,cluster_13546492148_1838721956,511.0,5.0,1,0.0,5.0,0.0,0.0,15.0,-0.5,10.0,10.566412,5.0
TEST_high_12502,cluster_13546492148_1838721956,516.0,5.0,2,15.307800080799492,5.0,5.0,0.0,0.0,0.25,10.0,5.087813,5.0
TEST_high_12502,cluster_13546492148_1838721956,521.0,10.0,3,5.005027113447675,5.0,5.0,5.0,0.0,0.5,10.0,16.78065,10.0
TEST_high_12502,cluster_13546492148_1838721956,526.0,20.0,4,0.0591388558491939,10.0,5.0,5.0,5.0,0.75,0.0,10.737754,20.0
TEST_high_12502,cluster_13546492148_1838721956,531.0,20.0,5,19.03675391939037,20.0,10.0,5.0,5.0,0.75,0.0,28.888641,20.0
TEST_high_12502,cluster_13546492148_1838721956,536.0,20.0,4,0.0,20.0,20.0,10.0,5.0,0.75,0.0,8.1651945,20.0
TEST_high_12502,cluster_13546492148_1838721956,541.0,5.0,2,7.896090635802601,20.0,20.0,20.0,10.0,-0.25,0.0,12.610491,5.0
TEST_high_12502,cluster_13546492148_1838721956,546.0,5.0,1,0.0052612644275968,5.0,20.0,20.0,20.0,-0.75,0.0,13.851049,5.0
TEST_high_12502,cluster_13546492148_1838721956,551.0,5.0,1,0.0,5.0,5.0,20.0,20.0,-0.75,5.0,13.851463,5.0
TEST_high_12502,cluster_13546492148_1838721956,556.0,5.0,1,0.0,5.0,5.0,5.0,20.0,-0.75,15.0,11.305845,5.0
TEST_high_12502,cluster_13546492148_1838721956,561.0,5.0,2,8.13239060926309,5.0,5.0,5.0,5.0,0.0,20.0,7.912361,5.0
TEST_high_12502,cluster_13546492148_1838721956,566.0,10.0,2,0.0009397107231467,5.0,5.0,5.0,5.0,0.25,25.0,6.6648827,10.0
TEST_high_12502,cluster_13546492148_1838721956,571.0,10.0,2,0.0,10.0,5.0,5.0,5.0,0.25,10.0,6.3823624,10.0
TEST_high_12502,cluster_13546492148_1838721956,576.0,10.0,2,0.0,10.0,10.0,5.0,5.0,0.25,0.0,6.3823624,10.0
TEST_high_12502,cluster_13546492148_1838721956,581.0,10.0,2,0.0,10.0,10.0,10.0,5.0,0.25,0.0,6.3823624,10.0
TEST_high_12502,cluster_13546492148_1838721956,586.0,0.0,0,0.0,10.0,10.0,10.0,10.0,-0.5,0.0,5.434172,0.0
TEST_high_12502,cluster_13546492148_1838721956,591.0,0.0,0,0.0,0.0,10.0,10.0,10.0,-0.5,0.0,6.4594674,0.0
TEST_high_12502,cluster_13546492148_1838721956,596.0,0.0,0,0.0,0.0,0.0,10.0,10.0,-0.5,5.0,6.4594674,0.0
TEST_high_12502,cluster_13546492148_1838721956,601.0,0.0,0,0.0,0.0,0.0,0.0,10.0,-0.5,5.0,6.4594674,0.0
TEST_high_12502,cluster_13546492148_1838721956,606.0,0.0,1,18.11205372034704,0.0,0.0,0.0,0.0,0.0,5.0,4.890169,0.0
TEST_high_12502,cluster_13546492148_1838721956,611.0,5.0,2,13.00013031685824,0.0,0.0,0.0,0.0,0.25,5.0,5.97805,5.0
TEST_high_12502,cluster_13546492148_1838721956,616.0,15.0,3,0.0656934633829454,5.0,0.0,0.0,0.0,0.75,5.0,4.9234347,15.0
TEST_high_12502,cluster_13546492148_1838721956,621.0,20.0,4,0.0618676373545663,15.0,5.0,0.0,0.0,1.0,10.0,5.7718773,20.0
TEST_high_12502,cluster_13546492148_1838721956,626.0,25.0,5,0.0181887910591882,20.0,15.0,5.0,0.0,1.25,20.0,4.883793,25.0
TEST_high_12502,cluster_13546492148_1838721956,631.0,10.0,2,0.0,25.0,20.0,15.0,5.0,0.25,20.0,6.543753,10.0
TEST_high_12502,cluster_13546492148_1838721956,636.0,0.0,0,0.0,10.0,25.0,20.0,15.0,-0.75,20.0,7.643726,0.0
TEST_high_12502,cluster_13546492148_1838721956,641.0,0.0,0,0.0,0.0,10.0,25.0,20.0,-1.0,20.0,9.839451,0.0
TEST_high_12502,cluster_13546492148_1838721956,646.0,0.0,0,0.0,0.0,0.0,10.0,25.0,-1.25,20.0,8.398845,0.0
TEST_high_12502,cluster_13546492148_1838721956,651.0,0.0,0,0.0,0.0,0.0,0.0,10.0,-0.5,20.0,6.4594674,0.0
TEST_high_12502,cluster_13546492148_1838721956,656.0,5.0,1,0.0176601751910057,0.0,0.0,0.0,0.0,0.25,20.0,5.9832397,5.0
TEST_high_12502,cluster_13546492148_1838721956,661.0,5.0,1,0.0,5.0,0.0,0.0,0.0,0.25,5.0,4.31049,5.0
TEST_high_12502,cluster_13546492148_1838721956,666.0,5.0,1,0.0,5.0,5.0,0.0,0.0,0.25,0.0,4.31049,5.0
TEST_high_12502,cluster_13546492148_1838721956,671.0,5.0,2,15.22531289727048,5.0,5.0,5.0,0.0,0.25,0.0,6.221384,5.0
TEST_high_12502,cluster_13546492148_1838721956,676.0,5.0,2,11.580679639473882,5.0,5.0,5.0,5.0,0.0,0.0,7.2042747,5.0
TEST_high_12502,cluster_13546492148_1838721956,681.0,10.0,4,11.481913184252653,5.0,5.0,5.0,5.0,0.25,0.0,11.605513,10.0
TEST_high_12502,cluster_13546492148_1838721956,686.0,20.0,4,0.0305544928223266,10.0,5.0,5.0,5.0,0.75,0.0,10.737754,20.0
TEST_high_12502,cluster_13546492148_1838721956,691.0,20.0,4,0.0,20.0,10.0,5.0,5.0,0.75,0.0,8.132899,20.0
TEST_high_12502,cluster_13546492148_1838721956,696.0,20.0,4,0.0,20.0,20.0,10.0,5.0,0.75,0.0,8.1651945,20.0
TEST_high_12502,cluster_13546492148_1838721956,701.0,20.0,4,0.0,20.0,20.0,20.0,10.0,0.5,0.0,8.6678295,20.0
TEST_high_12502,cluster_13546492148_1838721956,706.0,20.0,4,0.0,20.0,20.0,20.0,20.0,0.0,0.0,9.454866,20.0
TEST_high_12502,cluster_13546492148_1838721956,711.0,20.0,4,0.0,20.0,20.0,20.0,20.0,0.0,5.0,9.454866,20.0
TEST_high_12502,cluster_13546492148_1838721956,716.0,20.0,4,0.0,20.0,20.0,20.0,20.0,0.0,5.0,9.454866,20.0
TEST_high_12502,cluster_13546492148_1838721956,721.0,5.0,2,0.3869706705753789,20.0,20.0,20.0,20.0,-0.75,5.0,13.84209,5.0
TEST_high_12502,cluster_13546492148_1838721956,726.0,0.0,0,0.0,5.0,20.0,20.0,20.0,-1.0,5.0,8.208739,0.0
TEST_high_12502,cluster_13546492148_1838721956,731.0,0.0,0,0.0,0.0,5.0,20.0,20.0,-1.0,5.0,8.593481,0.0
TEST_high_12502,cluster_13546492148_1838721956,736.0,0.0,0,0.0,0.0,0.0,5.0,20.0,-1.0,5.0,7.524607,0.0
TEST_high_12502,cluster_2061304035_245647208,16.0,0.0,0,0.0,0.0,0.0,0.0,0.0,0.0,0.0,1.363607,0.0
TEST_high_12502,cluster_2061304035_245647208,21.0,0.0,0,0.0,0.0,0.0,0.0,0.0,0.0,0.0,1.363607,0.0
TEST_high_12502,cluster_2061304035_245647208,26.0,0.0,0,0.0,0.0,0.0,0.0,0.0,0.0,0.0,1.363607,0.0
TEST_high_12502,cluster_2061304035_245647208,31.0,0.0,0,0.0,0.0,0.0,0.0,0.0,0.0,0.0,1.363607,0.0
TEST_high_12502,cluster_2061304035_245647208,36.0,0.0,0,0.0,0.0,0.0,0.0,0.0,0.0,0.0,1.363607,0.0
TEST_high_12502,cluster_2061304035_245647208,41.0,0.0,0,0.0,0.0,0.0,0.0,0.0,0.0,0.0,1.363607,0.0
TEST_high_12502,cluster_2061304035_245647208,46.0,0.0,0,0.0,0.0,0.0,0.0,0.0,0.0,0.0,1.363607,0.0
TEST_high_12502,cluster_2061304035_245647208,51.0,0.0,0,0.0,0.0,0.0,0.0,0.0,0.0,0.0,1.363607,0.0
TEST_high_12502,cluster_2061304035_245647208,56.0,0.0,0,0.0,0.0,0.0,0.0,0.0,0.0,0.0,1.363607,0.0
TEST_high_12502,cluster_2061304035_245647208,61.0,0.0,0,0.0,0.0,0.0,0.0,0.0,0.0,0.0,1.363607,0.0
TEST_high_12502,cluster_2061304035_245647208,66.0,0.0,0,0.0,0.0,0.0,0.0,0.0,0.0,5.0,1.363607,0.0
TEST_high_12502,cluster_2061304035_245647208,71.0,0.0,0,0.0,0.0,0.0,0.0,0.0,0.0,5.0,1.363607,0.0
TEST_high_12502,cluster_2061304035_245647208,76.0,0.0,0,0.0,0.0,0.0,0.0,0.0,0.0,0.0,1.363607,0.0
TEST_high_12502,cluster_2061304035_245647208,81.0,0.0,0,0.0,0.0,0.0,0.0,0.0,0.0,0.0,1.363607,0.0
TEST_high_12502,cluster_2061304035_245647208,86.0,0.0,0,0.0,0.0,0.0,0.0,0.0,0.0,0.0,1.363607,0.0
TEST_high_12502,cluster_2061304035_245647208,91.0,0.0,0,0.0,0.0,0.0,0.0,0.0,0.0,0.0,1.363607,0.0
TEST_high_12502,cluster_2061304035_245647208,96.0,0.0,0,0.0,0.0,0.0,0.0,0.0,0.0,0.0,1.363607,0.0
TEST_high_12502,cluster_2061304035_245647208,101.0,0.0,0,0.0,0.0,0.0,0.0,0.0,0.0,0.0,1.363607,0.0
TEST_high_12502,cluster_2061304035_245647208,106.0,0.0,1,37.68254659148522,0.0,0.0,0.0,0.0,0.0,0.0,10.642577,0.0
TEST_high_12502,cluster_2061304035_245647208,111.0,0.0,1,36.03600000000001,0.0,0.0,0.0,0.0,0.0,0.0,10.642577,0.0
TEST_high_12502,cluster_2061304035_245647208,116.0,0.0,0,0.0,0.0,0.0,0.0,0.0,0.0,0.0,1.363607,0.0
TEST_high_12502,cluster_2061304035_245647208,121.0,0.0,1,6.023956512200848,0.0,0.0,0.0,0.0,0.0,0.0,6.3221264,0.0
TEST_high_12502,cluster_2061304035_245647208,126.0,5.0,1,0.0007463440506184,0.0,0.0,0.0,0.0,0.25,0.0,4.831453,5.0
TEST_high_12502,cluster_2061304035_245647208,131.0,5.0,1,0.0,5.0,0.0,0.0,0.0,0.25,0.0,4.31049,5.0
TEST_high_12502,cluster_2061304035_245647208,136.0,0.0,0,0.0,5.0,5.0,0.0,0.0,0.0,0.0,1.2144732,0.0
TEST_high_12502,cluster_2061304035_245647208,141.0,0.0,0,0.0,0.0,5.0,5.0,0.0,0.0,15.0,1.363607,0.0
TEST_high_12502,cluster_2061304035_245647208,146.0,0.0,0,0.0,0.0,0.0,5.0,5.0,-0.25,15.0,6.3771977,0.0
TEST_high_12502,cluster_2061304035_245647208,151.0,0.0,1,45.71459494751713,0.0,0.0,0.0,5.0,-0.25,15.0,18.735823,0.0
TEST_high_12502,cluster_2061304035_245647208,156.0,0.0,0,0.0,0.0,0.0,0.0,0.0,0.0,20.0,1.363607,0.0
TEST_high_12502,cluster_2061304035_245647208,161.0,0.0,1,111.2076077452034,0.0,0.0,0.0,0.0,0.0,20.0,35.488792,0.0
TEST_high_12502,cluster_2061304035_245647208,166.0,0.0,1,43.04123270038038,0.0,0.0,0.0,0.0,0.0,5.0,11.605194,0.0
TEST_high_12502,cluster_2061304035_245647208,171.0,0.0,0,0.0,0.0,0.0,0.0,0.0,0.0,0.0,1.363607,0.0
TEST_high_12502,cluster_2061304035_245647208,176.0,0.0,0,0.0,0.0,0.0,0.0,0.0,0.0,0.0,1.363607,0.0
TEST_high_12502,cluster_2061304035_245647208,181.0,0.0,0,0.0,0.0,0.0,0.0,0.0,0.0,0.0,1.363607,0.0
TEST_high_12502,cluster_2061304035_245647208,186.0,0.0,1,38.57953606695418,0.0,0.0,0.0,0.0,0.0,0.0,10.642577,0.0
TEST_high_12502,cluster_2061304035_245647208,191.0,0.0,0,0.0,0.0,0.0,0.0,0.0,0.0,0.0,1.363607,0.0
TEST_high_12502,cluster_2061304035_245647208,196.0,0.0,3,37.24467261474396,0.0,0.0,0.0,0.0,0.0,0.0,20.221918,0.0
TEST_high_12502,cluster_2061304035_245647208,201.0,15.0,4,22.66380465727718,0.0,0.0,0.0,0.0,0.75,0.0,12.075895,15.0
TEST_high_12502,cluster_2061304035_245647208,206.0,15.0,4,17.97983479919531,15.0,0.0,0.0,0.0,0.75,0.0,9.036492,15.0
TEST_high_12502,cluster_2061304035_245647208,211.0,15.0,4,15.1927299669878,15.0,15.0,0.0,0.0,0.75,0.0,11.686707,15.0
TEST_high_12502,cluster_2061304035_245647208,216.0,20.0,4,0.005846954432579,15.0,15.0,15.0,0.0,1.0,0.0,8.725213,20.0
TEST_high_12502,cluster_2061304035_245647208,221.0,20.0,4,0.0,20.0,15.0,15.0,15.0,0.25,0.0,7.8716946,20.0
TEST_high_12502,cluster_2061304035_245647208,226.0,5.0,1,0.0,20.0,20.0,15.0,15.0,-0.5,0.0,11.370811,5.0
TEST_high_12502,cluster_2061304035_245647208,231.0,0.0,0,0.0,5.0,20.0,20.0,15.0,-0.75,0.0,7.4693055,0.0
TEST_high_12502,cluster_2061304035_245647208,236.0,0.0,0,0.0,0.0,5.0,20.0,20.0,-1.0,0.0,8.593481,0.0
TEST_high_12502,cluster_2061304035_245647208,241.0,0.0,2,72.30266660573952,0.0,0.0,5.0,20.0,-1.0,0.0,10.831495,0.0
TEST_high_12502,cluster_2061304035_245647208,246.0,0.0,2,68.66582172373992,0.0,0.0,0.0,5.0,-0.25,0.0,5.411212,0.0
TEST_high_12502,cluster_2061304035_245647208,251.0,0.0,0,0.0,0.0,0.0,0.0,0.0,0.0,0.0,1.363607,0.0
TEST_high_12502,cluster_2061304035_245647208,256.0,0.0,0,0.0,0.0,0.0,0.0,0.0,0.0,0.0,1.363607,0.0
TEST_high_12502,cluster_2061304035_245647208,261.0,0.0,0,0.0,0.0,0.0,0.0,0.0,0.0,0.0,1.363607,0.0
TEST_high_12502,cluster_2061304035_245647208,266.0,0.0,0,0.0,0.0,0.0,0.0,0.0,0.0,0.0,1.363607,0.0
TEST_high_12502,cluster_2061304035_245647208,271.0,0.0,0,0.0,0.0,0.0,0.0,0.0,0.0,0.0,1.363607,0.0
TEST_high_12502,cluster_2061304035_245647208,276.0,0.0,0,0.0,0.0,0.0,0.0,0.0,0.0,0.0,1.363607,0.0
TEST_high_12502,cluster_2061304035_245647208,281.0,0.0,0,0.0,0.0,0.0,0.0,0.0,0.0,0.0,1.363607,0.0
TEST_high_12502,cluster_2061304035_245647208,286.0,0.0,3,49.69802420248792,0.0,0.0,0.0,0.0,0.0,0.0,33.31936,0.0
TEST_high_12502,cluster_2061304035_245647208,291.0,0.0,1,22.826198140086667,0.0,0.0,0.0,0.0,0.0,0.0,7.188759,0.0
TEST_high_12502,cluster_2061304035_245647208,296.0,0.0,0,0.0,0.0,0.0,0.0,0.0,0.0,0.0,1.363607,0.0
TEST_high_12502,cluster_2061304035_245647208,301.0,0.0,0,0.0,0.0,0.0,0.0,0.0,0.0,0.0,1.363607,0.0
TEST_high_12502,cluster_2061304035_245647208,306.0,0.0,0,0.0,0.0,0.0,0.0,0.0,0.0,0.0,1.363607,0.0
TEST_high_12502,cluster_2061304035_245647208,311.0,0.0,0,0.0,0.0,0.0,0.0,0.0,0.0,5.0,1.363607,0.0
TEST_high_12502,cluster_2061304035_245647208,316.0,0.0,1,63.05756171099897,0.0,0.0,0.0,0.0,0.0,5.0,3.3101542,0.0
TEST_high_12502,cluster_2061304035_245647208,321.0,0.0,0,0.0,0.0,0.0,0.0,0.0,0.0,15.0,1.363607,0.0
TEST_high_12502,cluster_2061304035_245647208,326.0,0.0,0,0.0,0.0,0.0,0.0,0.0,0.0,20.0,1.363607,0.0
TEST_high_12502,cluster_2061304035_245647208,331.0,0.0,1,38.95782449848339,0.0,0.0,0.0,0.0,0.0,20.0,10.642577,0.0
TEST_high_12502,cluster_2061304035_245647208,336.0,0.0,1,44.05053004470952,0.0,0.0,0.0,0.0,0.0,20.0,11.605194,0.0
TEST_high_12502,cluster_2061304035_245647208,341.0,0.0,3,19.08722385469301,0.0,0.0,0.0,0.0,0.0,20.0,19.455202,0.0
TEST_high_12502,cluster_2061304035_245647208,346.0,0.0,2,30.60629014071323,0.0,0.0,0.0,0.0,0.0,15.0,12.679142,0.0
TEST_high_12502,cluster_2061304035_245647208,351.0,0.0,1,20.009835172981163,0.0,0.0,0.0,0.0,0.0,5.0,8.547714,0.0
TEST_high_12502,cluster_2061304035_245647208,356.0,0.0,0,0.0,0.0,0.0,0.0,0.0,0.0,5.0,1.363607,0.0
TEST_high_12502,cluster_2061304035_245647208,361.0,0.0,0,0.0,0.0,0.0,0.0,0.0,0.0,5.0,1.363607,0.0
TEST_high_12502,cluster_2061304035_245647208,366.0,0.0,1,2.6981759857342795,0.0,0.0,0.0,0.0,0.0,5.0,4.328601,0.0
TEST_high_12502,cluster_2061304035_245647208,371.0,5.0,1,0.0011087477575479,0.0,0.0,0.0,0.0,0.25,5.0,4.831453,5.0
TEST_high_12502,cluster_2061304035_245647208,376.0,5.0,3,22.449197107581963,5.0,0.0,0.0,0.0,0.25,5.0,15.006899,5.0
TEST_high_12502,cluster_2061304035_245647208,381.0,15.0,5,14.878659824691525,5.0,5.0,0.0,0.0,0.75,5.0,8.119979,15.0
TEST_high_12502,cluster_2061304035_245647208,386.0,20.0,4,0.0009644892744518,15.0,5.0,5.0,0.0,1.0,5.0,3.2317529,20.0
TEST_high_12502,cluster_2061304035_245647208,391.0,20.0,4,0.0,20.0,15.0,5.0,5.0,0.75,0.0,8.624618,20.0
TEST_high_12502,cluster_2061304035_245647208,396.0,20.0,4,0.0,20.0,20.0,15.0,5.0,0.75,0.0,8.1651945,20.0
TEST_high_12502,cluster_2061304035_245647208,401.0,20.0,7,13.624852814027484,20.0,20.0,20.0,15.0,0.25,0.0,18.016584,20.0
TEST_high_12502,cluster_2061304035_245647208,406.0,15.0,4,0.2317995962792973,20.0,20.0,20.0,20.0,-0.25,0.0,16.475817,15.0
TEST_high_12502,cluster_2061304035_245647208,411.0,5.0,3,11.782244463011754,15.0,20.0,20.0,20.0,-0.75,0.0,26.704073,5.0
TEST_high_12502,cluster_2061304035_245647208,416.0,5.0,1,0.0,5.0,15.0,20.0,20.0,-0.75,0.0,14.492015,5.0
TEST_high_12502,cluster_2061304035_245647208,421.0,5.0,2,32.1950178377355,5.0,5.0,15.0,20.0,-0.75,0.0,22.475138,5.0
TEST_high_12502,cluster_2061304035_245647208,426.0,5.0,3,18.568931181719904,5.0,5.0,5.0,15.0,-0.5,0.0,38.857502,5.0
TEST_high_12502,cluster_2061304035_245647208,431.0,5.0,2,7.319509565806327,5.0,5.0,5.0,5.0,0.0,5.0,7.4026074,5.0
TEST_high_12502,cluster_2061304035_245647208,436.0,5.0,1,0.0,5.0,5.0,5.0,5.0,0.0,0.0,5.867684,5.0
TEST_high_12502,cluster_2061304035_245647208,441.0,5.0,1,0.0,5.0,5.0,5.0,5.0,0.0,0.0,5.867684,5.0
TEST_high_12502,cluster_2061304035_245647208,446.0,5.0,1,0.0,5.0,5.0,5.0,5.0,0.0,0.0,5.867684,5.0
TEST_high_12502,cluster_2061304035_245647208,451.0,0.0,0,0.0,5.0,5.0,5.0,5.0,-0.25,0.0,5.3519025,0.0
TEST_high_12502,cluster_2061304035_245647208,456.0,0.0,0,0.0,0.0,5.0,5.0,5.0,-0.25,0.0,6.3771977,0.0
TEST_high_12502,cluster_2061304035_245647208,461.0,0.0,0,0.0,0.0,0.0,5.0,5.0,-0.25,0.0,6.3771977,0.0
TEST_high_12502,cluster_2061304035_245647208,466.0,0.0,1,37.43381917039422,0.0,0.0,0.0,5.0,-0.25,0.0,10.726224,0.0
TEST_high_12502,cluster_2061304035_245647208,471.0,0.0,0,0.0,0.0,0.0,0.0,0.0,0.0,0.0,1.363607,0.0
TEST_high_12502,cluster_2061304035_245647208,476.0,0.0,1,68.2569625360468,0.0,0.0,0.0,0.0,0.0,0.0,3.3101542,0.0
TEST_high_12502,cluster_2061304035_245647208,481.0,0.0,0,0.0,0.0,0.0,0.0,0.0,0.0,0.0,1.363607,0.0
TEST_high_12502,cluster_2061304035_245647208,486.0,0.0,1,14.760482845476798,0.0,0.0,0.0,0.0,0.0,5.0,6.049996,0.0
TEST_high_12502,cluster_2061304035_245647208,491.0,5.0,1,0.0,0.0,0.0,0.0,0.0,0.25,5.0,4.31049,5.0
TEST_high_12502,cluster_2061304035_245647208,496.0,0.0,0,0.0,5.0,0.0,0.0,0.0,0.0,5.0,1.2144732,0.0
TEST_high_12502,cluster_2061304035_245647208,501.0,0.0,0,0.0,0.0,5.0,0.0,0.0,0.0,15.0,1.363607,0.0
TEST_high_12502,cluster_2061304035_245647208,506.0,0.0,0,0.0,0.0,0.0,5.0,0.0,0.0,25.0,1.363607,0.0
TEST_high_12502,cluster_2061304035_245647208,511.0,0.0,2,56.21323837891521,0.0,0.0,0.0,5.0,-0.25,25.0,5.411212,0.0
TEST_high_12502,cluster_2061304035_245647208,516.0,0.0,0,0.0,0.0,0.0,0.0,0.0,0.0,25.0,1.363607,0.0
TEST_high_12502,cluster_2061304035_245647208,521.0,0.0,1,43.48740794506518,0.0,0.0,0.0,0.0,0.0,25.0,11.605194,0.0
TEST_high_12502,cluster_2061304035_245647208,526.0,0.0,0,0.0,0.0,0.0,0.0,0.0,0.0,15.0,1.363607,0.0
TEST_high_12502,cluster_2061304035_245647208,531.0,0.0,0,0.0,0.0,0.0,0.0,0.0,0.0,0.0,1.363607,0.0
TEST_high_12502,cluster_2061304035_245647208,536.0,0.0,0,0.0,0.0,0.0,0.0,0.0,0.0,0.0,1.363607,0.0
TEST_high_12502,cluster_2061304035_245647208,541.0,0.0,1,30.272794411184023,0.0,0.0,0.0,0.0,0.0,0.0,13.994936,0.0
TEST_high_12502,cluster_2061304035_245647208,546.0,5.0,1,0.007705251781824,0.0,0.0,0.0,0.0,0.25,0.0,5.9832397,5.0
TEST_high_12502,cluster_2061304035_245647208,551.0,5.0,1,0.0,5.0,0.0,0.0,0.0,0.25,0.0,4.31049,5.0
TEST_high_12502,cluster_2061304035_245647208,556.0,5.0,5,36.95276929389628,5.0,5.0,0.0,0.0,0.25,0.0,66.96872,5.0
TEST_high_12502,cluster_2061304035_245647208,561.0,15.0,5,0.3642062595483656,5.0,5.0,5.0,0.0,0.75,0.0,6.256218,15.0
TEST_high_12502,cluster_2061304035_245647208,566.0,25.0,5,0.0061951507522053,15.0,5.0,5.0,5.0,1.0,0.0,10.3766575,25.0
TEST_high_12502,cluster_2061304035_245647208,571.0,25.0,5,0.0,25.0,15.0,5.0,5.0,1.0,0.0,6.2630777,25.0
TEST_high_12502,cluster_2061304035_245647208,576.0,25.0,5,0.0,25.0,25.0,15.0,5.0,1.0,0.0,10.002023,25.0
TEST_high_12502,cluster_2061304035_245647208,581.0,25.0,5,0.0,25.0,25.0,25.0,15.0,0.5,5.0,10.658655,25.0
TEST_high_12502,cluster_2061304035_245647208,586.0,15.0,3,0.0,25.0,25.0,25.0,25.0,-0.5,5.0,24.33503,15.0
TEST_high_12502,cluster_2061304035_245647208,591.0,0.0,3,13.717874983178865,15.0,25.0,25.0,25.0,-1.25,15.0,23.281569,0.0
TEST_high_12502,cluster_2061304035_245647208,596.0,0.0,1,20.59853592077371,0.0,15.0,25.0,25.0,-1.25,20.0,12.063406,0.0
TEST_high_12502,cluster_2061304035_245647208,601.0,0.0,0,0.0,0.0,0.0,15.0,25.0,-1.25,20.0,8.398845,0.0
TEST_high_12502,cluster_2061304035_245647208,606.0,0.0,0,0.0,0.0,0.0,0.0,15.0,-0.75,20.0,6.7851744,0.0
TEST_high_12502,cluster_2061304035_245647208,611.0,0.0,0,0.0,0.0,0.0,0.0,0.0,0.0,25.0,1.363607,0.0
TEST_high_12502,cluster_2061304035_245647208,616.0,0.0,1,38.43530415192979,0.0,0.0,0.0,0.0,0.0,10.0,10.642577,0.0
TEST_high_12502,cluster_2061304035_245647208,621.0,0.0,0,0.0,0.0,0.0,0.0,0.0,0.0,0.0,1.363607,0.0
TEST_high_12502,cluster_2061304035_245647208,626.0,0.0,0,0.0,0.0,0.0,0.0,0.0,0.0,0.0,1.363607,0.0
TEST_high_12502,cluster_2061304035_245647208,631.0,0.0,0,0.0,0.0,0.0,0.0,0.0,0.0,0.0,1.363607,0.0
TEST_high_12502,cluster_2061304035_245647208,636.0,0.0,1,8.194536171180792,0.0,0.0,0.0,0.0,0.0,0.0,6.8353477,0.0
TEST_high_12502,cluster_2061304035_245647208,641.0,5.0,1,0.0077686879412874,0.0,0.0,0.0,0.0,0.25,0.0,5.9832397,5.0
TEST_high_12502,cluster_2061304035_245647208,646.0,5.0,3,24.466945471584783,5.0,0.0,0.0,0.0,0.25,0.0,13.626615,5.0
TEST_high_12502,cluster_2061304035_245647208,651.0,15.0,5,12.772777192846055,5.0,5.0,0.0,0.0,0.75,0.0,9.581182,15.0
TEST_high_12502,cluster_2061304035_245647208,656.0,20.0,4,0.0,15.0,5.0,5.0,0.0,1.0,0.0,3.2317529,20.0
TEST_high_12502,cluster_2061304035_245647208,661.0,20.0,4,0.0,20.0,15.0,5.0,5.0,0.75,0.0,8.624618,20.0
TEST_high_12502,cluster_2061304035_245647208,666.0,20.0,5,10.418748006573518,20.0,20.0,15.0,5.0,0.75,0.0,10.297983,20.0
TEST_high_12502,cluster_2061304035_245647208,671.0,25.0,5,0.0,20.0,20.0,20.0,15.0,0.5,0.0,8.738085,25.0
TEST_high_12502,cluster_2061304035_245647208,676.0,10.0,2,0.0,25.0,20.0,20.0,20.0,-0.5,0.0,18.248493,10.0
TEST_high_12502,cluster_2061304035_245647208,681.0,0.0,0,0.0,10.0,25.0,20.0,20.0,-1.0,5.0,8.208737,0.0
TEST_high_12502,cluster_2061304035_245647208,686.0,0.0,0,0.0,0.0,10.0,25.0,20.0,-1.0,10.0,9.839451,0.0
TEST_high_12502,cluster_2061304035_245647208,691.0,0.0,0,0.0,0.0,0.0,10.0,25.0,-1.25,10.0,8.398845,0.0
TEST_high_12502,cluster_2061304035_245647208,696.0,0.0,2,29.893986704632525,0.0,0.0,0.0,10.0,-0.5,10.0,11.670256,0.0
TEST_high_12502,cluster_2061304035_245647208,701.0,0.0,1,28.533430830919517,0.0,0.0,0.0,0.0,0.0,10.0,21.360447,0.0
TEST_high_12502,cluster_2061304035_245647208,706.0,0.0,0,0.0,0.0,0.0,0.0,0.0,0.0,0.0,1.363607,0.0
TEST_high_12502,cluster_2061304035_245647208,711.0,0.0,0,0.0,0.0,0.0,0.0,0.0,0.0,0.0,1.363607,0.0
TEST_high_12502,cluster_2061304035_245647208,716.0,0.0,0,0.0,0.0,0.0,0.0,0.0,0.0,0.0,1.363607,0.0
TEST_high_12502,cluster_2061304035_245647208,721.0,0.0,0,0.0,0.0,0.0,0.0,0.0,0.0,0.0,1.363607,0.0
TEST_high_12502,cluster_2061304035_245647208,726.0,0.0,0,0.0,0.0,0.0,0.0,0.0,0.0,0.0,1.363607,0.0
TEST_high_12502,cluster_2061304035_245647208,731.0,0.0,0,0.0,0.0,0.0,0.0,0.0,0.0,0.0,1.363607,0.0
TEST_high_12502,cluster_2061304035_245647208,736.0,0.0,3,44.562490002905335,0.0,0.0,0.0,0.0,0.0,0.0,29.69524,0.0
TEST_high_12502,cluster_245647168_3238255150_3495323634,16.0,0.0,0,0.0,0.0,0.0,0.0,0.0,0.0,10.0,1.363607,0.0
TEST_high_12502,cluster_245647168_3238255150_3495323634,21.0,0.0,0,0.0,0.0,0.0,0.0,0.0,0.0,10.0,1.363607,0.0
TEST_high_12502,cluster_245647168_3238255150_3495323634,26.0,0.0,0,0.0,0.0,0.0,0.0,0.0,0.0,10.0,1.363607,0.0
TEST_high_12502,cluster_245647168_3238255150_3495323634,31.0,0.0,0,0.0,0.0,0.0,0.0,0.0,0.0,0.0,1.363607,0.0
TEST_high_12502,cluster_245647168_3238255150_3495323634,36.0,0.0,0,0.0,0.0,0.0,0.0,0.0,0.0,0.0,1.363607,0.0
TEST_high_12502,cluster_245647168_3238255150_3495323634,41.0,0.0,0,0.0,0.0,0.0,0.0,0.0,0.0,5.0,1.363607,0.0
TEST_high_12502,cluster_245647168_3238255150_3495323634,46.0,0.0,0,0.0,0.0,0.0,0.0,0.0,0.0,5.0,1.363607,0.0
TEST_high_12502,cluster_245647168_3238255150_3495323634,51.0,0.0,0,0.0,0.0,0.0,0.0,0.0,0.0,5.0,1.363607,0.0
TEST_high_12502,cluster_245647168_3238255150_3495323634,56.0,0.0,1,70.3427004090697,0.0,0.0,0.0,0.0,0.0,5.0,3.3101542,0.0
TEST_high_12502,cluster_245647168_3238255150_3495323634,61.0,0.0,1,2.41260954862413,0.0,0.0,0.0,0.0,0.0,10.0,4.328601,0.0
TEST_high_12502,cluster_245647168_3238255150_3495323634,66.0,5.0,2,43.2872063336682,0.0,0.0,0.0,0.0,0.0,20.0,4.711621,5.0
TEST_high_12502,cluster_245647168_3238255150_3495323634,71.0,5.0,2,11.035662322501768,5.0,0.0,0.0,0.0,0.0,25.0,6.5348063,5.0
TEST_high_12502,cluster_245647168_3238255150_3495323634,76.0,10.0,2,0.0009336034610222,5.0,5.0,0.0,0.0,0.0,30.0,5.3461313,10.0
TEST_high_12502,cluster_245647168_3238255150_3495323634,81.0,10.0,2,0.0,10.0,5.0,5.0,0.0,0.0,30.0,4.8251686,10.0
TEST_high_12502,cluster_245647168_3238255150_3495323634,86.0,10.0,2,0.0,10.0,10.0,5.0,5.0,0.0,30.0,6.3823624,10.0
TEST_high_12502,cluster_245647168_3238255150_3495323634,91.0,0.0,0,0.0,10.0,10.0,10.0,5.0,0.0,30.0,5.178471,0.0
TEST_high_12502,cluster_245647168_3238255150_3495323634,96.0,0.0,1,23.08792135412696,0.0,10.0,10.0,10.0,0.0,35.0,10.8972,0.0
TEST_high_12502,cluster_245647168_3238255150_3495323634,101.0,5.0,1,0.0065775880921363,0.0,0.0,10.0,10.0,0.0,40.0,6.259046,5.0
TEST_high_12502,cluster_245647168_3238255150_3495323634,106.0,5.0,1,0.0,5.0,0.0,0.0,10.0,0.0,50.0,5.9499536,5.0
TEST_high_12502,cluster_245647168_3238255150_3495323634,111.0,5.0,1,0.0,5.0,5.0,0.0,0.0,0.25,55.0,4.31049,5.0
TEST_high_12502,cluster_245647168_3238255150_3495323634,116.0,5.0,3,27.99713022630545,5.0,5.0,5.0,0.0,0.25,65.0,39.971107,5.0
TEST_high_12502,cluster_245647168_3238255150_3495323634,121.0,10.0,6,29.67998451052012,5.0,5.0,5.0,5.0,0.25,50.0,56.970196,10.0
TEST_high_12502,cluster_245647168_3238255150_3495323634,126.0,20.0,6,4.730844029028745,10.0,5.0,5.0,5.0,0.75,0.0,18.002306,20.0
TEST_high_12502,cluster_245647168_3238255150_3495323634,131.0,25.0,6,0.1282589182224416,20.0,10.0,5.0,5.0,1.0,5.0,11.842561,25.0
TEST_high_12502,cluster_245647168_3238255150_3495323634,136.0,30.0,6,0.0,25.0,20.0,10.0,5.0,1.25,10.0,10.562255,30.0
TEST_high_12502,cluster_245647168_3238255150_3495323634,141.0,30.0,6,0.0,30.0,25.0,20.0,10.0,1.0,10.0,13.194956,30.0
TEST_high_12502,cluster_245647168_3238255150_3495323634,146.0,30.0,6,0.0,30.0,30.0,25.0,20.0,0.5,10.0,13.572623,30.0
TEST_high_12502,cluster_245647168_3238255150_3495323634,151.0,30.0,9,15.439187990787964,30.0,30.0,30.0,25.0,0.25,15.0,27.867344,30.0
TEST_high_12502,cluster_245647168_3238255150_3495323634,156.0,35.0,9,0.3773082188561715,30.0,30.0,30.0,30.0,0.25,15.0,21.21907,35.0
TEST_high_12502,cluster_245647168_3238255150_3495323634,161.0,40.0,11,8.752833656624652,35.0,30.0,30.0,30.0,0.5,20.0,30.17961,40.0
TEST_high_12502,cluster_245647168_3238255150_3495323634,166.0,50.0,12,11.216325601646927,40.0,35.0,30.0,30.0,1.0,20.0,29.976496,50.0
TEST_high_12502,cluster_245647168_3238255150_3495323634,171.0,55.0,13,2.0283543680325384,50.0,40.0,35.0,30.0,1.25,15.0,26.618994,55.0
TEST_high_12502,cluster_245647168_3238255150_3495323634,176.0,65.0,13,9.525977741175563e-05,55.0,50.0,40.0,35.0,1.5,15.0,37.8208,65.0
TEST_high_12502,cluster_245647168_3238255150_3495323634,181.0,50.0,11,5.307521843908926,65.0,55.0,50.0,40.0,0.5,25.0,38.25086,50.0
TEST_high_12502,cluster_245647168_3238255150_3495323634,186.0,0.0,9,20.24014959852557,50.0,65.0,55.0,50.0,-2.5,25.0,35.09095,0.0
TEST_high_12502,cluster_245647168_3238255150_3495323634,191.0,5.0,4,16.981571098416055,0.0,50.0,65.0,55.0,-2.5,25.0,47.037193,5.0
TEST_high_12502,cluster_245647168_3238255150_3495323634,196.0,10.0,2,0.0004187130215007,5.0,0.0,50.0,65.0,-2.75,35.0,55.22754,10.0
TEST_high_12502,cluster_245647168_3238255150_3495323634,201.0,10.0,3,17.2795725018274,10.0,5.0,0.0,50.0,-2.0,45.0,51.66996,10.0
TEST_high_12502,cluster_245647168_3238255150_3495323634,206.0,10.0,3,0.1892599489841919,10.0,10.0,5.0,0.0,0.5,55.0,7.149699,10.0
TEST_high_12502,cluster_245647168_3238255150_3495323634,211.0,15.0,4,13.14331067059704,10.0,10.0,10.0,5.0,0.5,50.0,12.975222,15.0
TEST_high_12502,cluster_245647168_3238255150_3495323634,216.0,15.0,5,12.700061351038398,15.0,10.0,10.0,10.0,0.25,5.0,15.392538,15.0
TEST_high_12502,cluster_245647168_3238255150_3495323634,221.0,20.0,6,7.683952211477676,15.0,15.0,10.0,10.0,0.5,5.0,18.025717,20.0
TEST_high_12502,cluster_245647168_3238255150_3495323634,226.0,20.0,6,9.625203146331796,20.0,15.0,15.0,10.0,0.5,5.0,17.032286,20.0
TEST_high_12502,cluster_245647168_3238255150_3495323634,231.0,15.0,4,6.444298971867778,20.0,20.0,15.0,15.0,0.0,5.0,16.166805,15.0
TEST_high_12502,cluster_245647168_3238255150_3495323634,236.0,15.0,5,0.5829919558925899,15.0,20.0,20.0,15.0,0.0,10.0,11.829797,15.0
TEST_high_12502,cluster_245647168_3238255150_3495323634,241.0,25.0,5,0.0006695270033189,15.0,15.0,20.0,20.0,0.25,10.0,10.440256,25.0
TEST_high_12502,cluster_245647168_3238255150_3495323634,246.0,25.0,9,18.582710270252527,25.0,15.0,15.0,20.0,0.25,10.0,25.826593,25.0
TEST_high_12502,cluster_245647168_3238255150_3495323634,251.0,25.0,9,14.279559527383288,25.0,25.0,15.0,15.0,0.5,25.0,25.12339,25.0
TEST_high_12502,cluster_245647168_3238255150_3495323634,256.0,35.0,10,9.318845102682708,25.0,25.0,25.0,15.0,1.0,25.0,19.303244,35.0
TEST_high_12502,cluster_245647168_3238255150_3495323634,261.0,45.0,14,16.65973469171233,35.0,25.0,25.0,25.0,1.0,30.0,27.948282,45.0
TEST_high_12502,cluster_245647168_3238255150_3495323634,266.0,55.0,14,1.4016329053960188,45.0,35.0,25.0,25.0,1.5,30.0,26.592325,55.0
TEST_high_12502,cluster_245647168_3238255150_3495323634,271.0,50.0,11,4.657755492343731,55.0,45.0,35.0,25.0,1.25,30.0,34.173073,50.0
TEST_high_12502,cluster_245647168_3238255150_3495323634,276.0,5.0,7,15.283976147384337,50.0,55.0,45.0,35.0,-1.5,30.0,47.49685,5.0
TEST_high_12502,cluster_245647168_3238255150_3495323634,281.0,5.0,1,0.0,5.0,50.0,55.0,45.0,-2.0,30.0,49.83787,5.0
TEST_high_12502,cluster_245647168_3238255150_3495323634,286.0,5.0,3,41.15219361226633,5.0,5.0,50.0,55.0,-2.5,30.0,59.250454,5.0
TEST_high_12502,cluster_245647168_3238255150_3495323634,291.0,5.0,3,11.6631348704529,5.0,5.0,5.0,50.0,-2.25,40.0,44.237926,5.0
TEST_high_12502,cluster_245647168_3238255150_3495323634,296.0,10.0,2,0.0018002869162399,5.0,5.0,5.0,5.0,0.25,50.0,6.4317236,10.0
TEST_high_12502,cluster_245647168_3238255150_3495323634,301.0,10.0,5,37.5560004354986,10.0,5.0,5.0,5.0,0.25,45.0,81.27979,10.0
TEST_high_12502,cluster_245647168_3238255150_3495323634,306.0,10.0,6,14.667618548553731,10.0,10.0,5.0,5.0,0.25,10.0,12.8015785,10.0
TEST_high_12502,cluster_245647168_3238255150_3495323634,311.0,25.0,8,11.379624016615852,10.0,10.0,10.0,5.0,1.0,15.0,15.801862,25.0
TEST_high_12502,cluster_245647168_3238255150_3495323634,316.0,25.0,7,2.4025030661456577,25.0,10.0,10.0,10.0,0.75,20.0,14.337611,25.0
TEST_high_12502,cluster_245647168_3238255150_3495323634,321.0,30.0,6,0.001943685992817,25.0,25.0,10.0,10.0,1.0,25.0,13.816607,30.0
TEST_high_12502,cluster_245647168_3238255150_3495323634,326.0,30.0,6,0.0,30.0,25.0,25.0,10.0,1.0,30.0,14.312526,30.0
TEST_high_12502,cluster_245647168_3238255150_3495323634,331.0,30.0,6,0.0,30.0,30.0,25.0,25.0,0.25,40.0,18.508482,30.0
TEST_high_12502,cluster_245647168_3238255150_3495323634,336.0,30.0,6,0.0,30.0,30.0,30.0,25.0,0.25,45.0,18.832619,30.0
TEST_high_12502,cluster_245647168_3238255150_3495323634,341.0,30.0,6,0.0,30.0,30.0,30.0,30.0,0.0,50.0,19.444107,30.0
TEST_high_12502,cluster_245647168_3238255150_3495323634,346.0,30.0,11,27.78534432612888,30.0,30.0,30.0,30.0,0.0,45.0,22.028538,30.0
TEST_high_12502,cluster_245647168_3238255150_3495323634,351.0,40.0,10,2.252581577855482,30.0,30.0,30.0,30.0,0.5,45.0,24.558968,40.0
TEST_high_12502,cluster_245647168_3238255150_3495323634,356.0,50.0,13,6.190995237468871,40.0,30.0,30.0,30.0,1.0,45.0,30.002575,50.0
TEST_high_12502,cluster_245647168_3238255150_3495323634,361.0,45.0,12,8.16799650612947,50.0,40.0,30.0,30.0,0.75,50.0,31.392952,45.0
TEST_high_12502,cluster_245647168_3238255150_3495323634,366.0,10.0,9,11.818329841779924,45.0,50.0,40.0,30.0,-1.0,55.0,48.939453,10.0
TEST_high_12502,cluster_245647168_3238255150_3495323634,371.0,15.0,9,21.641003577813,10.0,45.0,50.0,40.0,-1.25,45.0,53.37219,15.0
TEST_high_12502,cluster_245647168_3238255150_3495323634,376.0,20.0,8,30.335223064328915,15.0,10.0,45.0,50.0,-1.5,50.0,45.999626,20.0
TEST_high_12502,cluster_245647168_3238255150_3495323634,381.0,25.0,11,10.947361712184543,20.0,15.0,10.0,45.0,-1.0,70.0,51.190426,25.0
TEST_high_12502,cluster_245647168_3238255150_3495323634,386.0,30.0,10,7.513159780480247,25.0,20.0,15.0,10.0,1.0,75.0,18.32352,30.0
TEST_high_12502,cluster_245647168_3238255150_3495323634,391.0,40.0,9,4.659874306643543,30.0,25.0,20.0,15.0,1.25,65.0,18.96339,40.0
TEST_high_12502,cluster_245647168_3238255150_3495323634,396.0,45.0,10,4.91666140882164,40.0,30.0,25.0,20.0,1.25,0.0,21.847723,45.0
TEST_high_12502,cluster_245647168_3238255150_3495323634,401.0,50.0,10,0.007520316415703,45.0,40.0,30.0,25.0,1.25,0.0,23.415619,50.0
TEST_high_12502,cluster_245647168_3238255150_3495323634,406.0,45.0,9,0.0,50.0,45.0,40.0,30.0,0.75,0.0,23.938896,45.0
TEST_high_12502,cluster_245647168_3238255150_3495323634,411.0,45.0,10,4.615628417193154,45.0,50.0,45.0,40.0,0.25,0.0,40.26931,45.0
TEST_high_12502,cluster_245647168_3238255150_3495323634,416.0,45.0,11,12.210943164418044,45.0,45.0,50.0,45.0,0.0,0.0,40.58508,45.0
TEST_high_12502,cluster_245647168_3238255150_3495323634,421.0,50.0,12,7.714373658002963,45.0,45.0,45.0,50.0,0.0,0.0,42.927692,50.0
TEST_high_12502,cluster_245647168_3238255150_3495323634,426.0,55.0,14,10.652564296099545,50.0,45.0,45.0,45.0,0.5,10.0,37.743114,55.0
TEST_high_12502,cluster_245647168_3238255150_3495323634,431.0,45.0,13,9.981937179450789,55.0,50.0,45.0,45.0,0.0,25.0,43.654022,45.0
TEST_high_12502,cluster_245647168_3238255150_3495323634,436.0,50.0,15,7.971357904412332,45.0,55.0,50.0,45.0,0.25,20.0,38.57689,50.0
TEST_high_12502,cluster_245647168_3238255150_3495323634,441.0,70.0,17,7.927626733830184,50.0,45.0,55.0,50.0,1.0,20.0,30.621363,70.0
TEST_high_12502,cluster_245647168_3238255150_3495323634,446.0,75.0,17,0.3943072302967837,70.0,50.0,45.0,55.0,1.0,20.0,32.507072,75.0
TEST_high_12502,cluster_245647168_3238255150_3495323634,451.0,65.0,15,3.6415973139632696,75.0,70.0,50.0,45.0,1.0,20.0,41.407955,65.0
TEST_high_12502,cluster_245647168_3238255150_3495323634,456.0,0.0,11,16.566422366232693,65.0,75.0,70.0,50.0,-2.5,20.0,31.321081,0.0
TEST_high_12502,cluster_245647168_3238255150_3495323634,461.0,0.0,2,30.163506908638222,0.0,65.0,75.0,70.0,-3.5,15.0,60.64973,0.0
TEST_high_12502,cluster_245647168_3238255150_3495323634,466.0,0.0,0,0.0,0.0,0.0,65.0,75.0,-3.75,20.0,67.45047,0.0
TEST_high_12502,cluster_245647168_3238255150_3495323634,471.0,0.0,1,41.66643340100551,0.0,0.0,0.0,65.0,-3.25,20.0,76.82403,0.0
TEST_high_12502,cluster_245647168_3238255150_3495323634,476.0,0.0,1,36.87341635922208,0.0,0.0,0.0,0.0,0.0,30.0,10.642577,0.0
TEST_high_12502,cluster_245647168_3238255150_3495323634,481.0,0.0,6,43.89364168930992,0.0,0.0,0.0,0.0,0.0,15.0,91.6785,0.0
TEST_high_12502,cluster_245647168_3238255150_3495323634,486.0,10.0,5,0.8216465613543339,0.0,0.0,0.0,0.0,0.5,0.0,0.5965796,10.0
TEST_high_12502,cluster_245647168_3238255150_3495323634,491.0,25.0,5,0.000205879550072,10.0,0.0,0.0,0.0,1.25,0.0,3.7662957,25.0
TEST_high_12502,cluster_245647168_3238255150_3495323634,496.0,20.0,4,0.0,25.0,10.0,0.0,0.0,1.0,0.0,1.9364593,20.0
TEST_high_12502,cluster_245647168_3238255150_3495323634,501.0,20.0,4,0.0,20.0,25.0,10.0,0.0,1.0,0.0,6.6422744,20.0
TEST_high_12502,cluster_245647168_3238255150_3495323634,506.0,20.0,5,9.948824656086236,20.0,20.0,25.0,10.0,0.5,0.0,11.9041,20.0
TEST_high_12502,cluster_245647168_3238255150_3495323634,511.0,20.0,4,0.0,20.0,20.0,20.0,25.0,-0.25,0.0,22.771463,20.0
TEST_high_12502,cluster_245647168_3238255150_3495323634,516.0,20.0,7,19.12005344665359,20.0,20.0,20.0,20.0,0.0,0.0,39.10312,20.0
TEST_high_12502,cluster_245647168_3238255150_3495323634,521.0,15.0,6,3.9077894655116583,20.0,20.0,20.0,20.0,-0.25,5.0,19.867916,15.0
TEST_high_12502,cluster_245647168_3238255150_3495323634,526.0,20.0,5,13.555935088933074,15.0,20.0,20.0,20.0,0.0,5.0,19.868166,20.0
TEST_high_12502,cluster_245647168_3238255150_3495323634,531.0,20.0,7,13.475128503972456,20.0,15.0,20.0,20.0,0.0,5.0,22.336563,20.0
TEST_high_12502,cluster_245647168_3238255150_3495323634,536.0,30.0,9,14.947863466115008,20.0,20.0,15.0,20.0,0.5,5.0,16.662567,30.0
TEST_high_12502,cluster_245647168_3238255150_3495323634,541.0,15.0,5,0.4988000910538128,30.0,20.0,20.0,15.0,0.0,10.0,9.970857,15.0
TEST_high_12502,cluster_245647168_3238255150_3495323634,546.0,0.0,4,35.5127276015331,15.0,30.0,20.0,20.0,-1.0,10.0,61.240658,0.0
TEST_high_12502,cluster_245647168_3238255150_3495323634,551.0,0.0,1,55.32983397471316,0.0,15.0,30.0,20.0,-1.0,15.0,8.842871,0.0
TEST_high_12502,cluster_245647168_3238255150_3495323634,556.0,0.0,0,0.0,0.0,0.0,15.0,30.0,-1.5,25.0,8.398845,0.0
TEST_high_12502,cluster_245647168_3238255150_3495323634,561.0,0.0,0,0.0,0.0,0.0,0.0,15.0,-0.75,35.0,6.7851744,0.0
TEST_high_12502,cluster_245647168_3238255150_3495323634,566.0,0.0,0,0.0,0.0,0.0,0.0,0.0,0.0,40.0,1.363607,0.0
TEST_high_12502,cluster_245647168_3238255150_3495323634,571.0,0.0,1,61.71936463380419,0.0,0.0,0.0,0.0,0.0,20.0,3.3101542,0.0
TEST_high_12502,cluster_245647168_3238255150_3495323634,576.0,0.0,1,11.4640452988375,0.0,0.0,0.0,0.0,0.0,0.0,6.127261,0.0
TEST_high_12502,cluster_245647168_3238255150_3495323634,581.0,5.0,1,0.0035677029436894,0.0,0.0,0.0,0.0,0.25,0.0,5.1627755,5.0
TEST_high_12502,cluster_245647168_3238255150_3495323634,586.0,5.0,1,0.0,5.0,0.0,0.0,0.0,0.25,0.0,4.31049,5.0
TEST_high_12502,cluster_245647168_3238255150_3495323634,591.0,5.0,2,25.07588671053684,5.0,5.0,0.0,0.0,0.25,0.0,19.76876,5.0
TEST_high_12502,cluster_245647168_3238255150_3495323634,596.0,5.0,2,7.877895848028886,5.0,5.0,5.0,0.0,0.25,0.0,7.3099546,5.0
TEST_high_12502,cluster_245647168_3238255150_3495323634,601.0,10.0,3,19.266691287233996,5.0,5.0,5.0,5.0,0.25,5.0,44.909847,10.0
TEST_high_12502,cluster_245647168_3238255150_3495323634,606.0,10.0,3,0.1670699613703553,10.0,5.0,5.0,5.0,0.25,5.0,9.706436,10.0
TEST_high_12502,cluster_245647168_3238255150_3495323634,611.0,15.0,7,33.2470362557218,10.0,10.0,5.0,5.0,0.5,5.0,41.523777,15.0
TEST_high_12502,cluster_245647168_3238255150_3495323634,616.0,25.0,8,8.784392417688506,15.0,10.0,10.0,5.0,1.0,10.0,15.910941,25.0
TEST_high_12502,cluster_245647168_3238255150_3495323634,621.0,35.0,8,0.0681943000460847,25.0,15.0,10.0,10.0,1.25,15.0,13.063074,35.0
TEST_high_12502,cluster_245647168_3238255150_3495323634,626.0,40.0,8,0.0,35.0,25.0,15.0,10.0,1.5,15.0,7.6923714,40.0
TEST_high_12502,cluster_245647168_3238255150_3495323634,631.0,20.0,5,15.744852511932583,40.0,35.0,25.0,15.0,0.25,20.0,14.603934,20.0
TEST_high_12502,cluster_245647168_3238255150_3495323634,636.0,0.0,3,36.42415949332388,20.0,40.0,35.0,25.0,-1.25,25.0,25.149143,0.0
TEST_high_12502,cluster_245647168_3238255150_3495323634,641.0,0.0,0,0.0,0.0,20.0,40.0,35.0,-1.75,30.0,52.548855,0.0
TEST_high_12502,cluster_245647168_3238255150_3495323634,646.0,0.0,0,0.0,0.0,0.0,20.0,40.0,-2.0,40.0,57.35802,0.0
TEST_high_12502,cluster_245647168_3238255150_3495323634,651.0,0.0,0,0.0,0.0,0.0,0.0,20.0,-1.0,40.0,7.524607,0.0
TEST_high_12502,cluster_245647168_3238255150_3495323634,656.0,0.0,1,51.67464626166071,0.0,0.0,0.0,0.0,0.0,50.0,15.340861,0.0
TEST_high_12502,cluster_245647168_3238255150_3495323634,661.0,5.0,1,0.0137648874684885,0.0,0.0,0.0,0.0,0.25,40.0,5.9832397,5.0
TEST_high_12502,cluster_245647168_3238255150_3495323634,666.0,5.0,1,0.0,5.0,0.0,0.0,0.0,0.25,0.0,4.31049,5.0
TEST_high_12502,cluster_245647168_3238255150_3495323634,671.0,5.0,2,16.14723051081273,5.0,5.0,0.0,0.0,0.25,0.0,5.087813,5.0
TEST_high_12502,cluster_245647168_3238255150_3495323634,676.0,10.0,3,6.810849211944145,5.0,5.0,5.0,0.0,0.5,0.0,9.462752,10.0
TEST_high_12502,cluster_245647168_3238255150_3495323634,681.0,15.0,3,0.0166742933665597,10.0,5.0,5.0,5.0,0.5,0.0,10.941459,15.0
TEST_high_12502,cluster_245647168_3238255150_3495323634,686.0,15.0,5,26.48548974765032,15.0,10.0,5.0,5.0,0.5,0.0,24.252312,15.0
TEST_high_12502,cluster_245647168_3238255150_3495323634,691.0,20.0,6,16.092818788313515,15.0,15.0,10.0,5.0,0.75,0.0,13.743039,20.0
TEST_high_12502,cluster_245647168_3238255150_3495323634,696.0,25.0,6,3.811770646351264,20.0,15.0,15.0,10.0,0.75,0.0,13.3761015,25.0
TEST_high_12502,cluster_245647168_3238255150_3495323634,701.0,30.0,8,10.555353188493717,25.0,20.0,15.0,15.0,0.75,10.0,16.662504,30.0
TEST_high_12502,cluster_245647168_3238255150_3495323634,706.0,40.0,9,9.610175148238095,30.0,25.0,20.0,15.0,1.25,5.0,17.65642,40.0
TEST_high_12502,cluster_245647168_3238255150_3495323634,711.0,40.0,11,14.674263071545113,40.0,30.0,25.0,20.0,1.0,15.0,20.318144,40.0
TEST_high_12502,cluster_245647168_3238255150_3495323634,716.0,50.0,12,4.253899302733159,40.0,40.0,30.0,25.0,1.25,15.0,32.36737,50.0
TEST_high_12502,cluster_245647168_3238255150_3495323634,721.0,40.0,8,0.0244067987424613,50.0,40.0,40.0,30.0,0.5,15.0,22.245262,40.0
TEST_high_12502,cluster_245647168_3238255150_3495323634,726.0,0.0,3,20.149068562797755,40.0,50.0,40.0,40.0,-2.0,15.0,32.698463,0.0
TEST_high_12502,cluster_245647168_3238255150_3495323634,731.0,0.0,0,0.0,0.0,40.0,50.0,40.0,-2.0,20.0,56.90969,0.0
TEST_high_12502,cluster_245647168_3238255150_3495323634,736.0,0.0,0,0.0,0.0,0.0,40.0,50.0,-2.5,20.0,73.10094,0.0
TEST_incident_28431,cluster_13546492148_1838721956,16.0,0.0,0,0.0,0.0,0.0,0.0,0.0,0.0,0.0,1.363607,0.0
TEST_incident_28431,cluster_13546492148_1838721956,21.0,0.0,0,0.0,0.0,0.0,0.0,0.0,0.0,0.0,1.363607,0.0
TEST_incident_28431,cluster_13546492148_1838721956,26.0,0.0,0,0.0,0.0,0.0,0.0,0.0,0.0,0.0,1.363607,0.0
TEST_incident_28431,cluster_13546492148_1838721956,31.0,0.0,0,0.0,0.0,0.0,0.0,0.0,0.0,0.0,1.363607,0.0
TEST_incident_28431,cluster_13546492148_1838721956,36.0,0.0,0,0.0,0.0,0.0,0.0,0.0,0.0,0.0,1.363607,0.0
TEST_incident_28431,cluster_13546492148_1838721956,41.0,0.0,0,0.0,0.0,0.0,0.0,0.0,0.0,0.0,1.363607,0.0
TEST_incident_28431,cluster_13546492148_1838721956,46.0,0.0,0,0.0,0.0,0.0,0.0,0.0,0.0,0.0,1.363607,0.0
TEST_incident_28431,cluster_13546492148_1838721956,51.0,0.0,0,0.0,0.0,0.0,0.0,0.0,0.0,0.0,1.363607,0.0
TEST_incident_28431,cluster_13546492148_1838721956,56.0,0.0,0,0.0,0.0,0.0,0.0,0.0,0.0,0.0,1.363607,0.0
TEST_incident_28431,cluster_13546492148_1838721956,61.0,0.0,0,0.0,0.0,0.0,0.0,0.0,0.0,0.0,1.363607,0.0
TEST_incident_28431,cluster_13546492148_1838721956,66.0,0.0,0,0.0,0.0,0.0,0.0,0.0,0.0,0.0,1.363607,0.0
TEST_incident_28431,cluster_13546492148_1838721956,71.0,0.0,0,0.0,0.0,0.0,0.0,0.0,0.0,0.0,1.363607,0.0
TEST_incident_28431,cluster_13546492148_1838721956,76.0,0.0,0,0.0,0.0,0.0,0.0,0.0,0.0,0.0,1.363607,0.0
TEST_incident_28431,cluster_13546492148_1838721956,81.0,0.0,0,0.0,0.0,0.0,0.0,0.0,0.0,5.0,1.363607,0.0
TEST_incident_28431,cluster_13546492148_1838721956,86.0,0.0,0,0.0,0.0,0.0,0.0,0.0,0.0,5.0,1.363607,0.0
TEST_incident_28431,cluster_13546492148_1838721956,91.0,0.0,0,0.0,0.0,0.0,0.0,0.0,0.0,10.0,1.363607,0.0
TEST_incident_28431,cluster_13546492148_1838721956,96.0,0.0,0,0.0,0.0,0.0,0.0,0.0,0.0,10.0,1.363607,0.0
TEST_incident_28431,cluster_13546492148_1838721956,101.0,0.0,0,0.0,0.0,0.0,0.0,0.0,0.0,15.0,1.363607,0.0
TEST_incident_28431,cluster_13546492148_1838721956,106.0,0.0,0,0.0,0.0,0.0,0.0,0.0,0.0,15.0,1.363607,0.0
TEST_incident_28431,cluster_13546492148_1838721956,111.0,0.0,0,0.0,0.0,0.0,0.0,0.0,0.0,15.0,1.363607,0.0
TEST_incident_28431,cluster_13546492148_1838721956,116.0,0.0,0,0.0,0.0,0.0,0.0,0.0,0.0,15.0,1.363607,0.0
TEST_incident_28431,cluster_13546492148_1838721956,121.0,0.0,0,0.0,0.0,0.0,0.0,0.0,0.0,0.0,1.363607,0.0
TEST_incident_28431,cluster_13546492148_1838721956,126.0,0.0,0,0.0,0.0,0.0,0.0,0.0,0.0,0.0,1.363607,0.0
TEST_incident_28431,cluster_13546492148_1838721956,131.0,0.0,1,15.242395689051948,0.0,0.0,0.0,0.0,0.0,0.0,6.049996,0.0
TEST_incident_28431,cluster_13546492148_1838721956,136.0,0.0,0,0.0,0.0,0.0,0.0,0.0,0.0,0.0,1.363607,0.0
TEST_incident_28431,cluster_13546492148_1838721956,141.0,5.0,1,0.0,0.0,0.0,0.0,0.0,0.25,0.0,4.31049,5.0
TEST_incident_28431,cluster_13546492148_1838721956,146.0,5.0,2,17.78390716734502,5.0,0.0,0.0,0.0,0.25,0.0,8.5113535,5.0
TEST_incident_28431,cluster_13546492148_1838721956,151.0,10.0,2,0.0023454629123679,5.0,5.0,0.0,0.0,0.5,0.0,5.8454638,10.0
TEST_incident_28431,cluster_13546492148_1838721956,156.0,10.0,2,0.0,10.0,5.0,5.0,0.0,0.5,0.0,4.8251686,10.0
TEST_incident_28431,cluster_13546492148_1838721956,161.0,15.0,3,0.0110765407676418,10.0,10.0,5.0,5.0,0.5,0.0,10.941459,15.0
TEST_incident_28431,cluster_13546492148_1838721956,166.0,15.0,3,0.0,15.0,10.0,10.0,5.0,0.5,0.0,9.010549,15.0
TEST_incident_28431,cluster_13546492148_1838721956,171.0,15.0,3,0.0,15.0,15.0,10.0,10.0,0.25,5.0,9.287345,15.0
TEST_incident_28431,cluster_13546492148_1838721956,176.0,15.0,3,0.0,15.0,15.0,15.0,10.0,0.25,5.0,9.287345,15.0
TEST_incident_28431,cluster_13546492148_1838721956,181.0,0.0,0,0.0,15.0,15.0,15.0,15.0,-0.75,5.0,6.40043,0.0
TEST_incident_28431,cluster_13546492148_1838721956,186.0,0.0,0,0.0,0.0,15.0,15.0,15.0,-0.75,5.0,7.4257255,0.0
TEST_incident_28431,cluster_13546492148_1838721956,191.0,0.0,0,0.0,0.0,0.0,15.0,15.0,-0.75,5.0,6.7851744,0.0
TEST_incident_28431,cluster_13546492148_1838721956,196.0,0.0,0,0.0,0.0,0.0,0.0,15.0,-0.75,5.0,6.7851744,0.0
TEST_incident_28431,cluster_13546492148_1838721956,201.0,0.0,0,0.0,0.0,0.0,0.0,0.0,0.0,10.0,1.363607,0.0
TEST_incident_28431,cluster_13546492148_1838721956,206.0,0.0,0,0.0,0.0,0.0,0.0,0.0,0.0,15.0,1.363607,0.0
TEST_incident_28431,cluster_13546492148_1838721956,211.0,0.0,0,0.0,0.0,0.0,0.0,0.0,0.0,5.0,1.363607,0.0
TEST_incident_28431,cluster_13546492148_1838721956,216.0,0.0,0,0.0,0.0,0.0,0.0,0.0,0.0,0.0,1.363607,0.0
TEST_incident_28431,cluster_13546492148_1838721956,221.0,0.0,0,0.0,0.0,0.0,0.0,0.0,0.0,0.0,1.363607,0.0
TEST_incident_28431,cluster_13546492148_1838721956,226.0,0.0,0,0.0,0.0,0.0,0.0,0.0,0.0,0.0,1.363607,0.0
TEST_incident_28431,cluster_13546492148_1838721956,231.0,5.0,1,0.0723342721203149,0.0,0.0,0.0,0.0,0.25,0.0,5.4441495,5.0
TEST_incident_28431,cluster_13546492148_1838721956,236.0,5.0,1,0.0,5.0,0.0,0.0,0.0,0.25,5.0,4.31049,5.0
TEST_incident_28431,cluster_13546492148_1838721956,241.0,5.0,1,0.0,5.0,5.0,0.0,0.0,0.25,5.0,4.31049,5.0
TEST_incident_28431,cluster_13546492148_1838721956,246.0,5.0,1,0.0,5.0,5.0,5.0,0.0,0.25,10.0,4.31049,5.0
TEST_incident_28431,cluster_13546492148_1838721956,251.0,5.0,1,0.0,5.0,5.0,5.0,5.0,0.0,10.0,5.867684,5.0
TEST_incident_28431,cluster_13546492148_1838721956,256.0,5.0,2,0.9193505926652656,5.0,5.0,5.0,5.0,0.0,0.0,6.5194488,5.0
TEST_incident_28431,cluster_13546492148_1838721956,261.0,10.0,3,4.7396883669096646,5.0,5.0,5.0,5.0,0.25,0.0,18.817148,10.0
TEST_incident_28431,cluster_13546492148_1838721956,266.0,15.0,3,0.0024757716504212,10.0,5.0,5.0,5.0,0.5,0.0,9.064769,15.0
TEST_incident_28431,cluster_13546492148_1838721956,271.0,5.0,1,0.0,15.0,10.0,5.0,5.0,0.0,0.0,5.867684,5.0
TEST_incident_28431,cluster_13546492148_1838721956,276.0,0.0,0,0.0,5.0,15.0,10.0,5.0,-0.25,0.0,5.9924536,0.0
TEST_incident_28431,cluster_13546492148_1838721956,281.0,0.0,0,0.0,0.0,5.0,15.0,10.0,-0.5,0.0,6.4594674,0.0
TEST_incident_28431,cluster_13546492148_1838721956,286.0,0.0,0,0.0,0.0,0.0,5.0,15.0,-0.75,5.0,6.7851744,0.0
TEST_incident_28431,cluster_13546492148_1838721956,291.0,0.0,1,16.503006566061256,0.0,0.0,0.0,5.0,-0.25,5.0,7.548006,0.0
TEST_incident_28431,cluster_13546492148_1838721956,296.0,5.0,1,0.0128741830352919,0.0,0.0,0.0,0.0,0.25,5.0,5.9832397,5.0
TEST_incident_28431,cluster_13546492148_1838721956,301.0,5.0,2,3.6053557327561303,5.0,0.0,0.0,0.0,0.25,0.0,3.9417746,5.0
TEST_incident_28431,cluster_13546492148_1838721956,306.0,10.0,2,0.0002366741097992,5.0,5.0,0.0,0.0,0.5,0.0,4.8251686,10.0
TEST_incident_28431,cluster_13546492148_1838721956,311.0,10.0,2,0.0,10.0,5.0,5.0,0.0,0.5,0.0,4.8251686,10.0
TEST_incident_28431,cluster_13546492148_1838721956,316.0,0.0,0,0.0,10.0,10.0,5.0,5.0,-0.25,0.0,5.3519025,0.0
TEST_incident_28431,cluster_13546492148_1838721956,321.0,0.0,0,0.0,0.0,10.0,10.0,5.0,-0.25,0.0,6.3771977,0.0
TEST_incident_28431,cluster_13546492148_1838721956,326.0,0.0,0,0.0,0.0,0.0,10.0,10.0,-0.5,5.0,6.4594674,0.0
TEST_incident_28431,cluster_13546492148_1838721956,331.0,0.0,0,0.0,0.0,0.0,0.0,10.0,-0.5,5.0,6.4594674,0.0
TEST_incident_28431,cluster_13546492148_1838721956,336.0,0.0,1,95.0285638886375,0.0,0.0,0.0,0.0,0.0,5.0,35.488792,0.0
TEST_incident_28431,cluster_13546492148_1838721956,341.0,0.0,1,2.621405510397594,0.0,0.0,0.0,0.0,0.0,5.0,4.328601,0.0
TEST_incident_28431,cluster_13546492148_1838721956,346.0,5.0,1,0.0,0.0,0.0,0.0,0.0,0.25,5.0,4.31049,5.0
TEST_incident_28431,cluster_13546492148_1838721956,351.0,5.0,1,0.0,5.0,0.0,0.0,0.0,0.25,5.0,4.31049,5.0
TEST_incident_28431,cluster_13546492148_1838721956,356.0,5.0,2,4.226372979005681,5.0,5.0,0.0,0.0,0.25,5.0,11.426925,5.0
TEST_incident_28431,cluster_13546492148_1838721956,361.0,0.0,0,0.0,5.0,5.0,5.0,0.0,0.0,5.0,1.2144732,0.0
TEST_incident_28431,cluster_13546492148_1838721956,366.0,0.0,0,0.0,0.0,5.0,5.0,5.0,-0.25,5.0,6.3771977,0.0
TEST_incident_28431,cluster_13546492148_1838721956,371.0,0.0,0,0.0,0.0,0.0,5.0,5.0,-0.25,5.0,6.3771977,0.0
TEST_incident_28431,cluster_13546492148_1838721956,376.0,0.0,0,0.0,0.0,0.0,0.0,5.0,-0.25,5.0,6.3771977,0.0
TEST_incident_28431,cluster_13546492148_1838721956,381.0,0.0,0,0.0,0.0,0.0,0.0,0.0,0.0,5.0,1.363607,0.0
TEST_incident_28431,cluster_13546492148_1838721956,386.0,5.0,2,34.77702096511444,0.0,0.0,0.0,0.0,0.25,5.0,2.0224326,5.0
TEST_incident_28431,cluster_13546492148_1838721956,391.0,5.0,1,0.0,5.0,0.0,0.0,0.0,0.25,0.0,4.31049,5.0
TEST_incident_28431,cluster_13546492148_1838721956,396.0,5.0,1,0.0,5.0,5.0,0.0,0.0,0.25,0.0,4.31049,5.0
TEST_incident_28431,cluster_13546492148_1838721956,401.0,5.0,1,0.0,5.0,5.0,5.0,0.0,0.25,0.0,4.31049,5.0
TEST_incident_28431,cluster_13546492148_1838721956,406.0,5.0,1,0.01995538053193,5.0,5.0,5.0,5.0,0.0,0.0,6.99824,5.0
TEST_incident_28431,cluster_13546492148_1838721956,411.0,5.0,1,0.0,5.0,5.0,5.0,5.0,0.0,0.0,5.867684,5.0
TEST_incident_28431,cluster_13546492148_1838721956,416.0,5.0,1,0.0,5.0,5.0,5.0,5.0,0.0,5.0,5.867684,5.0
TEST_incident_28431,cluster_13546492148_1838721956,421.0,5.0,1,0.0,5.0,5.0,5.0,5.0,0.0,10.0,5.867684,5.0
TEST_incident_28431,cluster_13546492148_1838721956,426.0,5.0,1,0.0,5.0,5.0,5.0,5.0,0.0,10.0,5.867684,5.0
TEST_incident_28431,cluster_13546492148_1838721956,431.0,5.0,1,0.0,5.0,5.0,5.0,5.0,0.0,10.0,5.867684,5.0
TEST_incident_28431,cluster_13546492148_1838721956,436.0,5.0,1,0.0,5.0,5.0,5.0,5.0,0.0,0.0,5.867684,5.0
TEST_incident_28431,cluster_13546492148_1838721956,441.0,5.0,1,0.0,5.0,5.0,5.0,5.0,0.0,0.0,5.867684,5.0
TEST_incident_28431,cluster_13546492148_1838721956,446.0,5.0,1,0.0,5.0,5.0,5.0,5.0,0.0,5.0,5.867684,5.0
TEST_incident_28431,cluster_13546492148_1838721956,451.0,0.0,0,0.0,5.0,5.0,5.0,5.0,-0.25,5.0,5.3519025,0.0
TEST_incident_28431,cluster_13546492148_1838721956,456.0,0.0,0,0.0,0.0,5.0,5.0,5.0,-0.25,5.0,6.3771977,0.0
TEST_incident_28431,cluster_13546492148_1838721956,461.0,0.0,0,0.0,0.0,0.0,5.0,5.0,-0.25,5.0,6.3771977,0.0
TEST_incident_28431,cluster_13546492148_1838721956,466.0,0.0,0,0.0,0.0,0.0,0.0,5.0,-0.25,5.0,6.3771977,0.0
TEST_incident_28431,cluster_13546492148_1838721956,471.0,0.0,0,0.0,0.0,0.0,0.0,0.0,0.0,5.0,1.363607,0.0
TEST_incident_28431,cluster_13546492148_1838721956,476.0,5.0,2,0.8136503006460043,0.0,0.0,0.0,0.0,0.25,5.0,5.1907144,5.0
TEST_incident_28431,cluster_13546492148_1838721956,481.0,10.0,2,0.0002942758322863,5.0,0.0,0.0,0.0,0.5,0.0,4.8251686,10.0
TEST_incident_28431,cluster_13546492148_1838721956,486.0,10.0,2,0.0,10.0,5.0,0.0,0.0,0.5,0.0,4.8251686,10.0
TEST_incident_28431,cluster_13546492148_1838721956,491.0,10.0,2,0.0,10.0,10.0,5.0,0.0,0.5,0.0,4.8251686,10.0
TEST_incident_28431,cluster_13546492148_1838721956,496.0,0.0,0,0.0,10.0,10.0,10.0,5.0,-0.25,0.0,5.3519025,0.0
TEST_incident_28431,cluster_13546492148_1838721956,501.0,0.0,1,1.9658120550567624,0.0,10.0,10.0,10.0,-0.5,0.0,7.4972014,0.0
TEST_incident_28431,cluster_13546492148_1838721956,506.0,5.0,1,0.0046426473902165,0.0,0.0,10.0,10.0,-0.25,5.0,7.716358,5.0
TEST_incident_28431,cluster_13546492148_1838721956,511.0,5.0,1,0.0,5.0,0.0,0.0,10.0,-0.25,5.0,7.406266,5.0
TEST_incident_28431,cluster_13546492148_1838721956,516.0,5.0,1,0.0,5.0,5.0,0.0,0.0,0.25,5.0,4.31049,5.0
TEST_incident_28431,cluster_13546492148_1838721956,521.0,5.0,1,0.0,5.0,5.0,5.0,0.0,0.25,5.0,4.31049,5.0
TEST_incident_28431,cluster_13546492148_1838721956,526.0,5.0,1,0.0,5.0,5.0,5.0,5.0,0.0,0.0,5.867684,5.0
TEST_incident_28431,cluster_13546492148_1838721956,531.0,5.0,1,0.0,5.0,5.0,5.0,5.0,0.0,0.0,5.867684,5.0
TEST_incident_28431,cluster_13546492148_1838721956,536.0,5.0,1,0.0,5.0,5.0,5.0,5.0,0.0,0.0,5.867684,5.0
TEST_incident_28431,cluster_13546492148_1838721956,541.0,0.0,0,0.0,5.0,5.0,5.0,5.0,-0.25,0.0,5.3519025,0.0
TEST_incident_28431,cluster_13546492148_1838721956,546.0,0.0,0,0.0,0.0,5.0,5.0,5.0,-0.25,0.0,6.3771977,0.0
TEST_incident_28431,cluster_13546492148_1838721956,551.0,0.0,0,0.0,0.0,0.0,5.0,5.0,-0.25,0.0,6.3771977,0.0
TEST_incident_28431,cluster_13546492148_1838721956,556.0,0.0,0,0.0,0.0,0.0,0.0,5.0,-0.25,5.0,6.3771977,0.0
TEST_incident_28431,cluster_13546492148_1838721956,561.0,0.0,1,23.06760053160234,0.0,0.0,0.0,0.0,0.0,5.0,6.55333,0.0
TEST_incident_28431,cluster_13546492148_1838721956,566.0,5.0,1,0.00346039439555,0.0,0.0,0.0,0.0,0.25,5.0,5.3307853,5.0
TEST_incident_28431,cluster_13546492148_1838721956,571.0,5.0,1,0.0,5.0,0.0,0.0,0.0,0.25,0.0,4.31049,5.0
TEST_incident_28431,cluster_13546492148_1838721956,576.0,5.0,1,0.0,5.0,5.0,0.0,0.0,0.25,0.0,4.31049,5.0
TEST_incident_28431,cluster_13546492148_1838721956,581.0,5.0,1,0.0,5.0,5.0,5.0,0.0,0.25,0.0,4.31049,5.0
TEST_incident_28431,cluster_13546492148_1838721956,586.0,0.0,0,0.0,5.0,5.0,5.0,5.0,-0.25,0.0,5.3519025,0.0
TEST_incident_28431,cluster_13546492148_1838721956,591.0,0.0,0,0.0,0.0,5.0,5.0,5.0,-0.25,0.0,6.3771977,0.0
TEST_incident_28431,cluster_13546492148_1838721956,596.0,0.0,0,0.0,0.0,0.0,5.0,5.0,-0.25,0.0,6.3771977,0.0
TEST_incident_28431,cluster_13546492148_1838721956,601.0,0.0,0,0.0,0.0,0.0,0.0,5.0,-0.25,0.0,6.3771977,0.0
TEST_incident_28431,cluster_13546492148_1838721956,606.0,0.0,0,0.0,0.0,0.0,0.0,0.0,0.0,0.0,1.363607,0.0
TEST_incident_28431,cluster_13546492148_1838721956,611.0,0.0,1,1.184363462138442,0.0,0.0,0.0,0.0,0.0,0.0,3.622648,0.0
TEST_incident_28431,cluster_13546492148_1838721956,616.0,5.0,1,0.0,0.0,0.0,0.0,0.0,0.25,0.0,4.31049,5.0
TEST_incident_28431,cluster_13546492148_1838721956,621.0,5.0,1,0.0,5.0,0.0,0.0,0.0,0.25,0.0,4.31049,5.0
TEST_incident_28431,cluster_13546492148_1838721956,626.0,5.0,1,0.0,5.0,5.0,0.0,0.0,0.25,0.0,4.31049,5.0
TEST_incident_28431,cluster_13546492148_1838721956,631.0,0.0,0,0.0,5.0,5.0,5.0,0.0,0.0,0.0,1.2144732,0.0
TEST_incident_28431,cluster_13546492148_1838721956,636.0,0.0,0,0.0,0.0,5.0,5.0,5.0,-0.25,0.0,6.3771977,0.0
TEST_incident_28431,cluster_13546492148_1838721956,641.0,0.0,0,0.0,0.0,0.0,5.0,5.0,-0.25,0.0,6.3771977,0.0
TEST_incident_28431,cluster_13546492148_1838721956,646.0,0.0,0,0.0,0.0,0.0,0.0,5.0,-0.25,0.0,6.3771977,0.0
TEST_incident_28431,cluster_13546492148_1838721956,651.0,0.0,0,0.0,0.0,0.0,0.0,0.0,0.0,0.0,1.363607,0.0
TEST_incident_28431,cluster_13546492148_1838721956,656.0,0.0,0,0.0,0.0,0.0,0.0,0.0,0.0,0.0,1.363607,0.0
TEST_incident_28431,cluster_13546492148_1838721956,661.0,0.0,0,0.0,0.0,0.0,0.0,0.0,0.0,0.0,1.363607,0.0
TEST_incident_28431,cluster_13546492148_1838721956,666.0,0.0,0,0.0,0.0,0.0,0.0,0.0,0.0,0.0,1.363607,0.0
TEST_incident_28431,cluster_13546492148_1838721956,671.0,0.0,0,0.0,0.0,0.0,0.0,0.0,0.0,0.0,1.363607,0.0
TEST_incident_28431,cluster_13546492148_1838721956,676.0,0.0,0,0.0,0.0,0.0,0.0,0.0,0.0,0.0,1.363607,0.0
TEST_incident_28431,cluster_13546492148_1838721956,681.0,0.0,0,0.0,0.0,0.0,0.0,0.0,0.0,0.0,1.363607,0.0
TEST_incident_28431,cluster_13546492148_1838721956,686.0,0.0,0,0.0,0.0,0.0,0.0,0.0,0.0,0.0,1.363607,0.0
TEST_incident_28431,cluster_13546492148_1838721956,691.0,0.0,0,0.0,0.0,0.0,0.0,0.0,0.0,0.0,1.363607,0.0
TEST_incident_28431,cluster_13546492148_1838721956,696.0,0.0,0,0.0,0.0,0.0,0.0,0.0,0.0,0.0,1.363607,0.0
TEST_incident_28431,cluster_13546492148_1838721956,701.0,0.0,0,0.0,0.0,0.0,0.0,0.0,0.0,0.0,1.363607,0.0
TEST_incident_28431,cluster_13546492148_1838721956,706.0,0.0,0,0.0,0.0,0.0,0.0,0.0,0.0,0.0,1.363607,0.0
TEST_incident_28431,cluster_13546492148_1838721956,711.0,0.0,0,0.0,0.0,0.0,0.0,0.0,0.0,0.0,1.363607,0.0
TEST_incident_28431,cluster_13546492148_1838721956,716.0,0.0,0,0.0,0.0,0.0,0.0,0.0,0.0,0.0,1.363607,0.0
TEST_incident_28431,cluster_13546492148_1838721956,721.0,0.0,0,0.0,0.0,0.0,0.0,0.0,0.0,0.0,1.363607,0.0
TEST_incident_28431,cluster_13546492148_1838721956,726.0,0.0,0,0.0,0.0,0.0,0.0,0.0,0.0,0.0,1.363607,0.0
TEST_incident_28431,cluster_13546492148_1838721956,731.0,0.0,0,0.0,0.0,0.0,0.0,0.0,0.0,0.0,1.363607,0.0
TEST_incident_28431,cluster_13546492148_1838721956,736.0,0.0,0,0.0,0.0,0.0,0.0,0.0,0.0,0.0,1.363607,0.0
TEST_incident_28431,cluster_2061304035_245647208,16.0,0.0,0,0.0,0.0,0.0,0.0,0.0,0.0,0.0,1.363607,0.0
TEST_incident_28431,cluster_2061304035_245647208,21.0,0.0,0,0.0,0.0,0.0,0.0,0.0,0.0,0.0,1.363607,0.0
TEST_incident_28431,cluster_2061304035_245647208,26.0,0.0,0,0.0,0.0,0.0,0.0,0.0,0.0,0.0,1.363607,0.0
TEST_incident_28431,cluster_2061304035_245647208,31.0,0.0,0,0.0,0.0,0.0,0.0,0.0,0.0,0.0,1.363607,0.0
TEST_incident_28431,cluster_2061304035_245647208,36.0,0.0,0,0.0,0.0,0.0,0.0,0.0,0.0,0.0,1.363607,0.0
TEST_incident_28431,cluster_2061304035_245647208,41.0,0.0,0,0.0,0.0,0.0,0.0,0.0,0.0,0.0,1.363607,0.0
TEST_incident_28431,cluster_2061304035_245647208,46.0,0.0,0,0.0,0.0,0.0,0.0,0.0,0.0,0.0,1.363607,0.0
TEST_incident_28431,cluster_2061304035_245647208,51.0,0.0,0,0.0,0.0,0.0,0.0,0.0,0.0,0.0,1.363607,0.0
TEST_incident_28431,cluster_2061304035_245647208,56.0,0.0,0,0.0,0.0,0.0,0.0,0.0,0.0,0.0,1.363607,0.0
TEST_incident_28431,cluster_2061304035_245647208,61.0,0.0,0,0.0,0.0,0.0,0.0,0.0,0.0,0.0,1.363607,0.0
TEST_incident_28431,cluster_2061304035_245647208,66.0,0.0,0,0.0,0.0,0.0,0.0,0.0,0.0,0.0,1.363607,0.0
TEST_incident_28431,cluster_2061304035_245647208,71.0,0.0,0,0.0,0.0,0.0,0.0,0.0,0.0,0.0,1.363607,0.0
TEST_incident_28431,cluster_2061304035_245647208,76.0,0.0,0,0.0,0.0,0.0,0.0,0.0,0.0,0.0,1.363607,0.0
TEST_incident_28431,cluster_2061304035_245647208,81.0,0.0,0,0.0,0.0,0.0,0.0,0.0,0.0,0.0,1.363607,0.0
TEST_incident_28431,cluster_2061304035_245647208,86.0,0.0,0,0.0,0.0,0.0,0.0,0.0,0.0,0.0,1.363607,0.0
TEST_incident_28431,cluster_2061304035_245647208,91.0,0.0,0,0.0,0.0,0.0,0.0,0.0,0.0,0.0,1.363607,0.0
TEST_incident_28431,cluster_2061304035_245647208,96.0,0.0,0,0.0,0.0,0.0,0.0,0.0,0.0,0.0,1.363607,0.0
TEST_incident_28431,cluster_2061304035_245647208,101.0,0.0,0,0.0,0.0,0.0,0.0,0.0,0.0,0.0,1.363607,0.0
TEST_incident_28431,cluster_2061304035_245647208,106.0,0.0,0,0.0,0.0,0.0,0.0,0.0,0.0,0.0,1.363607,0.0
TEST_incident_28431,cluster_2061304035_245647208,111.0,0.0,0,0.0,0.0,0.0,0.0,0.0,0.0,0.0,1.363607,0.0
TEST_incident_28431,cluster_2061304035_245647208,116.0,0.0,0,0.0,0.0,0.0,0.0,0.0,0.0,0.0,1.363607,0.0
TEST_incident_28431,cluster_2061304035_245647208,121.0,0.0,0,0.0,0.0,0.0,0.0,0.0,0.0,0.0,1.363607,0.0
TEST_incident_28431,cluster_2061304035_245647208,126.0,0.0,0,0.0,0.0,0.0,0.0,0.0,0.0,0.0,1.363607,0.0
TEST_incident_28431,cluster_2061304035_245647208,131.0,0.0,0,0.0,0.0,0.0,0.0,0.0,0.0,0.0,1.363607,0.0
TEST_incident_28431,cluster_2061304035_245647208,136.0,0.0,0,0.0,0.0,0.0,0.0,0.0,0.0,0.0,1.363607,0.0
TEST_incident_28431,cluster_2061304035_245647208,141.0,0.0,0,0.0,0.0,0.0,0.0,0.0,0.0,5.0,1.363607,0.0
TEST_incident_28431,cluster_2061304035_245647208,146.0,0.0,0,0.0,0.0,0.0,0.0,0.0,0.0,10.0,1.363607,0.0
TEST_incident_28431,cluster_2061304035_245647208,151.0,0.0,1,28.01087282127442,0.0,0.0,0.0,0.0,0.0,10.0,21.360447,0.0
TEST_incident_28431,cluster_2061304035_245647208,156.0,0.0,0,0.0,0.0,0.0,0.0,0.0,0.0,10.0,1.363607,0.0
TEST_incident_28431,cluster_2061304035_245647208,161.0,0.0,0,0.0,0.0,0.0,0.0,0.0,0.0,10.0,1.363607,0.0
TEST_incident_28431,cluster_2061304035_245647208,166.0,0.0,0,0.0,0.0,0.0,0.0,0.0,0.0,5.0,1.363607,0.0
TEST_incident_28431,cluster_2061304035_245647208,171.0,0.0,0,0.0,0.0,0.0,0.0,0.0,0.0,0.0,1.363607,0.0
TEST_incident_28431,cluster_2061304035_245647208,176.0,0.0,0,0.0,0.0,0.0,0.0,0.0,0.0,0.0,1.363607,0.0
TEST_incident_28431,cluster_2061304035_245647208,181.0,0.0,0,0.0,0.0,0.0,0.0,0.0,0.0,0.0,1.363607,0.0
TEST_incident_28431,cluster_2061304035_245647208,186.0,0.0,0,0.0,0.0,0.0,0.0,0.0,0.0,0.0,1.363607,0.0
TEST_incident_28431,cluster_2061304035_245647208,191.0,0.0,0,0.0,0.0,0.0,0.0,0.0,0.0,0.0,1.363607,0.0
TEST_incident_28431,cluster_2061304035_245647208,196.0,0.0,2,42.281038514861855,0.0,0.0,0.0,0.0,0.0,0.0,10.441654,0.0
TEST_incident_28431,cluster_2061304035_245647208,201.0,5.0,4,23.34031381617036,0.0,0.0,0.0,0.0,0.25,0.0,15.317583,5.0
TEST_incident_28431,cluster_2061304035_245647208,206.0,10.0,2,0.0,5.0,0.0,0.0,0.0,0.5,0.0,4.8251686,10.0
TEST_incident_28431,cluster_2061304035_245647208,211.0,10.0,2,0.0,10.0,5.0,0.0,0.0,0.5,0.0,4.8251686,10.0
TEST_incident_28431,cluster_2061304035_245647208,216.0,10.0,2,0.0,10.0,10.0,5.0,0.0,0.5,0.0,4.8251686,10.0
TEST_incident_28431,cluster_2061304035_245647208,221.0,10.0,2,0.0,10.0,10.0,10.0,5.0,0.25,0.0,6.3823624,10.0
TEST_incident_28431,cluster_2061304035_245647208,226.0,5.0,1,0.0,10.0,10.0,10.0,10.0,-0.25,0.0,7.406266,5.0
TEST_incident_28431,cluster_2061304035_245647208,231.0,0.0,0,0.0,5.0,10.0,10.0,10.0,-0.5,0.0,5.434172,0.0
TEST_incident_28431,cluster_2061304035_245647208,236.0,0.0,0,0.0,0.0,5.0,10.0,10.0,-0.5,0.0,6.4594674,0.0
TEST_incident_28431,cluster_2061304035_245647208,241.0,0.0,0,0.0,0.0,0.0,5.0,10.0,-0.5,0.0,6.4594674,0.0
TEST_incident_28431,cluster_2061304035_245647208,246.0,0.0,0,0.0,0.0,0.0,0.0,5.0,-0.25,0.0,6.3771977,0.0
TEST_incident_28431,cluster_2061304035_245647208,251.0,0.0,0,0.0,0.0,0.0,0.0,0.0,0.0,0.0,1.363607,0.0
TEST_incident_28431,cluster_2061304035_245647208,256.0,0.0,0,0.0,0.0,0.0,0.0,0.0,0.0,0.0,1.363607,0.0
TEST_incident_28431,cluster_2061304035_245647208,261.0,0.0,0,0.0,0.0,0.0,0.0,0.0,0.0,0.0,1.363607,0.0
TEST_incident_28431,cluster_2061304035_245647208,266.0,0.0,0,0.0,0.0,0.0,0.0,0.0,0.0,0.0,1.363607,0.0
TEST_incident_28431,cluster_2061304035_245647208,271.0,0.0,0,0.0,0.0,0.0,0.0,0.0,0.0,0.0,1.363607,0.0
TEST_incident_28431,cluster_2061304035_245647208,276.0,0.0,0,0.0,0.0,0.0,0.0,0.0,0.0,0.0,1.363607,0.0
TEST_incident_28431,cluster_2061304035_245647208,281.0,0.0,0,0.0,0.0,0.0,0.0,0.0,0.0,0.0,1.363607,0.0
TEST_incident_28431,cluster_2061304035_245647208,286.0,0.0,2,50.38062077355606,0.0,0.0,0.0,0.0,0.0,0.0,11.199253,0.0
TEST_incident_28431,cluster_2061304035_245647208,291.0,0.0,0,0.0,0.0,0.0,0.0,0.0,0.0,0.0,1.363607,0.0
TEST_incident_28431,cluster_2061304035_245647208,296.0,0.0,0,0.0,0.0,0.0,0.0,0.0,0.0,0.0,1.363607,0.0
TEST_incident_28431,cluster_2061304035_245647208,301.0,0.0,0,0.0,0.0,0.0,0.0,0.0,0.0,0.0,1.363607,0.0
TEST_incident_28431,cluster_2061304035_245647208,306.0,0.0,0,0.0,0.0,0.0,0.0,0.0,0.0,0.0,1.363607,0.0
TEST_incident_28431,cluster_2061304035_245647208,311.0,0.0,0,0.0,0.0,0.0,0.0,0.0,0.0,0.0,1.363607,0.0
TEST_incident_28431,cluster_2061304035_245647208,316.0,0.0,1,53.27952196601124,0.0,0.0,0.0,0.0,0.0,0.0,2.1724977,0.0
TEST_incident_28431,cluster_2061304035_245647208,321.0,0.0,0,0.0,0.0,0.0,0.0,0.0,0.0,0.0,1.363607,0.0
TEST_incident_28431,cluster_2061304035_245647208,326.0,0.0,0,0.0,0.0,0.0,0.0,0.0,0.0,5.0,1.363607,0.0
TEST_incident_28431,cluster_2061304035_245647208,331.0,0.0,1,99.24580617369436,0.0,0.0,0.0,0.0,0.0,5.0,35.488792,0.0
TEST_incident_28431,cluster_2061304035_245647208,336.0,0.0,0,0.0,0.0,0.0,0.0,0.0,0.0,5.0,1.363607,0.0
TEST_incident_28431,cluster_2061304035_245647208,341.0,0.0,0,0.0,0.0,0.0,0.0,0.0,0.0,10.0,1.363607,0.0
TEST_incident_28431,cluster_2061304035_245647208,346.0,0.0,0,0.0,0.0,0.0,0.0,0.0,0.0,0.0,1.363607,0.0
TEST_incident_28431,cluster_2061304035_245647208,351.0,0.0,0,0.0,0.0,0.0,0.0,0.0,0.0,0.0,1.363607,0.0
TEST_incident_28431,cluster_2061304035_245647208,356.0,0.0,0,0.0,0.0,0.0,0.0,0.0,0.0,0.0,1.363607,0.0
TEST_incident_28431,cluster_2061304035_245647208,361.0,0.0,0,0.0,0.0,0.0,0.0,0.0,0.0,0.0,1.363607,0.0
TEST_incident_28431,cluster_2061304035_245647208,366.0,0.0,0,0.0,0.0,0.0,0.0,0.0,0.0,0.0,1.363607,0.0
TEST_incident_28431,cluster_2061304035_245647208,371.0,0.0,0,0.0,0.0,0.0,0.0,0.0,0.0,0.0,1.363607,0.0
TEST_incident_28431,cluster_2061304035_245647208,376.0,0.0,1,39.94361149904152,0.0,0.0,0.0,0.0,0.0,0.0,11.71774,0.0
TEST_incident_28431,cluster_2061304035_245647208,381.0,0.0,2,29.19995222188325,0.0,0.0,0.0,0.0,0.0,0.0,9.828496,0.0
TEST_incident_28431,cluster_2061304035_245647208,386.0,5.0,1,0.0,0.0,0.0,0.0,0.0,0.25,0.0,4.31049,5.0
TEST_incident_28431,cluster_2061304035_245647208,391.0,5.0,1,0.0,5.0,0.0,0.0,0.0,0.25,0.0,4.31049,5.0
TEST_incident_28431,cluster_2061304035_245647208,396.0,5.0,2,21.293728261220533,5.0,5.0,0.0,0.0,0.25,0.0,8.772642,5.0
TEST_incident_28431,cluster_2061304035_245647208,401.0,10.0,2,0.0062779540808217,5.0,5.0,5.0,0.0,0.5,0.0,6.497918,10.0
TEST_incident_28431,cluster_2061304035_245647208,406.0,0.0,0,0.0,10.0,5.0,5.0,5.0,-0.25,0.0,5.3519025,0.0
TEST_incident_28431,cluster_2061304035_245647208,411.0,0.0,0,0.0,0.0,10.0,5.0,5.0,-0.25,0.0,6.3771977,0.0
TEST_incident_28431,cluster_2061304035_245647208,416.0,0.0,0,0.0,0.0,0.0,10.0,5.0,-0.25,0.0,6.3771977,0.0
TEST_incident_28431,cluster_2061304035_245647208,421.0,0.0,2,50.698966352347895,0.0,0.0,0.0,10.0,-0.5,0.0,2.760016,0.0
TEST_incident_28431,cluster_2061304035_245647208,426.0,0.0,2,44.14125730306213,0.0,0.0,0.0,0.0,0.0,0.0,10.441654,0.0
TEST_incident_28431,cluster_2061304035_245647208,431.0,0.0,1,57.98252677111356,0.0,0.0,0.0,0.0,0.0,0.0,3.3101542,0.0
TEST_incident_28431,cluster_2061304035_245647208,436.0,0.0,0,0.0,0.0,0.0,0.0,0.0,0.0,0.0,1.363607,0.0
TEST_incident_28431,cluster_2061304035_245647208,441.0,0.0,0,0.0,0.0,0.0,0.0,0.0,0.0,0.0,1.363607,0.0
TEST_incident_28431,cluster_2061304035_245647208,446.0,0.0,0,0.0,0.0,0.0,0.0,0.0,0.0,0.0,1.363607,0.0
TEST_incident_28431,cluster_2061304035_245647208,451.0,0.0,0,0.0,0.0,0.0,0.0,0.0,0.0,0.0,1.363607,0.0
TEST_incident_28431,cluster_2061304035_245647208,456.0,0.0,0,0.0,0.0,0.0,0.0,0.0,0.0,0.0,1.363607,0.0
TEST_incident_28431,cluster_2061304035_245647208,461.0,0.0,0,0.0,0.0,0.0,0.0,0.0,0.0,0.0,1.363607,0.0
TEST_incident_28431,cluster_2061304035_245647208,466.0,0.0,1,35.87866870223071,0.0,0.0,0.0,0.0,0.0,0.0,10.642577,0.0
TEST_incident_28431,cluster_2061304035_245647208,471.0,0.0,0,0.0,0.0,0.0,0.0,0.0,0.0,0.0,1.363607,0.0
TEST_incident_28431,cluster_2061304035_245647208,476.0,0.0,0,0.0,0.0,0.0,0.0,0.0,0.0,0.0,1.363607,0.0
TEST_incident_28431,cluster_2061304035_245647208,481.0,0.0,0,0.0,0.0,0.0,0.0,0.0,0.0,0.0,1.363607,0.0
TEST_incident_28431,cluster_2061304035_245647208,486.0,0.0,0,0.0,0.0,0.0,0.0,0.0,0.0,0.0,1.363607,0.0
TEST_incident_28431,cluster_2061304035_245647208,491.0,0.0,0,0.0,0.0,0.0,0.0,0.0,0.0,0.0,1.363607,0.0
TEST_incident_28431,cluster_2061304035_245647208,496.0,0.0,0,0.0,0.0,0.0,0.0,0.0,0.0,0.0,1.363607,0.0
TEST_incident_28431,cluster_2061304035_245647208,501.0,0.0,1,23.645933983214203,0.0,0.0,0.0,0.0,0.0,5.0,6.55333,0.0
TEST_incident_28431,cluster_2061304035_245647208,506.0,0.0,0,0.0,0.0,0.0,0.0,0.0,0.0,5.0,1.363607,0.0
TEST_incident_28431,cluster_2061304035_245647208,511.0,0.0,0,0.0,0.0,0.0,0.0,0.0,0.0,5.0,1.363607,0.0
TEST_incident_28431,cluster_2061304035_245647208,516.0,0.0,0,0.0,0.0,0.0,0.0,0.0,0.0,5.0,1.363607,0.0
TEST_incident_28431,cluster_2061304035_245647208,521.0,0.0,0,0.0,0.0,0.0,0.0,0.0,0.0,5.0,1.363607,0.0
TEST_incident_28431,cluster_2061304035_245647208,526.0,0.0,0,0.0,0.0,0.0,0.0,0.0,0.0,0.0,1.363607,0.0
TEST_incident_28431,cluster_2061304035_245647208,531.0,0.0,0,0.0,0.0,0.0,0.0,0.0,0.0,0.0,1.363607,0.0
TEST_incident_28431,cluster_2061304035_245647208,536.0,0.0,0,0.0,0.0,0.0,0.0,0.0,0.0,0.0,1.363607,0.0
TEST_incident_28431,cluster_2061304035_245647208,541.0,0.0,0,0.0,0.0,0.0,0.0,0.0,0.0,0.0,1.363607,0.0
TEST_incident_28431,cluster_2061304035_245647208,546.0,0.0,0,0.0,0.0,0.0,0.0,0.0,0.0,0.0,1.363607,0.0
TEST_incident_28431,cluster_2061304035_245647208,551.0,0.0,0,0.0,0.0,0.0,0.0,0.0,0.0,0.0,1.363607,0.0
TEST_incident_28431,cluster_2061304035_245647208,556.0,0.0,1,35.284700273793035,0.0,0.0,0.0,0.0,0.0,0.0,8.418836,0.0
TEST_incident_28431,cluster_2061304035_245647208,561.0,5.0,1,0.0231868121972654,0.0,0.0,0.0,0.0,0.25,0.0,5.4441495,5.0
TEST_incident_28431,cluster_2061304035_245647208,566.0,5.0,2,27.55729365108264,5.0,0.0,0.0,0.0,0.25,0.0,20.554865,5.0
TEST_incident_28431,cluster_2061304035_245647208,571.0,5.0,1,0.0,5.0,5.0,0.0,0.0,0.25,0.0,4.31049,5.0
TEST_incident_28431,cluster_2061304035_245647208,576.0,5.0,1,0.0,5.0,5.0,5.0,0.0,0.25,0.0,4.31049,5.0
TEST_incident_28431,cluster_2061304035_245647208,581.0,5.0,1,0.0,5.0,5.0,5.0,5.0,0.0,0.0,5.867684,5.0
TEST_incident_28431,cluster_2061304035_245647208,586.0,0.0,1,72.36922594195602,5.0,5.0,5.0,5.0,-0.25,0.0,5.752449,0.0
TEST_incident_28431,cluster_2061304035_245647208,591.0,0.0,0,0.0,0.0,5.0,5.0,5.0,-0.25,0.0,6.3771977,0.0
TEST_incident_28431,cluster_2061304035_245647208,596.0,0.0,0,0.0,0.0,0.0,5.0,5.0,-0.25,0.0,6.3771977,0.0
TEST_incident_28431,cluster_2061304035_245647208,601.0,0.0,1,41.8555991796032,0.0,0.0,0.0,5.0,-0.25,0.0,11.801387,0.0
TEST_incident_28431,cluster_2061304035_245647208,606.0,0.0,1,46.391591226347074,0.0,0.0,0.0,0.0,0.0,0.0,15.257093,0.0
TEST_incident_28431,cluster_2061304035_245647208,611.0,0.0,0,0.0,0.0,0.0,0.0,0.0,0.0,0.0,1.363607,0.0
TEST_incident_28431,cluster_2061304035_245647208,616.0,0.0,1,62.47583523426224,0.0,0.0,0.0,0.0,0.0,0.0,3.3101542,0.0
TEST_incident_28431,cluster_2061304035_245647208,621.0,0.0,0,0.0,0.0,0.0,0.0,0.0,0.0,0.0,1.363607,0.0
TEST_incident_28431,cluster_2061304035_245647208,626.0,0.0,0,0.0,0.0,0.0,0.0,0.0,0.0,0.0,1.363607,0.0
TEST_incident_28431,cluster_2061304035_245647208,631.0,0.0,0,0.0,0.0,0.0,0.0,0.0,0.0,0.0,1.363607,0.0
TEST_incident_28431,cluster_2061304035_245647208,636.0,0.0,0,0.0,0.0,0.0,0.0,0.0,0.0,0.0,1.363607,0.0
TEST_incident_28431,cluster_2061304035_245647208,641.0,0.0,0,0.0,0.0,0.0,0.0,0.0,0.0,0.0,1.363607,0.0
TEST_incident_28431,cluster_2061304035_245647208,646.0,0.0,1,35.27675331908608,0.0,0.0,0.0,0.0,0.0,0.0,8.418836,0.0
TEST_incident_28431,cluster_2061304035_245647208,651.0,0.0,0,0.0,0.0,0.0,0.0,0.0,0.0,0.0,1.363607,0.0
TEST_incident_28431,cluster_2061304035_245647208,656.0,0.0,0,0.0,0.0,0.0,0.0,0.0,0.0,0.0,1.363607,0.0
TEST_incident_28431,cluster_2061304035_245647208,661.0,0.0,0,0.0,0.0,0.0,0.0,0.0,0.0,0.0,1.363607,0.0
TEST_incident_28431,cluster_2061304035_245647208,666.0,0.0,0,0.0,0.0,0.0,0.0,0.0,0.0,0.0,1.363607,0.0
TEST_incident_28431,cluster_2061304035_245647208,671.0,0.0,0,0.0,0.0,0.0,0.0,0.0,0.0,0.0,1.363607,0.0
TEST_incident_28431,cluster_2061304035_245647208,676.0,0.0,0,0.0,0.0,0.0,0.0,0.0,0.0,0.0,1.363607,0.0
TEST_incident_28431,cluster_2061304035_245647208,681.0,0.0,0,0.0,0.0,0.0,0.0,0.0,0.0,0.0,1.363607,0.0
TEST_incident_28431,cluster_2061304035_245647208,686.0,0.0,0,0.0,0.0,0.0,0.0,0.0,0.0,0.0,1.363607,0.0
TEST_incident_28431,cluster_2061304035_245647208,691.0,0.0,0,0.0,0.0,0.0,0.0,0.0,0.0,0.0,1.363607,0.0
TEST_incident_28431,cluster_2061304035_245647208,696.0,0.0,0,0.0,0.0,0.0,0.0,0.0,0.0,0.0,1.363607,0.0
TEST_incident_28431,cluster_2061304035_245647208,701.0,0.0,1,65.16686860671258,0.0,0.0,0.0,0.0,0.0,0.0,3.3101542,0.0
TEST_incident_28431,cluster_2061304035_245647208,706.0,0.0,1,39.063150162887545,0.0,0.0,0.0,0.0,0.0,0.0,10.642577,0.0
TEST_incident_28431,cluster_2061304035_245647208,711.0,0.0,0,0.0,0.0,0.0,0.0,0.0,0.0,0.0,1.363607,0.0
TEST_incident_28431,cluster_2061304035_245647208,716.0,0.0,0,0.0,0.0,0.0,0.0,0.0,0.0,0.0,1.363607,0.0
TEST_incident_28431,cluster_2061304035_245647208,721.0,0.0,0,0.0,0.0,0.0,0.0,0.0,0.0,0.0,1.363607,0.0
TEST_incident_28431,cluster_2061304035_245647208,726.0,0.0,0,0.0,0.0,0.0,0.0,0.0,0.0,0.0,1.363607,0.0
TEST_incident_28431,cluster_2061304035_245647208,731.0,0.0,0,0.0,0.0,0.0,0.0,0.0,0.0,0.0,1.363607,0.0
TEST_incident_28431,cluster_2061304035_245647208,736.0,0.0,0,0.0,0.0,0.0,0.0,0.0,0.0,0.0,1.363607,0.0
TEST_incident_28431,cluster_245647168_3238255150_3495323634,16.0,0.0,0,0.0,0.0,0.0,0.0,0.0,0.0,0.0,1.363607,0.0
TEST_incident_28431,cluster_245647168_3238255150_3495323634,21.0,0.0,0,0.0,0.0,0.0,0.0,0.0,0.0,0.0,1.363607,0.0
TEST_incident_28431,cluster_245647168_3238255150_3495323634,26.0,0.0,0,0.0,0.0,0.0,0.0,0.0,0.0,0.0,1.363607,0.0
TEST_incident_28431,cluster_245647168_3238255150_3495323634,31.0,0.0,0,0.0,0.0,0.0,0.0,0.0,0.0,0.0,1.363607,0.0
TEST_incident_28431,cluster_245647168_3238255150_3495323634,36.0,0.0,0,0.0,0.0,0.0,0.0,0.0,0.0,0.0,1.363607,0.0
TEST_incident_28431,cluster_245647168_3238255150_3495323634,41.0,0.0,0,0.0,0.0,0.0,0.0,0.0,0.0,5.0,1.363607,0.0
TEST_incident_28431,cluster_245647168_3238255150_3495323634,46.0,0.0,0,0.0,0.0,0.0,0.0,0.0,0.0,5.0,1.363607,0.0
TEST_incident_28431,cluster_245647168_3238255150_3495323634,51.0,0.0,0,0.0,0.0,0.0,0.0,0.0,0.0,10.0,1.363607,0.0
TEST_incident_28431,cluster_245647168_3238255150_3495323634,56.0,0.0,0,0.0,0.0,0.0,0.0,0.0,0.0,10.0,1.363607,0.0
TEST_incident_28431,cluster_245647168_3238255150_3495323634,61.0,0.0,0,0.0,0.0,0.0,0.0,0.0,0.0,10.0,1.363607,0.0
TEST_incident_28431,cluster_245647168_3238255150_3495323634,66.0,0.0,0,0.0,0.0,0.0,0.0,0.0,0.0,10.0,1.363607,0.0
TEST_incident_28431,cluster_245647168_3238255150_3495323634,71.0,0.0,0,0.0,0.0,0.0,0.0,0.0,0.0,10.0,1.363607,0.0
TEST_incident_28431,cluster_245647168_3238255150_3495323634,76.0,0.0,0,0.0,0.0,0.0,0.0,0.0,0.0,10.0,1.363607,0.0
TEST_incident_28431,cluster_245647168_3238255150_3495323634,81.0,0.0,0,0.0,0.0,0.0,0.0,0.0,0.0,15.0,1.363607,0.0
TEST_incident_28431,cluster_245647168_3238255150_3495323634,86.0,0.0,0,0.0,0.0,0.0,0.0,0.0,0.0,15.0,1.363607,0.0
TEST_incident_28431,cluster_245647168_3238255150_3495323634,91.0,0.0,0,0.0,0.0,0.0,0.0,0.0,0.0,15.0,1.363607,0.0
TEST_incident_28431,cluster_245647168_3238255150_3495323634,96.0,0.0,1,20.33145385960007,0.0,0.0,0.0,0.0,0.0,20.0,8.547714,0.0
TEST_incident_28431,cluster_245647168_3238255150_3495323634,101.0,5.0,2,31.696112057691604,0.0,0.0,0.0,0.0,0.0,20.0,10.334574,5.0
TEST_incident_28431,cluster_245647168_3238255150_3495323634,106.0,5.0,3,32.401959902576266,5.0,0.0,0.0,0.0,0.0,30.0,23.307478,5.0
TEST_incident_28431,cluster_245647168_3238255150_3495323634,111.0,10.0,3,2.594435575090428,5.0,5.0,0.0,0.0,0.5,30.0,6.3694954,10.0
TEST_incident_28431,cluster_245647168_3238255150_3495323634,116.0,10.0,2,0.0,10.0,5.0,5.0,0.0,0.5,35.0,4.8251686,10.0
TEST_incident_28431,cluster_245647168_3238255150_3495323634,121.0,10.0,2,0.0,10.0,10.0,5.0,5.0,0.25,25.0,6.3823624,10.0
TEST_incident_28431,cluster_245647168_3238255150_3495323634,126.0,10.0,2,0.0,10.0,10.0,10.0,5.0,0.25,5.0,6.3823624,10.0
TEST_incident_28431,cluster_245647168_3238255150_3495323634,131.0,10.0,2,0.0,10.0,10.0,10.0,10.0,0.0,5.0,6.464632,10.0
TEST_incident_28431,cluster_245647168_3238255150_3495323634,136.0,10.0,3,19.62111064244293,10.0,10.0,10.0,10.0,0.0,10.0,50.928463,10.0
TEST_incident_28431,cluster_245647168_3238255150_3495323634,141.0,15.0,3,0.0444035776101132,10.0,10.0,10.0,10.0,0.25,10.0,9.579189,15.0
TEST_incident_28431,cluster_245647168_3238255150_3495323634,146.0,15.0,3,0.0,15.0,10.0,10.0,10.0,0.25,15.0,8.646792,15.0
TEST_incident_28431,cluster_245647168_3238255150_3495323634,151.0,15.0,4,6.616500165096259,15.0,15.0,10.0,10.0,0.25,15.0,14.426705,15.0
TEST_incident_28431,cluster_245647168_3238255150_3495323634,156.0,20.0,6,15.379889663929315,15.0,15.0,15.0,10.0,0.5,15.0,15.62581,20.0
TEST_incident_28431,cluster_245647168_3238255150_3495323634,161.0,20.0,6,8.408877736905032,20.0,15.0,15.0,15.0,0.25,15.0,19.14408,20.0
TEST_incident_28431,cluster_245647168_3238255150_3495323634,166.0,30.0,7,11.15451175437858,20.0,20.0,15.0,15.0,0.75,5.0,17.64446,30.0
TEST_incident_28431,cluster_245647168_3238255150_3495323634,171.0,30.0,8,7.805159522712922,30.0,20.0,20.0,15.0,0.75,5.0,16.76297,30.0
TEST_incident_28431,cluster_245647168_3238255150_3495323634,176.0,35.0,8,0.0499702112226148,30.0,30.0,20.0,20.0,0.75,5.0,13.175899,35.0
TEST_incident_28431,cluster_245647168_3238255150_3495323634,181.0,25.0,6,6.110507649274802,35.0,30.0,30.0,20.0,0.25,5.0,19.2372,25.0
TEST_incident_28431,cluster_245647168_3238255150_3495323634,186.0,5.0,3,14.798393406673297,25.0,35.0,30.0,30.0,-1.25,10.0,39.26901,5.0
TEST_incident_28431,cluster_245647168_3238255150_3495323634,191.0,5.0,2,16.570361864990975,5.0,25.0,35.0,30.0,-1.25,5.0,28.502625,5.0
TEST_incident_28431,cluster_245647168_3238255150_3495323634,196.0,10.0,2,0.0,5.0,5.0,25.0,35.0,-1.25,10.0,36.91805,10.0
TEST_incident_28431,cluster_245647168_3238255150_3495323634,201.0,10.0,3,15.4663814670069,10.0,5.0,5.0,25.0,-0.75,15.0,46.10997,10.0
TEST_incident_28431,cluster_245647168_3238255150_3495323634,206.0,15.0,3,0.0585314123041075,10.0,10.0,5.0,5.0,0.5,15.0,10.402369,15.0
TEST_incident_28431,cluster_245647168_3238255150_3495323634,211.0,15.0,3,0.0,15.0,10.0,10.0,5.0,0.5,5.0,9.010549,15.0
TEST_incident_28431,cluster_245647168_3238255150_3495323634,216.0,15.0,3,0.0,15.0,15.0,10.0,10.0,0.25,0.0,9.287345,15.0
TEST_incident_28431,cluster_245647168_3238255150_3495323634,221.0,15.0,3,0.0,15.0,15.0,15.0,10.0,0.25,0.0,9.287345,15.0
TEST_incident_28431,cluster_245647168_3238255150_3495323634,226.0,5.0,3,22.92368999024053,15.0,15.0,15.0,15.0,-0.5,5.0,41.152187,5.0
TEST_incident_28431,cluster_245647168_3238255150_3495323634,231.0,5.0,1,0.0,5.0,15.0,15.0,15.0,-0.5,5.0,11.2069645,5.0
TEST_incident_28431,cluster_245647168_3238255150_3495323634,236.0,5.0,2,34.77354922303392,5.0,5.0,15.0,15.0,-0.5,0.0,17.26863,5.0
TEST_incident_28431,cluster_245647168_3238255150_3495323634,241.0,5.0,2,6.555596970777284,5.0,5.0,5.0,15.0,-0.5,5.0,15.784903,5.0
TEST_incident_28431,cluster_245647168_3238255150_3495323634,246.0,10.0,2,0.0004449811751894,5.0,5.0,5.0,5.0,0.25,5.0,6.3823624,10.0
TEST_incident_28431,cluster_245647168_3238255150_3495323634,251.0,5.0,3,29.017360057745996,10.0,5.0,5.0,5.0,0.0,10.0,46.033897,5.0
TEST_incident_28431,cluster_245647168_3238255150_3495323634,256.0,10.0,3,0.3555750550288432,5.0,10.0,5.0,5.0,0.25,10.0,9.706436,10.0
TEST_incident_28431,cluster_245647168_3238255150_3495323634,261.0,15.0,3,0.0,10.0,5.0,10.0,5.0,0.5,15.0,9.010549,15.0
TEST_incident_28431,cluster_245647168_3238255150_3495323634,266.0,15.0,3,0.000135647348674,15.0,10.0,5.0,10.0,0.25,15.0,9.1062155,15.0
TEST_incident_28431,cluster_245647168_3238255150_3495323634,271.0,5.0,1,0.0,15.0,15.0,10.0,5.0,0.0,15.0,6.508235,5.0
TEST_incident_28431,cluster_245647168_3238255150_3495323634,276.0,0.0,0,0.0,5.0,15.0,15.0,10.0,-0.5,30.0,6.0747232,0.0
TEST_incident_28431,cluster_245647168_3238255150_3495323634,281.0,0.0,2,62.29726376269536,0.0,5.0,15.0,15.0,-0.75,30.0,8.722918,0.0
TEST_incident_28431,cluster_245647168_3238255150_3495323634,286.0,5.0,1,0.0035874141786408,0.0,0.0,5.0,15.0,-0.5,25.0,10.593984,5.0
TEST_incident_28431,cluster_245647168_3238255150_3495323634,291.0,5.0,2,28.51431153063756,5.0,0.0,0.0,5.0,0.0,30.0,25.401974,5.0
TEST_incident_28431,cluster_245647168_3238255150_3495323634,296.0,0.0,1,14.026516591553442,5.0,5.0,0.0,0.0,0.0,40.0,6.549092,0.0
TEST_incident_28431,cluster_245647168_3238255150_3495323634,301.0,5.0,2,43.86562864674295,0.0,5.0,5.0,0.0,0.25,20.0,1.9377851,5.0
TEST_incident_28431,cluster_245647168_3238255150_3495323634,306.0,5.0,2,3.3650550574975933,5.0,0.0,5.0,5.0,0.0,0.0,5.856038,5.0
TEST_incident_28431,cluster_245647168_3238255150_3495323634,311.0,10.0,3,21.051576317937045,5.0,5.0,0.0,5.0,0.25,0.0,32.587887,10.0
TEST_incident_28431,cluster_245647168_3238255150_3495323634,316.0,10.0,3,2.057617361402149,10.0,5.0,5.0,0.0,0.5,5.0,6.896264,10.0
TEST_incident_28431,cluster_245647168_3238255150_3495323634,321.0,15.0,3,0.0004071194352093,10.0,10.0,5.0,5.0,0.5,5.0,9.469972,15.0
TEST_incident_28431,cluster_245647168_3238255150_3495323634,326.0,15.0,5,27.56791707226949,15.0,10.0,10.0,5.0,0.5,0.0,26.82568,15.0
TEST_incident_28431,cluster_245647168_3238255150_3495323634,331.0,15.0,6,16.134308338542393,15.0,15.0,10.0,10.0,0.25,0.0,16.07918,15.0
TEST_incident_28431,cluster_245647168_3238255150_3495323634,336.0,30.0,6,0.0521585973305424,15.0,15.0,15.0,10.0,1.0,5.0,13.63814,30.0
TEST_incident_28431,cluster_245647168_3238255150_3495323634,341.0,30.0,6,8.862382491728001e-05,30.0,15.0,15.0,15.0,0.75,15.0,10.385021,30.0
TEST_incident_28431,cluster_245647168_3238255150_3495323634,346.0,25.0,6,0.1983939812187611,30.0,30.0,15.0,15.0,0.5,10.0,15.321053,25.0
TEST_incident_28431,cluster_245647168_3238255150_3495323634,351.0,30.0,8,10.5651943013019,25.0,30.0,30.0,15.0,0.75,10.0,20.758213,30.0
TEST_incident_28431,cluster_245647168_3238255150_3495323634,356.0,40.0,8,0.0275119162988536,30.0,25.0,30.0,30.0,0.5,15.0,21.481667,40.0
TEST_incident_28431,cluster_245647168_3238255150_3495323634,361.0,20.0,6,17.116295260404176,40.0,30.0,25.0,30.0,-0.5,15.0,39.75184,20.0
TEST_incident_28431,cluster_245647168_3238255150_3495323634,366.0,0.0,2,23.154737233035014,20.0,40.0,30.0,25.0,-1.25,20.0,8.861308,0.0
TEST_incident_28431,cluster_245647168_3238255150_3495323634,371.0,0.0,1,37.39131944101781,0.0,20.0,40.0,30.0,-1.5,25.0,25.551918,0.0
TEST_incident_28431,cluster_245647168_3238255150_3495323634,376.0,5.0,1,0.1239331445220171,0.0,0.0,20.0,40.0,-1.75,30.0,48.068764,5.0
TEST_incident_28431,cluster_245647168_3238255150_3495323634,381.0,5.0,1,0.0,5.0,0.0,0.0,20.0,-0.75,30.0,11.305845,5.0
TEST_incident_28431,cluster_245647168_3238255150_3495323634,386.0,0.0,1,66.60801246529073,5.0,5.0,0.0,0.0,0.0,40.0,3.3020613,0.0
TEST_incident_28431,cluster_245647168_3238255150_3495323634,391.0,0.0,3,40.69091161407227,0.0,5.0,5.0,0.0,0.0,25.0,22.889206,0.0
TEST_incident_28431,cluster_245647168_3238255150_3495323634,396.0,5.0,3,1.060019788487919,0.0,0.0,5.0,5.0,0.0,10.0,8.447441,5.0
TEST_incident_28431,cluster_245647168_3238255150_3495323634,401.0,15.0,3,0.0,5.0,0.0,0.0,5.0,0.5,15.0,7.5355654,15.0
TEST_incident_28431,cluster_245647168_3238255150_3495323634,406.0,10.0,2,0.0,15.0,5.0,0.0,0.0,0.5,20.0,4.8251686,10.0
TEST_incident_28431,cluster_245647168_3238255150_3495323634,411.0,10.0,3,1.1291561604920763,10.0,15.0,5.0,0.0,0.5,20.0,7.0450974,10.0
TEST_incident_28431,cluster_245647168_3238255150_3495323634,416.0,15.0,4,12.112485393360764,10.0,10.0,15.0,5.0,0.5,5.0,12.975222,15.0
TEST_incident_28431,cluster_245647168_3238255150_3495323634,421.0,15.0,4,0.6950976314245464,15.0,10.0,10.0,15.0,0.0,10.0,10.931356,15.0
TEST_incident_28431,cluster_245647168_3238255150_3495323634,426.0,20.0,6,14.149985069308189,15.0,15.0,10.0,10.0,0.5,10.0,19.711447,20.0
TEST_incident_28431,cluster_245647168_3238255150_3495323634,431.0,25.0,6,1.1697057121771777,20.0,15.0,15.0,10.0,0.75,25.0,13.953833,25.0
TEST_incident_28431,cluster_245647168_3238255150_3495323634,436.0,30.0,8,20.54851505509452,25.0,20.0,15.0,15.0,0.75,15.0,33.12339,30.0
TEST_incident_28431,cluster_245647168_3238255150_3495323634,441.0,30.0,9,10.28560198567136,30.0,25.0,20.0,15.0,0.75,15.0,16.629034,30.0
TEST_incident_28431,cluster_245647168_3238255150_3495323634,446.0,40.0,9,1.97164004577832,30.0,30.0,25.0,20.0,1.0,15.0,16.78556,40.0
TEST_incident_28431,cluster_245647168_3238255150_3495323634,451.0,25.0,6,3.264934101996249,40.0,30.0,30.0,25.0,0.0,15.0,24.300367,25.0
TEST_incident_28431,cluster_245647168_3238255150_3495323634,456.0,10.0,5,12.250110783451966,25.0,40.0,30.0,30.0,-1.0,15.0,40.32381,10.0
TEST_incident_28431,cluster_245647168_3238255150_3495323634,461.0,15.0,4,7.57230943008705,10.0,25.0,40.0,30.0,-0.75,25.0,35.35316,15.0
TEST_incident_28431,cluster_245647168_3238255150_3495323634,466.0,20.0,4,0.0236684471254667,15.0,10.0,25.0,40.0,-1.0,30.0,36.11261,20.0
TEST_incident_28431,cluster_245647168_3238255150_3495323634,471.0,20.0,4,0.0,20.0,15.0,10.0,25.0,-0.25,25.0,22.771463,20.0
TEST_incident_28431,cluster_245647168_3238255150_3495323634,476.0,5.0,3,14.30947654998968,20.0,20.0,15.0,10.0,-0.25,30.0,25.491426,5.0
TEST_incident_28431,cluster_245647168_3238255150_3495323634,481.0,10.0,5,40.81908033153474,5.0,20.0,20.0,15.0,-0.25,10.0,74.929665,10.0
TEST_incident_28431,cluster_245647168_3238255150_3495323634,486.0,10.0,5,9.095294256153846,10.0,5.0,20.0,20.0,-0.5,5.0,27.248707,10.0
TEST_incident_28431,cluster_245647168_3238255150_3495323634,491.0,25.0,5,0.0126123391249314,10.0,10.0,5.0,20.0,0.25,5.0,10.6964245,25.0
TEST_incident_28431,cluster_245647168_3238255150_3495323634,496.0,15.0,4,1.398096750278424,25.0,10.0,10.0,5.0,0.5,5.0,9.553409,15.0
TEST_incident_28431,cluster_245647168_3238255150_3495323634,501.0,15.0,3,0.0,15.0,25.0,10.0,10.0,0.25,5.0,14.227376,15.0
TEST_incident_28431,cluster_245647168_3238255150_3495323634,506.0,15.0,3,0.0,15.0,15.0,25.0,10.0,0.25,0.0,10.953679,15.0
TEST_incident_28431,cluster_245647168_3238255150_3495323634,511.0,15.0,3,0.0,15.0,15.0,15.0,25.0,-0.5,0.0,24.257366,15.0
TEST_incident_28431,cluster_245647168_3238255150_3495323634,516.0,15.0,6,25.21783061404548,15.0,15.0,15.0,15.0,0.0,0.0,29.704819,15.0
TEST_incident_28431,cluster_245647168_3238255150_3495323634,521.0,25.0,6,2.74406432441256,15.0,15.0,15.0,15.0,0.5,0.0,15.310582,25.0
TEST_incident_28431,cluster_245647168_3238255150_3495323634,526.0,30.0,6,0.0021933154155724,25.0,15.0,15.0,15.0,0.75,0.0,9.853421,30.0
TEST_incident_28431,cluster_245647168_3238255150_3495323634,531.0,25.0,6,0.3781022858297828,30.0,25.0,15.0,15.0,0.5,0.0,15.828633,25.0
TEST_incident_28431,cluster_245647168_3238255150_3495323634,536.0,30.0,7,13.04203449541112,25.0,30.0,25.0,15.0,0.75,0.0,20.822456,30.0
TEST_incident_28431,cluster_245647168_3238255150_3495323634,541.0,10.0,4,21.683380402619367,30.0,25.0,30.0,25.0,-0.75,0.0,58.24715,10.0
TEST_incident_28431,cluster_245647168_3238255150_3495323634,546.0,5.0,1,0.0,10.0,30.0,25.0,30.0,-1.25,0.0,19.317148,5.0
TEST_incident_28431,cluster_245647168_3238255150_3495323634,551.0,5.0,2,52.19460428825048,5.0,10.0,30.0,25.0,-1.0,5.0,16.702381,5.0
TEST_incident_28431,cluster_245647168_3238255150_3495323634,556.0,5.0,1,0.0,5.0,5.0,10.0,30.0,-1.25,5.0,19.452456,5.0
TEST_incident_28431,cluster_245647168_3238255150_3495323634,561.0,5.0,1,0.0,5.0,5.0,5.0,10.0,-0.25,5.0,7.406266,5.0
TEST_incident_28431,cluster_245647168_3238255150_3495323634,566.0,0.0,0,0.0,5.0,5.0,5.0,5.0,-0.25,5.0,5.3519025,0.0
TEST_incident_28431,cluster_245647168_3238255150_3495323634,571.0,0.0,0,0.0,0.0,5.0,5.0,5.0,-0.25,0.0,6.3771977,0.0
TEST_incident_28431,cluster_245647168_3238255150_3495323634,576.0,0.0,0,0.0,0.0,0.0,5.0,5.0,-0.25,0.0,6.3771977,0.0
TEST_incident_28431,cluster_245647168_3238255150_3495323634,581.0,0.0,0,0.0,0.0,0.0,0.0,5.0,-0.25,0.0,6.3771977,0.0
TEST_incident_28431,cluster_245647168_3238255150_3495323634,586.0,0.0,0,0.0,0.0,0.0,0.0,0.0,0.0,0.0,1.363607,0.0
TEST_incident_28431,cluster_245647168_3238255150_3495323634,591.0,0.0,0,0.0,0.0,0.0,0.0,0.0,0.0,0.0,1.363607,0.0
TEST_incident_28431,cluster_245647168_3238255150_3495323634,596.0,0.0,0,0.0,0.0,0.0,0.0,0.0,0.0,5.0,1.363607,0.0
TEST_incident_28431,cluster_245647168_3238255150_3495323634,601.0,0.0,1,66.76739047678002,0.0,0.0,0.0,0.0,0.0,5.0,3.3101542,0.0
TEST_incident_28431,cluster_245647168_3238255150_3495323634,606.0,0.0,1,2.771279758170668,0.0,0.0,0.0,0.0,0.0,10.0,4.328601,0.0
TEST_incident_28431,cluster_245647168_3238255150_3495323634,611.0,5.0,1,0.0005123545891201,0.0,0.0,0.0,0.0,0.25,10.0,4.31049,5.0
TEST_incident_28431,cluster_245647168_3238255150_3495323634,616.0,5.0,1,0.0,5.0,0.0,0.0,0.0,0.25,10.0,4.31049,5.0
TEST_incident_28431,cluster_245647168_3238255150_3495323634,621.0,5.0,2,38.86645887838616,5.0,5.0,0.0,0.0,0.25,15.0,4.4388757,5.0
TEST_incident_28431,cluster_245647168_3238255150_3495323634,626.0,5.0,3,10.894633746835998,5.0,5.0,5.0,0.0,0.25,15.0,8.585504,5.0
TEST_incident_28431,cluster_245647168_3238255150_3495323634,631.0,0.0,1,69.54594082321599,5.0,5.0,5.0,5.0,-0.25,20.0,5.752449,0.0
TEST_incident_28431,cluster_245647168_3238255150_3495323634,636.0,0.0,0,0.0,0.0,5.0,5.0,5.0,-0.25,25.0,6.3771977,0.0
TEST_incident_28431,cluster_245647168_3238255150_3495323634,641.0,0.0,0,0.0,0.0,0.0,5.0,5.0,-0.25,30.0,6.3771977,0.0
TEST_incident_28431,cluster_245647168_3238255150_3495323634,646.0,0.0,1,58.589233717829,0.0,0.0,0.0,5.0,-0.25,30.0,5.9202337,0.0
TEST_incident_28431,cluster_245647168_3238255150_3495323634,651.0,0.0,1,3.934322063811985,0.0,0.0,0.0,0.0,0.0,30.0,14.120076,0.0
TEST_incident_28431,cluster_245647168_3238255150_3495323634,656.0,5.0,1,0.0018673915507741,0.0,0.0,0.0,0.0,0.25,35.0,5.3307853,5.0
TEST_incident_28431,cluster_245647168_3238255150_3495323634,661.0,5.0,2,39.077675090111306,5.0,0.0,0.0,0.0,0.25,25.0,4.2182374,5.0
TEST_incident_28431,cluster_245647168_3238255150_3495323634,666.0,10.0,2,0.0793489646895448,5.0,5.0,0.0,0.0,0.5,0.0,5.958828,10.0
TEST_incident_28431,cluster_245647168_3238255150_3495323634,671.0,10.0,3,23.264064438387752,10.0,5.0,5.0,0.0,0.5,0.0,39.840355,10.0
TEST_incident_28431,cluster_245647168_3238255150_3495323634,676.0,10.0,3,3.28160833758016,10.0,10.0,5.0,5.0,0.25,0.0,10.367264,10.0
TEST_incident_28431,cluster_245647168_3238255150_3495323634,681.0,15.0,3,0.0001254805976816,10.0,10.0,10.0,5.0,0.5,0.0,9.010549,15.0
TEST_incident_28431,cluster_245647168_3238255150_3495323634,686.0,15.0,4,12.927161649648486,15.0,10.0,10.0,10.0,0.25,0.0,14.857994,15.0
TEST_incident_28431,cluster_245647168_3238255150_3495323634,691.0,20.0,5,7.170576961507568,15.0,15.0,10.0,10.0,0.5,0.0,14.349564,20.0
TEST_incident_28431,cluster_245647168_3238255150_3495323634,696.0,25.0,6,8.280080334044294,20.0,15.0,15.0,10.0,0.75,0.0,18.248919,25.0
TEST_incident_28431,cluster_245647168_3238255150_3495323634,701.0,30.0,6,0.0320362290952985,25.0,20.0,15.0,15.0,0.75,0.0,12.445412,30.0
TEST_incident_28431,cluster_245647168_3238255150_3495323634,706.0,30.0,7,7.240975486169967,30.0,25.0,20.0,15.0,0.75,0.0,17.502045,30.0
TEST_incident_28431,cluster_245647168_3238255150_3495323634,711.0,30.0,8,9.146332022346847,30.0,30.0,25.0,20.0,0.5,0.0,18.347284,30.0
TEST_incident_28431,cluster_245647168_3238255150_3495323634,716.0,35.0,9,8.751087173005,30.0,30.0,30.0,25.0,0.5,0.0,29.429369,35.0
TEST_incident_28431,cluster_245647168_3238255150_3495323634,721.0,25.0,7,12.029940607090154,35.0,30.0,30.0,30.0,-0.25,0.0,38.25808,25.0
TEST_incident_28431,cluster_245647168_3238255150_3495323634,726.0,0.0,1,6.489262421395133,25.0,35.0,30.0,30.0,-1.5,0.0,8.867986,0.0
TEST_incident_28431,cluster_245647168_3238255150_3495323634,731.0,0.0,0,0.0,0.0,25.0,35.0,30.0,-1.5,0.0,17.220861,0.0
TEST_incident_28431,cluster_245647168_3238255150_3495323634,736.0,0.0,0,0.0,0.0,0.0,25.0,35.0,-1.75,0.0,50.111507,0.0
TEST_low_10925,cluster_13546492148_1838721956,16.0,0.0,0,0.0,0.0,0.0,0.0,0.0,0.0,5.0,1.363607,0.0
TEST_low_10925,cluster_13546492148_1838721956,21.0,0.0,0,0.0,0.0,0.0,0.0,0.0,0.0,5.0,1.363607,0.0
TEST_low_10925,cluster_13546492148_1838721956,26.0,0.0,0,0.0,0.0,0.0,0.0,0.0,0.0,5.0,1.363607,0.0
TEST_low_10925,cluster_13546492148_1838721956,31.0,0.0,0,0.0,0.0,0.0,0.0,0.0,0.0,0.0,1.363607,0.0
TEST_low_10925,cluster_13546492148_1838721956,36.0,0.0,0,0.0,0.0,0.0,0.0,0.0,0.0,0.0,1.363607,0.0
TEST_low_10925,cluster_13546492148_1838721956,41.0,0.0,0,0.0,0.0,0.0,0.0,0.0,0.0,0.0,1.363607,0.0
TEST_low_10925,cluster_13546492148_1838721956,46.0,0.0,0,0.0,0.0,0.0,0.0,0.0,0.0,0.0,1.363607,0.0
TEST_low_10925,cluster_13546492148_1838721956,51.0,0.0,1,21.43480385070362,0.0,0.0,0.0,0.0,0.0,0.0,8.547714,0.0
TEST_low_10925,cluster_13546492148_1838721956,56.0,5.0,1,0.0,0.0,0.0,0.0,0.0,0.0,5.0,4.31049,5.0
TEST_low_10925,cluster_13546492148_1838721956,61.0,5.0,1,0.0,5.0,0.0,0.0,0.0,0.0,5.0,4.31049,5.0
TEST_low_10925,cluster_13546492148_1838721956,66.0,5.0,1,0.0,5.0,5.0,0.0,0.0,0.0,5.0,4.31049,5.0
TEST_low_10925,cluster_13546492148_1838721956,71.0,5.0,1,0.0,5.0,5.0,5.0,0.0,0.0,5.0,4.31049,5.0
TEST_low_10925,cluster_13546492148_1838721956,76.0,5.0,1,0.0,5.0,5.0,5.0,5.0,0.0,0.0,5.867684,5.0
TEST_low_10925,cluster_13546492148_1838721956,81.0,5.0,1,0.0,5.0,5.0,5.0,5.0,0.0,0.0,5.867684,5.0
TEST_low_10925,cluster_13546492148_1838721956,86.0,5.0,1,0.0,5.0,5.0,5.0,5.0,0.0,0.0,5.867684,5.0
TEST_low_10925,cluster_13546492148_1838721956,91.0,0.0,0,0.0,5.0,5.0,5.0,5.0,0.0,0.0,5.178471,0.0
TEST_low_10925,cluster_13546492148_1838721956,96.0,0.0,0,0.0,0.0,5.0,5.0,5.0,0.0,0.0,5.327605,0.0
TEST_low_10925,cluster_13546492148_1838721956,101.0,0.0,0,0.0,0.0,0.0,5.0,5.0,0.0,0.0,5.327605,0.0
TEST_low_10925,cluster_13546492148_1838721956,106.0,0.0,0,0.0,0.0,0.0,0.0,5.0,0.0,5.0,5.327605,0.0
TEST_low_10925,cluster_13546492148_1838721956,111.0,0.0,1,21.0973069389541,0.0,0.0,0.0,0.0,0.0,5.0,8.547714,0.0
TEST_low_10925,cluster_13546492148_1838721956,116.0,5.0,1,0.0783796560926336,0.0,0.0,0.0,0.0,0.25,5.0,5.4441495,5.0
TEST_low_10925,cluster_13546492148_1838721956,121.0,5.0,1,0.0,5.0,0.0,0.0,0.0,0.25,0.0,4.31049,5.0
TEST_low_10925,cluster_13546492148_1838721956,126.0,5.0,1,0.0,5.0,5.0,0.0,0.0,0.25,0.0,4.31049,5.0
TEST_low_10925,cluster_13546492148_1838721956,131.0,5.0,1,0.0,5.0,5.0,5.0,0.0,0.25,0.0,4.31049,5.0
TEST_low_10925,cluster_13546492148_1838721956,136.0,0.0,0,0.0,5.0,5.0,5.0,5.0,-0.25,0.0,5.3519025,0.0
TEST_low_10925,cluster_13546492148_1838721956,141.0,0.0,0,0.0,0.0,5.0,5.0,5.0,-0.25,0.0,6.3771977,0.0
TEST_low_10925,cluster_13546492148_1838721956,146.0,0.0,0,0.0,0.0,0.0,5.0,5.0,-0.25,0.0,6.3771977,0.0
TEST_low_10925,cluster_13546492148_1838721956,151.0,0.0,0,0.0,0.0,0.0,0.0,5.0,-0.25,0.0,6.3771977,0.0
TEST_low_10925,cluster_13546492148_1838721956,156.0,0.0,0,0.0,0.0,0.0,0.0,0.0,0.0,0.0,1.363607,0.0
TEST_low_10925,cluster_13546492148_1838721956,161.0,0.0,1,18.45398486777698,0.0,0.0,0.0,0.0,0.0,5.0,4.890169,0.0
TEST_low_10925,cluster_13546492148_1838721956,166.0,5.0,1,0.0060700539024124,0.0,0.0,0.0,0.0,0.25,0.0,5.9832397,5.0
TEST_low_10925,cluster_13546492148_1838721956,171.0,5.0,1,0.0,5.0,0.0,0.0,0.0,0.25,0.0,4.31049,5.0
TEST_low_10925,cluster_13546492148_1838721956,176.0,5.0,1,0.0,5.0,5.0,0.0,0.0,0.25,5.0,4.31049,5.0
TEST_low_10925,cluster_13546492148_1838721956,181.0,0.0,0,0.0,5.0,5.0,5.0,0.0,0.0,5.0,1.2144732,0.0
TEST_low_10925,cluster_13546492148_1838721956,186.0,0.0,0,0.0,0.0,5.0,5.0,5.0,-0.25,5.0,6.3771977,0.0
TEST_low_10925,cluster_13546492148_1838721956,191.0,0.0,0,0.0,0.0,0.0,5.0,5.0,-0.25,5.0,6.3771977,0.0
TEST_low_10925,cluster_13546492148_1838721956,196.0,0.0,0,0.0,0.0,0.0,0.0,5.0,-0.25,5.0,6.3771977,0.0
TEST_low_10925,cluster_13546492148_1838721956,201.0,0.0,0,0.0,0.0,0.0,0.0,0.0,0.0,5.0,1.363607,0.0
TEST_low_10925,cluster_13546492148_1838721956,206.0,0.0,0,0.0,0.0,0.0,0.0,0.0,0.0,10.0,1.363607,0.0
TEST_low_10925,cluster_13546492148_1838721956,211.0,0.0,0,0.0,0.0,0.0,0.0,0.0,0.0,0.0,1.363607,0.0
TEST_low_10925,cluster_13546492148_1838721956,216.0,0.0,1,17.800913360556155,0.0,0.0,0.0,0.0,0.0,0.0,9.290538,0.0
TEST_low_10925,cluster_13546492148_1838721956,221.0,5.0,1,0.0,0.0,0.0,0.0,0.0,0.25,0.0,4.31049,5.0
TEST_low_10925,cluster_13546492148_1838721956,226.0,0.0,0,0.0,5.0,0.0,0.0,0.0,0.0,0.0,1.2144732,0.0
TEST_low_10925,cluster_13546492148_1838721956,231.0,0.0,1,21.446723389242862,0.0,5.0,0.0,0.0,0.0,0.0,11.046068,0.0
TEST_low_10925,cluster_13546492148_1838721956,236.0,5.0,1,0.0036940151692084,0.0,0.0,5.0,0.0,0.25,0.0,5.1627755,5.0
TEST_low_10925,cluster_13546492148_1838721956,241.0,5.0,1,0.0,5.0,0.0,0.0,5.0,0.0,0.0,5.867684,5.0
TEST_low_10925,cluster_13546492148_1838721956,246.0,5.0,1,0.0,5.0,5.0,0.0,0.0,0.25,0.0,4.31049,5.0
TEST_low_10925,cluster_13546492148_1838721956,251.0,5.0,1,0.0,5.0,5.0,5.0,0.0,0.25,0.0,4.31049,5.0
TEST_low_10925,cluster_13546492148_1838721956,256.0,5.0,1,0.0,5.0,5.0,5.0,5.0,0.0,0.0,5.867684,5.0
TEST_low_10925,cluster_13546492148_1838721956,261.0,5.0,2,18.4408979428642,5.0,5.0,5.0,5.0,0.0,0.0,4.285275,5.0
TEST_low_10925,cluster_13546492148_1838721956,266.0,10.0,2,0.0114629039851975,5.0,5.0,5.0,5.0,0.25,5.0,7.5129185,10.0
TEST_low_10925,cluster_13546492148_1838721956,271.0,0.0,0,0.0,10.0,5.0,5.0,5.0,-0.25,5.0,5.3519025,0.0
TEST_low_10925,cluster_13546492148_1838721956,276.0,0.0,0,0.0,0.0,10.0,5.0,5.0,-0.25,5.0,6.3771977,0.0
TEST_low_10925,cluster_13546492148_1838721956,281.0,0.0,0,0.0,0.0,0.0,10.0,5.0,-0.25,5.0,6.3771977,0.0
TEST_low_10925,cluster_13546492148_1838721956,286.0,0.0,0,0.0,0.0,0.0,0.0,10.0,-0.5,5.0,6.4594674,0.0
TEST_low_10925,cluster_13546492148_1838721956,291.0,0.0,0,0.0,0.0,0.0,0.0,0.0,0.0,5.0,1.363607,0.0
TEST_low_10925,cluster_13546492148_1838721956,296.0,0.0,0,0.0,0.0,0.0,0.0,0.0,0.0,5.0,1.363607,0.0
TEST_low_10925,cluster_13546492148_1838721956,301.0,0.0,0,0.0,0.0,0.0,0.0,0.0,0.0,0.0,1.363607,0.0
TEST_low_10925,cluster_13546492148_1838721956,306.0,0.0,0,0.0,0.0,0.0,0.0,0.0,0.0,0.0,1.363607,0.0
TEST_low_10925,cluster_13546492148_1838721956,311.0,0.0,0,0.0,0.0,0.0,0.0,0.0,0.0,0.0,1.363607,0.0
TEST_low_10925,cluster_13546492148_1838721956,316.0,0.0,0,0.0,0.0,0.0,0.0,0.0,0.0,0.0,1.363607,0.0
TEST_low_10925,cluster_13546492148_1838721956,321.0,0.0,0,0.0,0.0,0.0,0.0,0.0,0.0,0.0,1.363607,0.0
TEST_low_10925,cluster_13546492148_1838721956,326.0,5.0,1,0.0392834669597908,0.0,0.0,0.0,0.0,0.25,0.0,5.4441495,5.0
TEST_low_10925,cluster_13546492148_1838721956,331.0,5.0,1,0.0,5.0,0.0,0.0,0.0,0.25,0.0,4.31049,5.0
TEST_low_10925,cluster_13546492148_1838721956,336.0,5.0,1,0.0,5.0,5.0,0.0,0.0,0.25,0.0,4.31049,5.0
TEST_low_10925,cluster_13546492148_1838721956,341.0,5.0,1,0.0,5.0,5.0,5.0,0.0,0.25,0.0,4.31049,5.0
TEST_low_10925,cluster_13546492148_1838721956,346.0,5.0,1,0.0,5.0,5.0,5.0,5.0,0.0,5.0,5.867684,5.0
TEST_low_10925,cluster_13546492148_1838721956,351.0,5.0,1,0.0,5.0,5.0,5.0,5.0,0.0,5.0,5.867684,5.0
TEST_low_10925,cluster_13546492148_1838721956,356.0,5.0,1,0.0,5.0,5.0,5.0,5.0,0.0,5.0,5.867684,5.0
TEST_low_10925,cluster_13546492148_1838721956,361.0,0.0,0,0.0,5.0,5.0,5.0,5.0,-0.25,5.0,5.3519025,0.0
TEST_low_10925,cluster_13546492148_1838721956,366.0,0.0,0,0.0,0.0,5.0,5.0,5.0,-0.25,5.0,6.3771977,0.0
TEST_low_10925,cluster_13546492148_1838721956,371.0,0.0,0,0.0,0.0,0.0,5.0,5.0,-0.25,5.0,6.3771977,0.0
TEST_low_10925,cluster_13546492148_1838721956,376.0,0.0,0,0.0,0.0,0.0,0.0,5.0,-0.25,5.0,6.3771977,0.0
TEST_low_10925,cluster_13546492148_1838721956,381.0,0.0,0,0.0,0.0,0.0,0.0,0.0,0.0,5.0,1.363607,0.0
TEST_low_10925,cluster_13546492148_1838721956,386.0,0.0,0,0.0,0.0,0.0,0.0,0.0,0.0,5.0,1.363607,0.0
TEST_low_10925,cluster_13546492148_1838721956,391.0,0.0,0,0.0,0.0,0.0,0.0,0.0,0.0,0.0,1.363607,0.0
TEST_low_10925,cluster_13546492148_1838721956,396.0,0.0,0,0.0,0.0,0.0,0.0,0.0,0.0,0.0,1.363607,0.0
TEST_low_10925,cluster_13546492148_1838721956,401.0,0.0,0,0.0,0.0,0.0,0.0,0.0,0.0,0.0,1.363607,0.0
TEST_low_10925,cluster_13546492148_1838721956,406.0,5.0,1,0.1679425966950187,0.0,0.0,0.0,0.0,0.25,0.0,5.4441495,5.0
TEST_low_10925,cluster_13546492148_1838721956,411.0,5.0,1,0.0,5.0,0.0,0.0,0.0,0.25,0.0,4.31049,5.0
TEST_low_10925,cluster_13546492148_1838721956,416.0,5.0,1,0.0,5.0,5.0,0.0,0.0,0.25,0.0,4.31049,5.0
TEST_low_10925,cluster_13546492148_1838721956,421.0,5.0,1,0.0,5.0,5.0,5.0,0.0,0.25,0.0,4.31049,5.0
TEST_low_10925,cluster_13546492148_1838721956,426.0,5.0,1,0.0,5.0,5.0,5.0,5.0,0.0,0.0,5.867684,5.0
TEST_low_10925,cluster_13546492148_1838721956,431.0,5.0,1,0.0,5.0,5.0,5.0,5.0,0.0,0.0,5.867684,5.0
TEST_low_10925,cluster_13546492148_1838721956,436.0,5.0,1,0.0,5.0,5.0,5.0,5.0,0.0,0.0,5.867684,5.0
TEST_low_10925,cluster_13546492148_1838721956,441.0,5.0,1,0.0,5.0,5.0,5.0,5.0,0.0,0.0,5.867684,5.0
TEST_low_10925,cluster_13546492148_1838721956,446.0,5.0,1,0.0,5.0,5.0,5.0,5.0,0.0,0.0,5.867684,5.0
TEST_low_10925,cluster_13546492148_1838721956,451.0,0.0,0,0.0,5.0,5.0,5.0,5.0,-0.25,0.0,5.3519025,0.0
TEST_low_10925,cluster_13546492148_1838721956,456.0,0.0,0,0.0,0.0,5.0,5.0,5.0,-0.25,0.0,6.3771977,0.0
TEST_low_10925,cluster_13546492148_1838721956,461.0,0.0,0,0.0,0.0,0.0,5.0,5.0,-0.25,0.0,6.3771977,0.0
TEST_low_10925,cluster_13546492148_1838721956,466.0,0.0,0,0.0,0.0,0.0,0.0,5.0,-0.25,0.0,6.3771977,0.0
TEST_low_10925,cluster_13546492148_1838721956,471.0,0.0,0,0.0,0.0,0.0,0.0,0.0,0.0,0.0,1.363607,0.0
TEST_low_10925,cluster_13546492148_1838721956,476.0,0.0,0,0.0,0.0,0.0,0.0,0.0,0.0,0.0,1.363607,0.0
TEST_low_10925,cluster_13546492148_1838721956,481.0,0.0,0,0.0,0.0,0.0,0.0,0.0,0.0,0.0,1.363607,0.0
TEST_low_10925,cluster_13546492148_1838721956,486.0,0.0,0,0.0,0.0,0.0,0.0,0.0,0.0,0.0,1.363607,0.0
TEST_low_10925,cluster_13546492148_1838721956,491.0,0.0,0,0.0,0.0,0.0,0.0,0.0,0.0,0.0,1.363607,0.0
TEST_low_10925,cluster_13546492148_1838721956,496.0,0.0,0,0.0,0.0,0.0,0.0,0.0,0.0,0.0,1.363607,0.0
TEST_low_10925,cluster_13546492148_1838721956,501.0,0.0,0,0.0,0.0,0.0,0.0,0.0,0.0,0.0,1.363607,0.0
TEST_low_10925,cluster_13546492148_1838721956,506.0,0.0,0,0.0,0.0,0.0,0.0,0.0,0.0,5.0,1.363607,0.0
TEST_low_10925,cluster_13546492148_1838721956,511.0,0.0,0,0.0,0.0,0.0,0.0,0.0,0.0,5.0,1.363607,0.0
TEST_low_10925,cluster_13546492148_1838721956,516.0,0.0,0,0.0,0.0,0.0,0.0,0.0,0.0,5.0,1.363607,0.0
TEST_low_10925,cluster_13546492148_1838721956,521.0,0.0,0,0.0,0.0,0.0,0.0,0.0,0.0,5.0,1.363607,0.0
TEST_low_10925,cluster_13546492148_1838721956,526.0,0.0,0,0.0,0.0,0.0,0.0,0.0,0.0,0.0,1.363607,0.0
TEST_low_10925,cluster_13546492148_1838721956,531.0,0.0,0,0.0,0.0,0.0,0.0,0.0,0.0,0.0,1.363607,0.0
TEST_low_10925,cluster_13546492148_1838721956,536.0,0.0,0,0.0,0.0,0.0,0.0,0.0,0.0,0.0,1.363607,0.0
TEST_low_10925,cluster_13546492148_1838721956,541.0,0.0,0,0.0,0.0,0.0,0.0,0.0,0.0,0.0,1.363607,0.0
TEST_low_10925,cluster_13546492148_1838721956,546.0,0.0,0,0.0,0.0,0.0,0.0,0.0,0.0,0.0,1.363607,0.0
TEST_low_10925,cluster_13546492148_1838721956,551.0,0.0,0,0.0,0.0,0.0,0.0,0.0,0.0,0.0,1.363607,0.0
TEST_low_10925,cluster_13546492148_1838721956,556.0,0.0,0,0.0,0.0,0.0,0.0,0.0,0.0,0.0,1.363607,0.0
TEST_low_10925,cluster_13546492148_1838721956,561.0,0.0,0,0.0,0.0,0.0,0.0,0.0,0.0,0.0,1.363607,0.0
TEST_low_10925,cluster_13546492148_1838721956,566.0,5.0,1,0.1414922866798393,0.0,0.0,0.0,0.0,0.25,0.0,5.4441495,5.0
TEST_low_10925,cluster_13546492148_1838721956,571.0,5.0,1,0.0,5.0,0.0,0.0,0.0,0.25,0.0,4.31049,5.0
TEST_low_10925,cluster_13546492148_1838721956,576.0,5.0,1,0.0,5.0,5.0,0.0,0.0,0.25,0.0,4.31049,5.0
TEST_low_10925,cluster_13546492148_1838721956,581.0,5.0,1,0.0,5.0,5.0,5.0,0.0,0.25,0.0,4.31049,5.0
TEST_low_10925,cluster_13546492148_1838721956,586.0,0.0,0,0.0,5.0,5.0,5.0,5.0,-0.25,0.0,5.3519025,0.0
TEST_low_10925,cluster_13546492148_1838721956,591.0,0.0,0,0.0,0.0,5.0,5.0,5.0,-0.25,0.0,6.3771977,0.0
TEST_low_10925,cluster_13546492148_1838721956,596.0,0.0,0,0.0,0.0,0.0,5.0,5.0,-0.25,5.0,6.3771977,0.0
TEST_low_10925,cluster_13546492148_1838721956,601.0,0.0,0,0.0,0.0,0.0,0.0,5.0,-0.25,5.0,6.3771977,0.0
TEST_low_10925,cluster_13546492148_1838721956,606.0,0.0,0,0.0,0.0,0.0,0.0,0.0,0.0,5.0,1.363607,0.0
TEST_low_10925,cluster_13546492148_1838721956,611.0,0.0,0,0.0,0.0,0.0,0.0,0.0,0.0,5.0,1.363607,0.0
TEST_low_10925,cluster_13546492148_1838721956,616.0,0.0,0,0.0,0.0,0.0,0.0,0.0,0.0,0.0,1.363607,0.0
TEST_low_10925,cluster_13546492148_1838721956,621.0,0.0,0,0.0,0.0,0.0,0.0,0.0,0.0,0.0,1.363607,0.0
TEST_low_10925,cluster_13546492148_1838721956,626.0,0.0,0,0.0,0.0,0.0,0.0,0.0,0.0,0.0,1.363607,0.0
TEST_low_10925,cluster_13546492148_1838721956,631.0,0.0,0,0.0,0.0,0.0,0.0,0.0,0.0,0.0,1.363607,0.0
TEST_low_10925,cluster_13546492148_1838721956,636.0,0.0,0,0.0,0.0,0.0,0.0,0.0,0.0,0.0,1.363607,0.0
TEST_low_10925,cluster_13546492148_1838721956,641.0,0.0,0,0.0,0.0,0.0,0.0,0.0,0.0,5.0,1.363607,0.0
TEST_low_10925,cluster_13546492148_1838721956,646.0,0.0,0,0.0,0.0,0.0,0.0,0.0,0.0,5.0,1.363607,0.0
TEST_low_10925,cluster_13546492148_1838721956,651.0,0.0,1,24.24560429658029,0.0,0.0,0.0,0.0,0.0,5.0,6.55333,0.0
TEST_low_10925,cluster_13546492148_1838721956,656.0,5.0,1,0.0,0.0,0.0,0.0,0.0,0.25,5.0,4.31049,5.0
TEST_low_10925,cluster_13546492148_1838721956,661.0,5.0,1,0.0,5.0,0.0,0.0,0.0,0.25,0.0,4.31049,5.0
TEST_low_10925,cluster_13546492148_1838721956,666.0,5.0,1,0.0,5.0,5.0,0.0,0.0,0.25,0.0,4.31049,5.0
TEST_low_10925,cluster_13546492148_1838721956,671.0,5.0,1,0.0,5.0,5.0,5.0,0.0,0.25,0.0,4.31049,5.0
TEST_low_10925,cluster_13546492148_1838721956,676.0,0.0,0,0.0,5.0,5.0,5.0,5.0,-0.25,0.0,5.3519025,0.0
TEST_low_10925,cluster_13546492148_1838721956,681.0,0.0,0,0.0,0.0,5.0,5.0,5.0,-0.25,0.0,6.3771977,0.0
TEST_low_10925,cluster_13546492148_1838721956,686.0,0.0,0,0.0,0.0,0.0,5.0,5.0,-0.25,0.0,6.3771977,0.0
TEST_low_10925,cluster_13546492148_1838721956,691.0,0.0,0,0.0,0.0,0.0,0.0,5.0,-0.25,0.0,6.3771977,0.0
TEST_low_10925,cluster_13546492148_1838721956,696.0,0.0,1,25.61175105683632,0.0,0.0,0.0,0.0,0.0,0.0,12.17676,0.0
TEST_low_10925,cluster_13546492148_1838721956,701.0,5.0,1,0.045039200914593,0.0,0.0,0.0,0.0,0.25,0.0,5.4441495,5.0
TEST_low_10925,cluster_13546492148_1838721956,706.0,5.0,1,0.0004784672092188,5.0,0.0,0.0,0.0,0.25,0.0,4.31049,5.0
TEST_low_10925,cluster_13546492148_1838721956,711.0,5.0,1,0.0,5.0,5.0,0.0,0.0,0.25,0.0,4.31049,5.0
TEST_low_10925,cluster_13546492148_1838721956,716.0,5.0,1,0.0,5.0,5.0,5.0,0.0,0.25,0.0,4.31049,5.0
TEST_low_10925,cluster_13546492148_1838721956,721.0,0.0,0,0.0,5.0,5.0,5.0,5.0,-0.25,0.0,5.3519025,0.0
TEST_low_10925,cluster_13546492148_1838721956,726.0,0.0,0,0.0,0.0,5.0,5.0,5.0,-0.25,0.0,6.3771977,0.0
TEST_low_10925,cluster_13546492148_1838721956,731.0,0.0,0,0.0,0.0,0.0,5.0,5.0,-0.25,0.0,6.3771977,0.0
TEST_low_10925,cluster_13546492148_1838721956,736.0,0.0,0,0.0,0.0,0.0,0.0,5.0,-0.25,0.0,6.3771977,0.0
TEST_low_10925,cluster_2061304035_245647208,16.0,0.0,0,0.0,0.0,0.0,0.0,0.0,0.0,0.0,1.363607,0.0
TEST_low_10925,cluster_2061304035_245647208,21.0,0.0,0,0.0,0.0,0.0,0.0,0.0,0.0,0.0,1.363607,0.0
TEST_low_10925,cluster_2061304035_245647208,26.0,0.0,0,0.0,0.0,0.0,0.0,0.0,0.0,0.0,1.363607,0.0
TEST_low_10925,cluster_2061304035_245647208,31.0,0.0,0,0.0,0.0,0.0,0.0,0.0,0.0,0.0,1.363607,0.0
TEST_low_10925,cluster_2061304035_245647208,36.0,0.0,0,0.0,0.0,0.0,0.0,0.0,0.0,0.0,1.363607,0.0
TEST_low_10925,cluster_2061304035_245647208,41.0,0.0,0,0.0,0.0,0.0,0.0,0.0,0.0,0.0,1.363607,0.0
TEST_low_10925,cluster_2061304035_245647208,46.0,0.0,0,0.0,0.0,0.0,0.0,0.0,0.0,0.0,1.363607,0.0
TEST_low_10925,cluster_2061304035_245647208,51.0,0.0,0,0.0,0.0,0.0,0.0,0.0,0.0,0.0,1.363607,0.0
TEST_low_10925,cluster_2061304035_245647208,56.0,0.0,0,0.0,0.0,0.0,0.0,0.0,0.0,0.0,1.363607,0.0
TEST_low_10925,cluster_2061304035_245647208,61.0,0.0,0,0.0,0.0,0.0,0.0,0.0,0.0,0.0,1.363607,0.0
TEST_low_10925,cluster_2061304035_245647208,66.0,0.0,0,0.0,0.0,0.0,0.0,0.0,0.0,0.0,1.363607,0.0
TEST_low_10925,cluster_2061304035_245647208,71.0,0.0,0,0.0,0.0,0.0,0.0,0.0,0.0,0.0,1.363607,0.0
TEST_low_10925,cluster_2061304035_245647208,76.0,0.0,0,0.0,0.0,0.0,0.0,0.0,0.0,0.0,1.363607,0.0
TEST_low_10925,cluster_2061304035_245647208,81.0,0.0,0,0.0,0.0,0.0,0.0,0.0,0.0,0.0,1.363607,0.0
TEST_low_10925,cluster_2061304035_245647208,86.0,0.0,0,0.0,0.0,0.0,0.0,0.0,0.0,0.0,1.363607,0.0
TEST_low_10925,cluster_2061304035_245647208,91.0,0.0,0,0.0,0.0,0.0,0.0,0.0,0.0,0.0,1.363607,0.0
TEST_low_10925,cluster_2061304035_245647208,96.0,0.0,0,0.0,0.0,0.0,0.0,0.0,0.0,0.0,1.363607,0.0
TEST_low_10925,cluster_2061304035_245647208,101.0,0.0,0,0.0,0.0,0.0,0.0,0.0,0.0,0.0,1.363607,0.0
TEST_low_10925,cluster_2061304035_245647208,106.0,0.0,1,48.30693163622493,0.0,0.0,0.0,0.0,0.0,0.0,20.609566,0.0
TEST_low_10925,cluster_2061304035_245647208,111.0,0.0,0,0.0,0.0,0.0,0.0,0.0,0.0,0.0,1.363607,0.0
TEST_low_10925,cluster_2061304035_245647208,116.0,0.0,0,0.0,0.0,0.0,0.0,0.0,0.0,0.0,1.363607,0.0
TEST_low_10925,cluster_2061304035_245647208,121.0,0.0,0,0.0,0.0,0.0,0.0,0.0,0.0,0.0,1.363607,0.0
TEST_low_10925,cluster_2061304035_245647208,126.0,0.0,0,0.0,0.0,0.0,0.0,0.0,0.0,0.0,1.363607,0.0
TEST_low_10925,cluster_2061304035_245647208,131.0,0.0,0,0.0,0.0,0.0,0.0,0.0,0.0,0.0,1.363607,0.0
TEST_low_10925,cluster_2061304035_245647208,136.0,0.0,0,0.0,0.0,0.0,0.0,0.0,0.0,0.0,1.363607,0.0
TEST_low_10925,cluster_2061304035_245647208,141.0,0.0,0,0.0,0.0,0.0,0.0,0.0,0.0,0.0,1.363607,0.0
TEST_low_10925,cluster_2061304035_245647208,146.0,0.0,0,0.0,0.0,0.0,0.0,0.0,0.0,0.0,1.363607,0.0
TEST_low_10925,cluster_2061304035_245647208,151.0,0.0,1,40.26179021551639,0.0,0.0,0.0,0.0,0.0,0.0,11.71774,0.0
TEST_low_10925,cluster_2061304035_245647208,156.0,0.0,0,0.0,0.0,0.0,0.0,0.0,0.0,0.0,1.363607,0.0
TEST_low_10925,cluster_2061304035_245647208,161.0,0.0,0,0.0,0.0,0.0,0.0,0.0,0.0,0.0,1.363607,0.0
TEST_low_10925,cluster_2061304035_245647208,166.0,0.0,0,0.0,0.0,0.0,0.0,0.0,0.0,0.0,1.363607,0.0
TEST_low_10925,cluster_2061304035_245647208,171.0,0.0,0,0.0,0.0,0.0,0.0,0.0,0.0,0.0,1.363607,0.0
TEST_low_10925,cluster_2061304035_245647208,176.0,0.0,0,0.0,0.0,0.0,0.0,0.0,0.0,0.0,1.363607,0.0
TEST_low_10925,cluster_2061304035_245647208,181.0,0.0,0,0.0,0.0,0.0,0.0,0.0,0.0,0.0,1.363607,0.0
TEST_low_10925,cluster_2061304035_245647208,186.0,0.0,0,0.0,0.0,0.0,0.0,0.0,0.0,0.0,1.363607,0.0
TEST_low_10925,cluster_2061304035_245647208,191.0,0.0,0,0.0,0.0,0.0,0.0,0.0,0.0,0.0,1.363607,0.0
TEST_low_10925,cluster_2061304035_245647208,196.0,0.0,1,51.94615004664678,0.0,0.0,0.0,0.0,0.0,0.0,15.340861,0.0
TEST_low_10925,cluster_2061304035_245647208,201.0,0.0,0,0.0,0.0,0.0,0.0,0.0,0.0,0.0,1.363607,0.0
TEST_low_10925,cluster_2061304035_245647208,206.0,0.0,1,59.9186795258634,0.0,0.0,0.0,0.0,0.0,0.0,3.3101542,0.0
TEST_low_10925,cluster_2061304035_245647208,211.0,0.0,0,0.0,0.0,0.0,0.0,0.0,0.0,0.0,1.363607,0.0
TEST_low_10925,cluster_2061304035_245647208,216.0,0.0,0,0.0,0.0,0.0,0.0,0.0,0.0,0.0,1.363607,0.0
TEST_low_10925,cluster_2061304035_245647208,221.0,0.0,0,0.0,0.0,0.0,0.0,0.0,0.0,0.0,1.363607,0.0
TEST_low_10925,cluster_2061304035_245647208,226.0,0.0,0,0.0,0.0,0.0,0.0,0.0,0.0,0.0,1.363607,0.0
TEST_low_10925,cluster_2061304035_245647208,231.0,0.0,0,0.0,0.0,0.0,0.0,0.0,0.0,0.0,1.363607,0.0
TEST_low_10925,cluster_2061304035_245647208,236.0,0.0,0,0.0,0.0,0.0,0.0,0.0,0.0,0.0,1.363607,0.0
TEST_low_10925,cluster_2061304035_245647208,241.0,0.0,1,39.87349472362399,0.0,0.0,0.0,0.0,0.0,0.0,11.71774,0.0
TEST_low_10925,cluster_2061304035_245647208,246.0,0.0,0,0.0,0.0,0.0,0.0,0.0,0.0,0.0,1.363607,0.0
TEST_low_10925,cluster_2061304035_245647208,251.0,0.0,0,0.0,0.0,0.0,0.0,0.0,0.0,0.0,1.363607,0.0
TEST_low_10925,cluster_2061304035_245647208,256.0,0.0,2,33.8781475187591,0.0,0.0,0.0,0.0,0.0,0.0,8.426211,0.0
TEST_low_10925,cluster_2061304035_245647208,261.0,0.0,0,0.0,0.0,0.0,0.0,0.0,0.0,0.0,1.363607,0.0
TEST_low_10925,cluster_2061304035_245647208,266.0,0.0,0,0.0,0.0,0.0,0.0,0.0,0.0,0.0,1.363607,0.0
TEST_low_10925,cluster_2061304035_245647208,271.0,0.0,0,0.0,0.0,0.0,0.0,0.0,0.0,0.0,1.363607,0.0
TEST_low_10925,cluster_2061304035_245647208,276.0,0.0,0,0.0,0.0,0.0,0.0,0.0,0.0,0.0,1.363607,0.0
TEST_low_10925,cluster_2061304035_245647208,281.0,0.0,0,0.0,0.0,0.0,0.0,0.0,0.0,0.0,1.363607,0.0
TEST_low_10925,cluster_2061304035_245647208,286.0,0.0,2,42.411792994662775,0.0,0.0,0.0,0.0,0.0,0.0,10.441654,0.0
TEST_low_10925,cluster_2061304035_245647208,291.0,0.0,0,0.0,0.0,0.0,0.0,0.0,0.0,0.0,1.363607,0.0
TEST_low_10925,cluster_2061304035_245647208,296.0,0.0,0,0.0,0.0,0.0,0.0,0.0,0.0,0.0,1.363607,0.0
TEST_low_10925,cluster_2061304035_245647208,301.0,0.0,0,0.0,0.0,0.0,0.0,0.0,0.0,0.0,1.363607,0.0
TEST_low_10925,cluster_2061304035_245647208,306.0,0.0,0,0.0,0.0,0.0,0.0,0.0,0.0,0.0,1.363607,0.0
TEST_low_10925,cluster_2061304035_245647208,311.0,0.0,0,0.0,0.0,0.0,0.0,0.0,0.0,0.0,1.363607,0.0
TEST_low_10925,cluster_2061304035_245647208,316.0,0.0,0,0.0,0.0,0.0,0.0,0.0,0.0,0.0,1.363607,0.0
TEST_low_10925,cluster_2061304035_245647208,321.0,0.0,0,0.0,0.0,0.0,0.0,0.0,0.0,0.0,1.363607,0.0
TEST_low_10925,cluster_2061304035_245647208,326.0,0.0,0,0.0,0.0,0.0,0.0,0.0,0.0,0.0,1.363607,0.0
TEST_low_10925,cluster_2061304035_245647208,331.0,0.0,0,0.0,0.0,0.0,0.0,0.0,0.0,0.0,1.363607,0.0
TEST_low_10925,cluster_2061304035_245647208,336.0,0.0,0,0.0,0.0,0.0,0.0,0.0,0.0,0.0,1.363607,0.0
TEST_low_10925,cluster_2061304035_245647208,341.0,0.0,0,0.0,0.0,0.0,0.0,0.0,0.0,0.0,1.363607,0.0
TEST_low_10925,cluster_2061304035_245647208,346.0,0.0,1,47.37281357274645,0.0,0.0,0.0,0.0,0.0,0.0,15.257093,0.0
TEST_low_10925,cluster_2061304035_245647208,351.0,0.0,0,0.0,0.0,0.0,0.0,0.0,0.0,0.0,1.363607,0.0
TEST_low_10925,cluster_2061304035_245647208,356.0,0.0,0,0.0,0.0,0.0,0.0,0.0,0.0,0.0,1.363607,0.0
TEST_low_10925,cluster_2061304035_245647208,361.0,0.0,0,0.0,0.0,0.0,0.0,0.0,0.0,0.0,1.363607,0.0
TEST_low_10925,cluster_2061304035_245647208,366.0,0.0,0,0.0,0.0,0.0,0.0,0.0,0.0,0.0,1.363607,0.0
TEST_low_10925,cluster_2061304035_245647208,371.0,0.0,0,0.0,0.0,0.0,0.0,0.0,0.0,0.0,1.363607,0.0
TEST_low_10925,cluster_2061304035_245647208,376.0,0.0,1,42.80740600122973,0.0,0.0,0.0,0.0,0.0,0.0,11.605194,0.0
TEST_low_10925,cluster_2061304035_245647208,381.0,0.0,0,0.0,0.0,0.0,0.0,0.0,0.0,0.0,1.363607,0.0
TEST_low_10925,cluster_2061304035_245647208,386.0,0.0,0,0.0,0.0,0.0,0.0,0.0,0.0,0.0,1.363607,0.0
TEST_low_10925,cluster_2061304035_245647208,391.0,0.0,0,0.0,0.0,0.0,0.0,0.0,0.0,0.0,1.363607,0.0
TEST_low_10925,cluster_2061304035_245647208,396.0,0.0,0,0.0,0.0,0.0,0.0,0.0,0.0,0.0,1.363607,0.0
TEST_low_10925,cluster_2061304035_245647208,401.0,0.0,0,0.0,0.0,0.0,0.0,0.0,0.0,0.0,1.363607,0.0
TEST_low_10925,cluster_2061304035_245647208,406.0,0.0,0,0.0,0.0,0.0,0.0,0.0,0.0,0.0,1.363607,0.0
TEST_low_10925,cluster_2061304035_245647208,411.0,0.0,0,0.0,0.0,0.0,0.0,0.0,0.0,0.0,1.363607,0.0
TEST_low_10925,cluster_2061304035_245647208,416.0,0.0,0,0.0,0.0,0.0,0.0,0.0,0.0,0.0,1.363607,0.0
TEST_low_10925,cluster_2061304035_245647208,421.0,0.0,0,0.0,0.0,0.0,0.0,0.0,0.0,0.0,1.363607,0.0
TEST_low_10925,cluster_2061304035_245647208,426.0,0.0,0,0.0,0.0,0.0,0.0,0.0,0.0,0.0,1.363607,0.0
TEST_low_10925,cluster_2061304035_245647208,431.0,0.0,0,0.0,0.0,0.0,0.0,0.0,0.0,0.0,1.363607,0.0
TEST_low_10925,cluster_2061304035_245647208,436.0,0.0,0,0.0,0.0,0.0,0.0,0.0,0.0,0.0,1.363607,0.0
TEST_low_10925,cluster_2061304035_245647208,441.0,0.0,0,0.0,0.0,0.0,0.0,0.0,0.0,0.0,1.363607,0.0
TEST_low_10925,cluster_2061304035_245647208,446.0,0.0,0,0.0,0.0,0.0,0.0,0.0,0.0,0.0,1.363607,0.0
TEST_low_10925,cluster_2061304035_245647208,451.0,0.0,0,0.0,0.0,0.0,0.0,0.0,0.0,0.0,1.363607,0.0
TEST_low_10925,cluster_2061304035_245647208,456.0,0.0,0,0.0,0.0,0.0,0.0,0.0,0.0,0.0,1.363607,0.0
TEST_low_10925,cluster_2061304035_245647208,461.0,0.0,0,0.0,0.0,0.0,0.0,0.0,0.0,0.0,1.363607,0.0
TEST_low_10925,cluster_2061304035_245647208,466.0,0.0,1,49.14633827168963,0.0,0.0,0.0,0.0,0.0,0.0,20.609566,0.0
TEST_low_10925,cluster_2061304035_245647208,471.0,0.0,0,0.0,0.0,0.0,0.0,0.0,0.0,0.0,1.363607,0.0
TEST_low_10925,cluster_2061304035_245647208,476.0,0.0,0,0.0,0.0,0.0,0.0,0.0,0.0,0.0,1.363607,0.0
TEST_low_10925,cluster_2061304035_245647208,481.0,0.0,1,27.54060301167878,0.0,0.0,0.0,0.0,0.0,0.0,18.495644,0.0
TEST_low_10925,cluster_2061304035_245647208,486.0,0.0,0,0.0,0.0,0.0,0.0,0.0,0.0,0.0,1.363607,0.0
TEST_low_10925,cluster_2061304035_245647208,491.0,0.0,0,0.0,0.0,0.0,0.0,0.0,0.0,0.0,1.363607,0.0
TEST_low_10925,cluster_2061304035_245647208,496.0,0.0,0,0.0,0.0,0.0,0.0,0.0,0.0,0.0,1.363607,0.0
TEST_low_10925,cluster_2061304035_245647208,501.0,0.0,0,0.0,0.0,0.0,0.0,0.0,0.0,5.0,1.363607,0.0
TEST_low_10925,cluster_2061304035_245647208,506.0,0.0,0,0.0,0.0,0.0,0.0,0.0,0.0,5.0,1.363607,0.0
TEST_low_10925,cluster_2061304035_245647208,511.0,0.0,0,0.0,0.0,0.0,0.0,0.0,0.0,5.0,1.363607,0.0
TEST_low_10925,cluster_2061304035_245647208,516.0,0.0,0,0.0,0.0,0.0,0.0,0.0,0.0,5.0,1.363607,0.0
TEST_low_10925,cluster_2061304035_245647208,521.0,0.0,0,0.0,0.0,0.0,0.0,0.0,0.0,5.0,1.363607,0.0
TEST_low_10925,cluster_2061304035_245647208,526.0,0.0,0,0.0,0.0,0.0,0.0,0.0,0.0,0.0,1.363607,0.0
TEST_low_10925,cluster_2061304035_245647208,531.0,0.0,0,0.0,0.0,0.0,0.0,0.0,0.0,0.0,1.363607,0.0
TEST_low_10925,cluster_2061304035_245647208,536.0,0.0,0,0.0,0.0,0.0,0.0,0.0,0.0,0.0,1.363607,0.0
TEST_low_10925,cluster_2061304035_245647208,541.0,0.0,0,0.0,0.0,0.0,0.0,0.0,0.0,0.0,1.363607,0.0
TEST_low_10925,cluster_2061304035_245647208,546.0,0.0,0,0.0,0.0,0.0,0.0,0.0,0.0,0.0,1.363607,0.0
TEST_low_10925,cluster_2061304035_245647208,551.0,0.0,0,0.0,0.0,0.0,0.0,0.0,0.0,0.0,1.363607,0.0
TEST_low_10925,cluster_2061304035_245647208,556.0,0.0,0,0.0,0.0,0.0,0.0,0.0,0.0,0.0,1.363607,0.0
TEST_low_10925,cluster_2061304035_245647208,561.0,5.0,1,0.2740370017173437,0.0,0.0,0.0,0.0,0.25,0.0,5.4441495,5.0
TEST_low_10925,cluster_2061304035_245647208,566.0,5.0,1,0.0023311026113829,5.0,0.0,0.0,0.0,0.25,0.0,5.3307853,5.0
TEST_low_10925,cluster_2061304035_245647208,571.0,5.0,1,0.0,5.0,5.0,0.0,0.0,0.25,0.0,4.31049,5.0
TEST_low_10925,cluster_2061304035_245647208,576.0,5.0,1,0.0,5.0,5.0,5.0,0.0,0.25,0.0,4.31049,5.0
TEST_low_10925,cluster_2061304035_245647208,581.0,5.0,1,0.0,5.0,5.0,5.0,5.0,0.0,0.0,5.867684,5.0
TEST_low_10925,cluster_2061304035_245647208,586.0,0.0,0,0.0,5.0,5.0,5.0,5.0,-0.25,0.0,5.3519025,0.0
TEST_low_10925,cluster_2061304035_245647208,591.0,0.0,0,0.0,0.0,5.0,5.0,5.0,-0.25,0.0,6.3771977,0.0
TEST_low_10925,cluster_2061304035_245647208,596.0,0.0,0,0.0,0.0,0.0,5.0,5.0,-0.25,0.0,6.3771977,0.0
TEST_low_10925,cluster_2061304035_245647208,601.0,0.0,2,48.677677803857655,0.0,0.0,0.0,5.0,-0.25,0.0,12.511113,0.0
TEST_low_10925,cluster_2061304035_245647208,606.0,0.0,0,0.0,0.0,0.0,0.0,0.0,0.0,0.0,1.363607,0.0
TEST_low_10925,cluster_2061304035_245647208,611.0,0.0,0,0.0,0.0,0.0,0.0,0.0,0.0,0.0,1.363607,0.0
TEST_low_10925,cluster_2061304035_245647208,616.0,0.0,0,0.0,0.0,0.0,0.0,0.0,0.0,0.0,1.363607,0.0
TEST_low_10925,cluster_2061304035_245647208,621.0,0.0,0,0.0,0.0,0.0,0.0,0.0,0.0,0.0,1.363607,0.0
TEST_low_10925,cluster_2061304035_245647208,626.0,0.0,0,0.0,0.0,0.0,0.0,0.0,0.0,0.0,1.363607,0.0
TEST_low_10925,cluster_2061304035_245647208,631.0,0.0,0,0.0,0.0,0.0,0.0,0.0,0.0,0.0,1.363607,0.0
TEST_low_10925,cluster_2061304035_245647208,636.0,0.0,0,0.0,0.0,0.0,0.0,0.0,0.0,0.0,1.363607,0.0
TEST_low_10925,cluster_2061304035_245647208,641.0,0.0,0,0.0,0.0,0.0,0.0,0.0,0.0,0.0,1.363607,0.0
TEST_low_10925,cluster_2061304035_245647208,646.0,0.0,0,0.0,0.0,0.0,0.0,0.0,0.0,0.0,1.363607,0.0
TEST_low_10925,cluster_2061304035_245647208,651.0,0.0,0,0.0,0.0,0.0,0.0,0.0,0.0,0.0,1.363607,0.0
TEST_low_10925,cluster_2061304035_245647208,656.0,0.0,0,0.0,0.0,0.0,0.0,0.0,0.0,0.0,1.363607,0.0
TEST_low_10925,cluster_2061304035_245647208,661.0,0.0,0,0.0,0.0,0.0,0.0,0.0,0.0,0.0,1.363607,0.0
TEST_low_10925,cluster_2061304035_245647208,666.0,0.0,0,0.0,0.0,0.0,0.0,0.0,0.0,0.0,1.363607,0.0
TEST_low_10925,cluster_2061304035_245647208,671.0,0.0,0,0.0,0.0,0.0,0.0,0.0,0.0,0.0,1.363607,0.0
TEST_low_10925,cluster_2061304035_245647208,676.0,0.0,0,0.0,0.0,0.0,0.0,0.0,0.0,0.0,1.363607,0.0
TEST_low_10925,cluster_2061304035_245647208,681.0,0.0,0,0.0,0.0,0.0,0.0,0.0,0.0,5.0,1.363607,0.0
TEST_low_10925,cluster_2061304035_245647208,686.0,0.0,0,0.0,0.0,0.0,0.0,0.0,0.0,5.0,1.363607,0.0
TEST_low_10925,cluster_2061304035_245647208,691.0,0.0,1,38.67253536961699,0.0,0.0,0.0,0.0,0.0,5.0,10.642577,0.0
TEST_low_10925,cluster_2061304035_245647208,696.0,0.0,0,0.0,0.0,0.0,0.0,0.0,0.0,5.0,1.363607,0.0
TEST_low_10925,cluster_2061304035_245647208,701.0,0.0,0,0.0,0.0,0.0,0.0,0.0,0.0,10.0,1.363607,0.0
TEST_low_10925,cluster_2061304035_245647208,706.0,0.0,0,0.0,0.0,0.0,0.0,0.0,0.0,5.0,1.363607,0.0
TEST_low_10925,cluster_2061304035_245647208,711.0,0.0,0,0.0,0.0,0.0,0.0,0.0,0.0,0.0,1.363607,0.0
TEST_low_10925,cluster_2061304035_245647208,716.0,0.0,0,0.0,0.0,0.0,0.0,0.0,0.0,0.0,1.363607,0.0
TEST_low_10925,cluster_2061304035_245647208,721.0,0.0,0,0.0,0.0,0.0,0.0,0.0,0.0,0.0,1.363607,0.0
TEST_low_10925,cluster_2061304035_245647208,726.0,0.0,0,0.0,0.0,0.0,0.0,0.0,0.0,0.0,1.363607,0.0
TEST_low_10925,cluster_2061304035_245647208,731.0,0.0,0,0.0,0.0,0.0,0.0,0.0,0.0,0.0,1.363607,0.0
TEST_low_10925,cluster_2061304035_245647208,736.0,0.0,1,31.86068483525269,0.0,0.0,0.0,0.0,0.0,0.0,13.994936,0.0
TEST_low_10925,cluster_245647168_3238255150_3495323634,16.0,0.0,0,0.0,0.0,0.0,0.0,0.0,0.0,0.0,1.363607,0.0
TEST_low_10925,cluster_245647168_3238255150_3495323634,21.0,0.0,0,0.0,0.0,0.0,0.0,0.0,0.0,0.0,1.363607,0.0
TEST_low_10925,cluster_245647168_3238255150_3495323634,26.0,0.0,0,0.0,0.0,0.0,0.0,0.0,0.0,0.0,1.363607,0.0
TEST_low_10925,cluster_245647168_3238255150_3495323634,31.0,0.0,0,0.0,0.0,0.0,0.0,0.0,0.0,0.0,1.363607,0.0
TEST_low_10925,cluster_245647168_3238255150_3495323634,36.0,0.0,0,0.0,0.0,0.0,0.0,0.0,0.0,0.0,1.363607,0.0
TEST_low_10925,cluster_245647168_3238255150_3495323634,41.0,0.0,0,0.0,0.0,0.0,0.0,0.0,0.0,5.0,1.363607,0.0
TEST_low_10925,cluster_245647168_3238255150_3495323634,46.0,0.0,0,0.0,0.0,0.0,0.0,0.0,0.0,5.0,1.363607,0.0
TEST_low_10925,cluster_245647168_3238255150_3495323634,51.0,0.0,0,0.0,0.0,0.0,0.0,0.0,0.0,5.0,1.363607,0.0
TEST_low_10925,cluster_245647168_3238255150_3495323634,56.0,0.0,0,0.0,0.0,0.0,0.0,0.0,0.0,0.0,1.363607,0.0
TEST_low_10925,cluster_245647168_3238255150_3495323634,61.0,0.0,0,0.0,0.0,0.0,0.0,0.0,0.0,5.0,1.363607,0.0
TEST_low_10925,cluster_245647168_3238255150_3495323634,66.0,0.0,0,0.0,0.0,0.0,0.0,0.0,0.0,5.0,1.363607,0.0
TEST_low_10925,cluster_245647168_3238255150_3495323634,71.0,0.0,0,0.0,0.0,0.0,0.0,0.0,0.0,5.0,1.363607,0.0
TEST_low_10925,cluster_245647168_3238255150_3495323634,76.0,0.0,0,0.0,0.0,0.0,0.0,0.0,0.0,5.0,1.363607,0.0
TEST_low_10925,cluster_245647168_3238255150_3495323634,81.0,0.0,0,0.0,0.0,0.0,0.0,0.0,0.0,5.0,1.363607,0.0
TEST_low_10925,cluster_245647168_3238255150_3495323634,86.0,0.0,0,0.0,0.0,0.0,0.0,0.0,0.0,5.0,1.363607,0.0
TEST_low_10925,cluster_245647168_3238255150_3495323634,91.0,0.0,1,35.97669182009868,0.0,0.0,0.0,0.0,0.0,5.0,10.642577,0.0
TEST_low_10925,cluster_245647168_3238255150_3495323634,96.0,0.0,1,0.6551200880234411,0.0,0.0,0.0,0.0,0.0,15.0,3.622648,0.0
TEST_low_10925,cluster_245647168_3238255150_3495323634,101.0,5.0,1,0.0,0.0,0.0,0.0,0.0,0.0,15.0,4.31049,5.0
TEST_low_10925,cluster_245647168_3238255150_3495323634,106.0,5.0,1,0.0,5.0,0.0,0.0,0.0,0.0,15.0,4.31049,5.0
TEST_low_10925,cluster_245647168_3238255150_3495323634,111.0,5.0,1,0.0,5.0,5.0,0.0,0.0,0.25,20.0,4.31049,5.0
TEST_low_10925,cluster_245647168_3238255150_3495323634,116.0,0.0,1,49.49784747412851,5.0,5.0,5.0,0.0,0.0,20.0,11.629861,0.0
TEST_low_10925,cluster_245647168_3238255150_3495323634,121.0,5.0,1,0.0872118882621361,0.0,5.0,5.0,5.0,0.0,5.0,6.772884,5.0
TEST_low_10925,cluster_245647168_3238255150_3495323634,126.0,5.0,1,0.000533038183196,5.0,0.0,5.0,5.0,0.0,0.0,5.867684,5.0
TEST_low_10925,cluster_245647168_3238255150_3495323634,131.0,5.0,1,0.0,5.0,5.0,0.0,5.0,0.0,0.0,5.867684,5.0
TEST_low_10925,cluster_245647168_3238255150_3495323634,136.0,5.0,1,0.0,5.0,5.0,5.0,0.0,0.25,0.0,4.31049,5.0
TEST_low_10925,cluster_245647168_3238255150_3495323634,141.0,5.0,1,0.0,5.0,5.0,5.0,5.0,0.0,0.0,5.867684,5.0
TEST_low_10925,cluster_245647168_3238255150_3495323634,146.0,5.0,1,0.0,5.0,5.0,5.0,5.0,0.0,0.0,5.867684,5.0
TEST_low_10925,cluster_245647168_3238255150_3495323634,151.0,5.0,3,23.406021007316955,5.0,5.0,5.0,5.0,0.0,0.0,31.771814,5.0
TEST_low_10925,cluster_245647168_3238255150_3495323634,156.0,15.0,3,0.0927725722234715,5.0,5.0,5.0,5.0,0.5,0.0,8.781698,15.0
TEST_low_10925,cluster_245647168_3238255150_3495323634,161.0,15.0,3,0.0,15.0,5.0,5.0,5.0,0.5,5.0,9.469972,15.0
TEST_low_10925,cluster_245647168_3238255150_3495323634,166.0,15.0,4,16.483995902621235,15.0,15.0,5.0,5.0,0.5,5.0,13.284808,15.0
TEST_low_10925,cluster_245647168_3238255150_3495323634,171.0,20.0,4,0.0149356736886812,15.0,15.0,15.0,5.0,0.75,15.0,11.309139,20.0
TEST_low_10925,cluster_245647168_3238255150_3495323634,176.0,20.0,4,0.0,20.0,15.0,15.0,15.0,0.25,15.0,7.8716946,20.0
TEST_low_10925,cluster_245647168_3238255150_3495323634,181.0,5.0,1,0.0,20.0,20.0,15.0,15.0,-0.5,15.0,11.370811,5.0
TEST_low_10925,cluster_245647168_3238255150_3495323634,186.0,0.0,0,0.0,5.0,20.0,20.0,15.0,-0.75,20.0,7.4693055,0.0
TEST_low_10925,cluster_245647168_3238255150_3495323634,191.0,0.0,0,0.0,0.0,5.0,20.0,20.0,-1.0,20.0,8.593481,0.0
TEST_low_10925,cluster_245647168_3238255150_3495323634,196.0,0.0,0,0.0,0.0,0.0,5.0,20.0,-1.0,20.0,7.524607,0.0
TEST_low_10925,cluster_245647168_3238255150_3495323634,201.0,0.0,0,0.0,0.0,0.0,0.0,5.0,-0.25,20.0,6.3771977,0.0
TEST_low_10925,cluster_245647168_3238255150_3495323634,206.0,0.0,0,0.0,0.0,0.0,0.0,0.0,0.0,25.0,1.363607,0.0
TEST_low_10925,cluster_245647168_3238255150_3495323634,211.0,0.0,1,83.4323149879657,0.0,0.0,0.0,0.0,0.0,10.0,9.950874,0.0
TEST_low_10925,cluster_245647168_3238255150_3495323634,216.0,0.0,1,8.84101558982002,0.0,0.0,0.0,0.0,0.0,0.0,6.0935874,0.0
TEST_low_10925,cluster_245647168_3238255150_3495323634,221.0,5.0,1,0.0012155390075717,0.0,0.0,0.0,0.0,0.25,0.0,4.601558,5.0
TEST_low_10925,cluster_245647168_3238255150_3495323634,226.0,5.0,3,21.71273422801349,5.0,0.0,0.0,0.0,0.25,0.0,15.006899,5.0
TEST_low_10925,cluster_245647168_3238255150_3495323634,231.0,15.0,3,0.0099067492626598,5.0,5.0,0.0,0.0,0.75,0.0,5.462525,15.0
TEST_low_10925,cluster_245647168_3238255150_3495323634,236.0,15.0,4,17.5214576436692,15.0,5.0,5.0,0.0,0.75,0.0,19.70873,15.0
TEST_low_10925,cluster_245647168_3238255150_3495323634,241.0,15.0,4,1.5760041321831002,15.0,15.0,5.0,5.0,0.5,0.0,11.901457,15.0
TEST_low_10925,cluster_245647168_3238255150_3495323634,246.0,20.0,4,0.0,15.0,15.0,15.0,5.0,0.75,10.0,9.039414,20.0
TEST_low_10925,cluster_245647168_3238255150_3495323634,251.0,20.0,4,0.0,20.0,15.0,15.0,15.0,0.25,10.0,7.8716946,20.0
TEST_low_10925,cluster_245647168_3238255150_3495323634,256.0,20.0,5,13.098162531877044,20.0,20.0,15.0,15.0,0.25,10.0,13.075917,20.0
TEST_low_10925,cluster_245647168_3238255150_3495323634,261.0,20.0,5,0.5783243815673956,20.0,20.0,20.0,15.0,0.25,10.0,9.385975,20.0
TEST_low_10925,cluster_245647168_3238255150_3495323634,266.0,25.0,5,0.0019163527993335,20.0,20.0,20.0,20.0,0.25,15.0,8.170135,25.0
TEST_low_10925,cluster_245647168_3238255150_3495323634,271.0,10.0,4,38.33372839194166,25.0,20.0,20.0,20.0,-0.5,15.0,61.06305,10.0
TEST_low_10925,cluster_245647168_3238255150_3495323634,276.0,0.0,2,25.219762770347813,10.0,25.0,20.0,20.0,-1.0,15.0,20.883135,0.0
TEST_low_10925,cluster_245647168_3238255150_3495323634,281.0,0.0,0,0.0,0.0,10.0,25.0,20.0,-1.0,15.0,9.839451,0.0
TEST_low_10925,cluster_245647168_3238255150_3495323634,286.0,0.0,0,0.0,0.0,0.0,10.0,25.0,-1.25,20.0,8.398845,0.0
TEST_low_10925,cluster_245647168_3238255150_3495323634,291.0,0.0,0,0.0,0.0,0.0,0.0,10.0,-0.5,20.0,6.4594674,0.0
TEST_low_10925,cluster_245647168_3238255150_3495323634,296.0,0.0,0,0.0,0.0,0.0,0.0,0.0,0.0,20.0,1.363607,0.0
TEST_low_10925,cluster_245647168_3238255150_3495323634,301.0,0.0,2,34.82386206480206,0.0,0.0,0.0,0.0,0.0,5.0,7.1030397,0.0
TEST_low_10925,cluster_245647168_3238255150_3495323634,306.0,10.0,2,0.1331197155935412,0.0,0.0,0.0,0.0,0.5,0.0,5.958828,10.0
TEST_low_10925,cluster_245647168_3238255150_3495323634,311.0,10.0,2,0.0003340869492847,10.0,0.0,0.0,0.0,0.5,0.0,4.8251686,10.0
TEST_low_10925,cluster_245647168_3238255150_3495323634,316.0,10.0,3,20.491750607337803,10.0,10.0,0.0,0.0,0.5,0.0,32.108208,10.0
TEST_low_10925,cluster_245647168_3238255150_3495323634,321.0,10.0,3,4.632234599757704,10.0,10.0,10.0,0.0,0.5,0.0,17.90309,10.0
TEST_low_10925,cluster_245647168_3238255150_3495323634,326.0,15.0,3,0.0023177033794172,10.0,10.0,10.0,10.0,0.25,0.0,7.7854342,15.0
TEST_low_10925,cluster_245647168_3238255150_3495323634,331.0,15.0,4,16.390278204878793,15.0,10.0,10.0,10.0,0.25,0.0,12.7991705,15.0
TEST_low_10925,cluster_245647168_3238255150_3495323634,336.0,15.0,4,3.970170352309375,15.0,15.0,10.0,10.0,0.25,0.0,18.962765,15.0
TEST_low_10925,cluster_245647168_3238255150_3495323634,341.0,15.0,4,8.424197627549008,15.0,15.0,15.0,10.0,0.25,0.0,14.841305,15.0
TEST_low_10925,cluster_245647168_3238255150_3495323634,346.0,20.0,4,0.013863240323771,15.0,15.0,15.0,15.0,0.25,0.0,10.194177,20.0
TEST_low_10925,cluster_245647168_3238255150_3495323634,351.0,20.0,4,0.0,20.0,15.0,15.0,15.0,0.25,0.0,7.8716946,20.0
TEST_low_10925,cluster_245647168_3238255150_3495323634,356.0,20.0,4,0.0,20.0,20.0,15.0,15.0,0.25,5.0,7.8716946,20.0
TEST_low_10925,cluster_245647168_3238255150_3495323634,361.0,5.0,2,34.38436421916703,20.0,20.0,20.0,15.0,-0.5,5.0,16.676779,5.0
TEST_low_10925,cluster_245647168_3238255150_3495323634,366.0,0.0,0,0.0,5.0,20.0,20.0,20.0,-1.0,5.0,8.208739,0.0
TEST_low_10925,cluster_245647168_3238255150_3495323634,371.0,0.0,0,0.0,0.0,5.0,20.0,20.0,-1.0,10.0,8.593481,0.0
TEST_low_10925,cluster_245647168_3238255150_3495323634,376.0,0.0,0,0.0,0.0,0.0,5.0,20.0,-1.0,15.0,7.524607,0.0
TEST_low_10925,cluster_245647168_3238255150_3495323634,381.0,0.0,0,0.0,0.0,0.0,0.0,5.0,-0.25,20.0,6.3771977,0.0
TEST_low_10925,cluster_245647168_3238255150_3495323634,386.0,0.0,0,0.0,0.0,0.0,0.0,0.0,0.0,20.0,1.363607,0.0
TEST_low_10925,cluster_245647168_3238255150_3495323634,391.0,0.0,0,0.0,0.0,0.0,0.0,0.0,0.0,10.0,1.363607,0.0
TEST_low_10925,cluster_245647168_3238255150_3495323634,396.0,0.0,0,0.0,0.0,0.0,0.0,0.0,0.0,5.0,1.363607,0.0
TEST_low_10925,cluster_245647168_3238255150_3495323634,401.0,0.0,0,0.0,0.0,0.0,0.0,0.0,0.0,5.0,1.363607,0.0
TEST_low_10925,cluster_245647168_3238255150_3495323634,406.0,0.0,1,67.92083783877474,0.0,0.0,0.0,0.0,0.0,5.0,3.3101542,0.0
TEST_low_10925,cluster_245647168_3238255150_3495323634,411.0,0.0,1,3.5272388959778054,0.0,0.0,0.0,0.0,0.0,5.0,2.7509286,0.0
TEST_low_10925,cluster_245647168_3238255150_3495323634,416.0,5.0,1,0.0,0.0,0.0,0.0,0.0,0.25,0.0,4.31049,5.0
TEST_low_10925,cluster_245647168_3238255150_3495323634,421.0,5.0,1,0.0,5.0,0.0,0.0,0.0,0.25,0.0,4.31049,5.0
TEST_low_10925,cluster_245647168_3238255150_3495323634,426.0,5.0,3,21.19378182358673,5.0,5.0,0.0,0.0,0.25,0.0,20.594387,5.0
TEST_low_10925,cluster_245647168_3238255150_3495323634,431.0,10.0,4,18.529063536725197,5.0,5.0,5.0,0.0,0.5,0.0,24.686956,10.0
TEST_low_10925,cluster_245647168_3238255150_3495323634,436.0,15.0,4,1.167012508181945,10.0,5.0,5.0,5.0,0.5,0.0,11.260904,15.0
TEST_low_10925,cluster_245647168_3238255150_3495323634,441.0,20.0,4,0.0,15.0,10.0,5.0,5.0,0.75,5.0,9.007119,20.0
TEST_low_10925,cluster_245647168_3238255150_3495323634,446.0,20.0,4,0.0,20.0,15.0,10.0,5.0,0.75,5.0,8.1651945,20.0
TEST_low_10925,cluster_245647168_3238255150_3495323634,451.0,10.0,2,0.0,20.0,20.0,15.0,10.0,0.0,5.0,6.999877,10.0
TEST_low_10925,cluster_245647168_3238255150_3495323634,456.0,5.0,3,34.81635879088116,10.0,20.0,20.0,15.0,-0.5,5.0,41.779797,5.0
TEST_low_10925,cluster_245647168_3238255150_3495323634,461.0,5.0,1,0.0,5.0,10.0,20.0,20.0,-0.75,5.0,13.851463,5.0
TEST_low_10925,cluster_245647168_3238255150_3495323634,466.0,5.0,1,0.0,5.0,5.0,10.0,20.0,-0.75,15.0,11.305845,5.0
TEST_low_10925,cluster_245647168_3238255150_3495323634,471.0,5.0,1,0.0,5.0,5.0,5.0,10.0,-0.25,15.0,7.406266,5.0
TEST_low_10925,cluster_245647168_3238255150_3495323634,476.0,0.0,0,0.0,5.0,5.0,5.0,5.0,-0.25,15.0,5.3519025,0.0
TEST_low_10925,cluster_245647168_3238255150_3495323634,481.0,0.0,0,0.0,0.0,5.0,5.0,5.0,-0.25,10.0,6.3771977,0.0
TEST_low_10925,cluster_245647168_3238255150_3495323634,486.0,0.0,0,0.0,0.0,0.0,5.0,5.0,-0.25,10.0,6.3771977,0.0
TEST_low_10925,cluster_245647168_3238255150_3495323634,491.0,0.0,0,0.0,0.0,0.0,0.0,5.0,-0.25,10.0,6.3771977,0.0
TEST_low_10925,cluster_245647168_3238255150_3495323634,496.0,0.0,1,47.5336664035686,0.0,0.0,0.0,0.0,0.0,15.0,15.257093,0.0
TEST_low_10925,cluster_245647168_3238255150_3495323634,501.0,5.0,1,0.0981157252386788,0.0,0.0,0.0,0.0,0.25,15.0,5.4441495,5.0
TEST_low_10925,cluster_245647168_3238255150_3495323634,506.0,5.0,1,0.0,5.0,0.0,0.0,0.0,0.25,10.0,4.31049,5.0
TEST_low_10925,cluster_245647168_3238255150_3495323634,511.0,5.0,1,0.0,5.0,5.0,0.0,0.0,0.25,10.0,4.31049,5.0
TEST_low_10925,cluster_245647168_3238255150_3495323634,516.0,5.0,3,31.59130123123571,5.0,5.0,5.0,0.0,0.25,15.0,26.016409,5.0
TEST_low_10925,cluster_245647168_3238255150_3495323634,521.0,5.0,3,6.768729130698008,5.0,5.0,5.0,5.0,0.0,15.0,12.548949,5.0
TEST_low_10925,cluster_245647168_3238255150_3495323634,526.0,15.0,3,0.0035140463256277,5.0,5.0,5.0,5.0,0.5,5.0,10.193286,15.0
TEST_low_10925,cluster_245647168_3238255150_3495323634,531.0,15.0,4,17.120922952340454,15.0,5.0,5.0,5.0,0.5,5.0,13.135975,15.0
TEST_low_10925,cluster_245647168_3238255150_3495323634,536.0,15.0,4,1.7671646648390036,15.0,15.0,5.0,5.0,0.5,5.0,11.901457,15.0
TEST_low_10925,cluster_245647168_3238255150_3495323634,541.0,10.0,2,0.0,15.0,15.0,15.0,5.0,0.25,5.0,7.0229135,10.0
TEST_low_10925,cluster_245647168_3238255150_3495323634,546.0,10.0,2,0.0,10.0,15.0,15.0,15.0,-0.25,5.0,15.442606,10.0
TEST_low_10925,cluster_245647168_3238255150_3495323634,551.0,10.0,3,14.357396858322074,10.0,10.0,15.0,15.0,-0.25,5.0,36.420578,10.0
TEST_low_10925,cluster_245647168_3238255150_3495323634,556.0,15.0,3,0.0954827864101828,10.0,10.0,10.0,15.0,0.0,10.0,10.386553,15.0
TEST_low_10925,cluster_245647168_3238255150_3495323634,561.0,15.0,3,0.0,15.0,10.0,10.0,10.0,0.25,15.0,8.646792,15.0
TEST_low_10925,cluster_245647168_3238255150_3495323634,566.0,10.0,2,0.0,15.0,15.0,10.0,10.0,0.0,20.0,7.105183,10.0
TEST_low_10925,cluster_245647168_3238255150_3495323634,571.0,10.0,3,17.446330212046245,10.0,15.0,15.0,10.0,0.0,0.0,29.90591,10.0
TEST_low_10925,cluster_245647168_3238255150_3495323634,576.0,15.0,3,0.0961787069616118,10.0,10.0,15.0,15.0,0.0,0.0,10.386553,15.0
TEST_low_10925,cluster_245647168_3238255150_3495323634,581.0,15.0,3,0.0,15.0,10.0,10.0,15.0,0.0,0.0,9.140422,15.0
TEST_low_10925,cluster_245647168_3238255150_3495323634,586.0,5.0,2,1.990596782262841,15.0,15.0,10.0,10.0,-0.25,0.0,8.952019,5.0
TEST_low_10925,cluster_245647168_3238255150_3495323634,591.0,5.0,1,0.0,5.0,15.0,15.0,10.0,-0.25,0.0,8.046817,5.0
TEST_low_10925,cluster_245647168_3238255150_3495323634,596.0,5.0,1,0.0,5.0,5.0,15.0,15.0,-0.5,5.0,10.566412,5.0
TEST_low_10925,cluster_245647168_3238255150_3495323634,601.0,5.0,1,0.0,5.0,5.0,5.0,15.0,-0.5,5.0,10.566412,5.0
TEST_low_10925,cluster_245647168_3238255150_3495323634,606.0,5.0,2,16.454280754067128,5.0,5.0,5.0,5.0,0.0,5.0,6.314038,5.0
TEST_low_10925,cluster_245647168_3238255150_3495323634,611.0,5.0,2,1.1289636598028898,5.0,5.0,5.0,5.0,0.0,5.0,6.5194488,5.0
TEST_low_10925,cluster_245647168_3238255150_3495323634,616.0,10.0,4,37.5964399824454,5.0,5.0,5.0,5.0,0.25,5.0,77.11432,10.0
TEST_low_10925,cluster_245647168_3238255150_3495323634,621.0,15.0,4,7.066931763371189,10.0,5.0,5.0,5.0,0.5,5.0,12.854523,15.0
TEST_low_10925,cluster_245647168_3238255150_3495323634,626.0,20.0,4,0.0025647457586771,15.0,10.0,5.0,5.0,0.75,5.0,8.145761,20.0
TEST_low_10925,cluster_245647168_3238255150_3495323634,631.0,0.0,0,0.0,20.0,15.0,10.0,5.0,-0.25,5.0,5.3873863,0.0
TEST_low_10925,cluster_245647168_3238255150_3495323634,636.0,0.0,0,0.0,0.0,20.0,15.0,10.0,-0.5,10.0,7.1000185,0.0
TEST_low_10925,cluster_245647168_3238255150_3495323634,641.0,0.0,0,0.0,0.0,0.0,20.0,15.0,-0.75,15.0,7.8540497,0.0
TEST_low_10925,cluster_245647168_3238255150_3495323634,646.0,0.0,1,63.94895351397805,0.0,0.0,0.0,20.0,-1.0,15.0,11.180112,0.0
TEST_low_10925,cluster_245647168_3238255150_3495323634,651.0,0.0,1,18.265615251691507,0.0,0.0,0.0,0.0,0.0,20.0,4.890169,0.0
TEST_low_10925,cluster_245647168_3238255150_3495323634,656.0,5.0,1,0.0014818593038098,0.0,0.0,0.0,0.0,0.25,25.0,5.3307853,5.0
TEST_low_10925,cluster_245647168_3238255150_3495323634,661.0,5.0,1,0.0,5.0,0.0,0.0,0.0,0.25,10.0,4.31049,5.0
TEST_low_10925,cluster_245647168_3238255150_3495323634,666.0,5.0,1,0.0,5.0,5.0,0.0,0.0,0.25,0.0,4.31049,5.0
TEST_low_10925,cluster_245647168_3238255150_3495323634,671.0,5.0,1,0.0,5.0,5.0,5.0,0.0,0.25,0.0,4.31049,5.0
TEST_low_10925,cluster_245647168_3238255150_3495323634,676.0,5.0,1,0.0,5.0,5.0,5.0,5.0,0.0,0.0,5.867684,5.0
TEST_low_10925,cluster_245647168_3238255150_3495323634,681.0,5.0,1,0.0,5.0,5.0,5.0,5.0,0.0,0.0,5.867684,5.0
TEST_low_10925,cluster_245647168_3238255150_3495323634,686.0,5.0,1,0.0,5.0,5.0,5.0,5.0,0.0,0.0,5.867684,5.0
TEST_low_10925,cluster_245647168_3238255150_3495323634,691.0,5.0,2,30.44462550323908,5.0,5.0,5.0,5.0,0.0,0.0,23.324583,5.0
TEST_low_10925,cluster_245647168_3238255150_3495323634,696.0,10.0,3,20.70015997909262,5.0,5.0,5.0,5.0,0.25,0.0,40.93384,10.0
TEST_low_10925,cluster_245647168_3238255150_3495323634,701.0,15.0,3,0.0002743676052096,10.0,5.0,5.0,5.0,0.5,0.0,9.469972,15.0
TEST_low_10925,cluster_245647168_3238255150_3495323634,706.0,15.0,5,23.12669636936601,15.0,10.0,5.0,5.0,0.5,0.0,31.318281,15.0
TEST_low_10925,cluster_245647168_3238255150_3495323634,711.0,20.0,5,2.7788195315017017,15.0,15.0,10.0,5.0,0.75,0.0,12.113329,20.0
TEST_low_10925,cluster_245647168_3238255150_3495323634,716.0,25.0,5,0.0015388319269792,20.0,15.0,15.0,10.0,0.75,0.0,7.3861055,25.0
TEST_low_10925,cluster_245647168_3238255150_3495323634,721.0,10.0,2,0.0,25.0,20.0,15.0,15.0,-0.25,0.0,14.963448,10.0
TEST_low_10925,cluster_245647168_3238255150_3495323634,726.0,0.0,0,0.0,10.0,25.0,20.0,15.0,-0.75,0.0,7.643726,0.0
TEST_low_10925,cluster_245647168_3238255150_3495323634,731.0,0.0,0,0.0,0.0,10.0,25.0,20.0,-1.0,0.0,9.839451,0.0
TEST_low_10925,cluster_245647168_3238255150_3495323634,736.0,0.0,0,0.0,0.0,0.0,10.0,25.0,-1.25,0.0,8.398845,0.0
TEST_motorcycle_50334,cluster_13546492148_1838721956,16.0,0.0,0,0.0,0.0,0.0,0.0,0.0,0.0,0.0,1.363607,0.0
TEST_motorcycle_50334,cluster_13546492148_1838721956,21.0,0.0,0,0.0,0.0,0.0,0.0,0.0,0.0,0.0,1.363607,0.0
TEST_motorcycle_50334,cluster_13546492148_1838721956,26.0,0.0,0,0.0,0.0,0.0,0.0,0.0,0.0,0.0,1.363607,0.0
TEST_motorcycle_50334,cluster_13546492148_1838721956,31.0,0.0,0,0.0,0.0,0.0,0.0,0.0,0.0,0.0,1.363607,0.0
TEST_motorcycle_50334,cluster_13546492148_1838721956,36.0,0.0,0,0.0,0.0,0.0,0.0,0.0,0.0,0.0,1.363607,0.0
TEST_motorcycle_50334,cluster_13546492148_1838721956,41.0,0.0,1,3.423497677397246,0.0,0.0,0.0,0.0,0.0,0.0,2.7509286,0.0
TEST_motorcycle_50334,cluster_13546492148_1838721956,46.0,0.0,0,0.0,0.0,0.0,0.0,0.0,0.0,0.0,1.363607,0.0
TEST_motorcycle_50334,cluster_13546492148_1838721956,51.0,0.0,0,0.0,0.0,0.0,0.0,0.0,0.0,0.0,1.363607,0.0
TEST_motorcycle_50334,cluster_13546492148_1838721956,56.0,0.0,0,0.0,0.0,0.0,0.0,0.0,0.0,5.0,1.363607,0.0
TEST_motorcycle_50334,cluster_13546492148_1838721956,61.0,0.0,0,0.0,0.0,0.0,0.0,0.0,0.0,5.0,1.363607,0.0
TEST_motorcycle_50334,cluster_13546492148_1838721956,66.0,0.0,0,0.0,0.0,0.0,0.0,0.0,0.0,5.0,1.363607,0.0
TEST_motorcycle_50334,cluster_13546492148_1838721956,71.0,0.0,0,0.0,0.0,0.0,0.0,0.0,0.0,5.0,1.363607,0.0
TEST_motorcycle_50334,cluster_13546492148_1838721956,76.0,0.0,0,0.0,0.0,0.0,0.0,0.0,0.0,0.0,1.363607,0.0
TEST_motorcycle_50334,cluster_13546492148_1838721956,81.0,0.0,0,0.0,0.0,0.0,0.0,0.0,0.0,0.0,1.363607,0.0
TEST_motorcycle_50334,cluster_13546492148_1838721956,86.0,0.0,0,0.0,0.0,0.0,0.0,0.0,0.0,0.0,1.363607,0.0
TEST_motorcycle_50334,cluster_13546492148_1838721956,91.0,0.0,0,0.0,0.0,0.0,0.0,0.0,0.0,0.0,1.363607,0.0
TEST_motorcycle_50334,cluster_13546492148_1838721956,96.0,0.0,0,0.0,0.0,0.0,0.0,0.0,0.0,0.0,1.363607,0.0
TEST_motorcycle_50334,cluster_13546492148_1838721956,101.0,0.0,0,0.0,0.0,0.0,0.0,0.0,0.0,0.0,1.363607,0.0
TEST_motorcycle_50334,cluster_13546492148_1838721956,106.0,0.0,0,0.0,0.0,0.0,0.0,0.0,0.0,0.0,1.363607,0.0
TEST_motorcycle_50334,cluster_13546492148_1838721956,111.0,0.0,1,18.08418047904669,0.0,0.0,0.0,0.0,0.0,0.0,4.890169,0.0
TEST_motorcycle_50334,cluster_13546492148_1838721956,116.0,5.0,1,0.0074728530822215,0.0,0.0,0.0,0.0,0.25,0.0,5.9832397,5.0
TEST_motorcycle_50334,cluster_13546492148_1838721956,121.0,5.0,1,0.0,5.0,0.0,0.0,0.0,0.25,0.0,4.31049,5.0
TEST_motorcycle_50334,cluster_13546492148_1838721956,126.0,5.0,1,0.0,5.0,5.0,0.0,0.0,0.25,0.0,4.31049,5.0
TEST_motorcycle_50334,cluster_13546492148_1838721956,131.0,5.0,1,0.0,5.0,5.0,5.0,0.0,0.25,0.0,4.31049,5.0
TEST_motorcycle_50334,cluster_13546492148_1838721956,136.0,0.0,0,0.0,5.0,5.0,5.0,5.0,-0.25,0.0,5.3519025,0.0
TEST_motorcycle_50334,cluster_13546492148_1838721956,141.0,0.0,1,66.99771902539172,0.0,5.0,5.0,5.0,-0.25,0.0,6.2278433,0.0
TEST_motorcycle_50334,cluster_13546492148_1838721956,146.0,0.0,0,0.0,0.0,0.0,5.0,5.0,-0.25,0.0,6.3771977,0.0
TEST_motorcycle_50334,cluster_13546492148_1838721956,151.0,0.0,0,0.0,0.0,0.0,0.0,5.0,-0.25,0.0,6.3771977,0.0
TEST_motorcycle_50334,cluster_13546492148_1838721956,156.0,0.0,0,0.0,0.0,0.0,0.0,0.0,0.0,0.0,1.363607,0.0
TEST_motorcycle_50334,cluster_13546492148_1838721956,161.0,0.0,0,0.0,0.0,0.0,0.0,0.0,0.0,0.0,1.363607,0.0
TEST_motorcycle_50334,cluster_13546492148_1838721956,166.0,0.0,0,0.0,0.0,0.0,0.0,0.0,0.0,0.0,1.363607,0.0
TEST_motorcycle_50334,cluster_13546492148_1838721956,171.0,0.0,0,0.0,0.0,0.0,0.0,0.0,0.0,0.0,1.363607,0.0
TEST_motorcycle_50334,cluster_13546492148_1838721956,176.0,0.0,0,0.0,0.0,0.0,0.0,0.0,0.0,0.0,1.363607,0.0
TEST_motorcycle_50334,cluster_13546492148_1838721956,181.0,0.0,0,0.0,0.0,0.0,0.0,0.0,0.0,0.0,1.363607,0.0
TEST_motorcycle_50334,cluster_13546492148_1838721956,186.0,0.0,0,0.0,0.0,0.0,0.0,0.0,0.0,0.0,1.363607,0.0
TEST_motorcycle_50334,cluster_13546492148_1838721956,191.0,0.0,0,0.0,0.0,0.0,0.0,0.0,0.0,0.0,1.363607,0.0
TEST_motorcycle_50334,cluster_13546492148_1838721956,196.0,0.0,0,0.0,0.0,0.0,0.0,0.0,0.0,5.0,1.363607,0.0
TEST_motorcycle_50334,cluster_13546492148_1838721956,201.0,0.0,0,0.0,0.0,0.0,0.0,0.0,0.0,10.0,1.363607,0.0
TEST_motorcycle_50334,cluster_13546492148_1838721956,206.0,0.0,0,0.0,0.0,0.0,0.0,0.0,0.0,10.0,1.363607,0.0
TEST_motorcycle_50334,cluster_13546492148_1838721956,211.0,0.0,0,0.0,0.0,0.0,0.0,0.0,0.0,0.0,1.363607,0.0
TEST_motorcycle_50334,cluster_13546492148_1838721956,216.0,0.0,0,0.0,0.0,0.0,0.0,0.0,0.0,0.0,1.363607,0.0
TEST_motorcycle_50334,cluster_13546492148_1838721956,221.0,0.0,0,0.0,0.0,0.0,0.0,0.0,0.0,0.0,1.363607,0.0
TEST_motorcycle_50334,cluster_13546492148_1838721956,226.0,0.0,0,0.0,0.0,0.0,0.0,0.0,0.0,0.0,1.363607,0.0
TEST_motorcycle_50334,cluster_13546492148_1838721956,231.0,0.0,0,0.0,0.0,0.0,0.0,0.0,0.0,0.0,1.363607,0.0
TEST_motorcycle_50334,cluster_13546492148_1838721956,236.0,0.0,0,0.0,0.0,0.0,0.0,0.0,0.0,5.0,1.363607,0.0
TEST_motorcycle_50334,cluster_13546492148_1838721956,241.0,0.0,0,0.0,0.0,0.0,0.0,0.0,0.0,10.0,1.363607,0.0
TEST_motorcycle_50334,cluster_13546492148_1838721956,246.0,0.0,0,0.0,0.0,0.0,0.0,0.0,0.0,10.0,1.363607,0.0
TEST_motorcycle_50334,cluster_13546492148_1838721956,251.0,0.0,1,12.495191395343996,0.0,0.0,0.0,0.0,0.0,10.0,6.127261,0.0
TEST_motorcycle_50334,cluster_13546492148_1838721956,256.0,5.0,1,0.0,0.0,0.0,0.0,0.0,0.25,0.0,4.31049,5.0
TEST_motorcycle_50334,cluster_13546492148_1838721956,261.0,10.0,2,0.0821112728247109,5.0,0.0,0.0,0.0,0.5,0.0,5.958828,10.0
TEST_motorcycle_50334,cluster_13546492148_1838721956,266.0,10.0,3,4.683595405471356,10.0,5.0,0.0,0.0,0.5,0.0,17.186625,10.0
TEST_motorcycle_50334,cluster_13546492148_1838721956,271.0,0.0,0,0.0,10.0,10.0,5.0,0.0,0.0,0.0,1.2144732,0.0
TEST_motorcycle_50334,cluster_13546492148_1838721956,276.0,0.0,0,0.0,0.0,10.0,10.0,5.0,-0.25,0.0,6.3771977,0.0
TEST_motorcycle_50334,cluster_13546492148_1838721956,281.0,0.0,0,0.0,0.0,0.0,10.0,10.0,-0.5,0.0,6.4594674,0.0
TEST_motorcycle_50334,cluster_13546492148_1838721956,286.0,0.0,0,0.0,0.0,0.0,0.0,10.0,-0.5,0.0,6.4594674,0.0
TEST_motorcycle_50334,cluster_13546492148_1838721956,291.0,0.0,1,6.096898777016992,0.0,0.0,0.0,0.0,0.0,0.0,7.0735164,0.0
TEST_motorcycle_50334,cluster_13546492148_1838721956,296.0,5.0,2,6.494651380944637,0.0,0.0,0.0,0.0,0.25,0.0,6.271538,5.0
TEST_motorcycle_50334,cluster_13546492148_1838721956,301.0,10.0,2,0.0014226363157464,5.0,0.0,0.0,0.0,0.5,0.0,5.1162367,10.0
TEST_motorcycle_50334,cluster_13546492148_1838721956,306.0,10.0,2,0.0,10.0,5.0,0.0,0.0,0.5,0.0,4.8251686,10.0
TEST_motorcycle_50334,cluster_13546492148_1838721956,311.0,10.0,2,0.0,10.0,10.0,5.0,0.0,0.5,0.0,4.8251686,10.0
TEST_motorcycle_50334,cluster_13546492148_1838721956,316.0,0.0,0,0.0,10.0,10.0,10.0,5.0,-0.25,0.0,5.3519025,0.0
TEST_motorcycle_50334,cluster_13546492148_1838721956,321.0,0.0,0,0.0,0.0,10.0,10.0,10.0,-0.5,0.0,6.4594674,0.0
TEST_motorcycle_50334,cluster_13546492148_1838721956,326.0,0.0,0,0.0,0.0,0.0,10.0,10.0,-0.5,5.0,6.4594674,0.0
TEST_motorcycle_50334,cluster_13546492148_1838721956,331.0,0.0,0,0.0,0.0,0.0,0.0,10.0,-0.5,5.0,6.4594674,0.0
TEST_motorcycle_50334,cluster_13546492148_1838721956,336.0,0.0,0,0.0,0.0,0.0,0.0,0.0,0.0,5.0,1.363607,0.0
TEST_motorcycle_50334,cluster_13546492148_1838721956,341.0,0.0,0,0.0,0.0,0.0,0.0,0.0,0.0,5.0,1.363607,0.0
TEST_motorcycle_50334,cluster_13546492148_1838721956,346.0,0.0,0,0.0,0.0,0.0,0.0,0.0,0.0,5.0,1.363607,0.0
TEST_motorcycle_50334,cluster_13546492148_1838721956,351.0,0.0,0,0.0,0.0,0.0,0.0,0.0,0.0,5.0,1.363607,0.0
TEST_motorcycle_50334,cluster_13546492148_1838721956,356.0,0.0,0,0.0,0.0,0.0,0.0,0.0,0.0,5.0,1.363607,0.0
TEST_motorcycle_50334,cluster_13546492148_1838721956,361.0,0.0,0,0.0,0.0,0.0,0.0,0.0,0.0,5.0,1.363607,0.0
TEST_motorcycle_50334,cluster_13546492148_1838721956,366.0,0.0,0,0.0,0.0,0.0,0.0,0.0,0.0,5.0,1.363607,0.0
TEST_motorcycle_50334,cluster_13546492148_1838721956,371.0,0.0,0,0.0,0.0,0.0,0.0,0.0,0.0,5.0,1.363607,0.0
TEST_motorcycle_50334,cluster_13546492148_1838721956,376.0,0.0,0,0.0,0.0,0.0,0.0,0.0,0.0,5.0,1.363607,0.0
TEST_motorcycle_50334,cluster_13546492148_1838721956,381.0,0.0,0,0.0,0.0,0.0,0.0,0.0,0.0,5.0,1.363607,0.0
TEST_motorcycle_50334,cluster_13546492148_1838721956,386.0,5.0,1,0.0025975781756004,0.0,0.0,0.0,0.0,0.25,10.0,5.3307853,5.0
TEST_motorcycle_50334,cluster_13546492148_1838721956,391.0,5.0,1,0.0,5.0,0.0,0.0,0.0,0.25,0.0,4.31049,5.0
TEST_motorcycle_50334,cluster_13546492148_1838721956,396.0,5.0,1,0.0,5.0,5.0,0.0,0.0,0.25,0.0,4.31049,5.0
TEST_motorcycle_50334,cluster_13546492148_1838721956,401.0,5.0,1,0.0,5.0,5.0,5.0,0.0,0.25,5.0,4.31049,5.0
TEST_motorcycle_50334,cluster_13546492148_1838721956,406.0,5.0,1,0.0390734369058349,5.0,5.0,5.0,5.0,0.0,5.0,6.45915,5.0
TEST_motorcycle_50334,cluster_13546492148_1838721956,411.0,5.0,1,0.0,5.0,5.0,5.0,5.0,0.0,10.0,5.867684,5.0
TEST_motorcycle_50334,cluster_13546492148_1838721956,416.0,5.0,1,0.0,5.0,5.0,5.0,5.0,0.0,10.0,5.867684,5.0
TEST_motorcycle_50334,cluster_13546492148_1838721956,421.0,5.0,1,0.0,5.0,5.0,5.0,5.0,0.0,10.0,5.867684,5.0
TEST_motorcycle_50334,cluster_13546492148_1838721956,426.0,5.0,1,0.0,5.0,5.0,5.0,5.0,0.0,10.0,5.867684,5.0
TEST_motorcycle_50334,cluster_13546492148_1838721956,431.0,5.0,1,0.0,5.0,5.0,5.0,5.0,0.0,10.0,5.867684,5.0
TEST_motorcycle_50334,cluster_13546492148_1838721956,436.0,5.0,1,0.0,5.0,5.0,5.0,5.0,0.0,0.0,5.867684,5.0
TEST_motorcycle_50334,cluster_13546492148_1838721956,441.0,5.0,1,0.0,5.0,5.0,5.0,5.0,0.0,0.0,5.867684,5.0
TEST_motorcycle_50334,cluster_13546492148_1838721956,446.0,10.0,2,0.1414549309644233,5.0,5.0,5.0,5.0,0.25,0.0,7.2875624,10.0
TEST_motorcycle_50334,cluster_13546492148_1838721956,451.0,0.0,0,0.0,10.0,5.0,5.0,5.0,-0.25,0.0,5.3519025,0.0
TEST_motorcycle_50334,cluster_13546492148_1838721956,456.0,0.0,0,0.0,0.0,10.0,5.0,5.0,-0.25,5.0,6.3771977,0.0
TEST_motorcycle_50334,cluster_13546492148_1838721956,461.0,5.0,1,0.0882678111522122,0.0,0.0,10.0,5.0,0.0,10.0,6.772884,5.0
TEST_motorcycle_50334,cluster_13546492148_1838721956,466.0,5.0,1,0.0,5.0,0.0,0.0,10.0,-0.25,10.0,7.406266,5.0
TEST_motorcycle_50334,cluster_13546492148_1838721956,471.0,10.0,2,0.0256678398689509,5.0,5.0,0.0,0.0,0.5,10.0,5.958828,10.0
TEST_motorcycle_50334,cluster_13546492148_1838721956,476.0,10.0,2,0.0,10.0,5.0,5.0,0.0,0.5,10.0,4.8251686,10.0
TEST_motorcycle_50334,cluster_13546492148_1838721956,481.0,10.0,2,0.0,10.0,10.0,5.0,5.0,0.25,0.0,6.3823624,10.0
TEST_motorcycle_50334,cluster_13546492148_1838721956,486.0,10.0,2,0.0,10.0,10.0,10.0,5.0,0.25,0.0,6.3823624,10.0
TEST_motorcycle_50334,cluster_13546492148_1838721956,491.0,10.0,2,0.0,10.0,10.0,10.0,10.0,0.0,0.0,6.464632,10.0
TEST_motorcycle_50334,cluster_13546492148_1838721956,496.0,0.0,0,0.0,10.0,10.0,10.0,10.0,-0.5,0.0,5.434172,0.0
TEST_motorcycle_50334,cluster_13546492148_1838721956,501.0,0.0,0,0.0,0.0,10.0,10.0,10.0,-0.5,0.0,6.4594674,0.0
TEST_motorcycle_50334,cluster_13546492148_1838721956,506.0,0.0,0,0.0,0.0,0.0,10.0,10.0,-0.5,0.0,6.4594674,0.0
TEST_motorcycle_50334,cluster_13546492148_1838721956,511.0,0.0,1,0.3826088746880443,0.0,0.0,0.0,10.0,-0.5,0.0,7.4972014,0.0
TEST_motorcycle_50334,cluster_13546492148_1838721956,516.0,5.0,2,21.768350614703404,0.0,0.0,0.0,0.0,0.25,0.0,4.295597,5.0
TEST_motorcycle_50334,cluster_13546492148_1838721956,521.0,10.0,2,0.0036430964337483,5.0,0.0,0.0,0.0,0.5,0.0,7.684151,10.0
TEST_motorcycle_50334,cluster_13546492148_1838721956,526.0,10.0,2,0.0,10.0,5.0,0.0,0.0,0.5,0.0,4.8251686,10.0
TEST_motorcycle_50334,cluster_13546492148_1838721956,531.0,10.0,2,0.0,10.0,10.0,5.0,0.0,0.5,0.0,4.8251686,10.0
TEST_motorcycle_50334,cluster_13546492148_1838721956,536.0,10.0,2,0.0,10.0,10.0,10.0,5.0,0.25,0.0,6.3823624,10.0
TEST_motorcycle_50334,cluster_13546492148_1838721956,541.0,0.0,0,0.0,10.0,10.0,10.0,10.0,-0.5,0.0,5.434172,0.0
TEST_motorcycle_50334,cluster_13546492148_1838721956,546.0,0.0,0,0.0,0.0,10.0,10.0,10.0,-0.5,0.0,6.4594674,0.0
TEST_motorcycle_50334,cluster_13546492148_1838721956,551.0,0.0,0,0.0,0.0,0.0,10.0,10.0,-0.5,0.0,6.4594674,0.0
TEST_motorcycle_50334,cluster_13546492148_1838721956,556.0,0.0,0,0.0,0.0,0.0,0.0,10.0,-0.5,0.0,6.4594674,0.0
TEST_motorcycle_50334,cluster_13546492148_1838721956,561.0,0.0,0,0.0,0.0,0.0,0.0,0.0,0.0,0.0,1.363607,0.0
TEST_motorcycle_50334,cluster_13546492148_1838721956,566.0,0.0,0,0.0,0.0,0.0,0.0,0.0,0.0,0.0,1.363607,0.0
TEST_motorcycle_50334,cluster_13546492148_1838721956,571.0,0.0,0,0.0,0.0,0.0,0.0,0.0,0.0,0.0,1.363607,0.0
TEST_motorcycle_50334,cluster_13546492148_1838721956,576.0,0.0,0,0.0,0.0,0.0,0.0,0.0,0.0,0.0,1.363607,0.0
TEST_motorcycle_50334,cluster_13546492148_1838721956,581.0,0.0,0,0.0,0.0,0.0,0.0,0.0,0.0,5.0,1.363607,0.0
TEST_motorcycle_50334,cluster_13546492148_1838721956,586.0,0.0,0,0.0,0.0,0.0,0.0,0.0,0.0,5.0,1.363607,0.0
TEST_motorcycle_50334,cluster_13546492148_1838721956,591.0,0.0,0,0.0,0.0,0.0,0.0,0.0,0.0,5.0,1.363607,0.0
TEST_motorcycle_50334,cluster_13546492148_1838721956,596.0,0.0,0,0.0,0.0,0.0,0.0,0.0,0.0,5.0,1.363607,0.0
TEST_motorcycle_50334,cluster_13546492148_1838721956,601.0,0.0,0,0.0,0.0,0.0,0.0,0.0,0.0,5.0,1.363607,0.0
TEST_motorcycle_50334,cluster_13546492148_1838721956,606.0,0.0,0,0.0,0.0,0.0,0.0,0.0,0.0,5.0,1.363607,0.0
TEST_motorcycle_50334,cluster_13546492148_1838721956,611.0,0.0,0,0.0,0.0,0.0,0.0,0.0,0.0,5.0,1.363607,0.0
TEST_motorcycle_50334,cluster_13546492148_1838721956,616.0,0.0,0,0.0,0.0,0.0,0.0,0.0,0.0,0.0,1.363607,0.0
TEST_motorcycle_50334,cluster_13546492148_1838721956,621.0,0.0,0,0.0,0.0,0.0,0.0,0.0,0.0,5.0,1.363607,0.0
TEST_motorcycle_50334,cluster_13546492148_1838721956,626.0,0.0,1,17.584662392822793,0.0,0.0,0.0,0.0,0.0,5.0,9.290538,0.0
TEST_motorcycle_50334,cluster_13546492148_1838721956,631.0,0.0,0,0.0,0.0,0.0,0.0,0.0,0.0,5.0,1.363607,0.0
TEST_motorcycle_50334,cluster_13546492148_1838721956,636.0,0.0,0,0.0,0.0,0.0,0.0,0.0,0.0,5.0,1.363607,0.0
TEST_motorcycle_50334,cluster_13546492148_1838721956,641.0,5.0,1,0.0023522874103594,0.0,0.0,0.0,0.0,0.25,5.0,5.3307853,5.0
TEST_motorcycle_50334,cluster_13546492148_1838721956,646.0,5.0,1,0.0,5.0,0.0,0.0,0.0,0.25,5.0,4.31049,5.0
TEST_motorcycle_50334,cluster_13546492148_1838721956,651.0,5.0,1,0.0,5.0,5.0,0.0,0.0,0.25,5.0,4.31049,5.0
TEST_motorcycle_50334,cluster_13546492148_1838721956,656.0,5.0,1,0.0,5.0,5.0,5.0,0.0,0.25,5.0,4.31049,5.0
TEST_motorcycle_50334,cluster_13546492148_1838721956,661.0,5.0,1,0.0,5.0,5.0,5.0,5.0,0.0,0.0,5.867684,5.0
TEST_motorcycle_50334,cluster_13546492148_1838721956,666.0,5.0,1,0.0,5.0,5.0,5.0,5.0,0.0,0.0,5.867684,5.0
TEST_motorcycle_50334,cluster_13546492148_1838721956,671.0,5.0,1,0.0,5.0,5.0,5.0,5.0,0.0,0.0,5.867684,5.0
TEST_motorcycle_50334,cluster_13546492148_1838721956,676.0,0.0,1,0.5330844246956796,5.0,5.0,5.0,5.0,-0.25,0.0,6.3896365,0.0
TEST_motorcycle_50334,cluster_13546492148_1838721956,681.0,5.0,1,0.0006909838673465,0.0,5.0,5.0,5.0,0.0,0.0,6.1502037,5.0
TEST_motorcycle_50334,cluster_13546492148_1838721956,686.0,5.0,1,0.0,5.0,0.0,5.0,5.0,0.0,0.0,5.867684,5.0
TEST_motorcycle_50334,cluster_13546492148_1838721956,691.0,5.0,1,0.0,5.0,5.0,0.0,5.0,0.0,0.0,5.867684,5.0
TEST_motorcycle_50334,cluster_13546492148_1838721956,696.0,5.0,1,0.0,5.0,5.0,5.0,0.0,0.25,0.0,4.31049,5.0
TEST_motorcycle_50334,cluster_13546492148_1838721956,701.0,5.0,1,0.0,5.0,5.0,5.0,5.0,0.0,0.0,5.867684,5.0
TEST_motorcycle_50334,cluster_13546492148_1838721956,706.0,5.0,1,0.0,5.0,5.0,5.0,5.0,0.0,0.0,5.867684,5.0
TEST_motorcycle_50334,cluster_13546492148_1838721956,711.0,5.0,1,0.0,5.0,5.0,5.0,5.0,0.0,0.0,5.867684,5.0
TEST_motorcycle_50334,cluster_13546492148_1838721956,716.0,5.0,1,0.0,5.0,5.0,5.0,5.0,0.0,0.0,5.867684,5.0
TEST_motorcycle_50334,cluster_13546492148_1838721956,721.0,0.0,0,0.0,5.0,5.0,5.0,5.0,-0.25,0.0,5.3519025,0.0
TEST_motorcycle_50334,cluster_13546492148_1838721956,726.0,0.0,0,0.0,0.0,5.0,5.0,5.0,-0.25,0.0,6.3771977,0.0
TEST_motorcycle_50334,cluster_13546492148_1838721956,731.0,0.0,0,0.0,0.0,0.0,5.0,5.0,-0.25,0.0,6.3771977,0.0
TEST_motorcycle_50334,cluster_13546492148_1838721956,736.0,0.0,0,0.0,0.0,0.0,0.0,5.0,-0.25,0.0,6.3771977,0.0
TEST_motorcycle_50334,cluster_2061304035_245647208,16.0,0.0,0,0.0,0.0,0.0,0.0,0.0,0.0,0.0,1.363607,0.0
TEST_motorcycle_50334,cluster_2061304035_245647208,21.0,0.0,0,0.0,0.0,0.0,0.0,0.0,0.0,0.0,1.363607,0.0
TEST_motorcycle_50334,cluster_2061304035_245647208,26.0,0.0,0,0.0,0.0,0.0,0.0,0.0,0.0,0.0,1.363607,0.0
TEST_motorcycle_50334,cluster_2061304035_245647208,31.0,0.0,0,0.0,0.0,0.0,0.0,0.0,0.0,0.0,1.363607,0.0
TEST_motorcycle_50334,cluster_2061304035_245647208,36.0,0.0,0,0.0,0.0,0.0,0.0,0.0,0.0,0.0,1.363607,0.0
TEST_motorcycle_50334,cluster_2061304035_245647208,41.0,0.0,0,0.0,0.0,0.0,0.0,0.0,0.0,0.0,1.363607,0.0
TEST_motorcycle_50334,cluster_2061304035_245647208,46.0,0.0,0,0.0,0.0,0.0,0.0,0.0,0.0,0.0,1.363607,0.0
TEST_motorcycle_50334,cluster_2061304035_245647208,51.0,0.0,0,0.0,0.0,0.0,0.0,0.0,0.0,0.0,1.363607,0.0
TEST_motorcycle_50334,cluster_2061304035_245647208,56.0,0.0,0,0.0,0.0,0.0,0.0,0.0,0.0,0.0,1.363607,0.0
TEST_motorcycle_50334,cluster_2061304035_245647208,61.0,0.0,0,0.0,0.0,0.0,0.0,0.0,0.0,0.0,1.363607,0.0
TEST_motorcycle_50334,cluster_2061304035_245647208,66.0,0.0,0,0.0,0.0,0.0,0.0,0.0,0.0,0.0,1.363607,0.0
TEST_motorcycle_50334,cluster_2061304035_245647208,71.0,0.0,0,0.0,0.0,0.0,0.0,0.0,0.0,0.0,1.363607,0.0
TEST_motorcycle_50334,cluster_2061304035_245647208,76.0,0.0,0,0.0,0.0,0.0,0.0,0.0,0.0,0.0,1.363607,0.0
TEST_motorcycle_50334,cluster_2061304035_245647208,81.0,0.0,0,0.0,0.0,0.0,0.0,0.0,0.0,0.0,1.363607,0.0
TEST_motorcycle_50334,cluster_2061304035_245647208,86.0,0.0,0,0.0,0.0,0.0,0.0,0.0,0.0,0.0,1.363607,0.0
TEST_motorcycle_50334,cluster_2061304035_245647208,91.0,0.0,0,0.0,0.0,0.0,0.0,0.0,0.0,0.0,1.363607,0.0
TEST_motorcycle_50334,cluster_2061304035_245647208,96.0,0.0,0,0.0,0.0,0.0,0.0,0.0,0.0,0.0,1.363607,0.0
TEST_motorcycle_50334,cluster_2061304035_245647208,101.0,0.0,0,0.0,0.0,0.0,0.0,0.0,0.0,0.0,1.363607,0.0
TEST_motorcycle_50334,cluster_2061304035_245647208,106.0,0.0,0,0.0,0.0,0.0,0.0,0.0,0.0,0.0,1.363607,0.0
TEST_motorcycle_50334,cluster_2061304035_245647208,111.0,0.0,0,0.0,0.0,0.0,0.0,0.0,0.0,0.0,1.363607,0.0
TEST_motorcycle_50334,cluster_2061304035_245647208,116.0,0.0,0,0.0,0.0,0.0,0.0,0.0,0.0,0.0,1.363607,0.0
TEST_motorcycle_50334,cluster_2061304035_245647208,121.0,0.0,0,0.0,0.0,0.0,0.0,0.0,0.0,0.0,1.363607,0.0
TEST_motorcycle_50334,cluster_2061304035_245647208,126.0,0.0,0,0.0,0.0,0.0,0.0,0.0,0.0,0.0,1.363607,0.0
TEST_motorcycle_50334,cluster_2061304035_245647208,131.0,0.0,0,0.0,0.0,0.0,0.0,0.0,0.0,0.0,1.363607,0.0
TEST_motorcycle_50334,cluster_2061304035_245647208,136.0,0.0,1,45.27071399988235,0.0,0.0,0.0,0.0,0.0,0.0,15.257093,0.0
TEST_motorcycle_50334,cluster_2061304035_245647208,141.0,0.0,0,0.0,0.0,0.0,0.0,0.0,0.0,5.0,1.363607,0.0
TEST_motorcycle_50334,cluster_2061304035_245647208,146.0,0.0,0,0.0,0.0,0.0,0.0,0.0,0.0,5.0,1.363607,0.0
TEST_motorcycle_50334,cluster_2061304035_245647208,151.0,0.0,2,59.041070872152176,0.0,0.0,0.0,0.0,0.0,5.0,2.8011346,0.0
TEST_motorcycle_50334,cluster_2061304035_245647208,156.0,0.0,0,0.0,0.0,0.0,0.0,0.0,0.0,5.0,1.363607,0.0
TEST_motorcycle_50334,cluster_2061304035_245647208,161.0,0.0,0,0.0,0.0,0.0,0.0,0.0,0.0,5.0,1.363607,0.0
TEST_motorcycle_50334,cluster_2061304035_245647208,166.0,0.0,1,70.92411650372966,0.0,0.0,0.0,0.0,0.0,0.0,3.3101542,0.0
TEST_motorcycle_50334,cluster_2061304035_245647208,171.0,0.0,1,29.57542122171614,0.0,0.0,0.0,0.0,0.0,0.0,11.14429,0.0
TEST_motorcycle_50334,cluster_2061304035_245647208,176.0,0.0,0,0.0,0.0,0.0,0.0,0.0,0.0,0.0,1.363607,0.0
TEST_motorcycle_50334,cluster_2061304035_245647208,181.0,0.0,0,0.0,0.0,0.0,0.0,0.0,0.0,0.0,1.363607,0.0
TEST_motorcycle_50334,cluster_2061304035_245647208,186.0,0.0,0,0.0,0.0,0.0,0.0,0.0,0.0,0.0,1.363607,0.0
TEST_motorcycle_50334,cluster_2061304035_245647208,191.0,0.0,0,0.0,0.0,0.0,0.0,0.0,0.0,0.0,1.363607,0.0
TEST_motorcycle_50334,cluster_2061304035_245647208,196.0,0.0,1,67.57739057703134,0.0,0.0,0.0,0.0,0.0,0.0,3.3101542,0.0
TEST_motorcycle_50334,cluster_2061304035_245647208,201.0,5.0,1,0.0012086522127337,0.0,0.0,0.0,0.0,0.25,0.0,4.601558,5.0
TEST_motorcycle_50334,cluster_2061304035_245647208,206.0,5.0,1,0.0,5.0,0.0,0.0,0.0,0.25,0.0,4.31049,5.0
TEST_motorcycle_50334,cluster_2061304035_245647208,211.0,5.0,1,0.0,5.0,5.0,0.0,0.0,0.25,0.0,4.31049,5.0
TEST_motorcycle_50334,cluster_2061304035_245647208,216.0,5.0,1,0.0,5.0,5.0,5.0,0.0,0.25,0.0,4.31049,5.0
TEST_motorcycle_50334,cluster_2061304035_245647208,221.0,5.0,1,0.0,5.0,5.0,5.0,5.0,0.0,0.0,5.867684,5.0
TEST_motorcycle_50334,cluster_2061304035_245647208,226.0,0.0,0,0.0,5.0,5.0,5.0,5.0,-0.25,0.0,5.3519025,0.0
TEST_motorcycle_50334,cluster_2061304035_245647208,231.0,0.0,0,0.0,0.0,5.0,5.0,5.0,-0.25,10.0,6.3771977,0.0
TEST_motorcycle_50334,cluster_2061304035_245647208,236.0,0.0,1,89.65646032243967,0.0,0.0,5.0,5.0,-0.25,10.0,11.080242,0.0
TEST_motorcycle_50334,cluster_2061304035_245647208,241.0,0.0,0,0.0,0.0,0.0,0.0,5.0,-0.25,15.0,6.3771977,0.0
TEST_motorcycle_50334,cluster_2061304035_245647208,246.0,0.0,0,0.0,0.0,0.0,0.0,0.0,0.0,20.0,1.363607,0.0
TEST_motorcycle_50334,cluster_2061304035_245647208,251.0,0.0,0,0.0,0.0,0.0,0.0,0.0,0.0,20.0,1.363607,0.0
TEST_motorcycle_50334,cluster_2061304035_245647208,256.0,0.0,0,0.0,0.0,0.0,0.0,0.0,0.0,10.0,1.363607,0.0
TEST_motorcycle_50334,cluster_2061304035_245647208,261.0,0.0,0,0.0,0.0,0.0,0.0,0.0,0.0,0.0,1.363607,0.0
TEST_motorcycle_50334,cluster_2061304035_245647208,266.0,0.0,0,0.0,0.0,0.0,0.0,0.0,0.0,0.0,1.363607,0.0
TEST_motorcycle_50334,cluster_2061304035_245647208,271.0,0.0,0,0.0,0.0,0.0,0.0,0.0,0.0,0.0,1.363607,0.0
TEST_motorcycle_50334,cluster_2061304035_245647208,276.0,0.0,0,0.0,0.0,0.0,0.0,0.0,0.0,0.0,1.363607,0.0
TEST_motorcycle_50334,cluster_2061304035_245647208,281.0,0.0,0,0.0,0.0,0.0,0.0,0.0,0.0,0.0,1.363607,0.0
TEST_motorcycle_50334,cluster_2061304035_245647208,286.0,0.0,2,26.604417551107552,0.0,0.0,0.0,0.0,0.0,0.0,9.839593,0.0
TEST_motorcycle_50334,cluster_2061304035_245647208,291.0,10.0,2,0.0171405935339557,0.0,0.0,0.0,0.0,0.5,0.0,6.497918,10.0
TEST_motorcycle_50334,cluster_2061304035_245647208,296.0,10.0,3,0.7711317963736916,10.0,0.0,0.0,0.0,0.5,0.0,6.896264,10.0
TEST_motorcycle_50334,cluster_2061304035_245647208,301.0,15.0,4,1.0447668745037877,10.0,10.0,0.0,0.0,0.75,0.0,8.258144,15.0
TEST_motorcycle_50334,cluster_2061304035_245647208,306.0,20.0,4,0.0008975037607667,15.0,10.0,10.0,0.0,1.0,0.0,5.6459985,20.0
TEST_motorcycle_50334,cluster_2061304035_245647208,311.0,20.0,4,0.0,20.0,15.0,10.0,10.0,0.5,0.0,8.247464,20.0
TEST_motorcycle_50334,cluster_2061304035_245647208,316.0,10.0,2,0.0,20.0,20.0,15.0,10.0,0.0,0.0,6.999877,10.0
TEST_motorcycle_50334,cluster_2061304035_245647208,321.0,0.0,0,0.0,10.0,20.0,20.0,15.0,-0.75,0.0,7.4693055,0.0
TEST_motorcycle_50334,cluster_2061304035_245647208,326.0,0.0,0,0.0,0.0,10.0,20.0,20.0,-1.0,5.0,8.593481,0.0
TEST_motorcycle_50334,cluster_2061304035_245647208,331.0,0.0,1,47.3431814864431,0.0,0.0,10.0,20.0,-1.0,5.0,14.482735,0.0
TEST_motorcycle_50334,cluster_2061304035_245647208,336.0,0.0,0,0.0,0.0,0.0,0.0,10.0,-0.5,5.0,6.4594674,0.0
TEST_motorcycle_50334,cluster_2061304035_245647208,341.0,0.0,0,0.0,0.0,0.0,0.0,0.0,0.0,5.0,1.363607,0.0
TEST_motorcycle_50334,cluster_2061304035_245647208,346.0,0.0,0,0.0,0.0,0.0,0.0,0.0,0.0,0.0,1.363607,0.0
TEST_motorcycle_50334,cluster_2061304035_245647208,351.0,0.0,0,0.0,0.0,0.0,0.0,0.0,0.0,0.0,1.363607,0.0
TEST_motorcycle_50334,cluster_2061304035_245647208,356.0,0.0,0,0.0,0.0,0.0,0.0,0.0,0.0,0.0,1.363607,0.0
TEST_motorcycle_50334,cluster_2061304035_245647208,361.0,0.0,0,0.0,0.0,0.0,0.0,0.0,0.0,0.0,1.363607,0.0
TEST_motorcycle_50334,cluster_2061304035_245647208,366.0,0.0,0,0.0,0.0,0.0,0.0,0.0,0.0,0.0,1.363607,0.0
TEST_motorcycle_50334,cluster_2061304035_245647208,371.0,0.0,0,0.0,0.0,0.0,0.0,0.0,0.0,0.0,1.363607,0.0
TEST_motorcycle_50334,cluster_2061304035_245647208,376.0,0.0,0,0.0,0.0,0.0,0.0,0.0,0.0,0.0,1.363607,0.0
TEST_motorcycle_50334,cluster_2061304035_245647208,381.0,0.0,1,0.489125239123206,0.0,0.0,0.0,0.0,0.0,0.0,3.876083,0.0
TEST_motorcycle_50334,cluster_2061304035_245647208,386.0,5.0,1,0.0,0.0,0.0,0.0,0.0,0.25,0.0,4.31049,5.0
TEST_motorcycle_50334,cluster_2061304035_245647208,391.0,5.0,1,0.0,5.0,0.0,0.0,0.0,0.25,0.0,4.31049,5.0
TEST_motorcycle_50334,cluster_2061304035_245647208,396.0,5.0,1,0.0,5.0,5.0,0.0,0.0,0.25,0.0,4.31049,5.0
TEST_motorcycle_50334,cluster_2061304035_245647208,401.0,5.0,1,0.0,5.0,5.0,5.0,0.0,0.25,0.0,4.31049,5.0
TEST_motorcycle_50334,cluster_2061304035_245647208,406.0,0.0,0,0.0,5.0,5.0,5.0,5.0,-0.25,0.0,5.3519025,0.0
TEST_motorcycle_50334,cluster_2061304035_245647208,411.0,0.0,0,0.0,0.0,5.0,5.0,5.0,-0.25,5.0,6.3771977,0.0
TEST_motorcycle_50334,cluster_2061304035_245647208,416.0,0.0,0,0.0,0.0,0.0,5.0,5.0,-0.25,5.0,6.3771977,0.0
TEST_motorcycle_50334,cluster_2061304035_245647208,421.0,0.0,1,38.48316377762284,0.0,0.0,0.0,5.0,-0.25,10.0,10.726224,0.0
TEST_motorcycle_50334,cluster_2061304035_245647208,426.0,0.0,0,0.0,0.0,0.0,0.0,0.0,0.0,10.0,1.363607,0.0
TEST_motorcycle_50334,cluster_2061304035_245647208,431.0,0.0,0,0.0,0.0,0.0,0.0,0.0,0.0,10.0,1.363607,0.0
TEST_motorcycle_50334,cluster_2061304035_245647208,436.0,0.0,0,0.0,0.0,0.0,0.0,0.0,0.0,0.0,1.363607,0.0
TEST_motorcycle_50334,cluster_2061304035_245647208,441.0,0.0,0,0.0,0.0,0.0,0.0,0.0,0.0,0.0,1.363607,0.0
TEST_motorcycle_50334,cluster_2061304035_245647208,446.0,0.0,0,0.0,0.0,0.0,0.0,0.0,0.0,0.0,1.363607,0.0
TEST_motorcycle_50334,cluster_2061304035_245647208,451.0,0.0,0,0.0,0.0,0.0,0.0,0.0,0.0,0.0,1.363607,0.0
TEST_motorcycle_50334,cluster_2061304035_245647208,456.0,0.0,0,0.0,0.0,0.0,0.0,0.0,0.0,0.0,1.363607,0.0
TEST_motorcycle_50334,cluster_2061304035_245647208,461.0,0.0,0,0.0,0.0,0.0,0.0,0.0,0.0,0.0,1.363607,0.0
TEST_motorcycle_50334,cluster_2061304035_245647208,466.0,0.0,1,53.383829972016144,0.0,0.0,0.0,0.0,0.0,0.0,2.1724977,0.0
TEST_motorcycle_50334,cluster_2061304035_245647208,471.0,5.0,2,17.436616677942187,0.0,0.0,0.0,0.0,0.25,0.0,9.331767,5.0
TEST_motorcycle_50334,cluster_2061304035_245647208,476.0,5.0,2,1.3115017686687038,5.0,0.0,0.0,0.0,0.25,0.0,5.1907144,5.0
TEST_motorcycle_50334,cluster_2061304035_245647208,481.0,10.0,2,0.0,5.0,5.0,0.0,0.0,0.5,0.0,4.8251686,10.0
TEST_motorcycle_50334,cluster_2061304035_245647208,486.0,10.0,2,0.0,10.0,5.0,5.0,0.0,0.5,0.0,4.8251686,10.0
TEST_motorcycle_50334,cluster_2061304035_245647208,491.0,10.0,2,0.0,10.0,10.0,5.0,5.0,0.25,0.0,6.3823624,10.0
TEST_motorcycle_50334,cluster_2061304035_245647208,496.0,0.0,0,0.0,10.0,10.0,10.0,5.0,-0.25,0.0,5.3519025,0.0
TEST_motorcycle_50334,cluster_2061304035_245647208,501.0,0.0,0,0.0,0.0,10.0,10.0,10.0,-0.5,5.0,6.4594674,0.0
TEST_motorcycle_50334,cluster_2061304035_245647208,506.0,0.0,1,107.1385851709172,0.0,0.0,10.0,10.0,-0.5,5.0,12.727243,0.0
TEST_motorcycle_50334,cluster_2061304035_245647208,511.0,0.0,2,43.23049335569745,0.0,0.0,0.0,10.0,-0.5,5.0,13.406737,0.0
TEST_motorcycle_50334,cluster_2061304035_245647208,516.0,0.0,1,23.19667161718751,0.0,0.0,0.0,0.0,0.0,5.0,6.55333,0.0
TEST_motorcycle_50334,cluster_2061304035_245647208,521.0,0.0,0,0.0,0.0,0.0,0.0,0.0,0.0,5.0,1.363607,0.0
TEST_motorcycle_50334,cluster_2061304035_245647208,526.0,0.0,0,0.0,0.0,0.0,0.0,0.0,0.0,0.0,1.363607,0.0
TEST_motorcycle_50334,cluster_2061304035_245647208,531.0,0.0,0,0.0,0.0,0.0,0.0,0.0,0.0,0.0,1.363607,0.0
TEST_motorcycle_50334,cluster_2061304035_245647208,536.0,0.0,0,0.0,0.0,0.0,0.0,0.0,0.0,0.0,1.363607,0.0
TEST_motorcycle_50334,cluster_2061304035_245647208,541.0,0.0,0,0.0,0.0,0.0,0.0,0.0,0.0,0.0,1.363607,0.0
TEST_motorcycle_50334,cluster_2061304035_245647208,546.0,0.0,0,0.0,0.0,0.0,0.0,0.0,0.0,0.0,1.363607,0.0
TEST_motorcycle_50334,cluster_2061304035_245647208,551.0,0.0,0,0.0,0.0,0.0,0.0,0.0,0.0,0.0,1.363607,0.0
TEST_motorcycle_50334,cluster_2061304035_245647208,556.0,0.0,1,23.408222582816936,0.0,0.0,0.0,0.0,0.0,0.0,6.55333,0.0
TEST_motorcycle_50334,cluster_2061304035_245647208,561.0,5.0,1,0.0504912720123792,0.0,0.0,0.0,0.0,0.25,0.0,5.4441495,5.0
TEST_motorcycle_50334,cluster_2061304035_245647208,566.0,5.0,1,0.0004026368625058,5.0,0.0,0.0,0.0,0.25,0.0,4.31049,5.0
TEST_motorcycle_50334,cluster_2061304035_245647208,571.0,5.0,1,0.0,5.0,5.0,0.0,0.0,0.25,0.0,4.31049,5.0
TEST_motorcycle_50334,cluster_2061304035_245647208,576.0,5.0,1,0.0,5.0,5.0,5.0,0.0,0.25,0.0,4.31049,5.0
TEST_motorcycle_50334,cluster_2061304035_245647208,581.0,5.0,1,0.0,5.0,5.0,5.0,5.0,0.0,0.0,5.867684,5.0
TEST_motorcycle_50334,cluster_2061304035_245647208,586.0,0.0,0,0.0,5.0,5.0,5.0,5.0,-0.25,0.0,5.3519025,0.0
TEST_motorcycle_50334,cluster_2061304035_245647208,591.0,0.0,0,0.0,0.0,5.0,5.0,5.0,-0.25,5.0,6.3771977,0.0
TEST_motorcycle_50334,cluster_2061304035_245647208,596.0,0.0,0,0.0,0.0,0.0,5.0,5.0,-0.25,10.0,6.3771977,0.0
TEST_motorcycle_50334,cluster_2061304035_245647208,601.0,0.0,1,27.649275365988267,0.0,0.0,0.0,5.0,-0.25,10.0,21.074497,0.0
TEST_motorcycle_50334,cluster_2061304035_245647208,606.0,0.0,0,0.0,0.0,0.0,0.0,0.0,0.0,10.0,1.363607,0.0
TEST_motorcycle_50334,cluster_2061304035_245647208,611.0,0.0,0,0.0,0.0,0.0,0.0,0.0,0.0,10.0,1.363607,0.0
TEST_motorcycle_50334,cluster_2061304035_245647208,616.0,0.0,0,0.0,0.0,0.0,0.0,0.0,0.0,0.0,1.363607,0.0
TEST_motorcycle_50334,cluster_2061304035_245647208,621.0,0.0,0,0.0,0.0,0.0,0.0,0.0,0.0,0.0,1.363607,0.0
TEST_motorcycle_50334,cluster_2061304035_245647208,626.0,0.0,0,0.0,0.0,0.0,0.0,0.0,0.0,0.0,1.363607,0.0
TEST_motorcycle_50334,cluster_2061304035_245647208,631.0,0.0,0,0.0,0.0,0.0,0.0,0.0,0.0,0.0,1.363607,0.0
TEST_motorcycle_50334,cluster_2061304035_245647208,636.0,0.0,0,0.0,0.0,0.0,0.0,0.0,0.0,0.0,1.363607,0.0
TEST_motorcycle_50334,cluster_2061304035_245647208,641.0,0.0,0,0.0,0.0,0.0,0.0,0.0,0.0,0.0,1.363607,0.0
TEST_motorcycle_50334,cluster_2061304035_245647208,646.0,0.0,2,39.93537126638684,0.0,0.0,0.0,0.0,0.0,0.0,10.401946,0.0
TEST_motorcycle_50334,cluster_2061304035_245647208,651.0,5.0,3,11.693811081399934,0.0,0.0,0.0,0.0,0.25,0.0,1.9404556,5.0
TEST_motorcycle_50334,cluster_2061304035_245647208,656.0,10.0,2,0.0003603337987087,5.0,0.0,0.0,0.0,0.5,0.0,4.8251686,10.0
TEST_motorcycle_50334,cluster_2061304035_245647208,661.0,10.0,2,0.0,10.0,5.0,0.0,0.0,0.5,0.0,4.8251686,10.0
TEST_motorcycle_50334,cluster_2061304035_245647208,666.0,10.0,2,0.0,10.0,10.0,5.0,0.0,0.5,0.0,4.8251686,10.0
TEST_motorcycle_50334,cluster_2061304035_245647208,671.0,10.0,2,0.0,10.0,10.0,10.0,5.0,0.25,0.0,6.3823624,10.0
TEST_motorcycle_50334,cluster_2061304035_245647208,676.0,0.0,0,0.0,10.0,10.0,10.0,10.0,-0.5,5.0,5.434172,0.0
TEST_motorcycle_50334,cluster_2061304035_245647208,681.0,0.0,0,0.0,0.0,10.0,10.0,10.0,-0.5,5.0,6.4594674,0.0
TEST_motorcycle_50334,cluster_2061304035_245647208,686.0,0.0,0,0.0,0.0,0.0,10.0,10.0,-0.5,5.0,6.4594674,0.0
TEST_motorcycle_50334,cluster_2061304035_245647208,691.0,0.0,1,53.59820602276909,0.0,0.0,0.0,10.0,-0.5,5.0,7.1050653,0.0
TEST_motorcycle_50334,cluster_2061304035_245647208,696.0,0.0,0,0.0,0.0,0.0,0.0,0.0,0.0,5.0,1.363607,0.0
TEST_motorcycle_50334,cluster_2061304035_245647208,701.0,0.0,0,0.0,0.0,0.0,0.0,0.0,0.0,5.0,1.363607,0.0
TEST_motorcycle_50334,cluster_2061304035_245647208,706.0,0.0,1,35.66417437102116,0.0,0.0,0.0,0.0,0.0,0.0,10.642577,0.0
TEST_motorcycle_50334,cluster_2061304035_245647208,711.0,0.0,0,0.0,0.0,0.0,0.0,0.0,0.0,0.0,1.363607,0.0
TEST_motorcycle_50334,cluster_2061304035_245647208,716.0,0.0,0,0.0,0.0,0.0,0.0,0.0,0.0,0.0,1.363607,0.0
TEST_motorcycle_50334,cluster_2061304035_245647208,721.0,0.0,0,0.0,0.0,0.0,0.0,0.0,0.0,0.0,1.363607,0.0
TEST_motorcycle_50334,cluster_2061304035_245647208,726.0,0.0,0,0.0,0.0,0.0,0.0,0.0,0.0,0.0,1.363607,0.0
TEST_motorcycle_50334,cluster_2061304035_245647208,731.0,0.0,0,0.0,0.0,0.0,0.0,0.0,0.0,0.0,1.363607,0.0
TEST_motorcycle_50334,cluster_2061304035_245647208,736.0,5.0,1,0.1514041412990537,0.0,0.0,0.0,0.0,0.25,0.0,5.4441495,5.0
TEST_motorcycle_50334,cluster_245647168_3238255150_3495323634,16.0,0.0,0,0.0,0.0,0.0,0.0,0.0,0.0,5.0,1.363607,0.0
TEST_motorcycle_50334,cluster_245647168_3238255150_3495323634,21.0,0.0,0,0.0,0.0,0.0,0.0,0.0,0.0,5.0,1.363607,0.0
TEST_motorcycle_50334,cluster_245647168_3238255150_3495323634,26.0,0.0,0,0.0,0.0,0.0,0.0,0.0,0.0,10.0,1.363607,0.0
TEST_motorcycle_50334,cluster_245647168_3238255150_3495323634,31.0,0.0,0,0.0,0.0,0.0,0.0,0.0,0.0,0.0,1.363607,0.0
TEST_motorcycle_50334,cluster_245647168_3238255150_3495323634,36.0,0.0,1,48.32558990505577,0.0,0.0,0.0,0.0,0.0,0.0,20.609566,0.0
TEST_motorcycle_50334,cluster_245647168_3238255150_3495323634,41.0,5.0,1,0.0098015208834047,0.0,0.0,0.0,0.0,0.0,0.0,5.9832397,5.0
TEST_motorcycle_50334,cluster_245647168_3238255150_3495323634,46.0,5.0,1,0.0,5.0,0.0,0.0,0.0,0.0,0.0,4.31049,5.0
TEST_motorcycle_50334,cluster_245647168_3238255150_3495323634,51.0,5.0,1,0.0,5.0,5.0,0.0,0.0,0.0,5.0,4.31049,5.0
TEST_motorcycle_50334,cluster_245647168_3238255150_3495323634,56.0,5.0,2,5.792783232472857,5.0,5.0,5.0,0.0,0.0,5.0,7.446143,5.0
TEST_motorcycle_50334,cluster_245647168_3238255150_3495323634,61.0,10.0,2,0.0,5.0,5.0,5.0,5.0,0.0,15.0,6.3823624,10.0
TEST_motorcycle_50334,cluster_245647168_3238255150_3495323634,66.0,10.0,2,0.0,10.0,5.0,5.0,5.0,0.0,15.0,6.3823624,10.0
TEST_motorcycle_50334,cluster_245647168_3238255150_3495323634,71.0,5.0,1,0.0,10.0,10.0,5.0,5.0,0.0,15.0,5.867684,5.0
TEST_motorcycle_50334,cluster_245647168_3238255150_3495323634,76.0,5.0,1,0.0,5.0,10.0,10.0,5.0,0.0,10.0,5.867684,5.0
TEST_motorcycle_50334,cluster_245647168_3238255150_3495323634,81.0,5.0,2,15.139399513649032,5.0,5.0,10.0,10.0,0.0,10.0,7.599192,5.0
TEST_motorcycle_50334,cluster_245647168_3238255150_3495323634,86.0,10.0,2,0.0149340317417721,5.0,5.0,5.0,10.0,0.0,10.0,6.773725,10.0
TEST_motorcycle_50334,cluster_245647168_3238255150_3495323634,91.0,0.0,0,0.0,10.0,5.0,5.0,5.0,0.0,10.0,5.178471,0.0
TEST_motorcycle_50334,cluster_245647168_3238255150_3495323634,96.0,0.0,0,0.0,0.0,10.0,5.0,5.0,0.0,15.0,5.327605,0.0
TEST_motorcycle_50334,cluster_245647168_3238255150_3495323634,101.0,0.0,1,48.30400123503285,0.0,0.0,10.0,5.0,0.0,20.0,12.083615,0.0
TEST_motorcycle_50334,cluster_245647168_3238255150_3495323634,106.0,0.0,1,17.346449593459486,0.0,0.0,0.0,10.0,0.0,20.0,11.777686,0.0
TEST_motorcycle_50334,cluster_245647168_3238255150_3495323634,111.0,5.0,2,34.355095547414166,0.0,0.0,0.0,0.0,0.25,20.0,3.3456013,5.0
TEST_motorcycle_50334,cluster_245647168_3238255150_3495323634,116.0,5.0,3,20.313670356586897,5.0,0.0,0.0,0.0,0.25,30.0,16.365852,5.0
TEST_motorcycle_50334,cluster_245647168_3238255150_3495323634,121.0,15.0,3,0.0153077915950952,5.0,5.0,0.0,0.0,0.75,15.0,5.462525,15.0
TEST_motorcycle_50334,cluster_245647168_3238255150_3495323634,126.0,15.0,3,0.0,15.0,5.0,5.0,0.0,0.75,0.0,6.4771914,15.0
TEST_motorcycle_50334,cluster_245647168_3238255150_3495323634,131.0,15.0,3,0.0,15.0,15.0,5.0,5.0,0.5,0.0,10.110523,15.0
TEST_motorcycle_50334,cluster_245647168_3238255150_3495323634,136.0,10.0,2,0.0,15.0,15.0,15.0,5.0,0.25,0.0,7.0229135,10.0
TEST_motorcycle_50334,cluster_245647168_3238255150_3495323634,141.0,10.0,2,0.0,10.0,15.0,15.0,15.0,-0.25,0.0,15.442606,10.0
TEST_motorcycle_50334,cluster_245647168_3238255150_3495323634,146.0,10.0,3,21.11974543043836,10.0,10.0,15.0,15.0,-0.25,0.0,61.293747,10.0
TEST_motorcycle_50334,cluster_245647168_3238255150_3495323634,151.0,10.0,5,32.65701793496414,10.0,10.0,10.0,15.0,-0.25,5.0,80.69471,10.0
TEST_motorcycle_50334,cluster_245647168_3238255150_3495323634,156.0,15.0,5,3.308898949136391,10.0,10.0,10.0,10.0,0.25,5.0,12.463928,15.0
TEST_motorcycle_50334,cluster_245647168_3238255150_3495323634,161.0,20.0,4,0.0034597256593263,15.0,10.0,10.0,10.0,0.5,5.0,7.768607,20.0
TEST_motorcycle_50334,cluster_245647168_3238255150_3495323634,166.0,20.0,5,13.7943449625755,20.0,15.0,10.0,10.0,0.5,5.0,12.180755,20.0
TEST_motorcycle_50334,cluster_245647168_3238255150_3495323634,171.0,20.0,6,6.749349503439232,20.0,20.0,15.0,10.0,0.5,5.0,17.834318,20.0
TEST_motorcycle_50334,cluster_245647168_3238255150_3495323634,176.0,30.0,6,0.0011334356742906,20.0,20.0,20.0,15.0,0.75,10.0,11.7513075,30.0
TEST_motorcycle_50334,cluster_245647168_3238255150_3495323634,181.0,15.0,4,14.131369261568487,30.0,20.0,20.0,20.0,-0.25,10.0,27.604227,15.0
TEST_motorcycle_50334,cluster_245647168_3238255150_3495323634,186.0,0.0,3,29.76456167522128,15.0,30.0,20.0,20.0,-1.0,10.0,25.019556,0.0
TEST_motorcycle_50334,cluster_245647168_3238255150_3495323634,191.0,0.0,0,0.0,0.0,15.0,30.0,20.0,-1.0,5.0,10.480002,0.0
TEST_motorcycle_50334,cluster_245647168_3238255150_3495323634,196.0,0.0,0,0.0,0.0,0.0,15.0,30.0,-1.5,5.0,8.398845,0.0
TEST_motorcycle_50334,cluster_245647168_3238255150_3495323634,201.0,0.0,1,49.7499069849279,0.0,0.0,0.0,15.0,-0.75,5.0,21.8711,0.0
TEST_motorcycle_50334,cluster_245647168_3238255150_3495323634,206.0,0.0,1,41.96758258414211,0.0,0.0,0.0,0.0,0.0,5.0,11.71774,0.0
TEST_motorcycle_50334,cluster_245647168_3238255150_3495323634,211.0,5.0,1,0.0153167800401022,0.0,0.0,0.0,0.0,0.25,0.0,5.9832397,5.0
TEST_motorcycle_50334,cluster_245647168_3238255150_3495323634,216.0,5.0,1,0.0,5.0,0.0,0.0,0.0,0.25,0.0,4.31049,5.0
TEST_motorcycle_50334,cluster_245647168_3238255150_3495323634,221.0,5.0,2,11.988960093488494,5.0,5.0,0.0,0.0,0.25,0.0,5.97805,5.0
TEST_motorcycle_50334,cluster_245647168_3238255150_3495323634,226.0,5.0,1,0.0172674658385623,5.0,5.0,5.0,0.0,0.25,0.0,5.9832397,5.0
TEST_motorcycle_50334,cluster_245647168_3238255150_3495323634,231.0,5.0,2,9.494523327472022,5.0,5.0,5.0,5.0,0.0,0.0,7.2042747,5.0
TEST_motorcycle_50334,cluster_245647168_3238255150_3495323634,236.0,10.0,2,0.0,5.0,5.0,5.0,5.0,0.25,0.0,6.3823624,10.0
TEST_motorcycle_50334,cluster_245647168_3238255150_3495323634,241.0,10.0,2,0.0,10.0,5.0,5.0,5.0,0.25,5.0,6.3823624,10.0
TEST_motorcycle_50334,cluster_245647168_3238255150_3495323634,246.0,10.0,2,0.0,10.0,10.0,5.0,5.0,0.25,5.0,6.3823624,10.0
TEST_motorcycle_50334,cluster_245647168_3238255150_3495323634,251.0,5.0,1,0.0,10.0,10.0,10.0,5.0,0.0,5.0,5.867684,5.0
TEST_motorcycle_50334,cluster_245647168_3238255150_3495323634,256.0,5.0,1,0.0,5.0,10.0,10.0,10.0,-0.25,10.0,7.406266,5.0
TEST_motorcycle_50334,cluster_245647168_3238255150_3495323634,261.0,5.0,1,0.0,5.0,5.0,10.0,10.0,-0.25,10.0,7.406266,5.0
TEST_motorcycle_50334,cluster_245647168_3238255150_3495323634,266.0,5.0,2,46.25110980470706,5.0,5.0,5.0,10.0,-0.25,10.0,12.502056,5.0
TEST_motorcycle_50334,cluster_245647168_3238255150_3495323634,271.0,0.0,0,0.0,5.0,5.0,5.0,5.0,-0.25,15.0,5.3519025,0.0
TEST_motorcycle_50334,cluster_245647168_3238255150_3495323634,276.0,0.0,0,0.0,0.0,5.0,5.0,5.0,-0.25,15.0,6.3771977,0.0
TEST_motorcycle_50334,cluster_245647168_3238255150_3495323634,281.0,0.0,0,0.0,0.0,0.0,5.0,5.0,-0.25,25.0,6.3771977,0.0
TEST_motorcycle_50334,cluster_245647168_3238255150_3495323634,286.0,0.0,1,108.0,0.0,0.0,0.0,5.0,-0.25,25.0,32.417755,0.0
TEST_motorcycle_50334,cluster_245647168_3238255150_3495323634,291.0,0.0,1,55.25010966881364,0.0,0.0,0.0,0.0,0.0,30.0,3.3101542,0.0
TEST_motorcycle_50334,cluster_245647168_3238255150_3495323634,296.0,0.0,1,15.29964863801531,0.0,0.0,0.0,0.0,0.0,30.0,6.049996,0.0
TEST_motorcycle_50334,cluster_245647168_3238255150_3495323634,301.0,5.0,2,35.66156055355417,0.0,0.0,0.0,0.0,0.25,20.0,4.246173,5.0
TEST_motorcycle_50334,cluster_245647168_3238255150_3495323634,306.0,5.0,2,2.472416156532286,5.0,0.0,0.0,0.0,0.25,0.0,5.519446,5.0
TEST_motorcycle_50334,cluster_245647168_3238255150_3495323634,311.0,5.0,2,0.1975019693899622,5.0,5.0,0.0,0.0,0.25,5.0,5.4441495,5.0
TEST_motorcycle_50334,cluster_245647168_3238255150_3495323634,316.0,10.0,2,0.0,5.0,5.0,5.0,0.0,0.5,5.0,4.8251686,10.0
TEST_motorcycle_50334,cluster_245647168_3238255150_3495323634,321.0,10.0,3,24.951833139754942,10.0,5.0,5.0,5.0,0.25,5.0,40.320034,10.0
TEST_motorcycle_50334,cluster_245647168_3238255150_3495323634,326.0,10.0,3,0.2495760665525707,10.0,10.0,5.0,5.0,0.25,0.0,9.706436,10.0
TEST_motorcycle_50334,cluster_245647168_3238255150_3495323634,331.0,15.0,5,33.146109046545966,10.0,10.0,10.0,5.0,0.5,0.0,52.18325,15.0
TEST_motorcycle_50334,cluster_245647168_3238255150_3495323634,336.0,15.0,5,1.453009331267254,15.0,10.0,10.0,10.0,0.25,0.0,10.972271,15.0
TEST_motorcycle_50334,cluster_245647168_3238255150_3495323634,341.0,25.0,6,7.014752982914357,15.0,15.0,10.0,10.0,0.75,5.0,18.12087,25.0
TEST_motorcycle_50334,cluster_245647168_3238255150_3495323634,346.0,25.0,7,10.022412340039404,25.0,15.0,15.0,10.0,0.75,5.0,16.416122,25.0
TEST_motorcycle_50334,cluster_245647168_3238255150_3495323634,351.0,30.0,8,4.471521183860852,25.0,25.0,15.0,15.0,0.75,5.0,21.876352,30.0
TEST_motorcycle_50334,cluster_245647168_3238255150_3495323634,356.0,30.0,8,2.028095532089526,30.0,25.0,25.0,15.0,0.75,5.0,15.8087,30.0
TEST_motorcycle_50334,cluster_245647168_3238255150_3495323634,361.0,20.0,6,16.37778505982431,30.0,30.0,25.0,25.0,-0.25,15.0,36.40279,20.0
TEST_motorcycle_50334,cluster_245647168_3238255150_3495323634,366.0,0.0,3,29.31050347421513,20.0,30.0,30.0,25.0,-1.25,25.0,21.831278,0.0
TEST_motorcycle_50334,cluster_245647168_3238255150_3495323634,371.0,5.0,1,0.0,0.0,20.0,30.0,30.0,-1.25,20.0,19.60129,5.0
TEST_motorcycle_50334,cluster_245647168_3238255150_3495323634,376.0,5.0,1,0.0,5.0,0.0,20.0,30.0,-1.25,20.0,19.452456,5.0
TEST_motorcycle_50334,cluster_245647168_3238255150_3495323634,381.0,5.0,1,0.0,5.0,5.0,0.0,20.0,-0.75,20.0,11.305845,5.0
TEST_motorcycle_50334,cluster_245647168_3238255150_3495323634,386.0,0.0,0,0.0,5.0,5.0,5.0,0.0,0.0,25.0,1.2144732,0.0
TEST_motorcycle_50334,cluster_245647168_3238255150_3495323634,391.0,0.0,1,65.56449040001817,0.0,5.0,5.0,5.0,-0.25,10.0,6.2278433,0.0
TEST_motorcycle_50334,cluster_245647168_3238255150_3495323634,396.0,0.0,1,8.963442678633788,0.0,0.0,5.0,5.0,-0.25,0.0,8.308067,0.0
TEST_motorcycle_50334,cluster_245647168_3238255150_3495323634,401.0,5.0,1,0.0,0.0,0.0,0.0,5.0,0.0,0.0,5.867684,5.0
TEST_motorcycle_50334,cluster_245647168_3238255150_3495323634,406.0,5.0,1,0.0,5.0,0.0,0.0,0.0,0.25,0.0,4.31049,5.0
TEST_motorcycle_50334,cluster_245647168_3238255150_3495323634,411.0,5.0,2,27.143465543710622,5.0,5.0,0.0,0.0,0.25,0.0,23.053213,5.0
TEST_motorcycle_50334,cluster_245647168_3238255150_3495323634,416.0,5.0,5,32.45498756014996,5.0,5.0,5.0,0.0,0.25,0.0,53.888603,5.0
TEST_motorcycle_50334,cluster_245647168_3238255150_3495323634,421.0,15.0,6,11.729076727110357,5.0,5.0,5.0,5.0,0.5,0.0,12.994978,15.0
TEST_motorcycle_50334,cluster_245647168_3238255150_3495323634,426.0,25.0,6,0.9576776596851992,15.0,5.0,5.0,5.0,1.0,5.0,12.48938,25.0
TEST_motorcycle_50334,cluster_245647168_3238255150_3495323634,431.0,20.0,4,0.0,25.0,15.0,5.0,5.0,0.75,5.0,8.250764,20.0
TEST_motorcycle_50334,cluster_245647168_3238255150_3495323634,436.0,20.0,5,15.955355360640258,20.0,25.0,15.0,5.0,0.75,15.0,12.395049,20.0
TEST_motorcycle_50334,cluster_245647168_3238255150_3495323634,441.0,20.0,5,1.4818418341121269,20.0,20.0,25.0,15.0,0.25,15.0,10.631944,20.0
TEST_motorcycle_50334,cluster_245647168_3238255150_3495323634,446.0,25.0,6,12.07465214560701,20.0,20.0,20.0,25.0,0.0,15.0,30.689442,25.0
TEST_motorcycle_50334,cluster_245647168_3238255150_3495323634,451.0,10.0,5,23.32515160055768,25.0,20.0,20.0,20.0,-0.5,20.0,47.01211,10.0
TEST_motorcycle_50334,cluster_245647168_3238255150_3495323634,456.0,0.0,3,31.20953506832213,10.0,25.0,20.0,20.0,-1.0,25.0,25.564579,0.0
TEST_motorcycle_50334,cluster_245647168_3238255150_3495323634,461.0,0.0,0,0.0,0.0,10.0,25.0,20.0,-1.0,35.0,9.839451,0.0
TEST_motorcycle_50334,cluster_245647168_3238255150_3495323634,466.0,0.0,1,32.266073025018905,0.0,0.0,10.0,25.0,-1.25,35.0,20.94167,0.0
TEST_motorcycle_50334,cluster_245647168_3238255150_3495323634,471.0,0.0,0,0.0,0.0,0.0,0.0,10.0,-0.5,45.0,6.4594674,0.0
TEST_motorcycle_50334,cluster_245647168_3238255150_3495323634,476.0,0.0,1,79.0516515977481,0.0,0.0,0.0,0.0,0.0,65.0,9.950874,0.0
TEST_motorcycle_50334,cluster_245647168_3238255150_3495323634,481.0,0.0,1,0.959472581547397,0.0,0.0,0.0,0.0,0.0,45.0,3.622648,0.0
TEST_motorcycle_50334,cluster_245647168_3238255150_3495323634,486.0,5.0,2,32.12711698457413,0.0,0.0,0.0,0.0,0.25,0.0,7.598533,5.0
TEST_motorcycle_50334,cluster_245647168_3238255150_3495323634,491.0,5.0,4,14.6129536620993,5.0,0.0,0.0,0.0,0.25,0.0,14.906857,5.0
TEST_motorcycle_50334,cluster_245647168_3238255150_3495323634,496.0,15.0,4,9.722428264183357,5.0,5.0,0.0,0.0,0.75,0.0,9.046639,15.0
TEST_motorcycle_50334,cluster_245647168_3238255150_3495323634,501.0,15.0,3,0.0,15.0,5.0,5.0,0.0,0.75,5.0,6.4771914,15.0
TEST_motorcycle_50334,cluster_245647168_3238255150_3495323634,506.0,15.0,4,12.652573807372198,15.0,15.0,5.0,5.0,0.5,0.0,13.583479,15.0
TEST_motorcycle_50334,cluster_245647168_3238255150_3495323634,511.0,20.0,5,9.708252993763312,15.0,15.0,15.0,5.0,0.75,5.0,13.046913,20.0
TEST_motorcycle_50334,cluster_245647168_3238255150_3495323634,516.0,25.0,7,16.52659992627028,20.0,15.0,15.0,15.0,0.5,5.0,16.730717,25.0
TEST_motorcycle_50334,cluster_245647168_3238255150_3495323634,521.0,35.0,7,0.0402648644530435,25.0,20.0,15.0,15.0,1.0,10.0,12.819594,35.0
TEST_motorcycle_50334,cluster_245647168_3238255150_3495323634,526.0,35.0,11,17.189779823710563,35.0,25.0,20.0,15.0,1.0,10.0,27.442398,35.0
TEST_motorcycle_50334,cluster_245647168_3238255150_3495323634,531.0,45.0,13,6.045820111215345,35.0,35.0,25.0,20.0,1.25,10.0,20.57583,45.0
TEST_motorcycle_50334,cluster_245647168_3238255150_3495323634,536.0,65.0,13,0.0089433855802599,45.0,35.0,35.0,25.0,2.0,15.0,22.210949,65.0
TEST_motorcycle_50334,cluster_245647168_3238255150_3495323634,541.0,45.0,9,0.0,65.0,45.0,35.0,35.0,0.5,15.0,29.847967,45.0
TEST_motorcycle_50334,cluster_245647168_3238255150_3495323634,546.0,0.0,5,13.114877723082287,45.0,65.0,45.0,35.0,-1.75,20.0,29.52558,0.0
TEST_motorcycle_50334,cluster_245647168_3238255150_3495323634,551.0,0.0,0,0.0,0.0,45.0,65.0,45.0,-2.25,20.0,64.72658,0.0
TEST_motorcycle_50334,cluster_245647168_3238255150_3495323634,556.0,0.0,2,59.69355684781289,0.0,0.0,45.0,65.0,-3.25,20.0,26.453012,0.0
TEST_motorcycle_50334,cluster_245647168_3238255150_3495323634,561.0,5.0,1,0.0261571297099467,0.0,0.0,0.0,45.0,-2.0,25.0,52.70442,5.0
TEST_motorcycle_50334,cluster_245647168_3238255150_3495323634,566.0,0.0,2,45.40936733519165,5.0,0.0,0.0,0.0,0.0,35.0,14.494324,0.0
TEST_motorcycle_50334,cluster_245647168_3238255150_3495323634,571.0,5.0,1,0.0108263339881202,0.0,5.0,0.0,0.0,0.25,20.0,5.9832397,5.0
TEST_motorcycle_50334,cluster_245647168_3238255150_3495323634,576.0,5.0,2,30.28099165685122,5.0,0.0,5.0,0.0,0.25,5.0,21.44031,5.0
TEST_motorcycle_50334,cluster_245647168_3238255150_3495323634,581.0,10.0,2,0.0014062939017221,5.0,5.0,0.0,5.0,0.25,5.0,6.4317236,10.0
TEST_motorcycle_50334,cluster_245647168_3238255150_3495323634,586.0,10.0,2,0.0,10.0,5.0,5.0,0.0,0.5,5.0,4.8251686,10.0
TEST_motorcycle_50334,cluster_245647168_3238255150_3495323634,591.0,10.0,3,6.542948020817828,10.0,10.0,5.0,5.0,0.25,5.0,11.499252,10.0
TEST_motorcycle_50334,cluster_245647168_3238255150_3495323634,596.0,15.0,4,13.023321460810331,10.0,10.0,10.0,5.0,0.5,0.0,12.975222,15.0
TEST_motorcycle_50334,cluster_245647168_3238255150_3495323634,601.0,15.0,4,0.4715638443257368,15.0,10.0,10.0,10.0,0.25,0.0,10.691162,15.0
TEST_motorcycle_50334,cluster_245647168_3238255150_3495323634,606.0,20.0,4,0.0,15.0,15.0,10.0,10.0,0.5,0.0,9.121684,20.0
TEST_motorcycle_50334,cluster_245647168_3238255150_3495323634,611.0,20.0,4,0.0,20.0,15.0,15.0,10.0,0.5,0.0,8.247464,20.0
TEST_motorcycle_50334,cluster_245647168_3238255150_3495323634,616.0,20.0,6,18.807222018601983,20.0,20.0,15.0,15.0,0.25,5.0,22.805088,20.0
TEST_motorcycle_50334,cluster_245647168_3238255150_3495323634,621.0,25.0,8,16.234263408052822,20.0,20.0,20.0,15.0,0.5,5.0,16.454062,25.0
TEST_motorcycle_50334,cluster_245647168_3238255150_3495323634,626.0,35.0,8,1.3275657919730393,25.0,20.0,20.0,20.0,0.75,5.0,12.856675,35.0
TEST_motorcycle_50334,cluster_245647168_3238255150_3495323634,631.0,20.0,4,0.0,35.0,25.0,20.0,20.0,0.0,5.0,11.42152,20.0
TEST_motorcycle_50334,cluster_245647168_3238255150_3495323634,636.0,5.0,2,32.6453489978537,20.0,35.0,25.0,20.0,-0.75,5.0,21.828693,5.0
TEST_motorcycle_50334,cluster_245647168_3238255150_3495323634,641.0,5.0,2,41.3036371660838,5.0,20.0,35.0,25.0,-1.0,10.0,33.7391,5.0
TEST_motorcycle_50334,cluster_245647168_3238255150_3495323634,646.0,5.0,1,0.0,5.0,5.0,20.0,35.0,-1.5,15.0,40.661205,5.0
TEST_motorcycle_50334,cluster_245647168_3238255150_3495323634,651.0,5.0,1,0.0,5.0,5.0,5.0,20.0,-0.75,20.0,11.305845,5.0
TEST_motorcycle_50334,cluster_245647168_3238255150_3495323634,656.0,0.0,0,0.0,5.0,5.0,5.0,5.0,-0.25,25.0,5.3519025,0.0
TEST_motorcycle_50334,cluster_245647168_3238255150_3495323634,661.0,0.0,0,0.0,0.0,5.0,5.0,5.0,-0.25,10.0,6.3771977,0.0
TEST_motorcycle_50334,cluster_245647168_3238255150_3495323634,666.0,0.0,0,0.0,0.0,0.0,5.0,5.0,-0.25,0.0,6.3771977,0.0
TEST_motorcycle_50334,cluster_245647168_3238255150_3495323634,671.0,0.0,1,40.86703519835975,0.0,0.0,0.0,5.0,-0.25,0.0,11.801387,0.0
TEST_motorcycle_50334,cluster_245647168_3238255150_3495323634,676.0,5.0,1,0.0028139562933312,0.0,0.0,0.0,0.0,0.25,0.0,5.3307853,5.0
TEST_motorcycle_50334,cluster_245647168_3238255150_3495323634,681.0,5.0,1,0.0,5.0,0.0,0.0,0.0,0.25,0.0,4.31049,5.0
TEST_motorcycle_50334,cluster_245647168_3238255150_3495323634,686.0,5.0,1,0.0,5.0,5.0,0.0,0.0,0.25,0.0,4.31049,5.0
TEST_motorcycle_50334,cluster_245647168_3238255150_3495323634,691.0,5.0,1,0.0,5.0,5.0,5.0,0.0,0.25,0.0,4.31049,5.0
TEST_motorcycle_50334,cluster_245647168_3238255150_3495323634,696.0,5.0,3,28.31501292970106,5.0,5.0,5.0,5.0,0.0,0.0,46.033897,5.0
TEST_motorcycle_50334,cluster_245647168_3238255150_3495323634,701.0,10.0,4,27.703476638446524,5.0,5.0,5.0,5.0,0.25,0.0,57.650997,10.0
TEST_motorcycle_50334,cluster_245647168_3238255150_3495323634,706.0,15.0,5,17.942277402082063,10.0,5.0,5.0,5.0,0.5,0.0,20.342865,15.0
TEST_motorcycle_50334,cluster_245647168_3238255150_3495323634,711.0,20.0,5,4.355602945734068,15.0,10.0,5.0,5.0,0.75,0.0,17.78652,20.0
TEST_motorcycle_50334,cluster_245647168_3238255150_3495323634,716.0,25.0,6,14.681052854817777,20.0,15.0,10.0,5.0,1.0,0.0,13.456486,25.0
TEST_motorcycle_50334,cluster_245647168_3238255150_3495323634,721.0,10.0,4,17.18218605118924,25.0,20.0,15.0,10.0,0.0,0.0,25.414747,10.0
TEST_motorcycle_50334,cluster_245647168_3238255150_3495323634,726.0,0.0,1,13.400992981782188,10.0,25.0,20.0,15.0,-0.75,0.0,11.581763,0.0
TEST_motorcycle_50334,cluster_245647168_3238255150_3495323634,731.0,0.0,0,0.0,0.0,10.0,25.0,20.0,-1.0,0.0,9.839451,0.0
TEST_motorcycle_50334,cluster_245647168_3238255150_3495323634,736.0,0.0,0,0.0,0.0,0.0,10.0,25.0,-1.25,0.0,8.398845,0.0
TEST_normal_82452,cluster_13546492148_1838721956,16.0,0.0,0,0.0,0.0,0.0,0.0,0.0,0.0,0.0,1.363607,0.0
TEST_normal_82452,cluster_13546492148_1838721956,21.0,0.0,0,0.0,0.0,0.0,0.0,0.0,0.0,0.0,1.363607,0.0
TEST_normal_82452,cluster_13546492148_1838721956,26.0,0.0,0,0.0,0.0,0.0,0.0,0.0,0.0,0.0,1.363607,0.0
TEST_normal_82452,cluster_13546492148_1838721956,31.0,0.0,0,0.0,0.0,0.0,0.0,0.0,0.0,0.0,1.363607,0.0
TEST_normal_82452,cluster_13546492148_1838721956,36.0,0.0,0,0.0,0.0,0.0,0.0,0.0,0.0,0.0,1.363607,0.0
TEST_normal_82452,cluster_13546492148_1838721956,41.0,0.0,0,0.0,0.0,0.0,0.0,0.0,0.0,0.0,1.363607,0.0
TEST_normal_82452,cluster_13546492148_1838721956,46.0,0.0,0,0.0,0.0,0.0,0.0,0.0,0.0,0.0,1.363607,0.0
TEST_normal_82452,cluster_13546492148_1838721956,51.0,0.0,0,0.0,0.0,0.0,0.0,0.0,0.0,0.0,1.363607,0.0
TEST_normal_82452,cluster_13546492148_1838721956,56.0,0.0,0,0.0,0.0,0.0,0.0,0.0,0.0,0.0,1.363607,0.0
TEST_normal_82452,cluster_13546492148_1838721956,61.0,0.0,0,0.0,0.0,0.0,0.0,0.0,0.0,0.0,1.363607,0.0
TEST_normal_82452,cluster_13546492148_1838721956,66.0,0.0,0,0.0,0.0,0.0,0.0,0.0,0.0,0.0,1.363607,0.0
TEST_normal_82452,cluster_13546492148_1838721956,71.0,0.0,0,0.0,0.0,0.0,0.0,0.0,0.0,0.0,1.363607,0.0
TEST_normal_82452,cluster_13546492148_1838721956,76.0,0.0,0,0.0,0.0,0.0,0.0,0.0,0.0,0.0,1.363607,0.0
TEST_normal_82452,cluster_13546492148_1838721956,81.0,0.0,0,0.0,0.0,0.0,0.0,0.0,0.0,0.0,1.363607,0.0
TEST_normal_82452,cluster_13546492148_1838721956,86.0,0.0,1,20.76980945634316,0.0,0.0,0.0,0.0,0.0,0.0,8.547714,0.0
TEST_normal_82452,cluster_13546492148_1838721956,91.0,0.0,0,0.0,0.0,0.0,0.0,0.0,0.0,0.0,1.363607,0.0
TEST_normal_82452,cluster_13546492148_1838721956,96.0,0.0,0,0.0,0.0,0.0,0.0,0.0,0.0,0.0,1.363607,0.0
TEST_normal_82452,cluster_13546492148_1838721956,101.0,0.0,0,0.0,0.0,0.0,0.0,0.0,0.0,0.0,1.363607,0.0
TEST_normal_82452,cluster_13546492148_1838721956,106.0,0.0,0,0.0,0.0,0.0,0.0,0.0,0.0,0.0,1.363607,0.0
TEST_normal_82452,cluster_13546492148_1838721956,111.0,0.0,0,0.0,0.0,0.0,0.0,0.0,0.0,0.0,1.363607,0.0
TEST_normal_82452,cluster_13546492148_1838721956,116.0,0.0,0,0.0,0.0,0.0,0.0,0.0,0.0,0.0,1.363607,0.0
TEST_normal_82452,cluster_13546492148_1838721956,121.0,0.0,0,0.0,0.0,0.0,0.0,0.0,0.0,0.0,1.363607,0.0
TEST_normal_82452,cluster_13546492148_1838721956,126.0,0.0,0,0.0,0.0,0.0,0.0,0.0,0.0,0.0,1.363607,0.0
TEST_normal_82452,cluster_13546492148_1838721956,131.0,0.0,0,0.0,0.0,0.0,0.0,0.0,0.0,0.0,1.363607,0.0
TEST_normal_82452,cluster_13546492148_1838721956,136.0,0.0,0,0.0,0.0,0.0,0.0,0.0,0.0,0.0,1.363607,0.0
TEST_normal_82452,cluster_13546492148_1838721956,141.0,0.0,0,0.0,0.0,0.0,0.0,0.0,0.0,0.0,1.363607,0.0
TEST_normal_82452,cluster_13546492148_1838721956,146.0,0.0,0,0.0,0.0,0.0,0.0,0.0,0.0,5.0,1.363607,0.0
TEST_normal_82452,cluster_13546492148_1838721956,151.0,0.0,0,0.0,0.0,0.0,0.0,0.0,0.0,5.0,1.363607,0.0
TEST_normal_82452,cluster_13546492148_1838721956,156.0,0.0,0,0.0,0.0,0.0,0.0,0.0,0.0,5.0,1.363607,0.0
TEST_normal_82452,cluster_13546492148_1838721956,161.0,0.0,0,0.0,0.0,0.0,0.0,0.0,0.0,5.0,1.363607,0.0
TEST_normal_82452,cluster_13546492148_1838721956,166.0,0.0,0,0.0,0.0,0.0,0.0,0.0,0.0,0.0,1.363607,0.0
TEST_normal_82452,cluster_13546492148_1838721956,171.0,0.0,0,0.0,0.0,0.0,0.0,0.0,0.0,0.0,1.363607,0.0
TEST_normal_82452,cluster_13546492148_1838721956,176.0,0.0,0,0.0,0.0,0.0,0.0,0.0,0.0,5.0,1.363607,0.0
TEST_normal_82452,cluster_13546492148_1838721956,181.0,0.0,0,0.0,0.0,0.0,0.0,0.0,0.0,10.0,1.363607,0.0
TEST_normal_82452,cluster_13546492148_1838721956,186.0,0.0,0,0.0,0.0,0.0,0.0,0.0,0.0,10.0,1.363607,0.0
TEST_normal_82452,cluster_13546492148_1838721956,191.0,0.0,0,0.0,0.0,0.0,0.0,0.0,0.0,10.0,1.363607,0.0
TEST_normal_82452,cluster_13546492148_1838721956,196.0,0.0,0,0.0,0.0,0.0,0.0,0.0,0.0,10.0,1.363607,0.0
TEST_normal_82452,cluster_13546492148_1838721956,201.0,0.0,1,24.490170762261137,0.0,0.0,0.0,0.0,0.0,10.0,6.55333,0.0
TEST_normal_82452,cluster_13546492148_1838721956,206.0,5.0,1,0.000618937350161,0.0,0.0,0.0,0.0,0.25,10.0,4.831453,5.0
TEST_normal_82452,cluster_13546492148_1838721956,211.0,5.0,1,0.0,5.0,0.0,0.0,0.0,0.25,0.0,4.31049,5.0
TEST_normal_82452,cluster_13546492148_1838721956,216.0,5.0,1,0.0,5.0,5.0,0.0,0.0,0.25,0.0,4.31049,5.0
TEST_normal_82452,cluster_13546492148_1838721956,221.0,5.0,1,0.0,5.0,5.0,5.0,0.0,0.25,0.0,4.31049,5.0
TEST_normal_82452,cluster_13546492148_1838721956,226.0,0.0,0,0.0,5.0,5.0,5.0,5.0,-0.25,0.0,5.3519025,0.0
TEST_normal_82452,cluster_13546492148_1838721956,231.0,0.0,1,12.656696366542684,0.0,5.0,5.0,5.0,-0.25,0.0,8.341742,0.0
TEST_normal_82452,cluster_13546492148_1838721956,236.0,5.0,2,8.12411649821328,0.0,0.0,5.0,5.0,0.0,0.0,7.912361,5.0
TEST_normal_82452,cluster_13546492148_1838721956,241.0,10.0,2,0.0168053094360796,5.0,0.0,0.0,5.0,0.25,0.0,7.5129185,10.0
TEST_normal_82452,cluster_13546492148_1838721956,246.0,10.0,2,0.0,10.0,5.0,0.0,0.0,0.5,0.0,4.8251686,10.0
TEST_normal_82452,cluster_13546492148_1838721956,251.0,10.0,2,0.0,10.0,10.0,5.0,0.0,0.5,0.0,4.8251686,10.0
TEST_normal_82452,cluster_13546492148_1838721956,256.0,10.0,2,0.0,10.0,10.0,10.0,5.0,0.25,0.0,6.3823624,10.0
TEST_normal_82452,cluster_13546492148_1838721956,261.0,10.0,2,0.0,10.0,10.0,10.0,10.0,0.0,0.0,6.464632,10.0
TEST_normal_82452,cluster_13546492148_1838721956,266.0,10.0,2,0.0,10.0,10.0,10.0,10.0,0.0,0.0,6.464632,10.0
TEST_normal_82452,cluster_13546492148_1838721956,271.0,0.0,0,0.0,10.0,10.0,10.0,10.0,-0.5,0.0,5.434172,0.0
TEST_normal_82452,cluster_13546492148_1838721956,276.0,0.0,0,0.0,0.0,10.0,10.0,10.0,-0.5,0.0,6.4594674,0.0
TEST_normal_82452,cluster_13546492148_1838721956,281.0,0.0,0,0.0,0.0,0.0,10.0,10.0,-0.5,0.0,6.4594674,0.0
TEST_normal_82452,cluster_13546492148_1838721956,286.0,0.0,0,0.0,0.0,0.0,0.0,10.0,-0.5,5.0,6.4594674,0.0
TEST_normal_82452,cluster_13546492148_1838721956,291.0,0.0,0,0.0,0.0,0.0,0.0,0.0,0.0,5.0,1.363607,0.0
TEST_normal_82452,cluster_13546492148_1838721956,296.0,0.0,0,0.0,0.0,0.0,0.0,0.0,0.0,5.0,1.363607,0.0
TEST_normal_82452,cluster_13546492148_1838721956,301.0,0.0,0,0.0,0.0,0.0,0.0,0.0,0.0,0.0,1.363607,0.0
TEST_normal_82452,cluster_13546492148_1838721956,306.0,0.0,0,0.0,0.0,0.0,0.0,0.0,0.0,0.0,1.363607,0.0
TEST_normal_82452,cluster_13546492148_1838721956,311.0,0.0,0,0.0,0.0,0.0,0.0,0.0,0.0,0.0,1.363607,0.0
TEST_normal_82452,cluster_13546492148_1838721956,316.0,0.0,0,0.0,0.0,0.0,0.0,0.0,0.0,0.0,1.363607,0.0
TEST_normal_82452,cluster_13546492148_1838721956,321.0,0.0,0,0.0,0.0,0.0,0.0,0.0,0.0,0.0,1.363607,0.0
TEST_normal_82452,cluster_13546492148_1838721956,326.0,0.0,0,0.0,0.0,0.0,0.0,0.0,0.0,5.0,1.363607,0.0
TEST_normal_82452,cluster_13546492148_1838721956,331.0,0.0,0,0.0,0.0,0.0,0.0,0.0,0.0,10.0,1.363607,0.0
TEST_normal_82452,cluster_13546492148_1838721956,336.0,0.0,0,0.0,0.0,0.0,0.0,0.0,0.0,10.0,1.363607,0.0
TEST_normal_82452,cluster_13546492148_1838721956,341.0,0.0,1,2.425237636768593,0.0,0.0,0.0,0.0,0.0,10.0,4.328601,0.0
TEST_normal_82452,cluster_13546492148_1838721956,346.0,5.0,1,0.0321693629884982,0.0,0.0,0.0,0.0,0.25,0.0,5.4441495,5.0
TEST_normal_82452,cluster_13546492148_1838721956,351.0,5.0,1,0.0,5.0,0.0,0.0,0.0,0.25,5.0,4.31049,5.0
TEST_normal_82452,cluster_13546492148_1838721956,356.0,5.0,1,0.0,5.0,5.0,0.0,0.0,0.25,5.0,4.31049,5.0
TEST_normal_82452,cluster_13546492148_1838721956,361.0,0.0,0,0.0,5.0,5.0,5.0,0.0,0.0,5.0,1.2144732,0.0
TEST_normal_82452,cluster_13546492148_1838721956,366.0,0.0,0,0.0,0.0,5.0,5.0,5.0,-0.25,5.0,6.3771977,0.0
TEST_normal_82452,cluster_13546492148_1838721956,371.0,0.0,0,0.0,0.0,0.0,5.0,5.0,-0.25,5.0,6.3771977,0.0
TEST_normal_82452,cluster_13546492148_1838721956,376.0,0.0,0,0.0,0.0,0.0,0.0,5.0,-0.25,5.0,6.3771977,0.0
TEST_normal_82452,cluster_13546492148_1838721956,381.0,0.0,0,0.0,0.0,0.0,0.0,0.0,0.0,5.0,1.363607,0.0
TEST_normal_82452,cluster_13546492148_1838721956,386.0,5.0,2,4.40736963238353,0.0,0.0,0.0,0.0,0.25,5.0,11.426925,5.0
TEST_normal_82452,cluster_13546492148_1838721956,391.0,10.0,2,0.0006462620826308,5.0,0.0,0.0,0.0,0.5,0.0,5.3461313,10.0
TEST_normal_82452,cluster_13546492148_1838721956,396.0,10.0,2,0.0,10.0,5.0,0.0,0.0,0.5,0.0,4.8251686,10.0
TEST_normal_82452,cluster_13546492148_1838721956,401.0,10.0,2,0.0,10.0,10.0,5.0,0.0,0.5,0.0,4.8251686,10.0
TEST_normal_82452,cluster_13546492148_1838721956,406.0,0.0,0,0.0,10.0,10.0,10.0,5.0,-0.25,0.0,5.3519025,0.0
TEST_normal_82452,cluster_13546492148_1838721956,411.0,5.0,1,0.1180892112498443,0.0,10.0,10.0,10.0,-0.25,0.0,8.311465,5.0
TEST_normal_82452,cluster_13546492148_1838721956,416.0,5.0,1,0.0,5.0,0.0,10.0,10.0,-0.25,0.0,7.406266,5.0
TEST_normal_82452,cluster_13546492148_1838721956,421.0,5.0,1,0.0,5.0,5.0,0.0,10.0,-0.25,0.0,7.406266,5.0
TEST_normal_82452,cluster_13546492148_1838721956,426.0,5.0,1,0.0,5.0,5.0,5.0,0.0,0.25,0.0,4.31049,5.0
TEST_normal_82452,cluster_13546492148_1838721956,431.0,5.0,1,0.0,5.0,5.0,5.0,5.0,0.0,0.0,5.867684,5.0
TEST_normal_82452,cluster_13546492148_1838721956,436.0,5.0,1,0.0,5.0,5.0,5.0,5.0,0.0,0.0,5.867684,5.0
TEST_normal_82452,cluster_13546492148_1838721956,441.0,5.0,1,0.0,5.0,5.0,5.0,5.0,0.0,5.0,5.867684,5.0
TEST_normal_82452,cluster_13546492148_1838721956,446.0,5.0,1,0.0,5.0,5.0,5.0,5.0,0.0,5.0,5.867684,5.0
TEST_normal_82452,cluster_13546492148_1838721956,451.0,0.0,0,0.0,5.0,5.0,5.0,5.0,-0.25,5.0,5.3519025,0.0
TEST_normal_82452,cluster_13546492148_1838721956,456.0,0.0,0,0.0,0.0,5.0,5.0,5.0,-0.25,5.0,6.3771977,0.0
TEST_normal_82452,cluster_13546492148_1838721956,461.0,0.0,0,0.0,0.0,0.0,5.0,5.0,-0.25,5.0,6.3771977,0.0
TEST_normal_82452,cluster_13546492148_1838721956,466.0,0.0,0,0.0,0.0,0.0,0.0,5.0,-0.25,5.0,6.3771977,0.0
TEST_normal_82452,cluster_13546492148_1838721956,471.0,0.0,0,0.0,0.0,0.0,0.0,0.0,0.0,5.0,1.363607,0.0
TEST_normal_82452,cluster_13546492148_1838721956,476.0,0.0,0,0.0,0.0,0.0,0.0,0.0,0.0,5.0,1.363607,0.0
TEST_normal_82452,cluster_13546492148_1838721956,481.0,0.0,0,0.0,0.0,0.0,0.0,0.0,0.0,0.0,1.363607,0.0
TEST_normal_82452,cluster_13546492148_1838721956,486.0,0.0,0,0.0,0.0,0.0,0.0,0.0,0.0,0.0,1.363607,0.0
TEST_normal_82452,cluster_13546492148_1838721956,491.0,0.0,0,0.0,0.0,0.0,0.0,0.0,0.0,0.0,1.363607,0.0
TEST_normal_82452,cluster_13546492148_1838721956,496.0,0.0,1,2.139074585042941,0.0,0.0,0.0,0.0,0.0,5.0,3.622648,0.0
TEST_normal_82452,cluster_13546492148_1838721956,501.0,5.0,1,0.0004069819534172,0.0,0.0,0.0,0.0,0.25,5.0,4.31049,5.0
TEST_normal_82452,cluster_13546492148_1838721956,506.0,5.0,1,0.0,5.0,0.0,0.0,0.0,0.25,5.0,4.31049,5.0
TEST_normal_82452,cluster_13546492148_1838721956,511.0,5.0,1,0.0,5.0,5.0,0.0,0.0,0.25,5.0,4.31049,5.0
TEST_normal_82452,cluster_13546492148_1838721956,516.0,5.0,1,0.0,5.0,5.0,5.0,0.0,0.25,5.0,4.31049,5.0
TEST_normal_82452,cluster_13546492148_1838721956,521.0,5.0,1,0.0,5.0,5.0,5.0,5.0,0.0,5.0,5.867684,5.0
TEST_normal_82452,cluster_13546492148_1838721956,526.0,5.0,1,0.0,5.0,5.0,5.0,5.0,0.0,0.0,5.867684,5.0
TEST_normal_82452,cluster_13546492148_1838721956,531.0,5.0,1,0.0,5.0,5.0,5.0,5.0,0.0,0.0,5.867684,5.0
TEST_normal_82452,cluster_13546492148_1838721956,536.0,5.0,1,0.0,5.0,5.0,5.0,5.0,0.0,0.0,5.867684,5.0
TEST_normal_82452,cluster_13546492148_1838721956,541.0,0.0,0,0.0,5.0,5.0,5.0,5.0,-0.25,0.0,5.3519025,0.0
TEST_normal_82452,cluster_13546492148_1838721956,546.0,0.0,0,0.0,0.0,5.0,5.0,5.0,-0.25,0.0,6.3771977,0.0
TEST_normal_82452,cluster_13546492148_1838721956,551.0,0.0,0,0.0,0.0,0.0,5.0,5.0,-0.25,5.0,6.3771977,0.0
TEST_normal_82452,cluster_13546492148_1838721956,556.0,5.0,1,0.0074475524320228,0.0,0.0,0.0,5.0,0.0,5.0,6.99824,5.0
TEST_normal_82452,cluster_13546492148_1838721956,561.0,5.0,1,0.0,5.0,0.0,0.0,0.0,0.25,5.0,4.31049,5.0
TEST_normal_82452,cluster_13546492148_1838721956,566.0,5.0,1,0.0,5.0,5.0,0.0,0.0,0.25,10.0,4.31049,5.0
TEST_normal_82452,cluster_13546492148_1838721956,571.0,5.0,1,0.0,5.0,5.0,5.0,0.0,0.25,0.0,4.31049,5.0
TEST_normal_82452,cluster_13546492148_1838721956,576.0,5.0,1,0.0,5.0,5.0,5.0,5.0,0.0,0.0,5.867684,5.0
TEST_normal_82452,cluster_13546492148_1838721956,581.0,5.0,1,0.0,5.0,5.0,5.0,5.0,0.0,0.0,5.867684,5.0
TEST_normal_82452,cluster_13546492148_1838721956,586.0,0.0,0,0.0,5.0,5.0,5.0,5.0,-0.25,0.0,5.3519025,0.0
TEST_normal_82452,cluster_13546492148_1838721956,591.0,0.0,0,0.0,0.0,5.0,5.0,5.0,-0.25,0.0,6.3771977,0.0
TEST_normal_82452,cluster_13546492148_1838721956,596.0,0.0,0,0.0,0.0,0.0,5.0,5.0,-0.25,5.0,6.3771977,0.0
TEST_normal_82452,cluster_13546492148_1838721956,601.0,0.0,0,0.0,0.0,0.0,0.0,5.0,-0.25,5.0,6.3771977,0.0
TEST_normal_82452,cluster_13546492148_1838721956,606.0,0.0,1,6.045744819814854,0.0,0.0,0.0,0.0,0.0,5.0,6.3221264,0.0
TEST_normal_82452,cluster_13546492148_1838721956,611.0,5.0,1,0.0,0.0,0.0,0.0,0.0,0.25,10.0,4.31049,5.0
TEST_normal_82452,cluster_13546492148_1838721956,616.0,5.0,1,0.0,5.0,0.0,0.0,0.0,0.25,0.0,4.31049,5.0
TEST_normal_82452,cluster_13546492148_1838721956,621.0,5.0,2,7.346773284582358,5.0,5.0,0.0,0.0,0.25,0.0,6.176383,5.0
TEST_normal_82452,cluster_13546492148_1838721956,626.0,10.0,2,0.0040292647238458,5.0,5.0,5.0,0.0,0.5,0.0,7.684151,10.0
TEST_normal_82452,cluster_13546492148_1838721956,631.0,0.0,0,0.0,10.0,5.0,5.0,5.0,-0.25,5.0,5.3519025,0.0
TEST_normal_82452,cluster_13546492148_1838721956,636.0,0.0,0,0.0,0.0,10.0,5.0,5.0,-0.25,5.0,6.3771977,0.0
TEST_normal_82452,cluster_13546492148_1838721956,641.0,0.0,0,0.0,0.0,0.0,10.0,5.0,-0.25,10.0,6.3771977,0.0
TEST_normal_82452,cluster_13546492148_1838721956,646.0,0.0,0,0.0,0.0,0.0,0.0,10.0,-0.5,10.0,6.4594674,0.0
TEST_normal_82452,cluster_13546492148_1838721956,651.0,0.0,1,22.189921731894387,0.0,0.0,0.0,0.0,0.0,10.0,7.188759,0.0
TEST_normal_82452,cluster_13546492148_1838721956,656.0,5.0,1,0.0076619916446572,0.0,0.0,0.0,0.0,0.25,10.0,5.9832397,5.0
TEST_normal_82452,cluster_13546492148_1838721956,661.0,5.0,1,0.0,5.0,0.0,0.0,0.0,0.25,0.0,4.31049,5.0
TEST_normal_82452,cluster_13546492148_1838721956,666.0,5.0,2,6.024751129230822,5.0,5.0,0.0,0.0,0.25,0.0,6.1729155,5.0
TEST_normal_82452,cluster_13546492148_1838721956,671.0,10.0,2,0.0097150102305997,5.0,5.0,5.0,0.0,0.5,0.0,6.497918,10.0
TEST_normal_82452,cluster_13546492148_1838721956,676.0,0.0,0,0.0,10.0,5.0,5.0,5.0,-0.25,0.0,5.3519025,0.0
TEST_normal_82452,cluster_13546492148_1838721956,681.0,0.0,0,0.0,0.0,10.0,5.0,5.0,-0.25,0.0,6.3771977,0.0
TEST_normal_82452,cluster_13546492148_1838721956,686.0,0.0,1,7.083034614873828,0.0,0.0,10.0,5.0,-0.25,0.0,8.540073,0.0
TEST_normal_82452,cluster_13546492148_1838721956,691.0,5.0,1,0.0395099508072816,0.0,0.0,0.0,10.0,-0.25,0.0,7.997733,5.0
TEST_normal_82452,cluster_13546492148_1838721956,696.0,5.0,1,0.0,5.0,0.0,0.0,0.0,0.25,0.0,4.31049,5.0
TEST_normal_82452,cluster_13546492148_1838721956,701.0,10.0,2,0.00039822469038,5.0,5.0,0.0,0.0,0.5,0.0,4.8251686,10.0
TEST_normal_82452,cluster_13546492148_1838721956,706.0,10.0,2,0.0,10.0,5.0,5.0,0.0,0.5,0.0,4.8251686,10.0
TEST_normal_82452,cluster_13546492148_1838721956,711.0,10.0,2,0.0,10.0,10.0,5.0,5.0,0.25,0.0,6.3823624,10.0
TEST_normal_82452,cluster_13546492148_1838721956,716.0,10.0,2,0.0,10.0,10.0,10.0,5.0,0.25,0.0,6.3823624,10.0
TEST_normal_82452,cluster_13546492148_1838721956,721.0,0.0,0,0.0,10.0,10.0,10.0,10.0,-0.5,0.0,5.434172,0.0
TEST_normal_82452,cluster_13546492148_1838721956,726.0,0.0,0,0.0,0.0,10.0,10.0,10.0,-0.5,0.0,6.4594674,0.0
TEST_normal_82452,cluster_13546492148_1838721956,731.0,0.0,0,0.0,0.0,0.0,10.0,10.0,-0.5,5.0,6.4594674,0.0
TEST_normal_82452,cluster_13546492148_1838721956,736.0,0.0,0,0.0,0.0,0.0,0.0,10.0,-0.5,5.0,6.4594674,0.0
TEST_normal_82452,cluster_2061304035_245647208,16.0,0.0,0,0.0,0.0,0.0,0.0,0.0,0.0,0.0,1.363607,0.0
TEST_normal_82452,cluster_2061304035_245647208,21.0,0.0,0,0.0,0.0,0.0,0.0,0.0,0.0,0.0,1.363607,0.0
TEST_normal_82452,cluster_2061304035_245647208,26.0,0.0,0,0.0,0.0,0.0,0.0,0.0,0.0,0.0,1.363607,0.0
TEST_normal_82452,cluster_2061304035_245647208,31.0,0.0,0,0.0,0.0,0.0,0.0,0.0,0.0,0.0,1.363607,0.0
TEST_normal_82452,cluster_2061304035_245647208,36.0,0.0,0,0.0,0.0,0.0,0.0,0.0,0.0,0.0,1.363607,0.0
TEST_normal_82452,cluster_2061304035_245647208,41.0,0.0,0,0.0,0.0,0.0,0.0,0.0,0.0,0.0,1.363607,0.0
TEST_normal_82452,cluster_2061304035_245647208,46.0,0.0,0,0.0,0.0,0.0,0.0,0.0,0.0,0.0,1.363607,0.0
TEST_normal_82452,cluster_2061304035_245647208,51.0,0.0,0,0.0,0.0,0.0,0.0,0.0,0.0,0.0,1.363607,0.0
TEST_normal_82452,cluster_2061304035_245647208,56.0,0.0,0,0.0,0.0,0.0,0.0,0.0,0.0,0.0,1.363607,0.0
TEST_normal_82452,cluster_2061304035_245647208,61.0,0.0,0,0.0,0.0,0.0,0.0,0.0,0.0,0.0,1.363607,0.0
TEST_normal_82452,cluster_2061304035_245647208,66.0,0.0,0,0.0,0.0,0.0,0.0,0.0,0.0,0.0,1.363607,0.0
TEST_normal_82452,cluster_2061304035_245647208,71.0,0.0,0,0.0,0.0,0.0,0.0,0.0,0.0,0.0,1.363607,0.0
TEST_normal_82452,cluster_2061304035_245647208,76.0,0.0,0,0.0,0.0,0.0,0.0,0.0,0.0,0.0,1.363607,0.0
TEST_normal_82452,cluster_2061304035_245647208,81.0,0.0,0,0.0,0.0,0.0,0.0,0.0,0.0,0.0,1.363607,0.0
TEST_normal_82452,cluster_2061304035_245647208,86.0,0.0,0,0.0,0.0,0.0,0.0,0.0,0.0,0.0,1.363607,0.0
TEST_normal_82452,cluster_2061304035_245647208,91.0,0.0,0,0.0,0.0,0.0,0.0,0.0,0.0,0.0,1.363607,0.0
TEST_normal_82452,cluster_2061304035_245647208,96.0,0.0,0,0.0,0.0,0.0,0.0,0.0,0.0,0.0,1.363607,0.0
TEST_normal_82452,cluster_2061304035_245647208,101.0,0.0,0,0.0,0.0,0.0,0.0,0.0,0.0,0.0,1.363607,0.0
TEST_normal_82452,cluster_2061304035_245647208,106.0,0.0,1,45.46849905990352,0.0,0.0,0.0,0.0,0.0,0.0,15.257093,0.0
TEST_normal_82452,cluster_2061304035_245647208,111.0,0.0,0,0.0,0.0,0.0,0.0,0.0,0.0,0.0,1.363607,0.0
TEST_normal_82452,cluster_2061304035_245647208,116.0,0.0,0,0.0,0.0,0.0,0.0,0.0,0.0,0.0,1.363607,0.0
TEST_normal_82452,cluster_2061304035_245647208,121.0,0.0,0,0.0,0.0,0.0,0.0,0.0,0.0,0.0,1.363607,0.0
TEST_normal_82452,cluster_2061304035_245647208,126.0,0.0,0,0.0,0.0,0.0,0.0,0.0,0.0,0.0,1.363607,0.0
TEST_normal_82452,cluster_2061304035_245647208,131.0,0.0,0,0.0,0.0,0.0,0.0,0.0,0.0,0.0,1.363607,0.0
TEST_normal_82452,cluster_2061304035_245647208,136.0,0.0,0,0.0,0.0,0.0,0.0,0.0,0.0,0.0,1.363607,0.0
TEST_normal_82452,cluster_2061304035_245647208,141.0,0.0,0,0.0,0.0,0.0,0.0,0.0,0.0,0.0,1.363607,0.0
TEST_normal_82452,cluster_2061304035_245647208,146.0,0.0,0,0.0,0.0,0.0,0.0,0.0,0.0,0.0,1.363607,0.0
TEST_normal_82452,cluster_2061304035_245647208,151.0,0.0,0,0.0,0.0,0.0,0.0,0.0,0.0,0.0,1.363607,0.0
TEST_normal_82452,cluster_2061304035_245647208,156.0,0.0,0,0.0,0.0,0.0,0.0,0.0,0.0,0.0,1.363607,0.0
TEST_normal_82452,cluster_2061304035_245647208,161.0,0.0,0,0.0,0.0,0.0,0.0,0.0,0.0,0.0,1.363607,0.0
TEST_normal_82452,cluster_2061304035_245647208,166.0,0.0,1,48.26319914737099,0.0,0.0,0.0,0.0,0.0,0.0,20.609566,0.0
TEST_normal_82452,cluster_2061304035_245647208,171.0,0.0,0,0.0,0.0,0.0,0.0,0.0,0.0,0.0,1.363607,0.0
TEST_normal_82452,cluster_2061304035_245647208,176.0,0.0,0,0.0,0.0,0.0,0.0,0.0,0.0,0.0,1.363607,0.0
TEST_normal_82452,cluster_2061304035_245647208,181.0,0.0,0,0.0,0.0,0.0,0.0,0.0,0.0,0.0,1.363607,0.0
TEST_normal_82452,cluster_2061304035_245647208,186.0,0.0,0,0.0,0.0,0.0,0.0,0.0,0.0,0.0,1.363607,0.0
TEST_normal_82452,cluster_2061304035_245647208,191.0,0.0,0,0.0,0.0,0.0,0.0,0.0,0.0,0.0,1.363607,0.0
TEST_normal_82452,cluster_2061304035_245647208,196.0,0.0,1,59.604936661956245,0.0,0.0,0.0,0.0,0.0,0.0,3.3101542,0.0
TEST_normal_82452,cluster_2061304035_245647208,201.0,0.0,0,0.0,0.0,0.0,0.0,0.0,0.0,0.0,1.363607,0.0
TEST_normal_82452,cluster_2061304035_245647208,206.0,0.0,0,0.0,0.0,0.0,0.0,0.0,0.0,0.0,1.363607,0.0
TEST_normal_82452,cluster_2061304035_245647208,211.0,0.0,0,0.0,0.0,0.0,0.0,0.0,0.0,0.0,1.363607,0.0
TEST_normal_82452,cluster_2061304035_245647208,216.0,0.0,0,0.0,0.0,0.0,0.0,0.0,0.0,0.0,1.363607,0.0
TEST_normal_82452,cluster_2061304035_245647208,221.0,0.0,0,0.0,0.0,0.0,0.0,0.0,0.0,0.0,1.363607,0.0
TEST_normal_82452,cluster_2061304035_245647208,226.0,0.0,0,0.0,0.0,0.0,0.0,0.0,0.0,0.0,1.363607,0.0
TEST_normal_82452,cluster_2061304035_245647208,231.0,0.0,0,0.0,0.0,0.0,0.0,0.0,0.0,10.0,1.363607,0.0
TEST_normal_82452,cluster_2061304035_245647208,236.0,0.0,1,86.42413386765284,0.0,0.0,0.0,0.0,0.0,10.0,35.488792,0.0
TEST_normal_82452,cluster_2061304035_245647208,241.0,0.0,0,0.0,0.0,0.0,0.0,0.0,0.0,10.0,1.363607,0.0
TEST_normal_82452,cluster_2061304035_245647208,246.0,0.0,0,0.0,0.0,0.0,0.0,0.0,0.0,10.0,1.363607,0.0
TEST_normal_82452,cluster_2061304035_245647208,251.0,0.0,0,0.0,0.0,0.0,0.0,0.0,0.0,15.0,1.363607,0.0
TEST_normal_82452,cluster_2061304035_245647208,256.0,0.0,0,0.0,0.0,0.0,0.0,0.0,0.0,5.0,1.363607,0.0
TEST_normal_82452,cluster_2061304035_245647208,261.0,0.0,0,0.0,0.0,0.0,0.0,0.0,0.0,0.0,1.363607,0.0
TEST_normal_82452,cluster_2061304035_245647208,266.0,0.0,0,0.0,0.0,0.0,0.0,0.0,0.0,0.0,1.363607,0.0
TEST_normal_82452,cluster_2061304035_245647208,271.0,0.0,0,0.0,0.0,0.0,0.0,0.0,0.0,0.0,1.363607,0.0
TEST_normal_82452,cluster_2061304035_245647208,276.0,0.0,0,0.0,0.0,0.0,0.0,0.0,0.0,0.0,1.363607,0.0
TEST_normal_82452,cluster_2061304035_245647208,281.0,0.0,0,0.0,0.0,0.0,0.0,0.0,0.0,0.0,1.363607,0.0
TEST_normal_82452,cluster_2061304035_245647208,286.0,0.0,2,40.26141991221388,0.0,0.0,0.0,0.0,0.0,0.0,10.401946,0.0
TEST_normal_82452,cluster_2061304035_245647208,291.0,10.0,4,25.814654641187577,0.0,0.0,0.0,0.0,0.5,0.0,17.717157,10.0
TEST_normal_82452,cluster_2061304035_245647208,296.0,10.0,2,0.0,10.0,0.0,0.0,0.0,0.5,0.0,4.8251686,10.0
TEST_normal_82452,cluster_2061304035_245647208,301.0,10.0,2,0.0,10.0,10.0,0.0,0.0,0.5,0.0,4.8251686,10.0
TEST_normal_82452,cluster_2061304035_245647208,306.0,10.0,3,0.997903043939216,10.0,10.0,10.0,0.0,0.5,0.0,6.896264,10.0
TEST_normal_82452,cluster_2061304035_245647208,311.0,15.0,4,10.824962717350743,10.0,10.0,10.0,10.0,0.25,0.0,14.857994,15.0
TEST_normal_82452,cluster_2061304035_245647208,316.0,5.0,1,0.0031569404411439,15.0,10.0,10.0,10.0,-0.25,0.0,7.455627,5.0
TEST_normal_82452,cluster_2061304035_245647208,321.0,0.0,0,0.0,5.0,15.0,10.0,10.0,-0.5,0.0,6.0747232,0.0
TEST_normal_82452,cluster_2061304035_245647208,326.0,0.0,0,0.0,0.0,5.0,15.0,10.0,-0.5,0.0,6.4594674,0.0
TEST_normal_82452,cluster_2061304035_245647208,331.0,0.0,0,0.0,0.0,0.0,5.0,15.0,-0.75,0.0,6.7851744,0.0
TEST_normal_82452,cluster_2061304035_245647208,336.0,0.0,0,0.0,0.0,0.0,0.0,5.0,-0.25,0.0,6.3771977,0.0
TEST_normal_82452,cluster_2061304035_245647208,341.0,0.0,0,0.0,0.0,0.0,0.0,0.0,0.0,0.0,1.363607,0.0
TEST_normal_82452,cluster_2061304035_245647208,346.0,0.0,1,50.31058816495812,0.0,0.0,0.0,0.0,0.0,0.0,15.340861,0.0
TEST_normal_82452,cluster_2061304035_245647208,351.0,0.0,0,0.0,0.0,0.0,0.0,0.0,0.0,0.0,1.363607,0.0
TEST_normal_82452,cluster_2061304035_245647208,356.0,0.0,0,0.0,0.0,0.0,0.0,0.0,0.0,0.0,1.363607,0.0
TEST_normal_82452,cluster_2061304035_245647208,361.0,0.0,0,0.0,0.0,0.0,0.0,0.0,0.0,0.0,1.363607,0.0
TEST_normal_82452,cluster_2061304035_245647208,366.0,0.0,0,0.0,0.0,0.0,0.0,0.0,0.0,0.0,1.363607,0.0
TEST_normal_82452,cluster_2061304035_245647208,371.0,0.0,0,0.0,0.0,0.0,0.0,0.0,0.0,0.0,1.363607,0.0
TEST_normal_82452,cluster_2061304035_245647208,376.0,0.0,2,54.743577648747184,0.0,0.0,0.0,0.0,0.0,0.0,1.6634777,0.0
TEST_normal_82452,cluster_2061304035_245647208,381.0,0.0,0,0.0,0.0,0.0,0.0,0.0,0.0,0.0,1.363607,0.0
TEST_normal_82452,cluster_2061304035_245647208,386.0,0.0,0,0.0,0.0,0.0,0.0,0.0,0.0,0.0,1.363607,0.0
TEST_normal_82452,cluster_2061304035_245647208,391.0,0.0,0,0.0,0.0,0.0,0.0,0.0,0.0,0.0,1.363607,0.0
TEST_normal_82452,cluster_2061304035_245647208,396.0,0.0,0,0.0,0.0,0.0,0.0,0.0,0.0,5.0,1.363607,0.0
TEST_normal_82452,cluster_2061304035_245647208,401.0,0.0,1,54.042784508207546,0.0,0.0,0.0,0.0,0.0,5.0,2.1724977,0.0
TEST_normal_82452,cluster_2061304035_245647208,406.0,0.0,0,0.0,0.0,0.0,0.0,0.0,0.0,5.0,1.363607,0.0
TEST_normal_82452,cluster_2061304035_245647208,411.0,0.0,0,0.0,0.0,0.0,0.0,0.0,0.0,5.0,1.363607,0.0
TEST_normal_82452,cluster_2061304035_245647208,416.0,0.0,0,0.0,0.0,0.0,0.0,0.0,0.0,5.0,1.363607,0.0
TEST_normal_82452,cluster_2061304035_245647208,421.0,0.0,1,39.14756312025355,0.0,0.0,0.0,0.0,0.0,10.0,10.642577,0.0
TEST_normal_82452,cluster_2061304035_245647208,426.0,0.0,0,0.0,0.0,0.0,0.0,0.0,0.0,10.0,1.363607,0.0
TEST_normal_82452,cluster_2061304035_245647208,431.0,0.0,0,0.0,0.0,0.0,0.0,0.0,0.0,10.0,1.363607,0.0
TEST_normal_82452,cluster_2061304035_245647208,436.0,0.0,0,0.0,0.0,0.0,0.0,0.0,0.0,0.0,1.363607,0.0
TEST_normal_82452,cluster_2061304035_245647208,441.0,0.0,0,0.0,0.0,0.0,0.0,0.0,0.0,0.0,1.363607,0.0
TEST_normal_82452,cluster_2061304035_245647208,446.0,0.0,0,0.0,0.0,0.0,0.0,0.0,0.0,0.0,1.363607,0.0
TEST_normal_82452,cluster_2061304035_245647208,451.0,0.0,1,1.9155843502641867,0.0,0.0,0.0,0.0,0.0,0.0,3.622648,0.0
TEST_normal_82452,cluster_2061304035_245647208,456.0,5.0,1,0.0021365679371672,0.0,0.0,0.0,0.0,0.25,0.0,5.3307853,5.0
TEST_normal_82452,cluster_2061304035_245647208,461.0,5.0,1,0.0,5.0,0.0,0.0,0.0,0.25,0.0,4.31049,5.0
TEST_normal_82452,cluster_2061304035_245647208,466.0,5.0,2,21.775910754206024,5.0,5.0,0.0,0.0,0.25,0.0,7.413687,5.0
TEST_normal_82452,cluster_2061304035_245647208,471.0,5.0,1,0.0,5.0,5.0,5.0,0.0,0.25,0.0,4.31049,5.0
TEST_normal_82452,cluster_2061304035_245647208,476.0,5.0,2,9.509452341785693,5.0,5.0,5.0,5.0,0.0,0.0,7.2042747,5.0
TEST_normal_82452,cluster_2061304035_245647208,481.0,10.0,2,0.00064219091104,5.0,5.0,5.0,5.0,0.25,0.0,6.6648827,10.0
TEST_normal_82452,cluster_2061304035_245647208,486.0,10.0,2,0.0,10.0,5.0,5.0,5.0,0.25,0.0,6.3823624,10.0
TEST_normal_82452,cluster_2061304035_245647208,491.0,10.0,2,0.0,10.0,10.0,5.0,5.0,0.25,0.0,6.3823624,10.0
TEST_normal_82452,cluster_2061304035_245647208,496.0,0.0,0,0.0,10.0,10.0,10.0,5.0,-0.25,0.0,5.3519025,0.0
TEST_normal_82452,cluster_2061304035_245647208,501.0,0.0,0,0.0,0.0,10.0,10.0,10.0,-0.5,10.0,6.4594674,0.0
TEST_normal_82452,cluster_2061304035_245647208,506.0,0.0,0,0.0,0.0,0.0,10.0,10.0,-0.5,10.0,6.4594674,0.0
TEST_normal_82452,cluster_2061304035_245647208,511.0,0.0,1,65.35420233031974,0.0,0.0,0.0,10.0,-0.5,15.0,11.1852865,0.0
TEST_normal_82452,cluster_2061304035_245647208,516.0,0.0,0,0.0,0.0,0.0,0.0,0.0,0.0,15.0,1.363607,0.0
TEST_normal_82452,cluster_2061304035_245647208,521.0,0.0,1,72.55848175668848,0.0,0.0,0.0,0.0,0.0,20.0,3.3101542,0.0
TEST_normal_82452,cluster_2061304035_245647208,526.0,0.0,0,0.0,0.0,0.0,0.0,0.0,0.0,5.0,1.363607,0.0
TEST_normal_82452,cluster_2061304035_245647208,531.0,0.0,0,0.0,0.0,0.0,0.0,0.0,0.0,0.0,1.363607,0.0
TEST_normal_82452,cluster_2061304035_245647208,536.0,0.0,0,0.0,0.0,0.0,0.0,0.0,0.0,0.0,1.363607,0.0
TEST_normal_82452,cluster_2061304035_245647208,541.0,0.0,0,0.0,0.0,0.0,0.0,0.0,0.0,0.0,1.363607,0.0
TEST_normal_82452,cluster_2061304035_245647208,546.0,0.0,0,0.0,0.0,0.0,0.0,0.0,0.0,0.0,1.363607,0.0
TEST_normal_82452,cluster_2061304035_245647208,551.0,0.0,0,0.0,0.0,0.0,0.0,0.0,0.0,0.0,1.363607,0.0
TEST_normal_82452,cluster_2061304035_245647208,556.0,0.0,2,43.46424403835332,0.0,0.0,0.0,0.0,0.0,0.0,10.441654,0.0
TEST_normal_82452,cluster_2061304035_245647208,561.0,10.0,3,19.26446650271738,0.0,0.0,0.0,0.0,0.5,0.0,19.176373,10.0
TEST_normal_82452,cluster_2061304035_245647208,566.0,10.0,3,0.3655741557951188,10.0,0.0,0.0,0.0,0.5,0.0,7.149699,10.0
TEST_normal_82452,cluster_2061304035_245647208,571.0,15.0,3,0.0,10.0,10.0,0.0,0.0,0.75,0.0,6.4771914,15.0
TEST_normal_82452,cluster_2061304035_245647208,576.0,15.0,4,0.5846518705881343,15.0,10.0,10.0,0.0,0.75,0.0,8.258144,15.0
TEST_normal_82452,cluster_2061304035_245647208,581.0,20.0,4,0.0005483432019471,15.0,15.0,10.0,10.0,0.5,0.0,9.121684,20.0
TEST_normal_82452,cluster_2061304035_245647208,586.0,5.0,1,0.0,20.0,15.0,15.0,10.0,-0.25,0.0,7.44175,5.0
TEST_normal_82452,cluster_2061304035_245647208,591.0,0.0,0,0.0,5.0,20.0,15.0,15.0,-0.75,15.0,6.40043,0.0
TEST_normal_82452,cluster_2061304035_245647208,596.0,0.0,0,0.0,0.0,5.0,20.0,15.0,-0.75,15.0,7.8540497,0.0
TEST_normal_82452,cluster_2061304035_245647208,601.0,0.0,2,38.88986958884755,0.0,0.0,5.0,20.0,-1.0,15.0,11.21367,0.0
TEST_normal_82452,cluster_2061304035_245647208,606.0,0.0,2,26.306516246667584,0.0,0.0,0.0,5.0,-0.25,15.0,9.553646,0.0
TEST_normal_82452,cluster_2061304035_245647208,611.0,0.0,0,0.0,0.0,0.0,0.0,0.0,0.0,15.0,1.363607,0.0
TEST_normal_82452,cluster_2061304035_245647208,616.0,0.0,0,0.0,0.0,0.0,0.0,0.0,0.0,0.0,1.363607,0.0
TEST_normal_82452,cluster_2061304035_245647208,621.0,0.0,0,0.0,0.0,0.0,0.0,0.0,0.0,0.0,1.363607,0.0
TEST_normal_82452,cluster_2061304035_245647208,626.0,0.0,0,0.0,0.0,0.0,0.0,0.0,0.0,0.0,1.363607,0.0
TEST_normal_82452,cluster_2061304035_245647208,631.0,0.0,0,0.0,0.0,0.0,0.0,0.0,0.0,0.0,1.363607,0.0
TEST_normal_82452,cluster_2061304035_245647208,636.0,0.0,0,0.0,0.0,0.0,0.0,0.0,0.0,0.0,1.363607,0.0
TEST_normal_82452,cluster_2061304035_245647208,641.0,0.0,0,0.0,0.0,0.0,0.0,0.0,0.0,0.0,1.363607,0.0
TEST_normal_82452,cluster_2061304035_245647208,646.0,0.0,3,41.93687842531647,0.0,0.0,0.0,0.0,0.0,0.0,21.297083,0.0
TEST_normal_82452,cluster_2061304035_245647208,651.0,15.0,3,0.0441060171129494,0.0,0.0,0.0,0.0,0.75,0.0,-0.58804023,15.0
TEST_normal_82452,cluster_2061304035_245647208,656.0,15.0,3,0.0,15.0,0.0,0.0,0.0,0.75,0.0,6.4771914,15.0
TEST_normal_82452,cluster_2061304035_245647208,661.0,15.0,3,0.0,15.0,15.0,0.0,0.0,0.75,0.0,6.6260247,15.0
TEST_normal_82452,cluster_2061304035_245647208,666.0,15.0,3,0.0,15.0,15.0,15.0,0.0,0.75,0.0,6.6260247,15.0
TEST_normal_82452,cluster_2061304035_245647208,671.0,15.0,3,0.0,15.0,15.0,15.0,15.0,0.0,0.0,9.780973,15.0
TEST_normal_82452,cluster_2061304035_245647208,676.0,0.0,0,0.0,15.0,15.0,15.0,15.0,-0.75,0.0,6.40043,0.0
TEST_normal_82452,cluster_2061304035_245647208,681.0,0.0,0,0.0,0.0,15.0,15.0,15.0,-0.75,0.0,7.4257255,0.0
TEST_normal_82452,cluster_2061304035_245647208,686.0,0.0,0,0.0,0.0,0.0,15.0,15.0,-0.75,0.0,6.7851744,0.0
TEST_normal_82452,cluster_2061304035_245647208,691.0,0.0,1,37.55787875113317,0.0,0.0,0.0,15.0,-0.75,0.0,11.812993,0.0
TEST_normal_82452,cluster_2061304035_245647208,696.0,0.0,0,0.0,0.0,0.0,0.0,0.0,0.0,0.0,1.363607,0.0
TEST_normal_82452,cluster_2061304035_245647208,701.0,0.0,0,0.0,0.0,0.0,0.0,0.0,0.0,0.0,1.363607,0.0
TEST_normal_82452,cluster_2061304035_245647208,706.0,0.0,0,0.0,0.0,0.0,0.0,0.0,0.0,0.0,1.363607,0.0
TEST_normal_82452,cluster_2061304035_245647208,711.0,0.0,0,0.0,0.0,0.0,0.0,0.0,0.0,0.0,1.363607,0.0
TEST_normal_82452,cluster_2061304035_245647208,716.0,0.0,0,0.0,0.0,0.0,0.0,0.0,0.0,0.0,1.363607,0.0
TEST_normal_82452,cluster_2061304035_245647208,721.0,0.0,0,0.0,0.0,0.0,0.0,0.0,0.0,0.0,1.363607,0.0
TEST_normal_82452,cluster_2061304035_245647208,726.0,0.0,0,0.0,0.0,0.0,0.0,0.0,0.0,0.0,1.363607,0.0
TEST_normal_82452,cluster_2061304035_245647208,731.0,0.0,0,0.0,0.0,0.0,0.0,0.0,0.0,0.0,1.363607,0.0
TEST_normal_82452,cluster_2061304035_245647208,736.0,0.0,1,40.3657106134306,0.0,0.0,0.0,0.0,0.0,0.0,11.71774,0.0
TEST_normal_82452,cluster_245647168_3238255150_3495323634,16.0,0.0,0,0.0,0.0,0.0,0.0,0.0,0.0,5.0,1.363607,0.0
TEST_normal_82452,cluster_245647168_3238255150_3495323634,21.0,0.0,0,0.0,0.0,0.0,0.0,0.0,0.0,5.0,1.363607,0.0
TEST_normal_82452,cluster_245647168_3238255150_3495323634,26.0,0.0,0,0.0,0.0,0.0,0.0,0.0,0.0,5.0,1.363607,0.0
TEST_normal_82452,cluster_245647168_3238255150_3495323634,31.0,0.0,0,0.0,0.0,0.0,0.0,0.0,0.0,0.0,1.363607,0.0
TEST_normal_82452,cluster_245647168_3238255150_3495323634,36.0,0.0,0,0.0,0.0,0.0,0.0,0.0,0.0,0.0,1.363607,0.0
TEST_normal_82452,cluster_245647168_3238255150_3495323634,41.0,0.0,0,0.0,0.0,0.0,0.0,0.0,0.0,0.0,1.363607,0.0
TEST_normal_82452,cluster_245647168_3238255150_3495323634,46.0,0.0,0,0.0,0.0,0.0,0.0,0.0,0.0,10.0,1.363607,0.0
TEST_normal_82452,cluster_245647168_3238255150_3495323634,51.0,0.0,0,0.0,0.0,0.0,0.0,0.0,0.0,10.0,1.363607,0.0
TEST_normal_82452,cluster_245647168_3238255150_3495323634,56.0,0.0,0,0.0,0.0,0.0,0.0,0.0,0.0,5.0,1.363607,0.0
TEST_normal_82452,cluster_245647168_3238255150_3495323634,61.0,0.0,0,0.0,0.0,0.0,0.0,0.0,0.0,5.0,1.363607,0.0
TEST_normal_82452,cluster_245647168_3238255150_3495323634,66.0,0.0,1,59.87861114460043,0.0,0.0,0.0,0.0,0.0,5.0,3.3101542,0.0
TEST_normal_82452,cluster_245647168_3238255150_3495323634,71.0,0.0,1,10.22432850485336,0.0,0.0,0.0,0.0,0.0,10.0,6.127261,0.0
TEST_normal_82452,cluster_245647168_3238255150_3495323634,76.0,5.0,1,0.0004107239732827,0.0,0.0,0.0,0.0,0.0,5.0,4.31049,5.0
TEST_normal_82452,cluster_245647168_3238255150_3495323634,81.0,5.0,1,0.0,5.0,0.0,0.0,0.0,0.0,10.0,4.31049,5.0
TEST_normal_82452,cluster_245647168_3238255150_3495323634,86.0,5.0,1,0.0,5.0,5.0,0.0,0.0,0.0,10.0,4.31049,5.0
TEST_normal_82452,cluster_245647168_3238255150_3495323634,91.0,0.0,0,0.0,5.0,5.0,5.0,0.0,0.0,30.0,1.2144732,0.0
TEST_normal_82452,cluster_245647168_3238255150_3495323634,96.0,0.0,0,0.0,0.0,5.0,5.0,5.0,0.0,30.0,5.327605,0.0
TEST_normal_82452,cluster_245647168_3238255150_3495323634,101.0,0.0,2,72.57187492450412,0.0,0.0,5.0,5.0,0.0,30.0,4.8483734,0.0
TEST_normal_82452,cluster_245647168_3238255150_3495323634,106.0,10.0,2,0.1917865971183502,0.0,0.0,0.0,5.0,0.0,30.0,7.2875624,10.0
TEST_normal_82452,cluster_245647168_3238255150_3495323634,111.0,10.0,2,0.0003772101210986,10.0,0.0,0.0,0.0,0.5,30.0,4.8251686,10.0
TEST_normal_82452,cluster_245647168_3238255150_3495323634,116.0,5.0,1,0.0,10.0,10.0,0.0,0.0,0.25,30.0,4.31049,5.0
TEST_normal_82452,cluster_245647168_3238255150_3495323634,121.0,5.0,2,43.1877333488706,5.0,10.0,10.0,0.0,0.25,15.0,3.3345962,5.0
TEST_normal_82452,cluster_245647168_3238255150_3495323634,126.0,5.0,2,6.1348596964803885,5.0,5.0,10.0,10.0,-0.25,5.0,11.5656395,5.0
TEST_normal_82452,cluster_245647168_3238255150_3495323634,131.0,10.0,2,0.0003748462910949,5.0,5.0,5.0,10.0,0.0,5.0,6.464632,10.0
TEST_normal_82452,cluster_245647168_3238255150_3495323634,136.0,5.0,2,12.312620705038457,10.0,5.0,5.0,5.0,0.0,5.0,7.2042747,5.0
TEST_normal_82452,cluster_245647168_3238255150_3495323634,141.0,10.0,3,16.325148296348246,5.0,10.0,5.0,5.0,0.25,5.0,11.1891365,10.0
TEST_normal_82452,cluster_245647168_3238255150_3495323634,146.0,10.0,6,24.95802408679672,10.0,5.0,10.0,5.0,0.25,10.0,33.543907,10.0
TEST_normal_82452,cluster_245647168_3238255150_3495323634,151.0,30.0,6,0.0038196919767303,10.0,10.0,5.0,10.0,1.0,10.0,17.28361,30.0
TEST_normal_82452,cluster_245647168_3238255150_3495323634,156.0,30.0,6,0.0,30.0,10.0,10.0,5.0,1.25,10.0,9.740778,30.0
TEST_normal_82452,cluster_245647168_3238255150_3495323634,161.0,30.0,6,0.0,30.0,30.0,10.0,10.0,1.0,15.0,13.840626,30.0
TEST_normal_82452,cluster_245647168_3238255150_3495323634,166.0,30.0,6,0.0,30.0,30.0,30.0,10.0,1.0,20.0,15.992826,30.0
TEST_normal_82452,cluster_245647168_3238255150_3495323634,171.0,30.0,6,0.0,30.0,30.0,30.0,30.0,0.0,20.0,19.444107,30.0
TEST_normal_82452,cluster_245647168_3238255150_3495323634,176.0,30.0,7,8.237776510132706,30.0,30.0,30.0,30.0,0.0,20.0,29.580671,30.0
TEST_normal_82452,cluster_245647168_3238255150_3495323634,181.0,15.0,5,20.446188220340247,30.0,30.0,30.0,30.0,-0.75,20.0,42.046886,15.0
TEST_normal_82452,cluster_245647168_3238255150_3495323634,186.0,5.0,4,34.60896277713385,15.0,30.0,30.0,30.0,-1.25,20.0,50.60298,5.0
TEST_normal_82452,cluster_245647168_3238255150_3495323634,191.0,5.0,1,0.0,5.0,15.0,30.0,30.0,-1.25,25.0,19.60129,5.0
TEST_normal_82452,cluster_245647168_3238255150_3495323634,196.0,5.0,1,0.0,5.0,5.0,15.0,30.0,-1.25,25.0,19.452456,5.0
TEST_normal_82452,cluster_245647168_3238255150_3495323634,201.0,5.0,3,29.39758380479252,5.0,5.0,5.0,15.0,-0.5,25.0,46.881615,5.0
TEST_normal_82452,cluster_245647168_3238255150_3495323634,206.0,10.0,2,0.0089718510008008,5.0,5.0,5.0,5.0,0.25,35.0,7.5129185,10.0
TEST_normal_82452,cluster_245647168_3238255150_3495323634,211.0,10.0,3,29.4742355475882,10.0,5.0,5.0,5.0,0.25,20.0,55.81495,10.0
TEST_normal_82452,cluster_245647168_3238255150_3495323634,216.0,10.0,5,23.974571146522933,10.0,10.0,5.0,5.0,0.25,5.0,42.213078,10.0
TEST_normal_82452,cluster_245647168_3238255150_3495323634,221.0,15.0,5,3.751555154191015,10.0,10.0,10.0,5.0,0.5,5.0,10.998508,15.0
TEST_normal_82452,cluster_245647168_3238255150_3495323634,226.0,20.0,4,0.0,15.0,10.0,10.0,10.0,0.5,5.0,8.629966,20.0
TEST_normal_82452,cluster_245647168_3238255150_3495323634,231.0,20.0,4,0.0,20.0,15.0,10.0,10.0,0.5,5.0,8.247464,20.0
TEST_normal_82452,cluster_245647168_3238255150_3495323634,236.0,20.0,4,0.0,20.0,20.0,15.0,10.0,0.5,10.0,8.247464,20.0
TEST_normal_82452,cluster_245647168_3238255150_3495323634,241.0,20.0,5,12.089317789138107,20.0,20.0,20.0,15.0,0.25,10.0,12.799263,20.0
TEST_normal_82452,cluster_245647168_3238255150_3495323634,246.0,20.0,5,0.4594278421209281,20.0,20.0,20.0,20.0,0.0,10.0,10.062783,20.0
TEST_normal_82452,cluster_245647168_3238255150_3495323634,251.0,25.0,5,0.0,20.0,20.0,20.0,20.0,0.25,15.0,9.031493,25.0
TEST_normal_82452,cluster_245647168_3238255150_3495323634,256.0,25.0,5,0.0,25.0,20.0,20.0,20.0,0.25,15.0,8.6576395,25.0
TEST_normal_82452,cluster_245647168_3238255150_3495323634,261.0,25.0,7,5.726589529093484,25.0,25.0,20.0,20.0,0.25,15.0,18.070421,25.0
TEST_normal_82452,cluster_245647168_3238255150_3495323634,266.0,35.0,7,0.0450328552220522,25.0,25.0,25.0,20.0,0.75,20.0,15.114641,35.0
TEST_normal_82452,cluster_245647168_3238255150_3495323634,271.0,20.0,5,9.185785126685802,35.0,25.0,25.0,25.0,-0.25,20.0,31.69759,20.0
TEST_normal_82452,cluster_245647168_3238255150_3495323634,276.0,5.0,4,17.9730774585459,20.0,35.0,25.0,25.0,-1.0,20.0,46.441437,5.0
TEST_normal_82452,cluster_245647168_3238255150_3495323634,281.0,5.0,2,37.920975076767625,5.0,20.0,35.0,25.0,-1.0,15.0,33.7391,5.0
TEST_normal_82452,cluster_245647168_3238255150_3495323634,286.0,5.0,1,0.0,5.0,5.0,20.0,35.0,-1.5,20.0,40.661205,5.0
TEST_normal_82452,cluster_245647168_3238255150_3495323634,291.0,5.0,2,21.123365298411983,5.0,5.0,5.0,20.0,-0.75,20.0,33.5414,5.0
TEST_normal_82452,cluster_245647168_3238255150_3495323634,296.0,10.0,2,0.0032226766957869,5.0,5.0,5.0,5.0,0.25,25.0,6.4317236,10.0
TEST_normal_82452,cluster_245647168_3238255150_3495323634,301.0,10.0,3,21.848797226729847,10.0,5.0,5.0,5.0,0.25,20.0,39.57489,10.0
TEST_normal_82452,cluster_245647168_3238255150_3495323634,306.0,10.0,3,0.9483025745460648,10.0,10.0,5.0,5.0,0.25,5.0,9.453001,10.0
TEST_normal_82452,cluster_245647168_3238255150_3495323634,311.0,15.0,3,0.0003242909928464,10.0,10.0,10.0,5.0,0.5,5.0,9.010549,15.0
TEST_normal_82452,cluster_245647168_3238255150_3495323634,316.0,15.0,4,17.24502060923618,15.0,10.0,10.0,10.0,0.25,5.0,21.611755,15.0
TEST_normal_82452,cluster_245647168_3238255150_3495323634,321.0,15.0,4,0.3467245235335269,15.0,15.0,10.0,10.0,0.25,5.0,11.331715,15.0
TEST_normal_82452,cluster_245647168_3238255150_3495323634,326.0,20.0,4,0.0002503482475908,15.0,15.0,15.0,10.0,0.5,5.0,9.121684,20.0
TEST_normal_82452,cluster_245647168_3238255150_3495323634,331.0,20.0,4,0.0,20.0,15.0,15.0,15.0,0.25,5.0,7.8716946,20.0
TEST_normal_82452,cluster_245647168_3238255150_3495323634,336.0,20.0,5,10.600787439904508,20.0,20.0,15.0,15.0,0.25,5.0,13.075917,20.0
TEST_normal_82452,cluster_245647168_3238255150_3495323634,341.0,15.0,4,8.110508646334154,20.0,20.0,20.0,15.0,0.0,10.0,16.30475,15.0
TEST_normal_82452,cluster_245647168_3238255150_3495323634,346.0,20.0,4,0.00962444181145,15.0,20.0,20.0,20.0,0.0,10.0,10.340896,20.0
TEST_normal_82452,cluster_245647168_3238255150_3495323634,351.0,20.0,5,9.18182178101494,20.0,15.0,20.0,20.0,0.0,10.0,14.951305,20.0
TEST_normal_82452,cluster_245647168_3238255150_3495323634,356.0,25.0,7,19.585446051891875,20.0,20.0,15.0,20.0,0.25,10.0,34.38833,25.0
TEST_normal_82452,cluster_245647168_3238255150_3495323634,361.0,20.0,5,17.29895535800412,25.0,20.0,20.0,15.0,0.25,10.0,17.389797,20.0
TEST_normal_82452,cluster_245647168_3238255150_3495323634,366.0,5.0,3,29.189298060243285,20.0,25.0,20.0,20.0,-0.75,10.0,38.068245,5.0
TEST_normal_82452,cluster_245647168_3238255150_3495323634,371.0,5.0,1,0.0,5.0,20.0,25.0,20.0,-0.75,10.0,16.506895,5.0
TEST_normal_82452,cluster_245647168_3238255150_3495323634,376.0,5.0,1,0.0,5.0,5.0,20.0,25.0,-1.0,15.0,25.173372,5.0
TEST_normal_82452,cluster_245647168_3238255150_3495323634,381.0,5.0,1,0.0,5.0,5.0,5.0,20.0,-0.75,15.0,11.305845,5.0
TEST_normal_82452,cluster_245647168_3238255150_3495323634,386.0,5.0,2,18.907135463241094,5.0,5.0,5.0,5.0,0.0,25.0,20.993376,5.0
TEST_normal_82452,cluster_245647168_3238255150_3495323634,391.0,5.0,3,40.42477265189973,5.0,5.0,5.0,5.0,0.0,10.0,23.55976,5.0
TEST_normal_82452,cluster_245647168_3238255150_3495323634,396.0,5.0,3,6.211962240742772,5.0,5.0,5.0,5.0,0.0,0.0,13.201716,5.0
TEST_normal_82452,cluster_245647168_3238255150_3495323634,401.0,10.0,3,0.8003855996647862,5.0,5.0,5.0,5.0,0.25,0.0,9.453001,10.0
TEST_normal_82452,cluster_245647168_3238255150_3495323634,406.0,10.0,2,0.0011427316839071,10.0,5.0,5.0,5.0,0.25,0.0,6.6648827,10.0
TEST_normal_82452,cluster_245647168_3238255150_3495323634,411.0,10.0,2,0.0,10.0,10.0,5.0,5.0,0.25,0.0,6.3823624,10.0
TEST_normal_82452,cluster_245647168_3238255150_3495323634,416.0,10.0,2,0.0,10.0,10.0,10.0,5.0,0.25,5.0,6.3823624,10.0
TEST_normal_82452,cluster_245647168_3238255150_3495323634,421.0,10.0,2,0.0,10.0,10.0,10.0,10.0,0.0,10.0,6.464632,10.0
TEST_normal_82452,cluster_245647168_3238255150_3495323634,426.0,10.0,3,19.36896118255112,10.0,10.0,10.0,10.0,0.0,10.0,50.928463,10.0
TEST_normal_82452,cluster_245647168_3238255150_3495323634,431.0,10.0,3,0.2107892605664156,10.0,10.0,10.0,10.0,0.0,10.0,9.752657,10.0
TEST_normal_82452,cluster_245647168_3238255150_3495323634,436.0,15.0,4,19.750151893388487,10.0,10.0,10.0,10.0,0.25,5.0,38.19429,15.0
TEST_normal_82452,cluster_245647168_3238255150_3495323634,441.0,15.0,6,20.716844190444263,15.0,10.0,10.0,10.0,0.25,5.0,37.406982,15.0
TEST_normal_82452,cluster_245647168_3238255150_3495323634,446.0,25.0,6,0.2602874500674198,15.0,15.0,10.0,10.0,0.75,10.0,14.240386,25.0
TEST_normal_82452,cluster_245647168_3238255150_3495323634,451.0,10.0,3,17.201187237717217,25.0,15.0,15.0,10.0,0.0,15.0,27.697758,10.0
TEST_normal_82452,cluster_245647168_3238255150_3495323634,456.0,0.0,1,18.676488087431867,10.0,25.0,15.0,15.0,-0.75,15.0,14.514787,0.0
TEST_normal_82452,cluster_245647168_3238255150_3495323634,461.0,0.0,0,0.0,0.0,10.0,25.0,15.0,-0.75,15.0,9.100018,0.0
TEST_normal_82452,cluster_245647168_3238255150_3495323634,466.0,0.0,1,47.157020320788455,0.0,0.0,10.0,25.0,-1.25,15.0,20.757427,0.0
TEST_normal_82452,cluster_245647168_3238255150_3495323634,471.0,0.0,2,33.83935549892002,0.0,0.0,0.0,10.0,-0.5,15.0,10.637565,0.0
TEST_normal_82452,cluster_245647168_3238255150_3495323634,476.0,5.0,2,20.06120649190915,0.0,0.0,0.0,0.0,0.25,20.0,5.6545525,5.0
TEST_normal_82452,cluster_245647168_3238255150_3495323634,481.0,10.0,2,0.0002204415118256,5.0,0.0,0.0,0.0,0.5,10.0,4.8251686,10.0
TEST_normal_82452,cluster_245647168_3238255150_3495323634,486.0,10.0,2,0.0,10.0,5.0,0.0,0.0,0.5,5.0,4.8251686,10.0
TEST_normal_82452,cluster_245647168_3238255150_3495323634,491.0,10.0,2,0.0,10.0,10.0,5.0,0.0,0.5,5.0,4.8251686,10.0
TEST_normal_82452,cluster_245647168_3238255150_3495323634,496.0,5.0,1,0.0,10.0,10.0,10.0,5.0,0.0,5.0,5.867684,5.0
TEST_normal_82452,cluster_245647168_3238255150_3495323634,501.0,5.0,3,34.8954247622368,5.0,10.0,10.0,10.0,-0.25,5.0,38.42189,5.0
TEST_normal_82452,cluster_245647168_3238255150_3495323634,506.0,10.0,3,3.235453584617296,5.0,5.0,10.0,10.0,0.0,5.0,10.664986,10.0
TEST_normal_82452,cluster_245647168_3238255150_3495323634,511.0,15.0,3,0.0004399348247639,10.0,5.0,5.0,10.0,0.25,5.0,9.1062155,15.0
TEST_normal_82452,cluster_245647168_3238255150_3495323634,516.0,15.0,3,0.0,15.0,10.0,5.0,5.0,0.5,5.0,9.469972,15.0
TEST_normal_82452,cluster_245647168_3238255150_3495323634,521.0,15.0,3,0.0,15.0,15.0,10.0,5.0,0.5,10.0,9.6511,15.0
TEST_normal_82452,cluster_245647168_3238255150_3495323634,526.0,15.0,4,19.83973479459113,15.0,15.0,15.0,10.0,0.25,5.0,37.283062,15.0
TEST_normal_82452,cluster_245647168_3238255150_3495323634,531.0,15.0,5,11.990842415666894,15.0,15.0,15.0,15.0,0.0,5.0,18.943592,15.0
TEST_normal_82452,cluster_245647168_3238255150_3495323634,536.0,20.0,7,20.14008044884209,15.0,15.0,15.0,15.0,0.25,5.0,34.674885,20.0
TEST_normal_82452,cluster_245647168_3238255150_3495323634,541.0,10.0,4,11.401945425510409,20.0,15.0,15.0,15.0,-0.25,5.0,26.738684,10.0
TEST_normal_82452,cluster_245647168_3238255150_3495323634,546.0,5.0,1,0.0244200728574826,10.0,20.0,15.0,15.0,-0.5,5.0,12.284824,5.0
TEST_normal_82452,cluster_245647168_3238255150_3495323634,551.0,5.0,2,36.7734252890423,5.0,10.0,20.0,15.0,-0.5,10.0,20.879465,5.0
TEST_normal_82452,cluster_245647168_3238255150_3495323634,556.0,5.0,1,0.0,5.0,5.0,10.0,20.0,-0.75,10.0,11.305845,5.0
TEST_normal_82452,cluster_245647168_3238255150_3495323634,561.0,5.0,1,0.0,5.0,5.0,5.0,10.0,-0.25,15.0,7.406266,5.0
TEST_normal_82452,cluster_245647168_3238255150_3495323634,566.0,5.0,1,0.0,5.0,5.0,5.0,5.0,0.0,30.0,5.867684,5.0
TEST_normal_82452,cluster_245647168_3238255150_3495323634,571.0,5.0,1,0.0,5.0,5.0,5.0,5.0,0.0,30.0,5.867684,5.0
TEST_normal_82452,cluster_245647168_3238255150_3495323634,576.0,5.0,2,18.567039564884546,5.0,5.0,5.0,5.0,0.0,0.0,14.986021,5.0
TEST_normal_82452,cluster_245647168_3238255150_3495323634,581.0,10.0,2,0.0311390113628821,5.0,5.0,5.0,5.0,0.25,0.0,6.9738283,10.0
TEST_normal_82452,cluster_245647168_3238255150_3495323634,586.0,5.0,1,0.0,10.0,5.0,5.0,5.0,0.0,0.0,5.867684,5.0
TEST_normal_82452,cluster_245647168_3238255150_3495323634,591.0,5.0,2,24.73617841419517,5.0,10.0,5.0,5.0,0.0,0.0,13.009361,5.0
TEST_normal_82452,cluster_245647168_3238255150_3495323634,596.0,5.0,1,0.0,5.0,5.0,10.0,5.0,0.0,0.0,5.867684,5.0
TEST_normal_82452,cluster_245647168_3238255150_3495323634,601.0,5.0,2,36.48918522651707,5.0,5.0,5.0,10.0,-0.25,0.0,17.871382,5.0
TEST_normal_82452,cluster_245647168_3238255150_3495323634,606.0,5.0,2,1.665832376767259,5.0,5.0,5.0,5.0,0.0,5.0,6.5194488,5.0
TEST_normal_82452,cluster_245647168_3238255150_3495323634,611.0,10.0,3,23.592892307190755,5.0,5.0,5.0,5.0,0.25,5.0,40.320034,10.0
TEST_normal_82452,cluster_245647168_3238255150_3495323634,616.0,10.0,5,28.72665177490814,10.0,5.0,5.0,5.0,0.25,5.0,71.85393,10.0
TEST_normal_82452,cluster_245647168_3238255150_3495323634,621.0,15.0,8,24.006299375372915,10.0,10.0,5.0,5.0,0.5,5.0,23.333052,15.0
TEST_normal_82452,cluster_245647168_3238255150_3495323634,626.0,30.0,9,5.223701137788315,15.0,10.0,10.0,5.0,1.25,5.0,16.444298,30.0
TEST_normal_82452,cluster_245647168_3238255150_3495323634,631.0,30.0,6,0.0179695569018043,30.0,15.0,10.0,10.0,1.0,10.0,11.763025,30.0
TEST_normal_82452,cluster_245647168_3238255150_3495323634,636.0,0.0,3,14.206159442103475,30.0,30.0,15.0,10.0,-0.5,10.0,18.195833,0.0
TEST_normal_82452,cluster_245647168_3238255150_3495323634,641.0,0.0,0,0.0,0.0,30.0,30.0,15.0,-0.75,10.0,10.183979,0.0
TEST_normal_82452,cluster_245647168_3238255150_3495323634,646.0,0.0,0,0.0,0.0,0.0,30.0,30.0,-1.5,10.0,8.398845,0.0
TEST_normal_82452,cluster_245647168_3238255150_3495323634,651.0,0.0,0,0.0,0.0,0.0,0.0,30.0,-1.5,15.0,8.398845,0.0
TEST_normal_82452,cluster_245647168_3238255150_3495323634,656.0,0.0,0,0.0,0.0,0.0,0.0,0.0,0.0,20.0,1.363607,0.0
TEST_normal_82452,cluster_245647168_3238255150_3495323634,661.0,0.0,1,37.22166583777976,0.0,0.0,0.0,0.0,0.0,5.0,10.642577,0.0
TEST_normal_82452,cluster_245647168_3238255150_3495323634,666.0,5.0,1,0.0376270573827925,0.0,0.0,0.0,0.0,0.25,0.0,5.4441495,5.0
TEST_normal_82452,cluster_245647168_3238255150_3495323634,671.0,5.0,1,0.0006183730546481,5.0,0.0,0.0,0.0,0.25,0.0,4.831453,5.0
TEST_normal_82452,cluster_245647168_3238255150_3495323634,676.0,5.0,1,0.0,5.0,5.0,0.0,0.0,0.25,0.0,4.31049,5.0
TEST_normal_82452,cluster_245647168_3238255150_3495323634,681.0,5.0,1,0.0,5.0,5.0,5.0,0.0,0.25,0.0,4.31049,5.0
TEST_normal_82452,cluster_245647168_3238255150_3495323634,686.0,5.0,2,35.62116127825685,5.0,5.0,5.0,5.0,0.0,0.0,12.818425,5.0
TEST_normal_82452,cluster_245647168_3238255150_3495323634,691.0,10.0,2,0.0,5.0,5.0,5.0,5.0,0.25,0.0,6.3823624,10.0
TEST_normal_82452,cluster_245647168_3238255150_3495323634,696.0,10.0,2,0.0,10.0,5.0,5.0,5.0,0.25,0.0,6.3823624,10.0
TEST_normal_82452,cluster_245647168_3238255150_3495323634,701.0,10.0,2,0.0,10.0,10.0,5.0,5.0,0.25,10.0,6.3823624,10.0
TEST_normal_82452,cluster_245647168_3238255150_3495323634,706.0,10.0,4,33.50773314762035,10.0,10.0,10.0,5.0,0.25,10.0,62.600468,10.0
TEST_normal_82452,cluster_245647168_3238255150_3495323634,711.0,15.0,4,1.127898632449014,10.0,10.0,10.0,10.0,0.25,10.0,10.437727,15.0
TEST_normal_82452,cluster_245647168_3238255150_3495323634,716.0,20.0,4,0.0011751068974543,15.0,10.0,10.0,10.0,0.5,10.0,8.629966,20.0
TEST_normal_82452,cluster_245647168_3238255150_3495323634,721.0,5.0,1,0.0,20.0,15.0,10.0,10.0,-0.25,10.0,7.44175,5.0
TEST_normal_82452,cluster_245647168_3238255150_3495323634,726.0,0.0,0,0.0,5.0,20.0,15.0,10.0,-0.5,10.0,6.0747232,0.0
TEST_normal_82452,cluster_245647168_3238255150_3495323634,731.0,0.0,0,0.0,0.0,5.0,20.0,15.0,-0.75,10.0,7.8540497,0.0
TEST_normal_82452,cluster_245647168_3238255150_3495323634,736.0,0.0,0,0.0,0.0,0.0,5.0,20.0,-1.0,10.0,7.524607,0.0
