simulation_id,mode,seed,demand_scale,time_s,scenario_stage,approach,vehicle_count,halting_count,mean_speed_mps,occupancy_pct,queue_length_m,signal_phase_index,is_green,phase_remaining_s,time_since_last_green_s,downstream_vehicle_count,downstream_mean_speed_mps,downstream_occupancy_pct,outflow_vehicles_5s,network_running_vehicles,controller_active,queue_growth_60s_m,speed_change_60s_mps,occupancy_change_60s_pct,halting_change_60s,future_max_queue_90s_m,future_max_halting_90s,severe_congestion_next_90s
sancheti_baseline_seed42_scale0.65,baseline,42,0.65,5.0,normal,A,0,0,0.0,0.0,0.0,0,1,34.0,0.0,0,0.0,0.0,0,2,0,0.0,0.0,0.0,0,7.649,4,0
sancheti_baseline_seed42_scale0.65,baseline,42,0.65,10.0,normal,A,0,0,0.0,0.0,0.0,0,1,29.0,0.0,0,0.0,0.0,0,2,0,0.0,0.0,0.0,0,7.649,4,0
sancheti_baseline_seed42_scale0.65,baseline,42,0.65,15.0,normal,A,0,0,0.0,0.0,0.0,0,1,24.0,0.0,0,0.0,0.0,0,3,0,0.0,0.0,0.0,0,7.649,4,0
sancheti_baseline_seed42_scale0.65,baseline,42,0.65,20.0,normal,A,1,0,16.5232,0.7994,0.0,0,1,19.0,0.0,0,0.0,0.0,0,4,0,0.0,16.5232,0.7994,0,7.649,4,0
sancheti_baseline_seed42_scale0.65,baseline,42,0.65,25.0,normal,A,0,0,0.0,0.0,0.0,0,1,14.0,0.0,1,15.6576,0.0058,1,4,0,0.0,0.0,0.0,0,7.649,4,0
sancheti_baseline_seed42_scale0.65,baseline,42,0.65,30.0,normal,A,0,0,0.0,0.0,0.0,0,1,9.0,0.0,0,0.0,0.0,0,5,0,0.0,0.0,0.0,0,7.649,4,0
sancheti_baseline_seed42_scale0.65,baseline,42,0.65,35.0,normal,A,0,0,0.0,0.0,0.0,0,1,4.0,0.0,0,0.0,0.0,0,6,0,0.0,0.0,0.0,0,7.649,4,0
sancheti_baseline_seed42_scale0.65,baseline,42,0.65,40.0,normal,A,0,0,0.0,0.0,0.0,1,0,5.0,5.0,1,16.4102,0.0058,1,7,0,0.0,0.0,0.0,0,7.649,4,0
sancheti_baseline_seed42_scale0.65,baseline,42,0.65,45.0,normal,A,1,0,15.8599,0.7994,0.0,1,0,0.0,10.0,0,0.0,0.0,0,7,0,0.0,15.8599,0.7994,0,7.649,4,0
sancheti_baseline_seed42_scale0.65,baseline,42,0.65,50.0,normal,A,1,1,0.0045,3.3031,2.0,2,0,34.0,15.0,1,11.2142,0.0124,0,9,0,2.0,0.0045,3.3031,1,7.649,4,0
sancheti_baseline_seed42_scale0.65,baseline,42,0.65,55.0,normal,A,1,1,0.0,3.3031,2.0,2,0,29.0,20.0,3,15.181,0.0263,3,9,0,2.0,0.0,3.3031,1,7.649,4,0
sancheti_baseline_seed42_scale0.65,baseline,42,0.65,60.0,normal,A,2,1,5.4512,4.5068,2.0,2,0,24.0,25.0,0,0.0,0.0,0,9,0,2.0,5.4512,4.5068,1,7.649,4,0
sancheti_baseline_seed42_scale0.65,baseline,42,0.65,65.0,normal,A,2,1,1.9763,5.8826,2.0,2,0,19.0,30.0,0,0.0,0.0,0,11,0,2.0,1.9763,5.8826,1,7.649,4,0
sancheti_baseline_seed42_scale0.65,baseline,42,0.65,70.0,normal,A,3,2,4.2014,16.735,7.649,2,0,14.0,35.0,1,15.5945,0.0058,1,11,0,7.649,4.2014,16.735,2,7.649,6,0
sancheti_baseline_seed42_scale0.65,baseline,42,0.65,75.0,normal,A,3,3,0.0238,19.2386,7.649,2,0,9.0,40.0,0,0.0,0.0,0,10,0,7.649,0.0238,19.2386,3,10.4596,9,1
sancheti_baseline_seed42_scale0.65,baseline,42,0.65,80.0,normal,A,3,3,0.0,19.2386,7.649,2,0,4.0,45.0,0,0.0,0.0,0,11,0,7.649,-16.5232,18.4392,3,10.5144,10,1
sancheti_baseline_seed42_scale0.65,baseline,42,0.65,85.0,normal,A,4,3,0.383,22.5417,7.649,3,0,5.0,50.0,1,16.4858,0.0058,1,11,0,7.649,0.383,22.5417,3,13.249,11,1
sancheti_baseline_seed42_scale0.65,baseline,42,0.65,90.0,normal,A,4,4,0.0,22.5417,7.649,3,0,0.0,55.0,0,0.0,0.0,0,10,0,7.649,0.0,22.5417,4,14.2501,12,1
sancheti_baseline_seed42_scale0.65,baseline,42,0.65,95.0,normal,A,1,0,15.7926,3.3031,0.0,0,1,34.0,0.0,3,11.0887,0.0173,0,9,0,0.0,15.7926,3.3031,0,14.2501,12,1
sancheti_baseline_seed42_scale0.65,baseline,42,0.65,100.0,normal,A,0,0,0.0,0.0,0.0,0,1,29.0,0.0,5,14.5739,0.0534,5,11,0,0.0,0.0,0.0,0,14.2501,12,1
sancheti_baseline_seed42_scale0.65,baseline,42,0.65,105.0,normal,A,0,0,0.0,0.0,0.0,0,1,24.0,0.0,1,13.8968,0.0303,0,10,0,0.0,-15.8599,-0.7994,0,14.2501,12,1
sancheti_baseline_seed42_scale0.65,baseline,42,0.65,110.0,normal,A,1,0,13.1558,1.1192,0.0,0,1,19.0,0.0,0,0.0,0.0,0,10,0,-2.0,13.1513,-2.1839,-1,14.2501,12,1
sancheti_baseline_seed42_scale0.65,baseline,42,0.65,115.0,normal,A,0,0,0.0,0.0,0.0,0,1,14.0,0.0,1,13.3724,0.0081,1,12,0,-2.0,0.0,-3.3031,-1,14.2501,12,1
sancheti_baseline_seed42_scale0.65,baseline,42,0.65,120.0,surge,A,1,0,15.5974,3.3031,0.0,0,1,9.0,0.0,1,13.6336,0.0081,0,12,0,-2.0,10.1462,-1.2037,-1,14.2501,12,1
sancheti_baseline_seed42_scale0.65,baseline,42,0.65,125.0,surge,A,0,0,0.0,0.0,0.0,0,1,4.0,0.0,1,16.2929,0.0058,1,16,0,-2.0,-1.9763,-5.8826,-1,14.2501,12,1
sancheti_baseline_seed42_scale0.65,baseline,42,0.65,130.0,surge,A,1,0,15.691,0.7994,0.0,1,0,5.0,5.0,0,0.0,0.0,0,19,0,-7.649,11.4896,-15.9356,-2,14.2501,12,1
sancheti_baseline_seed42_scale0.65,baseline,42,0.65,135.0,surge,A,1,1,0.0068,3.3031,2.0,1,0,0.0,10.0,0,0.0,0.0,0,22,0,-5.649,-0.017,-15.9355,-2,14.2501,12,1
sancheti_baseline_seed42_scale0.65,baseline,42,0.65,140.0,surge,A,2,1,6.2033,4.1025,2.0,2,0,34.0,15.0,3,9.0244,0.0195,0,26,0,-5.649,6.2033,-15.1361,-2,14.2501,12,1
sancheti_baseline_seed42_scale0.65,baseline,42,0.65,145.0,surge,A,3,2,4.4032,7.7253,2.0,2,0,29.0,20.0,5,15.6594,0.0378,5,29,0,-5.649,4.0202,-14.8164,-1,14.2501,12,1
sancheti_baseline_seed42_scale0.65,baseline,42,0.65,150.0,surge,A,5,3,4.9114,12.8292,2.0,2,0,24.0,25.0,2,16.105,0.0115,1,32,0,-5.649,4.9114,-9.7125,-1,14.2501,12,1
sancheti_baseline_seed42_scale0.65,baseline,42,0.65,155.0,surge,A,5,4,0.4982,17.8365,6.1543,2,0,19.0,30.0,2,16.4671,0.0182,2,36,0,6.1543,-15.2944,14.5334,4,14.2501,12,1
sancheti_baseline_seed42_scale0.65,baseline,42,0.65,160.0,surge,A,9,6,2.4356,25.6481,5.9609,2,0,14.0,35.0,2,16.2378,0.0182,1,39,0,5.9609,2.4356,25.6481,6,14.2501,12,1
sancheti_baseline_seed42_scale0.65,baseline,42,0.65,165.0,surge,A,11,9,0.9908,26.0234,10.4596,2,0,9.0,40.0,2,16.3913,0.008,1,37,0,10.4596,0.9908,26.0234,9,14.4437,12,1
sancheti_baseline_seed42_scale0.65,baseline,42,0.65,170.0,surge,A,13,10,1.4527,31.8464,10.5144,2,0,4.0,45.0,2,16.1133,0.0182,2,38,0,10.5144,-11.7031,30.7272,10,14.6532,14,1
sancheti_baseline_seed42_scale0.65,baseline,42,0.65,175.0,surge,A,14,11,0.8102,35.1214,13.249,3,0,5.0,50.0,2,16.0817,0.0182,1,41,0,13.249,0.8102,35.1214,11,26.6601,15,1
sancheti_baseline_seed42_scale0.65,baseline,42,0.65,180.0,surge,A,15,12,0.6394,45.4502,14.2501,3,0,0.0,55.0,1,15.5476,0.0058,1,41,0,14.2501,-14.958,42.1471,12,29.7469,18,1
sancheti_baseline_seed42_scale0.65,baseline,42,0.65,185.0,surge,A,7,2,3.0144,21.1214,10.5,0,1,34.0,0.0,5,10.221,0.0289,0,42,0,10.5,3.0144,21.1214,2,29.7469,18,1
sancheti_baseline_seed42_scale0.65,baseline,42,0.65,190.0,surge,A,6,0,7.5521,13.7389,0.0,0,1,29.0,0.0,11,14.8212,0.097,11,43,0,0.0,-8.1389,12.9395,0,29.7469,18,1
sancheti_baseline_seed42_scale0.65,baseline,42,0.65,195.0,surge,A,4,0,11.1749,10.3912,0.0,0,1,24.0,0.0,8,13.2737,0.1132,6,46,0,-2.0,11.1681,7.0881,-1,29.7469,18,1
sancheti_baseline_seed42_scale0.65,baseline,42,0.65,200.0,surge,A,2,0,15.2989,4.1025,0.0,0,1,19.0,0.0,10,14.7913,0.1201,6,48,0,-2.0,9.0956,0.0,-1,29.7469,18,1
sancheti_baseline_seed42_scale0.65,baseline,42,0.65,205.0,surge,A,2,0,15.5923,7.901,0.0,0,1,14.0,0.0,5,15.4713,0.0355,5,51,0,-2.0,11.1891,0.1757,-2,29.7469,18,1
sancheti_baseline_seed42_scale0.65,baseline,42,0.65,210.0,surge,A,2,0,14.9667,3.6879,0.0,0,1,9.0,0.0,3,15.0522,0.0295,1,55,0,-2.0,10.0553,-9.1413,-3,29.7469,18,1
sancheti_baseline_seed42_scale0.65,baseline,42,0.65,215.0,surge,A,2,0,15.7956,3.1422,0.0,0,1,4.0,0.0,3,16.1512,0.024,2,58,0,-6.1543,15.2974,-14.6943,-4,29.7469,18,1
sancheti_baseline_seed42_scale0.65,baseline,42,0.65,220.0,surge,A,1,0,12.5845,0.003,0.0,1,0,5.0,5.0,3,16.4752,0.0306,2,61,0,-5.9609,10.1489,-25.6451,-6,29.7469,18,1
sancheti_baseline_seed42_scale0.65,baseline,42,0.65,225.0,surge,A,2,0,6.2109,5.4237,0.0,1,0,0.0,10.0,1,16.4739,0.0124,1,65,0,-10.4596,5.2201,-20.5997,-9,29.7469,18,1
sancheti_baseline_seed42_scale0.65,baseline,42,0.65,230.0,surge,A,5,3,2.4057,13.1073,2.8,2,0,34.0,15.0,3,10.3068,0.0173,0,68,0,-7.7144,0.953,-18.7391,-7,29.7469,18,1
sancheti_baseline_seed42_scale0.65,baseline,42,0.65,235.0,surge,A,6,5,1.4327,18.9557,2.8,2,0,29.0,20.0,7,14.3092,0.0748,5,72,0,-10.449,0.6225,-16.1657,-6,29.7469,18,1
sancheti_baseline_seed42_scale0.65,baseline,42,0.65,240.0,surge,A,8,6,1.6678,27.7187,6.9384,2,0,24.0,25.0,10,11.7823,0.1376,7,75,0,-7.3117,1.0284,-17.7315,-6,29.7469,18,1
sancheti_baseline_seed42_scale0.65,baseline,42,0.65,245.0,surge,A,11,7,1.6358,27.6099,9.8321,2,0,19.0,30.0,8,14.22,0.1137,7,78,0,-0.6679,-1.3786,6.4885,5,29.7469,18,1
sancheti_baseline_seed42_scale0.65,baseline,42,0.65,250.0,surge,A,13,9,1.7504,35.479,10.8522,2,0,14.0,35.0,4,15.6558,0.0364,1,82,0,10.8522,-5.8017,21.7401,9,29.7469,18,1
sancheti_baseline_seed42_scale0.65,baseline,42,0.65,255.0,surge,A,14,11,0.9807,42.5418,14.4437,2,0,9.0,40.0,2,16.4981,0.0248,2,70,0,14.4437,-10.1942,32.1506,11,29.7469,18,1
sancheti_baseline_seed42_scale0.65,baseline,42,0.65,260.0,surge,A,15,14,0.333,42.9782,14.6532,2,0,4.0,45.0,2,16.3305,0.0248,1,64,0,14.6532,-14.9659,38.8757,14,31.6941,18,1
sancheti_baseline_seed42_scale0.65,baseline,42,0.65,265.0,surge,A,17,15,0.4782,47.9042,26.6601,3,0,5.0,50.0,1,16.0086,0.0124,1,62,0,26.6601,-15.1141,40.0032,15,31.6941,19,1
sancheti_baseline_seed42_scale0.65,baseline,42,0.65,270.0,surge,A,19,18,0.1853,50.0961,29.7469,3,0,0.0,55.0,0,0.0,0.0,0,55,0,29.7469,-14.7814,46.4082,18,37.5223,21,1
sancheti_baseline_seed42_scale0.65,baseline,42,0.65,275.0,surge,A,10,7,1.31,25.9604,28.6984,0,1,34.0,0.0,5,11.0984,0.0355,0,53,0,28.6984,-14.4856,22.8182,7,37.5223,21,1
sancheti_baseline_seed42_scale0.65,baseline,42,0.65,280.0,surge,A,6,0,5.1453,15.0103,0.0,0,1,29.0,0.0,11,13.9395,0.0829,9,54,0,0.0,-7.4392,15.0073,0,37.5223,21,1
sancheti_baseline_seed42_scale0.65,baseline,42,0.65,285.0,surge,A,5,0,7.9351,15.1342,0.0,0,1,24.0,0.0,11,12.9835,0.1358,6,49,0,0.0,1.7242,9.7105,0,37.5223,21,1
sancheti_baseline_seed42_scale0.65,baseline,42,0.65,290.0,surge,A,3,0,11.0919,9.9814,0.0,0,1,19.0,0.0,9,13.0338,0.1493,5,52,0,-2.8,8.6862,-3.1259,-3,37.5223,21,1
sancheti_baseline_seed42_scale0.65,baseline,42,0.65,295.0,surge,A,3,0,10.5259,5.9157,0.0,0,1,14.0,0.0,6,14.3857,0.0834,4,56,0,-2.8,9.0932,-13.04,-5,37.5223,21,1
sancheti_baseline_seed42_scale0.65,baseline,42,0.65,300.0,surge,A,3,0,12.4834,6.141,0.0,0,1,9.0,0.0,3,14.0471,0.0629,1,59,0,-6.9384,10.8156,-21.5777,-6,37.5223,21,1
sancheti_baseline_seed42_scale0.65,baseline,42,0.65,305.0,surge,A,1,0,12.0548,4.197,0.0,0,1,4.0,0.0,5,13.7711,0.0624,5,62,0,-9.8321,10.419,-23.4129,-7,37.5223,21,1
sancheti_baseline_seed42_scale0.65,baseline,42,0.65,310.0,surge,A,2,0,14.0431,2.5182,0.0,1,0,5.0,5.0,5,14.7078,0.0573,3,66,0,-10.8522,12.2927,-32.9608,-9,37.5223,21,1
sancheti_baseline_seed42_scale0.65,baseline,42,0.65,315.0,surge,A,3,2,3.9329,13.8738,4.3,1,0,0.0,10.0,2,14.6949,0.0361,2,69,0,-10.1437,2.9522,-28.668,-9,37.5223,21,1
sancheti_baseline_seed42_scale0.65,baseline,42,0.65,320.0,surge,A,6,2,4.9342,16.4257,4.3,2,0,34.0,15.0,2,3.8026,0.0316,0,73,0,-10.3532,4.6012,-26.5525,-12,37.5223,21,1
sancheti_baseline_seed42_scale0.65,baseline,42,0.65,325.0,surge,A,8,5,2.0663,24.671,7.4613,2,0,29.0,20.0,8,11.575,0.0933,5,76,0,-19.1988,1.5881,-23.2332,-10,37.5223,21,1
sancheti_baseline_seed42_scale0.65,baseline,42,0.65,330.0,surge,A,9,7,1.2703,27.3371,11.949,2,0,24.0,25.0,13,12.2951,0.1361,8,79,0,-17.7979,1.085,-22.759,-11,37.5223,21,1
sancheti_baseline_seed42_scale0.65,baseline,42,0.65,335.0,surge,A,12,8,1.2119,36.1986,9.498,2,0,19.0,30.0,12,14.1158,0.1273,6,83,0,-19.2004,-0.0981,10.2382,1,37.5223,21,1
sancheti_baseline_seed42_scale0.65,baseline,42,0.65,340.0,surge,A,14,12,0.3712,37.4197,18.8807,2,0,14.0,35.0,3,16.3046,0.0306,2,86,0,18.8807,-4.7741,22.4094,12,37.5223,21,1
sancheti_baseline_seed42_scale0.65,baseline,42,0.65,345.0,surge,A,17,14,0.5356,40.4808,18.462,2,0,9.0,40.0,2,16.0811,0.0115,1,79,0,18.462,-7.3995,25.3466,14,37.5223,21,1
sancheti_baseline_seed42_scale0.65,baseline,42,0.65,350.0,surge,A,19,17,0.4068,42.6396,31.6941,2,0,4.0,45.0,2,16.0382,0.0115,1,76,0,31.6941,-10.6851,32.6582,17,37.5223,21,1
sancheti_baseline_seed42_scale0.65,baseline,42,0.65,355.0,surge,A,21,19,0.2976,44.3613,31.3749,3,0,5.0,50.0,2,16.3673,0.0115,2,71,0,31.3749,-10.2283,38.4456,19,37.5223,21,1
sancheti_baseline_seed42_scale0.65,baseline,42,0.65,360.0,surge,A,22,21,0.1991,46.3124,37.5223,3,0,0.0,55.0,1,16.6773,0.0058,0,72,0,37.5223,-12.2843,40.1714,21,29.8587,15,1
sancheti_baseline_seed42_scale0.65,baseline,42,0.65,365.0,surge,A,14,8,1.3524,27.3277,29.8587,0,1,34.0,0.0,4,10.3337,0.0222,0,65,0,29.8587,-10.7024,23.1307,8,24.3655,15,1
sancheti_baseline_seed42_scale0.65,baseline,42,0.65,370.0,surge,A,11,0,5.1635,19.7245,0.0,0,1,29.0,0.0,9,13.4851,0.0837,8,58,0,0.0,-8.8796,17.2063,0,24.3655,15,1
sancheti_baseline_seed42_scale0.65,baseline,42,0.65,375.0,surge,A,5,0,9.6022,12.1379,0.0,0,1,24.0,0.0,15,12.8933,0.1403,11,52,0,-4.3,5.6693,-1.7359,-2,24.3655,15,1
sancheti_baseline_seed42_scale0.65,baseline,42,0.65,380.0,surge,A,1,0,12.268,4.197,0.0,0,1,19.0,0.0,18,13.713,0.1456,11,56,0,-4.3,7.3338,-12.2287,-2,24.3655,15,1
sancheti_baseline_seed42_scale0.65,baseline,42,0.65,385.0,surge,A,3,0,14.9201,8.7004,0.0,0,1,14.0,0.0,7,14.0322,0.0632,3,59,0,-7.4613,12.8538,-15.9706,-5,24.3655,15,1
sancheti_baseline_seed42_scale0.65,baseline,42,0.65,390.0,surge,A,2,0,15.2132,1.8719,0.0,0,1,9.0,0.0,4,15.3164,0.0543,3,62,0,-11.949,13.9429,-25.4652,-7,24.3655,15,1
sancheti_baseline_seed42_scale0.65,baseline,42,0.65,395.0,surge,A,1,0,15.7548,0.7994,0.0,0,1,4.0,0.0,4,16.0498,0.0297,2,66,0,-9.498,14.5429,-35.3992,-8,24.3655,15,1
sancheti_baseline_seed42_scale0.65,baseline,42,0.65,400.0,surge,A,0,0,0.0,0.0,0.0,1,0,5.0,5.0,3,16.0594,0.0173,3,69,0,-18.8807,-0.3712,-37.4197,-12,24.3655,15,1
sancheti_baseline_seed42_scale0.65,baseline,42,0.65,405.0,surge,A,3,0,9.5887,6.2231,0.0,1,0,0.0,10.0,2,15.1231,0.0115,1,73,0,-18.462,9.0531,-34.2577,-14,24.3655,15,1
sancheti_baseline_seed42_scale0.65,baseline,42,0.65,410.0,surge,A,4,2,3.9676,11.6925,2.8,2,0,34.0,15.0,2,9.864,0.0182,0,76,0,-28.8941,3.5608,-30.9471,-15,24.3655,15,1
sancheti_baseline_seed42_scale0.65,baseline,42,0.65,415.0,surge,A,7,5,2.2189,18.8865,2.8,2,0,29.0,20.0,10,13.2287,0.1095,8,79,0,-28.5749,1.9213,-25.4748,-14,24.3655,15,1
sancheti_baseline_seed42_scale0.65,baseline,42,0.65,420.0,recovery,A,8,6,1.8865,19.631,7.649,2,0,24.0,25.0,10,14.4612,0.127,6,82,0,-29.8733,1.6874,-26.6814,-15,24.3655,15,1
sancheti_baseline_seed42_scale0.65,baseline,42,0.65,425.0,recovery,A,10,7,1.5393,25.3724,7.649,2,0,19.0,30.0,7,14.0672,0.1074,5,84,0,-22.2097,0.1869,-1.9553,-1,24.3655,15,1
sancheti_baseline_seed42_scale0.65,baseline,42,0.65,430.0,recovery,A,10,8,0.415,29.5172,7.649,2,0,14.0,35.0,4,15.3641,0.088,3,85,0,7.649,-4.7485,9.7927,8,24.3655,15,1
sancheti_baseline_seed42_scale0.65,baseline,42,0.65,435.0,recovery,A,11,9,0.7647,37.6645,7.649,2,0,9.0,40.0,2,16.4505,0.0182,2,74,0,7.649,-8.8375,25.5266,9,24.3655,15,1
sancheti_baseline_seed42_scale0.65,baseline,42,0.65,440.0,recovery,A,13,12,0.4287,42.1944,18.149,2,0,4.0,45.0,1,16.6519,0.0124,1,68,0,18.149,-11.8393,37.9974,12,24.3655,15,1
sancheti_baseline_seed42_scale0.65,baseline,42,0.65,445.0,recovery,A,15,12,0.9816,47.6505,18.149,3,0,5.0,50.0,1,13.7786,0.0303,1,53,0,18.149,-13.9385,38.9501,12,24.3655,15,1
sancheti_baseline_seed42_scale0.65,baseline,42,0.65,450.0,recovery,A,18,15,0.5559,50.037,24.3655,3,0,0.0,55.0,0,0.0,0.0394,0,44,0,24.3655,-14.6573,48.1651,15,11.057,4,0
sancheti_baseline_seed42_scale0.65,baseline,42,0.65,455.0,recovery,A,9,4,1.8738,18.9147,11.057,0,1,34.0,0.0,4,10.4349,0.0231,0,39,0,11.057,-13.881,18.1153,4,7.649,4,0
sancheti_baseline_seed42_scale0.65,baseline,42,0.65,460.0,recovery,A,5,0,4.9296,12.8907,0.0,0,1,29.0,0.0,12,14.4306,0.0872,11,34,0,0.0,4.9296,12.8907,0,7.649,4,0
sancheti_baseline_seed42_scale0.65,baseline,42,0.65,465.0,recovery,A,1,0,10.6631,3.3031,0.0,0,1,24.0,0.0,9,11.9425,0.1225,4,29,0,0.0,1.0744,-2.92,0,7.649,4,0
sancheti_baseline_seed42_scale0.65,baseline,42,0.65,470.0,recovery,A,0,0,0.0,0.0,0.0,0,1,19.0,0.0,8,14.0922,0.1051,6,29,0,-2.8,-3.9676,-11.6925,-2,7.649,4,0
sancheti_baseline_seed42_scale0.65,baseline,42,0.65,475.0,recovery,A,1,0,13.7237,13.8625,0.0,0,1,14.0,0.0,1,14.5374,0.0058,0,29,0,-2.8,11.5048,-5.024,-5,7.649,4,0
sancheti_baseline_seed42_scale0.65,baseline,42,0.65,480.0,recovery,A,0,0,0.0,0.0,0.0,0,1,9.0,0.0,1,13.8301,0.0303,1,30,0,-7.649,-1.8865,-19.631,-6,7.649,4,0
sancheti_baseline_seed42_scale0.65,baseline,42,0.65,485.0,recovery,A,2,0,14.5713,4.7483,0.0,0,1,4.0,0.0,0,0.0,0.0302,0,31,0,-7.649,13.032,-20.6241,-7,7.649,4,0
sancheti_baseline_seed42_scale0.65,baseline,42,0.65,490.0,recovery,A,0,0,0.0,0.0,0.0,1,0,5.0,5.0,2,14.8346,0.0361,1,32,0,-7.649,-0.415,-29.5172,-8,7.649,4,0
sancheti_baseline_seed42_scale0.65,baseline,42,0.65,495.0,recovery,A,1,0,15.9558,1.7188,0.0,1,0,0.0,10.0,1,16.6627,0.0113,1,34,0,-7.649,15.1911,-35.9457,-9,7.649,4,0
sancheti_baseline_seed42_scale0.65,baseline,42,0.65,500.0,recovery,A,1,1,0.0061,7.1016,0.0,2,0,34.0,15.0,3,10.174,0.0173,0,34,0,-18.149,-0.4226,-35.0928,-11,7.649,4,0
sancheti_baseline_seed42_scale0.65,baseline,42,0.65,505.0,recovery,A,2,1,6.2714,8.8203,4.3,2,0,29.0,20.0,5,14.655,0.0557,4,35,0,-13.849,5.2898,-38.8302,-11,7.649,4,0
sancheti_baseline_seed42_scale0.65,baseline,42,0.65,510.0,recovery,A,2,1,1.9555,14.2031,4.3,2,0,24.0,25.0,2,13.55,0.0384,1,36,0,-20.0655,1.3996,-35.8339,-14,7.649,4,0
sancheti_baseline_seed42_scale0.65,baseline,42,0.65,5.0,normal,B,0,0,0.0,0.0,0.0,0,0,34.0,5.0,0,0.0,0.0,0,2,0,0.0,0.0,0.0,0,3.149,2,0
sancheti_baseline_seed42_scale0.65,baseline,42,0.65,10.0,normal,B,0,0,0.0,0.0,0.0,0,0,29.0,10.0,0,0.0,0.0,0,2,0,0.0,0.0,0.0,0,3.149,2,0
sancheti_baseline_seed42_scale0.65,baseline,42,0.65,15.0,normal,B,1,0,13.6664,0.5762,0.0,0,0,24.0,15.0,0,0.0,0.0,0,3,0,0.0,13.6664,0.5762,0,3.149,2,0
sancheti_baseline_seed42_scale0.65,baseline,42,0.65,20.0,normal,B,1,0,11.7969,0.5762,0.0,0,0,19.0,20.0,0,0.0,0.0,0,4,0,0.0,11.7969,0.5762,0,3.149,2,0
sancheti_baseline_seed42_scale0.65,baseline,42,0.65,25.0,normal,B,1,1,0.0002,13.494,2.8,0,0,14.0,25.0,1,15.6576,0.0058,1,4,0,2.8,0.0002,13.494,1,3.149,2,0
sancheti_baseline_seed42_scale0.65,baseline,42,0.65,30.0,normal,B,2,1,8.107,14.3788,2.8,0,0,9.0,30.0,0,0.0,0.0,0,5,0,2.8,8.107,14.3788,1,3.149,2,0
sancheti_baseline_seed42_scale0.65,baseline,42,0.65,35.0,normal,B,2,1,1.161,27.7063,2.8,0,0,4.0,35.0,0,0.0,0.0,0,6,0,2.8,1.161,27.7063,1,3.149,2,0
sancheti_baseline_seed42_scale0.65,baseline,42,0.65,40.0,normal,B,2,2,0.0,28.6699,3.149,1,0,5.0,40.0,1,16.4102,0.0058,1,7,0,3.149,0.0,28.6699,2,3.149,2,0
sancheti_baseline_seed42_scale0.65,baseline,42,0.65,45.0,normal,B,3,2,5.3146,29.0814,3.149,1,0,0.0,45.0,0,0.0,0.0,0,7,0,3.149,5.3146,29.0814,2,3.149,3,0
sancheti_baseline_seed42_scale0.65,baseline,42,0.65,50.0,normal,B,0,0,0.0,0.0,0.0,2,1,34.0,0.0,1,11.2142,0.0124,0,9,0,0.0,0.0,0.0,0,3.149,3,0
sancheti_baseline_seed42_scale0.65,baseline,42,0.65,55.0,normal,B,0,0,0.0,0.0,0.0,2,1,29.0,0.0,3,15.181,0.0263,3,9,0,0.0,0.0,0.0,0,3.149,3,0
sancheti_baseline_seed42_scale0.65,baseline,42,0.65,60.0,normal,B,1,0,16.3634,0.4116,0.0,2,1,24.0,0.0,0,0.0,0.0,0,9,0,0.0,16.3634,0.4116,0,3.149,3,0
sancheti_baseline_seed42_scale0.65,baseline,42,0.65,65.0,normal,B,1,0,16.1553,7.4845,0.0,2,1,19.0,0.0,0,0.0,0.0,0,11,0,0.0,16.1553,7.4845,0,3.149,3,0
sancheti_baseline_seed42_scale0.65,baseline,42,0.65,70.0,normal,B,0,0,0.0,0.0,0.0,2,1,14.0,0.0,1,15.5945,0.0058,1,11,0,0.0,0.0,0.0,0,3.149,3,0
sancheti_baseline_seed42_scale0.65,baseline,42,0.65,75.0,normal,B,1,0,16.1522,0.4116,0.0,2,1,9.0,0.0,0,0.0,0.0,0,10,0,0.0,2.4858,-0.1646,0,3.149,3,0
sancheti_baseline_seed42_scale0.65,baseline,42,0.65,80.0,normal,B,1,0,15.6383,0.4116,0.0,2,1,4.0,0.0,0,0.0,0.0,0,11,0,0.0,3.8414,-0.1646,0,3.149,3,0
sancheti_baseline_seed42_scale0.65,baseline,42,0.65,85.0,normal,B,0,0,0.0,0.0,0.0,3,0,5.0,5.0,1,16.4858,0.0058,1,11,0,-2.8,-0.0002,-13.494,-1,3.149,3,0
sancheti_baseline_seed42_scale0.65,baseline,42,0.65,90.0,normal,B,0,0,0.0,0.0,0.0,3,0,0.0,10.0,0,0.0,0.0,0,10,0,-2.8,-8.107,-14.3788,-1,3.149,3,0
sancheti_baseline_seed42_scale0.65,baseline,42,0.65,95.0,normal,B,1,0,13.4912,0.5762,0.0,0,0,34.0,15.0,3,11.0887,0.0173,0,9,0,-2.8,12.3302,-27.1301,-1,3.149,3,0
sancheti_baseline_seed42_scale0.65,baseline,42,0.65,100.0,normal,B,1,0,9.0542,0.2057,0.0,0,0,29.0,20.0,5,14.5739,0.0534,5,11,0,-3.149,9.0542,-28.4642,-2,3.149,3,0
sancheti_baseline_seed42_scale0.65,baseline,42,0.65,105.0,normal,B,1,1,0.0,13.494,2.8,0,0,24.0,25.0,1,13.8968,0.0303,0,10,0,-0.349,-5.3146,-15.5874,-1,4.0,3,0
sancheti_baseline_seed42_scale0.65,baseline,42,0.65,110.0,normal,B,2,1,8.2926,13.9055,2.8,0,0,19.0,30.0,0,0.0,0.0,0,10,0,2.8,8.2926,13.9055,1,4.0,3,0
sancheti_baseline_seed42_scale0.65,baseline,42,0.65,115.0,normal,B,2,2,0.0154,23.1325,2.8,0,0,14.0,35.0,1,13.3724,0.0081,1,12,0,2.8,0.0154,23.1325,2,6.3,5,0
sancheti_baseline_seed42_scale0.65,baseline,42,0.65,120.0,surge,B,2,2,0.0,23.1325,2.0,0,0,9.0,40.0,1,13.6336,0.0081,0,12,0,2.0,-16.3634,22.7209,2,12.3087,6,0
sancheti_baseline_seed42_scale0.65,baseline,42,0.65,125.0,surge,B,3,2,5.5208,24.0174,2.0,0,0,4.0,45.0,1,16.2929,0.0058,1,16,0,2.0,-10.6345,16.5329,2,28.1486,8,1
sancheti_baseline_seed42_scale0.65,baseline,42,0.65,130.0,surge,B,3,2,1.0419,35.94,2.0,1,0,5.0,50.0,0,0.0,0.0,0,19,0,2.0,1.0419,35.94,2,28.1486,8,1
sancheti_baseline_seed42_scale0.65,baseline,42,0.65,135.0,surge,B,4,3,3.9362,38.7199,3.149,1,0,0.0,55.0,0,0.0,0.0,0,22,0,3.149,-12.216,38.3083,3,28.1486,9,1
sancheti_baseline_seed42_scale0.65,baseline,42,0.65,140.0,surge,B,2,0,16.2596,0.8231,0.0,2,1,34.0,0.0,3,9.0244,0.0195,0,26,0,0.0,0.6213,0.4115,0,28.1486,9,1
sancheti_baseline_seed42_scale0.65,baseline,42,0.65,145.0,surge,B,2,0,16.2639,10.0501,0.0,2,1,29.0,0.0,5,15.6594,0.0378,5,29,0,0.0,16.2639,10.0501,0,28.1486,9,1
sancheti_baseline_seed42_scale0.65,baseline,42,0.65,150.0,surge,B,2,0,16.5469,1.2964,0.0,2,1,24.0,0.0,2,16.105,0.0115,1,32,0,0.0,16.5469,1.2964,0,28.1486,9,1
sancheti_baseline_seed42_scale0.65,baseline,42,0.65,155.0,surge,B,2,0,15.7375,0.8231,0.0,2,1,19.0,0.0,2,16.4671,0.0182,2,36,0,0.0,2.2463,0.2469,0,28.1486,9,1
sancheti_baseline_seed42_scale0.65,baseline,42,0.65,160.0,surge,B,2,0,16.2965,10.0501,0.0,2,1,14.0,0.0,2,16.2378,0.0182,1,39,0,0.0,7.2423,9.8444,0,28.1486,9,1
sancheti_baseline_seed42_scale0.65,baseline,42,0.65,165.0,surge,B,2,0,16.1446,1.2964,0.0,2,1,9.0,0.0,2,16.3913,0.008,1,37,0,-2.8,16.1446,-12.1976,-1,28.1486,9,1
sancheti_baseline_seed42_scale0.65,baseline,42,0.65,170.0,surge,B,2,0,16.2482,0.8231,0.0,2,1,4.0,0.0,2,16.1133,0.0182,2,38,0,-2.8,7.9556,-13.0824,-1,28.1486,9,1
sancheti_baseline_seed42_scale0.65,baseline,42,0.65,175.0,surge,B,1,0,16.1212,0.4116,0.0,3,0,5.0,5.0,2,16.0817,0.0182,1,41,0,-2.8,16.1058,-22.7209,-2,28.1486,9,1
sancheti_baseline_seed42_scale0.65,baseline,42,0.65,180.0,surge,B,2,1,6.8336,11.079,0.0,3,0,0.0,10.0,1,15.5476,0.0058,1,41,0,-2.0,6.8336,-12.0535,-1,28.1486,9,1
sancheti_baseline_seed42_scale0.65,baseline,42,0.65,185.0,surge,B,4,1,10.831,11.9022,2.0,0,0,34.0,15.0,5,10.221,0.0289,0,42,0,0.0,5.3102,-12.1152,-1,28.1486,9,1
sancheti_baseline_seed42_scale0.65,baseline,42,0.65,190.0,surge,B,4,2,4.9946,20.5735,2.0,0,0,29.0,20.0,11,14.8212,0.097,11,43,0,0.0,3.9527,-15.3665,0,28.1486,9,1
sancheti_baseline_seed42_scale0.65,baseline,42,0.65,195.0,surge,B,6,3,5.4964,21.1915,4.0,0,0,24.0,25.0,8,13.2737,0.1132,6,46,0,0.851,1.5602,-17.5284,0,28.1486,9,1
sancheti_baseline_seed42_scale0.65,baseline,42,0.65,200.0,surge,B,6,3,4.6359,31.097,4.0,0,0,19.0,30.0,10,14.7913,0.1201,6,48,0,4.0,-11.6237,30.2739,3,28.1486,9,1
sancheti_baseline_seed42_scale0.65,baseline,42,0.65,205.0,surge,B,7,5,2.2348,33.2577,6.3,0,0,14.0,35.0,5,15.4713,0.0355,5,51,0,6.3,-14.0291,23.2076,5,28.1486,9,1
sancheti_baseline_seed42_scale0.65,baseline,42,0.65,210.0,surge,B,9,6,3.0472,34.0808,12.3087,0,0,9.0,40.0,3,15.0522,0.0295,1,55,0,12.3087,-13.4997,32.7844,6,28.1486,9,1
sancheti_baseline_seed42_scale0.65,baseline,42,0.65,215.0,surge,B,10,8,1.6398,36.2415,28.1486,0,0,4.0,45.0,3,16.1512,0.024,2,58,0,28.1486,-14.0977,35.4184,8,25.0021,12,1
sancheti_baseline_seed42_scale0.65,baseline,42,0.65,220.0,surge,B,12,7,1.4594,37.1548,25.0021,1,0,5.0,50.0,3,16.4752,0.0306,2,61,0,25.0021,-14.8371,27.1047,7,25.0021,12,1
sancheti_baseline_seed42_scale0.65,baseline,42,0.65,225.0,surge,B,13,9,2.2639,37.9495,25.0021,1,0,0.0,55.0,1,16.4739,0.0124,1,65,0,25.0021,-13.8807,36.6531,9,19.738,14,1
sancheti_baseline_seed42_scale0.65,baseline,42,0.65,230.0,surge,B,10,2,3.7266,32.9096,4.3,2,1,34.0,0.0,3,10.3068,0.0173,0,68,0,4.3,-12.5216,32.0865,2,19.738,14,1
sancheti_baseline_seed42_scale0.65,baseline,42,0.65,235.0,surge,B,8,0,7.4409,43.426,0.0,2,1,29.0,0.0,7,14.3092,0.0748,5,72,0,0.0,-8.6803,43.0144,0,19.738,14,1
sancheti_baseline_seed42_scale0.65,baseline,42,0.65,240.0,surge,B,2,0,15.1818,0.8231,0.0,2,1,24.0,0.0,10,11.7823,0.1376,7,75,0,0.0,8.3482,-10.2559,-1,19.738,14,1
sancheti_baseline_seed42_scale0.65,baseline,42,0.65,245.0,surge,B,2,0,16.6825,10.5234,0.0,2,1,19.0,0.0,8,14.22,0.1137,7,78,0,-2.0,5.8515,-1.3788,-1,19.738,14,1
sancheti_baseline_seed42_scale0.65,baseline,42,0.65,250.0,surge,B,2,0,16.392,1.7697,0.0,2,1,14.0,0.0,4,15.6558,0.0364,1,82,0,-2.0,11.3974,-18.8038,-2,19.738,14,1
sancheti_baseline_seed42_scale0.65,baseline,42,0.65,255.0,surge,B,2,0,16.5305,1.7697,0.0,2,1,9.0,0.0,2,16.4981,0.0248,2,70,0,-4.0,11.0341,-19.4218,-3,19.738,14,1
sancheti_baseline_seed42_scale0.65,baseline,42,0.65,260.0,surge,B,1,0,13.8988,0.5762,0.0,2,1,4.0,0.0,2,16.3305,0.0248,1,64,0,-4.0,9.2629,-30.5208,-3,19.738,14,1
sancheti_baseline_seed42_scale0.65,baseline,42,0.65,265.0,surge,B,3,0,14.3579,3.1485,0.0,3,0,5.0,5.0,1,16.0086,0.0124,1,62,0,-6.3,12.1231,-30.1092,-5,19.738,14,1
sancheti_baseline_seed42_scale0.65,baseline,42,0.65,270.0,surge,B,4,1,8.2139,16.3007,2.8,3,0,0.0,10.0,0,0.0,0.0,0,55,0,-9.5087,5.1667,-17.7801,-5,19.738,14,1
sancheti_baseline_seed42_scale0.65,baseline,42,0.65,275.0,surge,B,5,4,3.0216,30.7778,7.8888,0,0,34.0,15.0,5,11.0984,0.0355,0,53,0,-20.2598,1.3818,-5.4637,-4,19.738,14,1
sancheti_baseline_seed42_scale0.65,baseline,42,0.65,280.0,surge,B,6,4,5.1842,31.7527,5.149,0,0,29.0,20.0,11,13.9395,0.0829,9,54,0,-19.8531,3.7248,-5.4021,-3,19.738,14,1
sancheti_baseline_seed42_scale0.65,baseline,42,0.65,285.0,surge,B,7,6,2.4964,32.3289,5.1527,0,0,24.0,25.0,11,12.9835,0.1358,6,49,0,-19.8494,0.2325,-5.6206,-3,19.738,14,1
sancheti_baseline_seed42_scale0.65,baseline,42,0.65,290.0,surge,B,8,7,2.4794,32.9051,17.9983,0,0,19.0,30.0,9,13.0338,0.1493,5,52,0,13.6983,-1.2472,-0.0045,5,19.738,14,1
sancheti_baseline_seed42_scale0.65,baseline,42,0.65,295.0,surge,B,10,7,3.4532,33.8928,17.9512,0,0,14.0,35.0,6,14.3857,0.0834,4,56,0,17.9512,-3.9877,-9.5332,7,21.2514,14,1
sancheti_baseline_seed42_scale0.65,baseline,42,0.65,300.0,surge,B,11,9,2.0891,34.3044,17.9511,0,0,9.0,40.0,3,14.0471,0.0629,1,59,0,17.9511,-13.0927,33.4813,9,21.2514,14,1
sancheti_baseline_seed42_scale0.65,baseline,42,0.65,305.0,surge,B,12,12,1.2529,35.1893,19.738,0,0,4.0,45.0,5,13.7711,0.0624,5,62,0,19.738,-15.4296,24.6659,12,21.2514,14,1
sancheti_baseline_seed42_scale0.65,baseline,42,0.65,310.0,surge,B,14,12,2.0786,38.2348,17.9511,1,0,5.0,50.0,5,14.7078,0.0573,3,66,0,17.9511,-14.3134,36.4651,12,21.2514,14,1
sancheti_baseline_seed42_scale0.65,baseline,42,0.65,315.0,surge,B,15,14,1.0601,38.811,17.9511,1,0,0.0,55.0,2,14.6949,0.0361,2,69,0,17.9511,-15.4704,37.0413,14,33.8883,14,1
sancheti_baseline_seed42_scale0.65,baseline,42,0.65,320.0,surge,B,14,3,4.3153,28.6066,16.9806,2,1,34.0,0.0,2,3.8026,0.0316,0,73,0,16.9806,-9.5835,28.0304,3,33.8883,14,1
sancheti_baseline_seed42_scale0.65,baseline,42,0.65,325.0,surge,B,6,0,7.1905,4.8719,0.0,2,1,29.0,0.0,8,11.575,0.0933,5,76,0,0.0,-7.1674,1.7234,0,33.8883,14,1
sancheti_baseline_seed42_scale0.65,baseline,42,0.65,330.0,surge,B,2,0,12.4582,7.9964,0.0,2,1,24.0,0.0,13,12.2951,0.1361,8,79,0,-2.8,4.2443,-8.3043,-1,33.8883,14,1
sancheti_baseline_seed42_scale0.65,baseline,42,0.65,335.0,surge,B,2,0,16.0242,0.8231,0.0,2,1,19.0,0.0,12,14.1158,0.1273,6,83,0,-7.8888,13.0026,-29.9547,-4,33.8883,14,1
sancheti_baseline_seed42_scale0.65,baseline,42,0.65,340.0,surge,B,2,0,15.9939,0.8231,0.0,2,1,14.0,0.0,3,16.3046,0.0306,2,86,0,-5.149,10.8097,-30.9296,-4,33.8883,14,1
sancheti_baseline_seed42_scale0.65,baseline,42,0.65,345.0,surge,B,1,0,15.7112,0.4116,0.0,2,1,9.0,0.0,2,16.0811,0.0115,1,79,0,-5.1527,13.2148,-31.9173,-6,33.8883,14,1
sancheti_baseline_seed42_scale0.65,baseline,42,0.65,350.0,surge,B,1,0,16.119,0.4116,0.0,2,1,4.0,0.0,2,16.0382,0.0115,1,76,0,-17.9983,13.6396,-32.4935,-7,33.8883,14,1
sancheti_baseline_seed42_scale0.65,baseline,42,0.65,355.0,surge,B,2,0,14.3701,3.0456,0.0,3,0,5.0,5.0,2,16.3673,0.0115,2,71,0,-17.9512,10.9169,-30.8472,-7,33.8883,14,1
sancheti_baseline_seed42_scale0.65,baseline,42,0.65,360.0,surge,B,3,2,7.6462,16.7606,0.0,3,0,0.0,10.0,1,16.6773,0.0058,0,72,0,-17.9511,5.5571,-17.5438,-7,33.8883,14,1
sancheti_baseline_seed42_scale0.65,baseline,42,0.65,365.0,surge,B,5,3,4.9008,33.5436,4.73,0,0,34.0,15.0,4,10.3337,0.0222,0,65,0,-15.008,3.6479,-1.6457,-9,33.8883,14,1
sancheti_baseline_seed42_scale0.65,baseline,42,0.65,370.0,surge,B,6,5,3.0048,43.2067,4.73,0,0,29.0,20.0,9,13.4851,0.0837,8,58,0,-13.2211,0.9262,4.9719,-7,33.8883,14,1
sancheti_baseline_seed42_scale0.65,baseline,42,0.65,375.0,surge,B,8,6,3.4574,43.7453,4.73,0,0,24.0,25.0,15,12.8933,0.1403,11,52,0,-13.2211,2.3973,4.9343,-8,33.8883,14,1
sancheti_baseline_seed42_scale0.65,baseline,42,0.65,380.0,surge,B,9,7,3.0127,44.8702,17.4977,0,0,19.0,30.0,18,13.713,0.1456,11,56,0,0.5171,-1.3026,16.2636,4,33.8883,14,1
sancheti_baseline_seed42_scale0.65,baseline,42,0.65,385.0,surge,B,9,9,2.0194,44.873,21.2514,0,0,14.0,35.0,7,14.0322,0.0632,3,59,0,21.2514,-5.1711,40.0011,9,33.8883,14,1
sancheti_baseline_seed42_scale0.65,baseline,42,0.65,390.0,surge,B,10,8,1.6252,45.7578,17.431,0,0,9.0,40.0,4,15.3164,0.0543,3,62,0,17.431,-10.833,37.7614,8,33.8883,14,1
sancheti_baseline_seed42_scale0.65,baseline,42,0.65,395.0,surge,B,12,11,1.5638,47.389,17.431,0,0,4.0,45.0,4,16.0498,0.0297,2,66,0,17.431,-14.4604,46.5659,11,33.8883,14,1
sancheti_baseline_seed42_scale0.65,baseline,42,0.65,400.0,surge,B,13,12,1.3564,49.3796,17.431,1,0,5.0,50.0,3,16.0594,0.0173,3,69,0,17.431,-14.6375,48.5565,12,33.8883,14,1
sancheti_baseline_seed42_scale0.65,baseline,42,0.65,405.0,surge,B,14,14,0.9872,49.9558,33.8883,1,0,0.0,55.0,2,15.1231,0.0115,1,73,0,33.8883,-14.724,49.5442,14,22.2131,4,0
sancheti_baseline_seed42_scale0.65,baseline,42,0.65,410.0,surge,B,10,3,4.433,12.5545,22.2131,2,1,34.0,0.0,2,9.864,0.0182,0,76,0,22.2131,-11.686,12.1429,3,3.149,4,0
sancheti_baseline_seed42_scale0.65,baseline,42,0.65,415.0,surge,B,5,0,5.2155,6.5027,0.0,2,1,29.0,0.0,10,13.2287,0.1095,8,79,0,0.0,-9.1546,3.4571,0,3.149,4,0
sancheti_baseline_seed42_scale0.65,baseline,42,0.65,420.0,recovery,B,4,0,11.8382,3.6422,0.0,2,1,24.0,0.0,10,14.4612,0.127,6,82,0,0.0,4.192,-13.1184,-2,3.149,4,0
sancheti_baseline_seed42_scale0.65,baseline,42,0.65,425.0,recovery,B,2,0,15.8878,0.665,0.0,2,1,19.0,0.0,7,14.0672,0.1074,5,84,0,-4.73,10.987,-32.8786,-3,3.149,4,0
sancheti_baseline_seed42_scale0.65,baseline,42,0.65,430.0,recovery,B,1,0,16.3821,0.8849,0.0,2,1,14.0,0.0,4,15.3641,0.088,3,85,0,-4.73,13.3773,-42.3218,-5,3.149,4,0
sancheti_baseline_seed42_scale0.65,baseline,42,0.65,435.0,recovery,B,1,0,13.7157,2.1607,0.0,2,1,9.0,0.0,2,16.4505,0.0182,2,74,0,-4.73,10.2583,-41.5846,-6,3.149,4,0
sancheti_baseline_seed42_scale0.65,baseline,42,0.65,440.0,recovery,B,1,0,13.8853,20.0,0.0,2,1,4.0,0.0,1,16.6519,0.0124,1,68,0,-17.4977,10.8726,-24.8702,-7,3.149,4,0
sancheti_baseline_seed42_scale0.65,baseline,42,0.65,445.0,recovery,B,1,0,16.3633,0.4116,0.0,3,0,5.0,5.0,1,13.7786,0.0303,1,53,0,-21.2514,14.3439,-44.4614,-9,3.149,4,0
sancheti_baseline_seed42_scale0.65,baseline,42,0.65,450.0,recovery,B,0,0,0.0,0.0,0.0,3,0,0.0,10.0,0,0.0,0.0394,0,44,0,-17.431,-1.6252,-45.7578,-8,3.149,4,0
sancheti_baseline_seed42_scale0.65,baseline,42,0.65,455.0,recovery,B,1,1,0.0,9.6386,2.0,0,0,34.0,15.0,4,10.4349,0.0231,0,39,0,-15.431,-1.5638,-37.7504,-10,3.149,4,0
sancheti_baseline_seed42_scale0.65,baseline,42,0.65,460.0,recovery,B,2,1,8.2075,10.0501,2.0,0,0,29.0,20.0,12,14.4306,0.0872,11,34,0,-15.431,6.8511,-39.3295,-11,3.149,4,0
sancheti_baseline_seed42_scale0.65,baseline,42,0.65,465.0,recovery,B,2,1,1.2698,19.2771,2.0,0,0,24.0,25.0,9,11.9425,0.1225,4,29,0,-31.8883,0.2826,-30.6787,-13,3.149,4,0
sancheti_baseline_seed42_scale0.65,baseline,42,0.65,470.0,recovery,B,3,2,5.3724,19.6887,2.0,0,0,19.0,30.0,8,14.0922,0.1051,6,29,0,-20.2131,0.9394,7.1342,-1,3.149,4,0
sancheti_baseline_seed42_scale0.65,baseline,42,0.65,475.0,recovery,B,3,2,2.2507,21.6874,2.0,0,0,14.0,35.0,1,14.5374,0.0058,0,29,0,2.0,-2.9648,15.1847,2,3.149,4,0
sancheti_baseline_seed42_scale0.65,baseline,42,0.65,480.0,recovery,B,3,3,0.0,28.9157,2.0,0,0,9.0,40.0,1,13.8301,0.0303,1,30,0,2.0,-11.8382,25.2735,3,3.149,4,0
sancheti_baseline_seed42_scale0.65,baseline,42,0.65,485.0,recovery,B,4,3,3.4321,29.4919,2.0,0,0,4.0,45.0,0,0.0,0.0302,0,31,0,2.0,-12.4557,28.8269,3,3.149,4,0
sancheti_baseline_seed42_scale0.65,baseline,42,0.65,490.0,recovery,B,4,3,1.8231,29.4919,2.0,1,0,5.0,50.0,2,14.8346,0.0361,1,32,0,2.0,-14.559,28.607,3,3.149,4,0
sancheti_baseline_seed42_scale0.65,baseline,42,0.65,495.0,recovery,B,5,4,2.7703,31.6137,3.149,1,0,0.0,55.0,1,16.6627,0.0113,1,34,0,3.149,-10.9454,29.453,4,2.0,4,0
sancheti_baseline_seed42_scale0.65,baseline,42,0.65,500.0,recovery,B,1,0,13.8831,2.1607,0.0,2,1,34.0,0.0,3,10.174,0.0173,0,34,0,0.0,-0.0022,-17.8393,0,2.0,4,0
sancheti_baseline_seed42_scale0.65,baseline,42,0.65,505.0,recovery,B,1,0,15.8313,0.0697,0.0,2,1,29.0,0.0,5,14.655,0.0557,4,35,0,0.0,-0.532,-0.3419,0,2.0,4,0
sancheti_baseline_seed42_scale0.65,baseline,42,0.65,510.0,recovery,B,1,0,15.8593,0.4116,0.0,2,1,24.0,0.0,2,13.55,0.0384,1,36,0,0.0,15.8593,0.4116,0,2.0,4,0
sancheti_baseline_seed43_scale0.8,baseline,43,0.8,5.0,normal,A,0,0,0.0,0.0,0.0,0,1,34.0,0.0,0,0.0,0.0,0,2,0,0.0,0.0,0.0,0,5.9427,4,0
sancheti_baseline_seed43_scale0.8,baseline,43,0.8,10.0,normal,A,0,0,0.0,0.0,0.0,0,1,29.0,0.0,0,0.0,0.0,0,2,0,0.0,0.0,0.0,0,5.9427,4,0
sancheti_baseline_seed43_scale0.8,baseline,43,0.8,15.0,normal,A,0,0,0.0,0.0,0.0,0,1,24.0,0.0,0,0.0,0.0,0,4,0,0.0,0.0,0.0,0,5.9427,4,0
sancheti_baseline_seed43_scale0.8,baseline,43,0.8,20.0,normal,A,1,0,16.5059,0.7186,0.0,0,1,19.0,0.0,0,0.0,0.0,0,4,0,0.0,16.5059,0.7186,0,5.9427,4,0
sancheti_baseline_seed43_scale0.8,baseline,43,0.8,25.0,normal,A,0,0,0.0,0.0,0.0,0,1,14.0,0.0,1,15.8428,0.0058,1,5,0,0.0,0.0,0.0,0,5.9427,4,0
sancheti_baseline_seed43_scale0.8,baseline,43,0.8,30.0,normal,A,1,0,16.0264,0.7994,0.0,0,1,9.0,0.0,0,0.0,0.0,0,6,0,0.0,16.0264,0.7994,0,5.9427,4,0
sancheti_baseline_seed43_scale0.8,baseline,43,0.8,35.0,normal,A,0,0,0.0,0.0,0.0,0,1,4.0,0.0,1,15.6798,0.0058,1,7,0,0.0,0.0,0.0,0,5.9427,4,0
sancheti_baseline_seed43_scale0.8,baseline,43,0.8,40.0,normal,A,0,0,0.0,0.0,0.0,1,0,5.0,5.0,1,16.0023,0.0058,0,8,0,0.0,0.0,0.0,0,5.9427,4,0
sancheti_baseline_seed43_scale0.8,baseline,43,0.8,45.0,normal,A,1,0,4.1412,4.6243,0.0,1,0,0.0,10.0,0,0.0,0.0,0,9,0,0.0,4.1412,4.6243,0,5.9427,4,0
sancheti_baseline_seed43_scale0.8,baseline,43,0.8,50.0,normal,A,2,1,8.1989,5.4237,2.8,2,0,34.0,15.0,3,11.6871,0.0156,1,9,0,2.8,8.1989,5.4237,1,5.9427,4,0
sancheti_baseline_seed43_scale0.8,baseline,43,0.8,55.0,normal,A,2,1,1.0209,7.9273,2.8,2,0,29.0,20.0,3,15.0093,0.0196,2,11,0,2.8,1.0209,7.9273,1,5.9427,4,0
sancheti_baseline_seed43_scale0.8,baseline,43,0.8,60.0,normal,A,3,2,4.9372,9.6461,2.8,2,0,24.0,25.0,1,15.6576,0.0058,1,11,0,2.8,4.9372,9.6461,2,7.5356,4,0
sancheti_baseline_seed43_scale0.8,baseline,43,0.8,65.0,normal,A,3,2,0.5496,12.6531,2.8,2,0,19.0,30.0,0,0.0,0.0014,0,13,0,2.8,0.5496,12.6531,2,7.649,5,0
sancheti_baseline_seed43_scale0.8,baseline,43,0.8,70.0,normal,A,4,3,3.2021,15.8283,4.3,2,0,14.0,35.0,1,16.5946,0.0027,0,12,0,4.3,3.2021,15.8283,3,7.649,5,0
sancheti_baseline_seed43_scale0.8,baseline,43,0.8,75.0,normal,A,4,4,0.0422,18.332,5.9427,2,0,9.0,40.0,1,16.1552,0.0124,1,12,0,5.9427,0.0422,18.332,4,7.649,6,0
sancheti_baseline_seed43_scale0.8,baseline,43,0.8,80.0,normal,A,4,4,0.0003,18.332,5.8021,2,0,4.0,45.0,0,0.0,0.0,0,13,0,5.8021,-16.5056,17.6134,4,7.649,9,1
sancheti_baseline_seed43_scale0.8,baseline,43,0.8,85.0,normal,A,5,4,2.1346,20.7269,5.801,3,0,5.0,50.0,1,16.6555,0.0124,1,13,0,5.801,2.1346,20.7269,4,37.8273,11,1
sancheti_baseline_seed43_scale0.8,baseline,43,0.8,90.0,normal,A,5,4,1.6675,19.1314,5.801,3,0,0.0,55.0,1,16.0273,0.0124,0,12,0,5.801,-14.3589,18.332,4,42.8835,12,1
sancheti_baseline_seed43_scale0.8,baseline,43,0.8,95.0,normal,A,1,0,2.9552,9.9046,0.0,0,1,34.0,0.0,2,10.4427,0.0166,0,12,0,0.0,2.9552,9.9046,0,42.8835,12,1
sancheti_baseline_seed43_scale0.8,baseline,43,0.8,100.0,normal,A,0,0,0.0,0.0,0.0,0,1,29.0,0.0,5,13.6097,0.0374,4,12,0,0.0,0.0,0.0,0,42.8835,12,1
sancheti_baseline_seed43_scale0.8,baseline,43,0.8,105.0,normal,A,1,0,13.5399,4.197,0.0,0,1,24.0,0.0,2,10.6063,0.0384,2,14,0,0.0,9.3987,-0.4273,0,42.8835,12,1
sancheti_baseline_seed43_scale0.8,baseline,43,0.8,110.0,normal,A,1,0,13.4818,1.7077,0.0,0,1,19.0,0.0,3,13.8676,0.0563,1,13,0,-2.8,5.2829,-3.716,-1,42.8835,12,1
sancheti_baseline_seed43_scale0.8,baseline,43,0.8,115.0,normal,A,0,0,0.0,0.0,0.0,0,1,14.0,0.0,2,15.0904,0.0427,1,14,0,-2.8,-1.0209,-7.9273,-1,42.8835,12,1
sancheti_baseline_seed43_scale0.8,baseline,43,0.8,120.0,surge,A,1,0,16.509,0.7994,0.0,0,1,9.0,0.0,1,16.5292,0.0124,1,15,0,-2.8,11.5718,-8.8467,-2,42.8835,12,1
sancheti_baseline_seed43_scale0.8,baseline,43,0.8,125.0,surge,A,0,0,0.0,0.0,0.0,0,1,4.0,0.0,1,16.6283,0.0058,1,20,0,-2.8,-0.5496,-12.6531,-2,42.8835,12,1
sancheti_baseline_seed43_scale0.8,baseline,43,0.8,130.0,surge,A,1,0,14.7528,1.7188,0.0,1,0,5.0,5.0,1,15.8305,0.0058,0,24,0,-4.3,11.5507,-14.1095,-3,42.8835,12,1
sancheti_baseline_seed43_scale0.8,baseline,43,0.8,135.0,surge,A,1,1,0.0003,7.1016,0.0,1,0,0.0,10.0,0,0.0,0.0,0,28,0,-5.9427,-0.0419,-11.2304,-3,42.8835,12,1
sancheti_baseline_seed43_scale0.8,baseline,43,0.8,140.0,surge,A,2,1,7.4807,7.901,4.3,2,0,34.0,15.0,4,10.1822,0.0275,0,32,0,-1.5021,7.4804,-10.431,-3,42.8835,12,1
sancheti_baseline_seed43_scale0.8,baseline,43,0.8,145.0,surge,A,3,2,3.5294,11.6287,4.3,2,0,29.0,20.0,6,15.8442,0.0479,6,36,0,-1.501,1.3948,-9.0982,-2,42.8835,12,1
sancheti_baseline_seed43_scale0.8,baseline,43,0.8,150.0,surge,A,5,2,4.2576,15.5375,7.5356,2,0,24.0,25.0,0,0.0,0.0,0,40,0,1.7346,2.5901,-3.5939,-2,42.8835,12,1
sancheti_baseline_seed43_scale0.8,baseline,43,0.8,155.0,surge,A,7,5,2.3132,25.4204,7.649,2,0,19.0,30.0,4,15.4351,0.0442,4,44,0,7.649,-0.642,15.5158,5,42.8835,12,1
sancheti_baseline_seed43_scale0.8,baseline,43,0.8,160.0,surge,A,9,5,2.3592,29.6883,7.3014,2,0,14.0,35.0,3,15.9384,0.0237,1,49,0,7.3014,2.3592,29.6883,5,42.8835,12,1
sancheti_baseline_seed43_scale0.8,baseline,43,0.8,165.0,surge,A,11,6,1.6804,33.1474,7.301,2,0,9.0,40.0,1,15.5881,0.0058,1,46,0,7.301,-11.8595,28.9504,6,42.8835,13,1
sancheti_baseline_seed43_scale0.8,baseline,43,0.8,170.0,surge,A,11,9,0.8879,44.1281,7.649,2,0,4.0,45.0,3,14.6609,0.0664,2,49,0,7.649,-12.5939,42.4204,9,42.8835,15,1
sancheti_baseline_seed43_scale0.8,baseline,43,0.8,175.0,surge,A,12,11,0.205,48.562,37.8273,3,0,5.0,50.0,3,15.3896,0.0419,3,51,0,37.8273,0.205,48.562,11,42.8835,17,1
sancheti_baseline_seed43_scale0.8,baseline,43,0.8,180.0,surge,A,12,12,0.0039,49.2438,42.8835,3,0,0.0,55.0,0,0.0,0.0,0,49,0,42.8835,-16.5051,48.4444,12,42.4682,17,1
sancheti_baseline_seed43_scale0.8,baseline,43,0.8,185.0,surge,A,7,3,3.2044,22.9943,30.0583,0,1,34.0,0.0,4,10.0573,0.022,0,53,0,30.0583,3.2044,22.9943,3,42.4682,17,1
sancheti_baseline_seed43_scale0.8,baseline,43,0.8,190.0,surge,A,3,0,5.1297,18.1116,0.0,0,1,29.0,0.0,13,14.3367,0.1071,11,54,0,0.0,-9.6231,16.3928,0,42.4682,17,1
sancheti_baseline_seed43_scale0.8,baseline,43,0.8,195.0,surge,A,4,0,8.4467,16.5434,0.0,0,1,24.0,0.0,7,14.5858,0.0829,4,57,0,0.0,8.4464,9.4418,-1,42.4682,17,1
sancheti_baseline_seed43_scale0.8,baseline,43,0.8,200.0,surge,A,4,0,12.2169,9.1983,0.0,0,1,19.0,0.0,5,13.4656,0.1011,4,59,0,-4.3,4.7362,1.2973,-1,42.4682,17,1
sancheti_baseline_seed43_scale0.8,baseline,43,0.8,205.0,surge,A,2,0,13.1782,2.7679,0.0,0,1,14.0,0.0,7,14.4728,0.1199,4,64,0,-4.3,9.6488,-8.8608,-2,42.4682,17,1
sancheti_baseline_seed43_scale0.8,baseline,43,0.8,210.0,surge,A,2,0,13.8932,16.0045,0.0,0,1,9.0,0.0,6,13.7271,0.0748,2,67,0,-7.5356,9.6356,0.467,-2,42.4682,17,1
sancheti_baseline_seed43_scale0.8,baseline,43,0.8,215.0,surge,A,3,0,15.3697,6.475,0.0,0,1,4.0,0.0,4,13.9321,0.0855,3,72,0,-7.649,13.0565,-18.9454,-5,42.4682,17,1
sancheti_baseline_seed43_scale0.8,baseline,43,0.8,220.0,surge,A,2,0,11.2285,2.6289,0.0,1,0,5.0,5.0,6,14.6224,0.0725,4,76,0,-7.3014,8.8693,-27.0594,-5,42.4682,17,1
sancheti_baseline_seed43_scale0.8,baseline,43,0.8,225.0,surge,A,4,1,4.8142,16.2699,7.649,1,0,0.0,10.0,4,3.8067,0.0297,1,80,0,0.348,3.1338,-16.8775,-5,42.4682,17,1
sancheti_baseline_seed43_scale0.8,baseline,43,0.8,230.0,surge,A,6,1,4.875,19.8584,7.649,2,0,34.0,15.0,7,4.6656,0.0471,0,84,0,0.0,3.9871,-24.2697,-8,42.4682,17,1
sancheti_baseline_seed43_scale0.8,baseline,43,0.8,235.0,surge,A,9,6,1.6701,33.5569,9.649,2,0,29.0,20.0,13,12.2729,0.1195,10,88,0,-28.1783,1.4651,-15.0051,-5,42.4682,17,1
sancheti_baseline_seed43_scale0.8,baseline,43,0.8,240.0,surge,A,10,7,1.0869,36.1419,9.649,2,0,24.0,25.0,10,13.1818,0.1278,5,92,0,-33.2345,1.083,-13.1019,-5,42.4682,17,1
sancheti_baseline_seed43_scale0.8,baseline,43,0.8,245.0,surge,A,12,10,0.7237,40.465,24.6303,2,0,19.0,30.0,11,13.329,0.1438,8,96,0,-5.428,-2.4807,17.4707,7,42.4682,17,1
sancheti_baseline_seed43_scale0.8,baseline,43,0.8,250.0,surge,A,13,11,0.3279,42.138,40.1969,2,0,14.0,35.0,8,14.064,0.09,4,101,0,40.1969,-4.8018,24.0264,11,42.4682,17,1
sancheti_baseline_seed43_scale0.8,baseline,43,0.8,255.0,surge,A,15,13,0.6035,44.2412,41.5274,2,0,9.0,40.0,3,15.2758,0.0485,3,99,0,41.5274,-7.8432,27.6978,13,42.4682,18,1
sancheti_baseline_seed43_scale0.8,baseline,43,0.8,260.0,surge,A,17,15,0.8877,48.3566,42.4682,2,0,4.0,45.0,3,16.2304,0.0173,2,97,0,42.4682,-11.3292,39.1583,15,42.9854,19,1
sancheti_baseline_seed43_scale0.8,baseline,43,0.8,265.0,surge,A,19,17,0.3017,50.268,42.4552,3,0,5.0,50.0,1,16.5845,0.0058,0,93,0,42.4552,-12.8765,47.5001,17,42.9854,19,1
sancheti_baseline_seed43_scale0.8,baseline,43,0.8,270.0,surge,A,20,16,1.0359,54.8908,42.4552,3,0,0.0,55.0,2,15.1837,0.0139,2,90,0,42.4552,-12.8573,38.8863,16,42.9859,20,1
sancheti_baseline_seed43_scale0.8,baseline,43,0.8,275.0,surge,A,18,6,2.4009,36.3392,7.983,0,1,34.0,0.0,3,10.8869,0.024,0,78,0,7.983,-12.9688,29.8642,6,42.9859,20,1
sancheti_baseline_seed43_scale0.8,baseline,43,0.8,280.0,surge,A,12,0,5.0816,16.5555,0.0,0,1,29.0,0.0,12,13.3098,0.1149,9,75,0,0.0,-6.1469,13.9266,0,42.9859,20,1
sancheti_baseline_seed43_scale0.8,baseline,43,0.8,285.0,surge,A,5,0,9.1338,10.4132,0.0,0,1,24.0,0.0,15,13.9336,0.1848,11,74,0,-7.649,4.3196,-5.8567,-1,42.9859,20,1
sancheti_baseline_seed43_scale0.8,baseline,43,0.8,290.0,surge,A,2,0,13.4316,5.4237,0.0,0,1,19.0,0.0,14,13.944,0.1565,11,74,0,-7.649,8.5566,-14.4347,-1,42.9859,20,1
sancheti_baseline_seed43_scale0.8,baseline,43,0.8,295.0,surge,A,2,0,14.862,2.5182,0.0,0,1,14.0,0.0,9,13.5311,0.0765,4,78,0,-9.649,13.1919,-31.0387,-6,42.9859,20,1
sancheti_baseline_seed43_scale0.8,baseline,43,0.8,300.0,surge,A,1,0,16.0003,0.7994,0.0,0,1,9.0,0.0,6,14.0306,0.0482,3,81,0,-9.649,14.9134,-35.3425,-7,42.9859,20,1
sancheti_baseline_seed43_scale0.8,baseline,43,0.8,305.0,surge,A,1,0,14.8046,1.7188,0.0,0,1,4.0,0.0,7,14.2669,0.0484,4,86,0,-24.6303,14.0809,-38.7462,-10,42.9859,20,1
sancheti_baseline_seed43_scale0.8,baseline,43,0.8,310.0,surge,A,1,0,12.563,0.7994,0.0,1,0,5.0,5.0,6,12.92,0.0546,2,90,0,-40.1969,12.2351,-41.3386,-11,42.9859,20,1
sancheti_baseline_seed43_scale0.8,baseline,43,0.8,315.0,surge,A,4,1,6.5327,10.7653,2.8,1,0,0.0,10.0,3,11.1006,0.0306,2,94,0,-38.7274,5.9292,-33.4759,-12,42.9859,20,1
sancheti_baseline_seed43_scale0.8,baseline,43,0.8,320.0,surge,A,6,3,2.9931,19.0171,2.8,2,0,34.0,15.0,7,9.8888,0.0379,0,98,0,-39.6682,2.1054,-29.3395,-12,42.9859,20,1
sancheti_baseline_seed43_scale0.8,baseline,43,0.8,325.0,surge,A,9,4,2.3095,34.9045,6.6164,2,0,29.0,20.0,14,13.6629,0.1085,11,103,0,-35.8388,2.0078,-15.3635,-13,42.9859,20,1
sancheti_baseline_seed43_scale0.8,baseline,43,0.8,330.0,surge,A,11,7,1.8296,35.6583,8.5225,2,0,24.0,25.0,14,13.08,0.1389,9,106,0,-33.9327,0.7937,-19.2325,-9,42.9859,20,1
sancheti_baseline_seed43_scale0.8,baseline,43,0.8,335.0,surge,A,14,10,1.4409,39.8693,11.3677,2,0,19.0,30.0,6,14.4622,0.0898,3,110,0,3.3847,-0.96,3.5301,4,42.9859,20,1
sancheti_baseline_seed43_scale0.8,baseline,43,0.8,340.0,surge,A,18,14,1.0451,41.9372,20.2587,2,0,14.0,35.0,3,14.5442,0.0664,3,115,0,20.2587,-4.0365,25.3817,14,42.9859,20,1
sancheti_baseline_seed43_scale0.8,baseline,43,0.8,345.0,surge,A,19,18,0.2714,48.5325,32.6319,2,0,9.0,40.0,2,15.04,0.0684,2,106,0,32.6319,-8.8624,38.1193,18,42.9859,20,1
sancheti_baseline_seed43_scale0.8,baseline,43,0.8,350.0,surge,A,19,19,0.0539,50.0859,42.9854,2,0,4.0,45.0,4,15.3602,0.032,2,100,0,42.9854,-13.3777,44.6622,19,43.8467,20,1
sancheti_baseline_seed43_scale0.8,baseline,43,0.8,355.0,surge,A,19,19,0.1387,50.0873,40.33,3,0,5.0,50.0,2,14.8038,0.0296,0,91,0,40.33,-14.7233,47.5691,19,43.8467,20,1
sancheti_baseline_seed43_scale0.8,baseline,43,0.8,360.0,surge,A,21,20,0.2323,52.8937,42.9859,3,0,0.0,55.0,1,13.6921,0.0303,1,85,0,42.9859,-15.768,52.0943,20,43.8467,14,1
sancheti_baseline_seed43_scale0.8,baseline,43,0.8,365.0,surge,A,15,8,1.7809,38.8277,27.7354,0,1,34.0,0.0,5,10.5032,0.0304,0,78,0,27.7354,-13.0237,37.1089,8,43.8467,14,1
sancheti_baseline_seed43_scale0.8,baseline,43,0.8,370.0,surge,A,11,0,5.1454,16.4763,0.0,0,1,29.0,0.0,9,13.7788,0.11,8,72,0,0.0,-7.4176,15.6769,0,43.8467,14,1
sancheti_baseline_seed43_scale0.8,baseline,43,0.8,375.0,surge,A,6,0,7.9168,5.9588,0.0,0,1,24.0,0.0,12,12.5308,0.148,8,72,0,-2.8,1.3841,-4.8065,-1,43.8467,14,1
sancheti_baseline_seed43_scale0.8,baseline,43,0.8,380.0,surge,A,2,0,10.8882,5.1693,0.0,0,1,19.0,0.0,13,13.0514,0.1477,9,74,0,-2.8,7.8951,-13.8478,-3,43.8467,14,1
sancheti_baseline_seed43_scale0.8,baseline,43,0.8,385.0,surge,A,4,0,12.9358,5.8626,0.0,0,1,14.0,0.0,8,13.4806,0.1109,6,79,0,-6.6164,10.6263,-29.0419,-4,43.8467,14,1
sancheti_baseline_seed43_scale0.8,baseline,43,0.8,390.0,surge,A,2,0,12.963,2.467,0.0,0,1,9.0,0.0,8,12.4641,0.0941,3,82,0,-8.5225,11.1334,-33.1913,-7,43.8467,14,1
sancheti_baseline_seed43_scale0.8,baseline,43,0.8,395.0,surge,A,1,0,11.6035,4.197,0.0,0,1,4.0,0.0,8,8.6789,0.0901,4,86,0,-11.3677,10.1626,-35.6723,-10,43.8467,14,1
sancheti_baseline_seed43_scale0.8,baseline,43,0.8,400.0,surge,A,2,0,12.9566,4.5902,0.0,1,0,5.0,5.0,9,6.2802,0.1207,2,90,0,-20.2587,11.9115,-37.347,-14,43.8467,14,1
sancheti_baseline_seed43_scale0.8,baseline,43,0.8,405.0,surge,A,4,2,3.0436,14.2148,4.3,1,0,0.0,10.0,4,10.4375,0.0566,2,92,0,-28.3319,2.7722,-34.3177,-16,43.8467,14,1
sancheti_baseline_seed43_scale0.8,baseline,43,0.8,410.0,surge,A,7,4,2.6995,18.6036,8.5616,2,0,34.0,15.0,5,9.4039,0.0345,0,96,0,-34.4238,2.6456,-31.4823,-15,43.8467,14,1
sancheti_baseline_seed43_scale0.8,baseline,43,0.8,415.0,surge,A,10,6,1.2258,25.852,12.1058,2,0,29.0,20.0,12,13.4701,0.085,11,99,0,-28.2242,1.0871,-24.2353,-13,43.8467,14,1
sancheti_baseline_seed43_scale0.8,baseline,43,0.8,420.0,recovery,A,12,5,1.4262,33.4771,9.649,2,0,24.0,25.0,12,12.9284,0.114,6,103,0,-33.3369,1.1939,-19.4166,-15,43.8467,14,1
sancheti_baseline_seed43_scale0.8,baseline,43,0.8,425.0,recovery,A,12,9,1.5246,39.4939,11.949,2,0,19.0,30.0,11,14.0636,0.1216,8,106,0,-15.7864,-0.2563,0.6662,1,43.8467,14,1
sancheti_baseline_seed43_scale0.8,baseline,43,0.8,430.0,recovery,A,14,11,0.777,45.1867,12.4067,2,0,14.0,35.0,6,14.4088,0.0612,2,109,0,12.4067,-4.3684,28.7104,11,43.8467,14,1
sancheti_baseline_seed43_scale0.8,baseline,43,0.8,435.0,recovery,A,14,14,0.0986,46.9774,36.3554,2,0,9.0,40.0,2,16.2817,0.0115,2,104,0,36.3554,-7.8182,41.0186,14,43.8467,14,1
sancheti_baseline_seed43_scale0.8,baseline,43,0.8,440.0,recovery,A,14,14,0.0022,47.3897,43.8467,2,0,4.0,45.0,3,16.2585,0.024,2,101,0,43.8467,-10.886,42.2204,14,43.8467,14,1
sancheti_baseline_seed43_scale0.8,baseline,43,0.8,445.0,recovery,A,15,14,0.2077,48.7511,43.8467,3,0,5.0,50.0,1,16.4561,0.0124,0,89,0,43.8467,-12.7281,42.8885,14,30.0119,13,1
sancheti_baseline_seed43_scale0.8,baseline,43,0.8,450.0,recovery,A,16,13,0.5213,52.5978,30.0119,3,0,0.0,55.0,0,0.0,0.0,0,78,0,30.0119,-12.4417,50.1308,13,27.5028,9,1
sancheti_baseline_seed43_scale0.8,baseline,43,0.8,455.0,recovery,A,13,9,1.887,36.2471,27.5028,0,1,34.0,0.0,4,9.7925,0.0368,0,70,0,27.5028,-9.7165,32.0501,9,14.5696,8,1
sancheti_baseline_seed43_scale0.8,baseline,43,0.8,460.0,recovery,A,9,0,3.6616,15.364,0.0,0,1,29.0,0.0,11,14.424,0.1104,9,58,0,0.0,-9.295,10.7738,0,14.5696,8,1
sancheti_baseline_seed43_scale0.8,baseline,43,0.8,465.0,recovery,A,7,0,6.6452,10.4323,0.0,0,1,24.0,0.0,9,14.9399,0.0964,6,49,0,-4.3,3.6016,-3.7825,-2,14.5696,8,1
sancheti_baseline_seed43_scale0.8,baseline,43,0.8,470.0,recovery,A,2,0,8.9778,11.2985,0.0,0,1,19.0,0.0,9,13.0145,0.1332,4,48,0,-8.5616,6.2783,-7.3051,-4,14.5696,8,1
sancheti_baseline_seed43_scale0.8,baseline,43,0.8,475.0,recovery,A,3,0,12.2027,9.9395,0.0,0,1,14.0,0.0,11,13.9718,0.143,7,50,0,-12.1058,10.9769,-15.9125,-6,14.5696,8,1
sancheti_baseline_seed43_scale0.8,baseline,43,0.8,480.0,recovery,A,1,0,13.5422,1.1192,0.0,0,1,9.0,0.0,6,13.9335,0.0783,3,50,0,-9.649,12.116,-32.3579,-5,14.5696,8,1
sancheti_baseline_seed43_scale0.8,baseline,43,0.8,485.0,recovery,A,3,0,14.349,5.2971,0.0,0,1,4.0,0.0,5,14.354,0.0424,4,52,0,-11.949,12.8244,-34.1968,-9,14.5696,8,1
sancheti_baseline_seed43_scale0.8,baseline,43,0.8,490.0,recovery,A,2,0,13.0529,5.0342,0.0,1,0,5.0,5.0,6,14.0943,0.0494,4,53,0,-12.4067,12.2759,-40.1525,-11,14.5696,8,1
sancheti_baseline_seed43_scale0.8,baseline,43,0.8,495.0,recovery,A,3,1,5.9012,13.5857,7.6488,1,0,0.0,10.0,4,12.2151,0.0387,2,54,0,-28.7066,5.8026,-33.3917,-13,14.5696,8,1
sancheti_baseline_seed43_scale0.8,baseline,43,0.8,500.0,recovery,A,6,5,2.8982,26.6442,7.649,2,0,34.0,15.0,4,8.7908,0.0492,0,55,0,-36.1977,2.896,-20.7455,-9,14.5696,8,1
sancheti_baseline_seed43_scale0.8,baseline,43,0.8,505.0,recovery,A,6,6,0.0956,29.1478,7.649,2,0,29.0,20.0,5,14.7737,0.0667,4,57,0,-36.1977,-0.1121,-19.6033,-8,14.5696,8,1
sancheti_baseline_seed43_scale0.8,baseline,43,0.8,510.0,recovery,A,6,6,0.0005,29.1478,7.649,2,0,24.0,25.0,2,12.9688,0.0505,2,57,0,-22.3629,-0.5208,-23.45,-7,14.5696,8,1
sancheti_baseline_seed43_scale0.8,baseline,43,0.8,5.0,normal,B,0,0,0.0,0.0,0.0,0,0,34.0,5.0,0,0.0,0.0,0,2,0,0.0,0.0,0.0,0,2.8,2,0
sancheti_baseline_seed43_scale0.8,baseline,43,0.8,10.0,normal,B,0,0,0.0,0.0,0.0,0,0,29.0,10.0,0,0.0,0.0,0,2,0,0.0,0.0,0.0,0,2.8,2,0
sancheti_baseline_seed43_scale0.8,baseline,43,0.8,15.0,normal,B,1,0,15.594,0.4116,0.0,0,0,24.0,15.0,0,0.0,0.0,0,4,0,0.0,15.594,0.4116,0,2.8,2,0
sancheti_baseline_seed43_scale0.8,baseline,43,0.8,20.0,normal,B,1,1,0.004,9.6386,2.0,0,0,19.0,20.0,0,0.0,0.0,0,4,0,2.0,0.004,9.6386,1,2.8,2,0
sancheti_baseline_seed43_scale0.8,baseline,43,0.8,25.0,normal,B,1,1,0.0,9.6386,2.0,0,0,14.0,25.0,1,15.8428,0.0058,1,5,0,2.0,0.0,9.6386,1,2.8,2,0
sancheti_baseline_seed43_scale0.8,baseline,43,0.8,30.0,normal,B,2,1,6.8629,10.2147,2.0,0,0,9.0,30.0,0,0.0,0.0,0,6,0,2.0,6.8629,10.2147,1,2.8,2,0
sancheti_baseline_seed43_scale0.8,baseline,43,0.8,35.0,normal,B,2,1,1.9395,20.8789,2.0,0,0,4.0,35.0,1,15.6798,0.0058,1,7,0,2.0,1.9395,20.8789,1,2.8,3,0
sancheti_baseline_seed43_scale0.8,baseline,43,0.8,40.0,normal,B,3,2,5.4823,23.5441,2.8,1,0,5.0,40.0,1,16.0023,0.0058,0,8,0,2.8,5.4823,23.5441,2,2.8,3,0
sancheti_baseline_seed43_scale0.8,baseline,43,0.8,45.0,normal,B,2,2,0.0,23.1325,2.8,1,0,0.0,45.0,0,0.0,0.0,0,9,0,2.8,0.0,23.1325,2,2.0,3,0
sancheti_baseline_seed43_scale0.8,baseline,43,0.8,50.0,normal,B,1,0,15.7747,0.4116,0.0,2,1,34.0,0.0,3,11.6871,0.0156,1,9,0,0.0,15.7747,0.4116,0,2.0,3,0
sancheti_baseline_seed43_scale0.8,baseline,43,0.8,55.0,normal,B,1,0,16.3351,0.4116,0.0,2,1,29.0,0.0,3,15.0093,0.0196,2,11,0,0.0,16.3351,0.4116,0,2.0,3,0
sancheti_baseline_seed43_scale0.8,baseline,43,0.8,60.0,normal,B,0,0,0.0,0.0,0.0,2,1,24.0,0.0,1,15.6576,0.0058,1,11,0,0.0,0.0,0.0,0,2.0,3,0
sancheti_baseline_seed43_scale0.8,baseline,43,0.8,65.0,normal,B,1,0,16.6443,0.8849,0.0,2,1,19.0,0.0,0,0.0,0.0014,0,13,0,0.0,16.6443,0.8849,0,2.0,3,0
sancheti_baseline_seed43_scale0.8,baseline,43,0.8,70.0,normal,B,0,0,0.0,0.0,0.0,2,1,14.0,0.0,1,16.5946,0.0027,0,12,0,0.0,0.0,0.0,0,2.0,3,0
sancheti_baseline_seed43_scale0.8,baseline,43,0.8,75.0,normal,B,0,0,0.0,0.0,0.0,2,1,9.0,0.0,1,16.1552,0.0124,1,12,0,0.0,-15.594,-0.4116,0,2.0,3,0
sancheti_baseline_seed43_scale0.8,baseline,43,0.8,80.0,normal,B,1,0,16.3594,0.8849,0.0,2,1,4.0,0.0,0,0.0,0.0,0,13,0,-2.0,16.3554,-8.7537,-1,2.0,3,0
sancheti_baseline_seed43_scale0.8,baseline,43,0.8,85.0,normal,B,0,0,0.0,0.0,0.0,3,0,5.0,5.0,1,16.6555,0.0124,1,13,0,-2.0,0.0,-9.6386,-1,2.0,3,0
sancheti_baseline_seed43_scale0.8,baseline,43,0.8,90.0,normal,B,1,0,16.3669,0.4116,0.0,3,0,0.0,10.0,1,16.0273,0.0124,0,12,0,-2.0,9.504,-9.8031,-1,4.73,3,0
sancheti_baseline_seed43_scale0.8,baseline,43,0.8,95.0,normal,B,0,0,0.0,0.0,0.0,0,0,34.0,15.0,2,10.4427,0.0166,0,12,0,-2.0,-1.9395,-20.8789,-1,4.73,4,0
sancheti_baseline_seed43_scale0.8,baseline,43,0.8,100.0,normal,B,1,1,0.0,9.6386,2.0,0,0,29.0,20.0,5,13.6097,0.0374,4,12,0,-0.8,-5.4823,-13.9055,-1,4.73,6,0
sancheti_baseline_seed43_scale0.8,baseline,43,0.8,105.0,normal,B,2,1,15.6362,10.0501,2.0,0,0,24.0,25.0,2,10.6063,0.0384,2,14,0,-0.8,15.6362,-13.0824,-1,5.2465,7,0
sancheti_baseline_seed43_scale0.8,baseline,43,0.8,110.0,normal,B,2,2,0.0007,19.2771,2.0,0,0,19.0,30.0,3,13.8676,0.0563,1,13,0,2.0,-15.774,18.8655,2,11.2425,9,1
sancheti_baseline_seed43_scale0.8,baseline,43,0.8,115.0,normal,B,3,2,5.5183,20.162,2.0,0,0,14.0,35.0,2,15.0904,0.0427,1,14,0,2.0,-10.8168,19.7504,2,24.113,11,1
sancheti_baseline_seed43_scale0.8,baseline,43,0.8,120.0,surge,B,3,2,0.0,20.162,2.0,0,0,9.0,40.0,1,16.5292,0.0124,1,15,0,2.0,0.0,20.162,2,29.9443,13,1
sancheti_baseline_seed43_scale0.8,baseline,43,0.8,125.0,surge,B,3,3,0.0131,34.4496,2.0,0,0,4.0,45.0,1,16.6283,0.0058,1,20,0,2.0,-16.6312,33.5647,3,29.9443,14,1
sancheti_baseline_seed43_scale0.8,baseline,43,0.8,130.0,surge,B,4,3,4.142,34.8646,2.0,1,0,5.0,50.0,1,15.8305,0.0058,0,24,0,2.0,4.142,34.8646,3,29.9443,15,1
sancheti_baseline_seed43_scale0.8,baseline,43,0.8,135.0,surge,B,6,3,5.6236,45.388,2.0,1,0,0.0,55.0,0,0.0,0.0,0,28,0,2.0,5.6236,45.388,3,39.067,17,1
sancheti_baseline_seed43_scale0.8,baseline,43,0.8,140.0,surge,B,2,0,13.9249,1.0878,0.0,2,1,34.0,0.0,4,10.1822,0.0275,0,32,0,0.0,-2.4345,0.2029,0,39.067,17,1
sancheti_baseline_seed43_scale0.8,baseline,43,0.8,145.0,surge,B,3,0,14.624,2.2636,0.0,2,1,29.0,0.0,6,15.8442,0.0479,6,36,0,0.0,14.624,2.2636,0,39.067,17,1
sancheti_baseline_seed43_scale0.8,baseline,43,0.8,150.0,surge,B,2,0,16.1884,1.2964,0.0,2,1,24.0,0.0,0,0.0,0.0,0,40,0,0.0,-0.1785,0.8848,0,39.067,17,1
sancheti_baseline_seed43_scale0.8,baseline,43,0.8,155.0,surge,B,2,0,16.2203,0.8231,0.0,2,1,19.0,0.0,4,15.4351,0.0442,4,44,0,0.0,16.2203,0.8231,0,39.067,17,1
sancheti_baseline_seed43_scale0.8,baseline,43,0.8,160.0,surge,B,2,0,13.7097,4.3214,0.0,2,1,14.0,0.0,3,15.9384,0.0237,1,49,0,-2.0,13.7097,-5.3172,-1,39.067,17,1
sancheti_baseline_seed43_scale0.8,baseline,43,0.8,165.0,surge,B,3,0,14.7612,2.9838,0.0,2,1,9.0,0.0,1,15.5881,0.0058,1,46,0,-2.0,-0.875,-7.0663,-1,39.067,17,1
sancheti_baseline_seed43_scale0.8,baseline,43,0.8,170.0,surge,B,2,0,14.9938,2.5723,0.0,2,1,4.0,0.0,3,14.6609,0.0664,2,49,0,-2.0,14.9931,-16.7048,-2,39.067,17,1
sancheti_baseline_seed43_scale0.8,baseline,43,0.8,175.0,surge,B,3,0,14.2286,2.9838,0.0,3,0,5.0,5.0,3,15.3896,0.0419,3,51,0,-2.0,8.7103,-17.1782,-2,39.067,17,1
sancheti_baseline_seed43_scale0.8,baseline,43,0.8,180.0,surge,B,5,3,6.764,26.3745,4.73,3,0,0.0,10.0,0,0.0,0.0,0,49,0,2.73,6.764,6.2125,1,39.067,17,1
sancheti_baseline_seed43_scale0.8,baseline,43,0.8,185.0,surge,B,5,4,4.0713,36.0747,4.73,0,0,34.0,15.0,4,10.0573,0.022,0,53,0,2.73,4.0582,1.6251,1,39.067,17,1
sancheti_baseline_seed43_scale0.8,baseline,43,0.8,190.0,surge,B,8,6,3.178,37.8361,4.73,0,0,29.0,20.0,13,14.3367,0.1071,11,54,0,2.73,-0.964,2.9715,3,39.067,17,1
sancheti_baseline_seed43_scale0.8,baseline,43,0.8,195.0,surge,B,8,7,2.1847,37.9306,5.2465,0,0,24.0,25.0,7,14.5858,0.0829,4,57,0,3.2465,-3.4389,-7.4574,4,39.067,17,1
sancheti_baseline_seed43_scale0.8,baseline,43,0.8,200.0,surge,B,10,9,2.3555,40.9749,11.2425,0,0,19.0,30.0,5,13.4656,0.1011,4,59,0,11.2425,-11.5694,39.8871,9,39.067,17,1
sancheti_baseline_seed43_scale0.8,baseline,43,0.8,205.0,surge,B,13,11,2.0346,51.8365,24.113,0,0,14.0,35.0,7,14.4728,0.1199,4,64,0,24.113,-12.5894,49.5729,11,39.067,17,1
sancheti_baseline_seed43_scale0.8,baseline,43,0.8,210.0,surge,B,14,13,2.1774,52.7947,29.9443,0,0,9.0,40.0,6,13.7271,0.0748,2,67,0,29.9443,-14.011,51.4983,13,39.067,17,1
sancheti_baseline_seed43_scale0.8,baseline,43,0.8,215.0,surge,B,15,14,1.0909,54.9555,29.9352,0,0,4.0,45.0,4,13.9321,0.0855,3,72,0,29.9352,-15.1294,54.1324,14,39.067,17,1
sancheti_baseline_seed43_scale0.8,baseline,43,0.8,220.0,surge,B,17,15,0.8265,56.2081,29.9352,1,0,5.0,50.0,6,14.6224,0.0725,4,76,0,29.9352,-12.8832,51.8867,15,39.067,17,1
sancheti_baseline_seed43_scale0.8,baseline,43,0.8,225.0,surge,B,19,17,1.6306,57.713,39.067,1,0,0.0,55.0,4,3.8067,0.0297,1,80,0,39.067,-13.1306,54.7292,17,27.8194,13,1
sancheti_baseline_seed43_scale0.8,baseline,43,0.8,230.0,surge,B,15,7,2.5232,23.5563,27.8194,2,1,34.0,0.0,7,4.6656,0.0471,0,84,0,27.8194,-12.4706,20.984,7,13.649,13,1
sancheti_baseline_seed43_scale0.8,baseline,43,0.8,235.0,surge,B,11,0,5.5451,32.0271,0.0,2,1,29.0,0.0,13,12.2729,0.1195,10,88,0,0.0,-8.6835,29.0433,0,13.649,13,1
sancheti_baseline_seed43_scale0.8,baseline,43,0.8,240.0,surge,B,7,0,10.0153,21.737,0.0,2,1,24.0,0.0,10,13.1818,0.1278,5,92,0,-4.73,3.2513,-4.6375,-3,13.649,13,1
sancheti_baseline_seed43_scale0.8,baseline,43,0.8,245.0,surge,B,3,0,14.0677,3.2755,0.0,2,1,19.0,0.0,11,13.329,0.1438,8,96,0,-4.73,9.9964,-32.7992,-4,13.649,13,1
sancheti_baseline_seed43_scale0.8,baseline,43,0.8,250.0,surge,B,2,0,16.0967,0.8231,0.0,2,1,14.0,0.0,8,14.064,0.09,4,101,0,-4.73,12.9187,-37.013,-6,13.649,13,1
sancheti_baseline_seed43_scale0.8,baseline,43,0.8,255.0,surge,B,1,0,16.4261,0.4116,0.0,2,1,9.0,0.0,3,15.2758,0.0485,3,99,0,-5.2465,14.2414,-37.519,-7,13.649,13,1
sancheti_baseline_seed43_scale0.8,baseline,43,0.8,260.0,surge,B,2,0,14.5119,0.9878,0.0,2,1,4.0,0.0,3,16.2304,0.0173,2,97,0,-11.2425,12.1564,-39.9871,-9,13.649,13,1
sancheti_baseline_seed43_scale0.8,baseline,43,0.8,265.0,surge,B,2,0,13.773,0.6517,0.0,3,0,5.0,5.0,1,16.5845,0.0058,0,93,0,-24.113,11.7384,-51.1848,-11,13.649,13,1
sancheti_baseline_seed43_scale0.8,baseline,43,0.8,270.0,surge,B,3,0,14.9742,1.3993,0.0,3,0,0.0,10.0,2,15.1837,0.0139,2,90,0,-29.9443,12.7968,-51.3954,-13,13.649,13,1
sancheti_baseline_seed43_scale0.8,baseline,43,0.8,275.0,surge,B,5,2,8.5881,24.2879,2.8,0,0,34.0,15.0,3,10.8869,0.024,0,78,0,-27.1352,7.4972,-30.6676,-12,13.649,13,1
sancheti_baseline_seed43_scale0.8,baseline,43,0.8,280.0,surge,B,5,3,5.6346,33.5942,2.8,0,0,29.0,20.0,12,13.3098,0.1149,9,75,0,-27.1352,4.8081,-22.6139,-12,13.649,13,1
sancheti_baseline_seed43_scale0.8,baseline,43,0.8,285.0,surge,B,8,4,4.9491,44.5256,2.8,0,0,24.0,25.0,15,13.9336,0.1848,11,74,0,-36.267,3.3185,-13.1874,-13,13.649,13,1
sancheti_baseline_seed43_scale0.8,baseline,43,0.8,290.0,surge,B,10,7,3.7254,54.8858,3.149,0,0,19.0,30.0,14,13.944,0.1565,11,74,0,-24.6704,1.2022,31.3295,0,13.649,13,1
sancheti_baseline_seed43_scale0.8,baseline,43,0.8,295.0,surge,B,12,9,2.1161,57.3043,3.149,0,0,14.0,35.0,9,13.5311,0.0765,4,78,0,3.149,-3.429,25.2772,9,13.649,13,1
sancheti_baseline_seed43_scale0.8,baseline,43,0.8,300.0,surge,B,11,9,2.2129,66.2613,5.149,0,0,9.0,40.0,6,14.0306,0.0482,3,81,0,5.149,-7.8024,44.5243,9,20.6285,13,1
sancheti_baseline_seed43_scale0.8,baseline,43,0.8,305.0,surge,B,14,10,3.2212,68.1339,13.649,0,0,4.0,45.0,7,14.2669,0.0484,4,86,0,13.649,-10.8465,64.8584,10,20.6285,13,1
sancheti_baseline_seed43_scale0.8,baseline,43,0.8,310.0,surge,B,15,11,2.0911,68.0088,13.649,1,0,5.0,50.0,6,12.92,0.0546,2,90,0,13.649,-14.0056,67.1857,11,20.6285,13,1
sancheti_baseline_seed43_scale0.8,baseline,43,0.8,315.0,surge,B,16,13,1.9603,69.2658,13.649,1,0,0.0,55.0,3,11.1006,0.0306,2,94,0,13.649,-14.4658,68.8542,13,28.008,13,1
sancheti_baseline_seed43_scale0.8,baseline,43,0.8,320.0,surge,B,9,2,4.4558,13.8056,10.9307,2,1,34.0,0.0,7,9.8888,0.0379,0,98,0,10.9307,-10.0561,12.8178,2,28.008,13,1
sancheti_baseline_seed43_scale0.8,baseline,43,0.8,325.0,surge,B,5,0,9.2172,8.0465,0.0,2,1,29.0,0.0,14,13.6629,0.1085,11,103,0,0.0,-4.5558,7.3948,0,28.008,13,1
sancheti_baseline_seed43_scale0.8,baseline,43,0.8,330.0,surge,B,3,0,14.1085,4.733,0.0,2,1,24.0,0.0,14,13.08,0.1389,9,106,0,0.0,-0.8657,3.3337,0,28.008,13,1
sancheti_baseline_seed43_scale0.8,baseline,43,0.8,335.0,surge,B,3,0,14.6478,20.9878,0.0,2,1,19.0,0.0,6,14.4622,0.0898,3,110,0,-2.8,6.0597,-3.3001,-2,28.008,13,1
sancheti_baseline_seed43_scale0.8,baseline,43,0.8,340.0,surge,B,3,0,15.1596,1.8726,0.0,2,1,14.0,0.0,3,14.5442,0.0664,3,115,0,-2.8,9.525,-31.7216,-3,28.008,13,1
sancheti_baseline_seed43_scale0.8,baseline,43,0.8,345.0,surge,B,1,0,15.7303,0.4116,0.0,2,1,9.0,0.0,2,15.04,0.0684,2,106,0,-2.8,10.7812,-44.114,-4,28.008,13,1
sancheti_baseline_seed43_scale0.8,baseline,43,0.8,350.0,surge,B,2,0,13.7068,2.7369,0.0,2,1,4.0,0.0,4,15.3602,0.032,2,100,0,-3.149,9.9814,-52.1489,-7,28.008,13,1
sancheti_baseline_seed43_scale0.8,baseline,43,0.8,355.0,surge,B,3,0,15.2247,1.8726,0.0,3,0,5.0,5.0,2,14.8038,0.0296,0,91,0,-3.149,13.1086,-55.4317,-9,28.008,13,1
sancheti_baseline_seed43_scale0.8,baseline,43,0.8,360.0,surge,B,4,2,4.7851,29.6456,3.1471,3,0,0.0,10.0,1,13.6921,0.0303,1,85,0,-2.0019,2.5722,-36.6157,-7,28.008,13,1
sancheti_baseline_seed43_scale0.8,baseline,43,0.8,365.0,surge,B,5,2,6.935,30.3984,3.149,0,0,34.0,15.0,5,10.5032,0.0304,0,78,0,-10.5,3.7138,-37.7355,-8,28.008,13,1
sancheti_baseline_seed43_scale0.8,baseline,43,0.8,370.0,surge,B,7,2,6.5405,33.0875,3.149,0,0,29.0,20.0,9,13.7788,0.11,8,72,0,-10.5,4.4494,-34.9213,-9,28.008,13,1
sancheti_baseline_seed43_scale0.8,baseline,43,0.8,375.0,surge,B,8,4,5.2554,49.7514,5.949,0,0,24.0,25.0,12,12.5308,0.148,8,72,0,-7.7,3.2951,-19.5144,-9,28.008,13,1
sancheti_baseline_seed43_scale0.8,baseline,43,0.8,380.0,surge,B,8,6,2.7292,55.3624,5.949,0,0,19.0,30.0,13,13.0514,0.1477,9,74,0,-4.9817,-1.7266,41.5568,4,28.008,13,1
sancheti_baseline_seed43_scale0.8,baseline,43,0.8,385.0,surge,B,10,7,3.307,55.6771,5.949,0,0,14.0,35.0,8,13.4806,0.1109,6,79,0,5.949,-5.9102,47.6306,7,28.008,13,1
sancheti_baseline_seed43_scale0.8,baseline,43,0.8,390.0,surge,B,10,8,2.2529,56.5319,20.6285,0,0,9.0,40.0,8,12.4641,0.0941,3,82,0,20.6285,-11.8556,51.7989,8,28.008,13,1
sancheti_baseline_seed43_scale0.8,baseline,43,0.8,395.0,surge,B,13,9,2.9253,67.6315,17.2332,0,0,4.0,45.0,8,8.6789,0.0901,4,86,0,17.2332,-11.7225,46.6437,9,28.008,13,1
sancheti_baseline_seed43_scale0.8,baseline,43,0.8,400.0,surge,B,14,11,1.9326,68.043,17.2331,1,0,5.0,50.0,9,6.2802,0.1207,2,90,0,17.2331,-13.227,66.1704,11,28.008,13,1
sancheti_baseline_seed43_scale0.8,baseline,43,0.8,405.0,surge,B,16,13,1.7326,68.8662,28.008,1,0,0.0,55.0,4,10.4375,0.0566,2,92,0,28.008,-13.9977,68.4546,13,22.485,6,0
sancheti_baseline_seed43_scale0.8,baseline,43,0.8,410.0,surge,B,13,6,2.4976,30.8473,22.485,2,1,34.0,0.0,5,9.4039,0.0345,0,96,0,22.485,-11.2092,28.1104,6,11.2544,4,0
sancheti_baseline_seed43_scale0.8,baseline,43,0.8,415.0,surge,B,8,0,7.9205,7.0799,0.0,2,1,29.0,0.0,12,13.4701,0.085,11,99,0,0.0,-7.3042,5.2073,0,11.2544,4,0
sancheti_baseline_seed43_scale0.8,baseline,43,0.8,420.0,recovery,B,6,0,12.7217,31.5885,0.0,2,1,24.0,0.0,12,12.9284,0.114,6,103,0,-3.1471,7.9366,1.9429,-2,11.2544,4,0
sancheti_baseline_seed43_scale0.8,baseline,43,0.8,425.0,recovery,B,3,0,16.1515,10.3603,0.0,2,1,19.0,0.0,11,14.0636,0.1216,8,106,0,-3.149,9.2165,-20.0381,-2,11.2544,4,0
sancheti_baseline_seed43_scale0.8,baseline,43,0.8,430.0,recovery,B,2,0,16.2315,0.8231,0.0,2,1,14.0,0.0,6,14.4088,0.0612,2,109,0,-3.149,9.691,-32.2644,-2,11.2544,4,0
sancheti_baseline_seed43_scale0.8,baseline,43,0.8,435.0,recovery,B,1,0,16.0076,0.8849,0.0,2,1,9.0,0.0,2,16.2817,0.0115,2,104,0,-5.949,10.7522,-48.8665,-4,11.2544,4,0
sancheti_baseline_seed43_scale0.8,baseline,43,0.8,440.0,recovery,B,0,0,0.0,0.0,0.0,2,1,4.0,0.0,3,16.2585,0.024,2,101,0,-5.949,-2.7292,-55.3624,-6,11.2544,4,0
sancheti_baseline_seed43_scale0.8,baseline,43,0.8,445.0,recovery,B,1,0,16.4804,0.8849,0.0,3,0,5.0,5.0,1,16.4561,0.0124,0,89,0,-5.949,13.1734,-54.7922,-7,11.2544,4,0
sancheti_baseline_seed43_scale0.8,baseline,43,0.8,450.0,recovery,B,1,1,0.0002,15.1759,3.149,3,0,0.0,10.0,0,0.0,0.0,0,78,0,-17.4795,-2.2527,-41.356,-7,11.2544,4,0
sancheti_baseline_seed43_scale0.8,baseline,43,0.8,455.0,recovery,B,2,1,8.0021,15.5874,3.149,0,0,34.0,15.0,4,9.7925,0.0368,0,70,0,-14.0842,5.0768,-52.0441,-8,11.2544,4,0
sancheti_baseline_seed43_scale0.8,baseline,43,0.8,460.0,recovery,B,2,2,0.0013,24.8144,3.149,0,0,29.0,20.0,11,14.424,0.1104,9,58,0,-14.0841,-1.9313,-43.2286,-9,11.2544,4,0
sancheti_baseline_seed43_scale0.8,baseline,43,0.8,465.0,recovery,B,3,2,5.2362,25.226,3.149,0,0,24.0,25.0,9,14.9399,0.0964,6,49,0,-24.859,3.5036,-43.6402,-11,11.2544,4,0
sancheti_baseline_seed43_scale0.8,baseline,43,0.8,470.0,recovery,B,3,2,1.2255,34.453,3.149,0,0,19.0,30.0,9,13.0145,0.1332,4,48,0,-19.336,-1.2721,3.6057,-4,11.2544,4,0
sancheti_baseline_seed43_scale0.8,baseline,43,0.8,475.0,recovery,B,4,3,3.4562,36.6137,3.149,0,0,14.0,35.0,11,13.9718,0.143,7,50,0,3.149,-4.4643,29.5338,3,11.2544,4,0
sancheti_baseline_seed43_scale0.8,baseline,43,0.8,480.0,recovery,B,4,3,1.3336,36.6137,3.149,0,0,9.0,40.0,6,13.9335,0.0783,3,50,0,3.149,-11.3881,5.0252,3,11.2544,4,0
sancheti_baseline_seed43_scale0.8,baseline,43,0.8,485.0,recovery,B,5,4,3.1839,37.0058,11.2544,0,0,4.0,45.0,5,14.354,0.0424,4,52,0,11.2544,-12.9676,26.6455,4,11.2311,4,0
sancheti_baseline_seed43_scale0.8,baseline,43,0.8,490.0,recovery,B,4,4,0.0,36.1161,11.2311,1,0,5.0,50.0,6,14.0943,0.0494,4,53,0,11.2311,-16.2315,35.293,4,11.231,4,0
sancheti_baseline_seed43_scale0.8,baseline,43,0.8,495.0,recovery,B,5,4,2.4628,37.5566,11.231,1,0,0.0,55.0,4,12.2151,0.0387,2,54,0,11.231,-13.5448,36.6717,4,2.8,5,0
sancheti_baseline_seed43_scale0.8,baseline,43,0.8,500.0,recovery,B,2,0,6.9141,21.4405,0.0,2,1,34.0,0.0,4,8.7908,0.0492,0,55,0,0.0,6.9141,21.4405,0,2.8,5,0
sancheti_baseline_seed43_scale0.8,baseline,43,0.8,505.0,recovery,B,1,0,13.7846,0.5762,0.0,2,1,29.0,0.0,5,14.7737,0.0667,4,57,0,0.0,-2.6958,-0.3087,0,2.8,5,0
sancheti_baseline_seed43_scale0.8,baseline,43,0.8,510.0,recovery,B,1,0,13.4799,0.5762,0.0,2,1,24.0,0.0,2,12.9688,0.0505,2,57,0,-3.149,13.4797,-14.5997,-1,2.8,5,0
sancheti_baseline_seed48_scale0.95,baseline,48,0.95,5.0,normal,A,0,0,0.0,0.0,0.0,0,1,34.0,0.0,0,0.0,0.0,0,2,0,0.0,0.0,0.0,0,7.649,5,0
sancheti_baseline_seed48_scale0.95,baseline,48,0.95,10.0,normal,A,0,0,0.0,0.0,0.0,0,1,29.0,0.0,0,0.0,0.0,0,3,0,0.0,0.0,0.0,0,7.649,5,0
sancheti_baseline_seed48_scale0.95,baseline,48,0.95,15.0,normal,A,0,0,0.0,0.0,0.0,0,1,24.0,0.0,0,0.0,0.0,0,4,0,0.0,0.0,0.0,0,7.649,5,0
sancheti_baseline_seed48_scale0.95,baseline,48,0.95,20.0,normal,A,1,0,15.0001,0.7994,0.0,0,1,19.0,0.0,0,0.0,0.0,0,5,0,0.0,15.0001,0.7994,0,7.649,5,0
sancheti_baseline_seed48_scale0.95,baseline,48,0.95,25.0,normal,A,0,0,0.0,0.0,0.0,0,1,14.0,0.0,1,16.574,0.0058,1,6,0,0.0,0.0,0.0,0,7.649,5,0
sancheti_baseline_seed48_scale0.95,baseline,48,0.95,30.0,normal,A,0,0,0.0,0.0,0.0,0,1,9.0,0.0,1,15.9151,0.0058,0,7,0,0.0,0.0,0.0,0,7.649,5,0
sancheti_baseline_seed48_scale0.95,baseline,48,0.95,35.0,normal,A,1,0,12.1464,4.197,0.0,0,1,4.0,0.0,0,0.0,0.0,0,9,0,0.0,12.1464,4.197,0,7.649,5,0
sancheti_baseline_seed48_scale0.95,baseline,48,0.95,40.0,normal,A,0,0,0.0,0.0,0.0,1,0,5.0,5.0,1,13.6718,0.0303,1,9,0,0.0,0.0,0.0,0,7.649,5,0
sancheti_baseline_seed48_scale0.95,baseline,48,0.95,45.0,normal,A,1,0,14.2863,1.7188,0.0,1,0,0.0,10.0,2,15.2687,0.0427,2,11,0,0.0,14.2863,1.7188,0,7.649,5,0
sancheti_baseline_seed48_scale0.95,baseline,48,0.95,50.0,normal,A,1,1,0.0678,7.1016,0.0,2,0,34.0,15.0,2,10.6107,0.0182,0,11,0,0.0,0.0678,7.1016,1,7.649,5,0
sancheti_baseline_seed48_scale0.95,baseline,48,0.95,55.0,normal,A,2,1,6.9233,8.8203,4.3,2,0,29.0,20.0,4,15.9983,0.0297,4,13,0,4.3,6.9233,8.8203,1,7.649,5,0
sancheti_baseline_seed48_scale0.95,baseline,48,0.95,60.0,normal,A,2,1,1.7095,13.3477,4.3,2,0,24.0,25.0,0,0.0,0.0,0,14,0,4.3,1.7095,13.3477,1,7.649,5,0
sancheti_baseline_seed48_scale0.95,baseline,48,0.95,65.0,normal,A,3,2,4.6166,15.3223,4.3,2,0,19.0,30.0,1,13.752,0.0047,0,14,0,4.3,4.6166,15.3223,2,7.649,5,0
sancheti_baseline_seed48_scale0.95,baseline,48,0.95,70.0,normal,A,4,3,3.9686,18.1628,4.3,2,0,14.0,35.0,1,13.7067,0.0303,1,16,0,4.3,3.9686,18.1628,3,15.0554,6,0
sancheti_baseline_seed48_scale0.95,baseline,48,0.95,75.0,normal,A,4,4,0.4359,21.6875,7.649,2,0,9.0,40.0,1,15.7719,0.0058,1,15,0,7.649,0.4359,21.6875,4,18.9756,10,1
sancheti_baseline_seed48_scale0.95,baseline,48,0.95,80.0,normal,A,5,4,2.5727,22.9299,4.3,2,0,4.0,45.0,1,16.481,0.0058,0,16,0,4.3,-12.4274,22.1305,4,18.9756,10,1
sancheti_baseline_seed48_scale0.95,baseline,48,0.95,85.0,normal,A,5,5,0.066,25.4335,7.6065,3,0,5.0,50.0,1,15.5999,0.0058,1,16,0,7.6065,0.066,25.4335,5,39.3237,14,1
sancheti_baseline_seed48_scale0.95,baseline,48,0.95,90.0,normal,A,6,4,1.196,25.5053,4.3,3,0,0.0,55.0,1,16.0701,0.0058,0,13,0,4.3,1.196,25.5053,4,39.3237,14,1
sancheti_baseline_seed48_scale0.95,baseline,48,0.95,95.0,normal,A,1,0,16.6126,0.7994,0.0,0,1,34.0,0.0,3,9.3983,0.0209,0,14,0,0.0,4.4662,-3.3976,0,39.3237,14,1
sancheti_baseline_seed48_scale0.95,baseline,48,0.95,100.0,normal,A,0,0,0.0,0.0,0.0,0,1,29.0,0.0,7,15.7868,0.0627,7,15,0,0.0,0.0,0.0,0,39.3237,14,1
sancheti_baseline_seed48_scale0.95,baseline,48,0.95,105.0,normal,A,1,0,16.0097,0.7994,0.0,0,1,24.0,0.0,1,16.6586,0.0058,0,16,0,0.0,1.7234,-0.9194,0,39.3237,14,1
sancheti_baseline_seed48_scale0.95,baseline,48,0.95,110.0,normal,A,0,0,0.0,0.0,0.0,0,1,19.0,0.0,1,16.3602,0.0058,1,17,0,0.0,-0.0678,-7.1016,-1,39.3237,14,1
sancheti_baseline_seed48_scale0.95,baseline,48,0.95,115.0,normal,A,0,0,0.0,0.0,0.0,0,1,14.0,0.0,1,15.5032,0.0058,0,17,0,-4.3,-6.9233,-8.8203,-1,39.3237,14,1
sancheti_baseline_seed48_scale0.95,baseline,48,0.95,120.0,surge,A,0,0,0.0,0.0,0.0,0,1,9.0,0.0,1,16.334,0.0058,1,17,0,-4.3,-1.7095,-13.3477,-1,39.3237,14,1
sancheti_baseline_seed48_scale0.95,baseline,48,0.95,125.0,surge,A,0,0,0.0,0.0,0.0,0,1,4.0,0.0,1,15.7797,0.0058,0,22,0,-4.3,-4.6166,-15.3223,-2,39.3237,14,1
sancheti_baseline_seed48_scale0.95,baseline,48,0.95,130.0,surge,A,1,0,13.5844,0.0318,0.0,1,0,5.0,5.0,1,15.6847,0.0058,1,27,0,-4.3,9.6158,-18.131,-3,39.3237,14,1
sancheti_baseline_seed48_scale0.95,baseline,48,0.95,135.0,surge,A,1,1,0.0001,3.3031,2.0,1,0,0.0,10.0,0,0.0,0.0,0,32,0,-5.649,-0.4358,-18.3844,-3,39.3237,14,1
sancheti_baseline_seed48_scale0.95,baseline,48,0.95,140.0,surge,A,1,1,0.0,3.3031,2.0,2,0,34.0,15.0,3,9.8475,0.0194,0,37,0,-2.3,-2.5727,-19.6268,-3,39.3237,14,1
sancheti_baseline_seed48_scale0.95,baseline,48,0.95,145.0,surge,A,3,1,7.234,8.2995,2.0,2,0,29.0,20.0,7,15.4259,0.0849,5,42,0,-5.6065,7.168,-17.134,-4,39.3237,14,1
sancheti_baseline_seed48_scale0.95,baseline,48,0.95,150.0,surge,A,4,1,5.4236,22.6867,2.0,2,0,24.0,25.0,5,15.2485,0.0733,4,47,0,-2.3,4.2276,-2.8186,-3,39.3237,14,1
sancheti_baseline_seed48_scale0.95,baseline,48,0.95,155.0,surge,A,7,4,2.4766,28.6731,7.649,2,0,19.0,30.0,2,16.1205,0.0182,2,52,0,7.649,-14.136,27.8737,4,39.3237,14,1
sancheti_baseline_seed48_scale0.95,baseline,48,0.95,160.0,surge,A,10,6,2.8972,31.5668,15.0554,2,0,14.0,35.0,1,13.634,0.0303,1,56,0,15.0554,2.8972,31.5668,6,39.3237,14,1
sancheti_baseline_seed48_scale0.95,baseline,48,0.95,165.0,surge,A,12,10,0.7133,33.4616,18.9756,2,0,9.0,40.0,5,15.0879,0.0624,3,51,0,18.9756,-15.2964,32.6622,10,39.3237,15,1
sancheti_baseline_seed48_scale0.95,baseline,48,0.95,170.0,surge,A,14,10,0.6695,36.292,14.9508,2,0,4.0,45.0,3,16.0459,0.0173,2,53,0,14.9508,0.6695,36.292,10,43.389,17,1
sancheti_baseline_seed48_scale0.95,baseline,48,0.95,175.0,surge,A,16,14,1.0862,38.4841,39.3237,3,0,5.0,50.0,3,16.1497,0.0173,2,58,0,39.3237,1.0862,38.4841,14,43.389,17,1
sancheti_baseline_seed48_scale0.95,baseline,48,0.95,180.0,surge,A,18,12,0.7881,39.7374,31.9528,3,0,0.0,55.0,2,16.4829,0.0182,2,58,0,31.9528,0.7881,39.7374,12,43.389,17,1
sancheti_baseline_seed48_scale0.95,baseline,48,0.95,185.0,surge,A,13,9,1.7749,33.1097,25.2669,0,1,34.0,0.0,2,9.8492,0.0115,0,59,0,25.2669,1.7749,33.1097,9,43.389,17,1
sancheti_baseline_seed48_scale0.95,baseline,48,0.95,190.0,surge,A,8,0,6.2446,17.0817,0.0,0,1,29.0,0.0,8,13.2167,0.1019,5,62,0,0.0,-7.3398,17.0499,0,43.389,17,1
sancheti_baseline_seed48_scale0.95,baseline,48,0.95,195.0,surge,A,3,0,8.2355,9.2222,0.0,0,1,24.0,0.0,14,13.6004,0.1631,11,65,0,-2.0,8.2354,5.9191,-1,43.389,17,1
sancheti_baseline_seed48_scale0.95,baseline,48,0.95,200.0,surge,A,2,0,9.428,4.5982,0.0,0,1,19.0,0.0,11,14.1661,0.1244,6,65,0,-2.0,9.428,1.2951,-1,43.389,17,1
sancheti_baseline_seed48_scale0.95,baseline,48,0.95,205.0,surge,A,5,0,11.3478,5.1435,0.0,0,1,14.0,0.0,6,13.1045,0.0954,3,69,0,-2.0,4.1138,-3.156,-1,43.389,17,1
sancheti_baseline_seed48_scale0.95,baseline,48,0.95,210.0,surge,A,4,0,13.7441,9.7718,0.0,0,1,9.0,0.0,6,14.6296,0.0979,3,74,0,-2.0,8.3205,-12.9149,-1,43.389,17,1
sancheti_baseline_seed48_scale0.95,baseline,48,0.95,215.0,surge,A,2,0,15.5063,8.8203,0.0,0,1,4.0,0.0,8,12.5875,0.084,6,78,0,-7.649,13.0297,-19.8528,-4,43.389,17,1
sancheti_baseline_seed48_scale0.95,baseline,48,0.95,220.0,surge,A,4,0,13.7976,13.6903,0.0,1,0,5.0,5.0,7,9.3571,0.0982,3,82,0,-15.0554,10.9004,-17.8765,-6,43.389,17,1
sancheti_baseline_seed48_scale0.95,baseline,48,0.95,225.0,surge,A,4,2,3.066,14.8192,2.0,1,0,0.0,10.0,3,10.983,0.0551,1,87,0,-16.9756,2.3527,-18.6424,-8,43.389,17,1
sancheti_baseline_seed48_scale0.95,baseline,48,0.95,230.0,surge,A,5,4,1.0034,21.6698,6.726,2,0,34.0,15.0,8,10.2079,0.0707,0,90,0,-8.2248,0.3339,-14.6222,-6,43.389,17,1
sancheti_baseline_seed48_scale0.95,baseline,48,0.95,235.0,surge,A,8,5,1.5304,29.6496,7.649,2,0,29.0,20.0,15,15.2673,0.1155,13,95,0,-31.6747,0.4442,-8.8345,-9,43.389,17,1
sancheti_baseline_seed48_scale0.95,baseline,48,0.95,240.0,surge,A,10,6,2.1138,36.6733,15.8808,2,0,24.0,25.0,10,12.4819,0.107,6,100,0,-16.072,1.3257,-3.0641,-6,43.389,17,1
sancheti_baseline_seed48_scale0.95,baseline,48,0.95,245.0,surge,A,12,10,0.7685,40.9739,16.8535,2,0,19.0,30.0,10,12.5691,0.1011,7,103,0,-8.4134,-1.0064,7.8642,1,43.389,17,1
sancheti_baseline_seed48_scale0.95,baseline,48,0.95,250.0,surge,A,14,13,0.6713,45.3099,27.4849,2,0,14.0,35.0,5,15.2454,0.0378,2,108,0,27.4849,-5.5733,28.2282,13,43.389,17,1
sancheti_baseline_seed48_scale0.95,baseline,48,0.95,255.0,surge,A,16,15,0.211,47.857,32.6237,2,0,9.0,40.0,3,16.1726,0.0173,2,102,0,32.6237,-8.0245,38.6348,15,43.389,17,1
sancheti_baseline_seed48_scale0.95,baseline,48,0.95,260.0,surge,A,17,17,0.0155,48.6756,43.389,2,0,4.0,45.0,3,15.923,0.024,2,96,0,43.389,-9.4125,44.0774,17,43.389,20,1
sancheti_baseline_seed48_scale0.95,baseline,48,0.95,265.0,surge,A,17,17,0.0003,48.7653,43.389,3,0,5.0,50.0,2,14.7307,0.0139,2,90,0,43.389,-11.3475,43.6218,17,43.389,24,1
sancheti_baseline_seed48_scale0.95,baseline,48,0.95,270.0,surge,A,18,17,0.3323,49.5659,43.389,3,0,0.0,55.0,2,14.8161,0.0139,2,87,0,43.389,-13.4118,39.7941,17,42.8838,24,1
sancheti_baseline_seed48_scale0.95,baseline,48,0.95,275.0,surge,A,15,6,1.7888,31.1803,27.0665,0,1,34.0,0.0,2,10.5664,0.0115,0,77,0,27.0665,-13.7175,22.36,6,42.8838,24,1
sancheti_baseline_seed48_scale0.95,baseline,48,0.95,280.0,surge,A,11,1,4.3221,35.3214,2.0,0,1,29.0,0.0,6,12.6214,0.0768,5,70,0,2.0,-9.4755,21.6311,1,42.8838,24,1
sancheti_baseline_seed48_scale0.95,baseline,48,0.95,285.0,surge,A,7,0,7.1197,16.7246,0.0,0,1,24.0,0.0,11,12.0156,0.1672,8,70,0,-2.0,4.0537,1.9054,-2,42.8838,24,1
sancheti_baseline_seed48_scale0.95,baseline,48,0.95,290.0,surge,A,0,0,0.0,0.0,0.0,0,1,19.0,0.0,11,13.8255,0.2011,6,72,0,-6.726,-1.0034,-21.6698,-4,42.8838,24,1
sancheti_baseline_seed48_scale0.95,baseline,48,0.95,295.0,surge,A,2,0,10.0655,4.9964,0.0,0,1,14.0,0.0,10,14.2964,0.1158,8,76,0,-7.649,8.5351,-24.6532,-5,42.8838,24,1
sancheti_baseline_seed48_scale0.95,baseline,48,0.95,300.0,surge,A,3,0,12.4646,3.6293,0.0,0,1,9.0,0.0,1,13.6915,0.0303,0,81,0,-15.8808,10.3508,-33.044,-6,42.8838,24,1
sancheti_baseline_seed48_scale0.95,baseline,48,0.95,305.0,surge,A,2,0,15.99,1.3641,0.0,0,1,4.0,0.0,5,15.36,0.0667,4,86,0,-16.8535,15.2215,-39.6098,-10,42.8838,24,1
sancheti_baseline_seed48_scale0.95,baseline,48,0.95,310.0,surge,A,1,0,10.0548,0.9925,0.0,1,0,5.0,5.0,6,15.1818,0.0413,5,90,0,-27.4849,9.3835,-44.3174,-13,42.8838,24,1
sancheti_baseline_seed48_scale0.95,baseline,48,0.95,315.0,surge,A,3,0,6.8663,13.7072,0.0,1,0,0.0,10.0,3,12.6269,0.0255,1,94,0,-32.6237,6.6553,-34.1498,-15,42.8838,24,1
sancheti_baseline_seed48_scale0.95,baseline,48,0.95,320.0,surge,A,5,1,3.8391,20.5744,7.649,2,0,34.0,15.0,2,10.4906,0.0182,0,98,0,-35.74,3.8236,-28.1012,-16,42.8838,24,1
sancheti_baseline_seed48_scale0.95,baseline,48,0.95,325.0,surge,A,12,4,4.2106,35.066,7.649,2,0,29.0,20.0,12,13.8842,0.1069,10,102,0,-35.74,4.2103,-13.6993,-13,42.8838,24,1
sancheti_baseline_seed48_scale0.95,baseline,48,0.95,330.0,surge,A,10,9,0.9295,35.8205,11.649,2,0,24.0,25.0,14,13.479,0.1637,9,107,0,-31.74,0.5972,-13.7454,-8,42.8838,24,1
sancheti_baseline_seed48_scale0.95,baseline,48,0.95,335.0,surge,A,16,12,0.7906,40.8406,25.692,2,0,19.0,30.0,14,13.3288,0.1444,11,111,0,-1.3745,-0.9982,9.6603,6,42.8838,24,1
sancheti_baseline_seed48_scale0.95,baseline,48,0.95,340.0,surge,A,17,14,0.8094,42.9726,32.6769,2,0,14.0,35.0,5,12.5709,0.0424,0,115,0,30.6769,-3.5127,7.6512,13,42.8838,24,1
sancheti_baseline_seed48_scale0.95,baseline,48,0.95,345.0,surge,A,20,15,0.8848,45.4439,25.3511,2,0,9.0,40.0,4,15.4617,0.0254,4,112,0,25.3511,-6.2349,28.7193,15,42.8838,24,1
sancheti_baseline_seed48_scale0.95,baseline,48,0.95,350.0,surge,A,24,20,0.4299,47.8916,37.1076,2,0,4.0,45.0,3,16.3483,0.024,2,110,0,37.1076,0.4299,47.8916,20,42.8838,24,1
sancheti_baseline_seed48_scale0.95,baseline,48,0.95,355.0,surge,A,24,24,0.0835,48.6073,42.8838,3,0,5.0,50.0,3,16.3271,0.0372,2,106,0,42.8838,-9.982,43.6109,24,42.5716,22,1
sancheti_baseline_seed48_scale0.95,baseline,48,0.95,360.0,surge,A,24,22,0.2401,48.8896,40.3389,3,0,0.0,55.0,1,16.362,0.0124,0,100,0,40.3389,-12.2245,45.2603,22,42.5716,17,1
sancheti_baseline_seed48_scale0.95,baseline,48,0.95,365.0,surge,A,22,13,1.5037,39.794,31.9462,0,1,34.0,0.0,1,10.1439,0.0058,0,90,0,31.9462,-14.4863,38.4299,13,42.5716,17,1
sancheti_baseline_seed48_scale0.95,baseline,48,0.95,370.0,surge,A,12,2,3.4778,19.0029,4.3,0,1,29.0,0.0,10,11.9592,0.0979,7,82,0,4.3,-6.577,18.0104,2,42.5716,17,1
sancheti_baseline_seed48_scale0.95,baseline,48,0.95,375.0,surge,A,5,0,6.7016,12.9574,0.0,0,1,24.0,0.0,17,14.5832,0.131,12,82,0,0.0,-0.1647,-0.7498,0,42.5716,17,1
sancheti_baseline_seed48_scale0.95,baseline,48,0.95,380.0,surge,A,3,0,9.6749,3.4227,0.0,0,1,19.0,0.0,15,13.6961,0.1293,8,80,0,-7.649,5.8358,-17.1517,-1,42.5716,17,1
sancheti_baseline_seed48_scale0.95,baseline,48,0.95,385.0,surge,A,0,0,0.0,0.0,0.0,0,1,14.0,0.0,7,14.2179,0.1237,5,85,0,-7.649,-4.2106,-35.066,-4,42.5716,17,1
sancheti_baseline_seed48_scale0.95,baseline,48,0.95,390.0,surge,A,3,0,12.332,15.7875,0.0,0,1,9.0,0.0,4,15.5209,0.0609,3,89,0,-11.649,11.4025,-20.033,-9,42.5716,17,1
sancheti_baseline_seed48_scale0.95,baseline,48,0.95,395.0,surge,A,2,0,12.997,7.9752,0.0,0,1,4.0,0.0,3,15.4051,0.0449,2,93,0,-25.692,12.2064,-32.8654,-12,42.5716,17,1
sancheti_baseline_seed48_scale0.95,baseline,48,0.95,400.0,surge,A,3,0,10.5523,9.3145,0.0,1,0,5.0,5.0,4,15.634,0.0676,2,98,0,-32.6769,9.7429,-33.6581,-14,42.5716,17,1
sancheti_baseline_seed48_scale0.95,baseline,48,0.95,405.0,surge,A,4,1,5.0362,18.1203,4.3,1,0,0.0,10.0,1,12.2593,0.0202,1,101,0,-21.0511,4.1514,-27.3236,-14,42.5716,17,1
sancheti_baseline_seed48_scale0.95,baseline,48,0.95,410.0,surge,A,6,4,1.4815,22.9244,4.3,2,0,34.0,15.0,2,8.4549,0.0206,0,103,0,-32.8076,1.0516,-24.9672,-16,42.5716,17,1
sancheti_baseline_seed48_scale0.95,baseline,48,0.95,415.0,surge,A,8,6,1.2341,30.7558,5.5042,2,0,29.0,20.0,6,11.3157,0.0815,4,107,0,-37.3796,1.1506,-17.8515,-18,42.5716,17,1
sancheti_baseline_seed48_scale0.95,baseline,48,0.95,420.0,recovery,A,11,7,1.3215,37.1374,7.6593,2,0,24.0,25.0,13,12.383,0.1732,11,111,0,-32.6796,1.0814,-11.7522,-15,42.5716,17,1
sancheti_baseline_seed48_scale0.95,baseline,48,0.95,425.0,recovery,A,13,10,0.7565,41.0032,22.5991,2,0,19.0,30.0,13,12.8121,0.16,5,115,0,-9.3471,-0.7472,1.2092,-3,42.5716,17,1
sancheti_baseline_seed48_scale0.95,baseline,48,0.95,430.0,recovery,A,15,13,0.6422,45.7799,23.5576,2,0,14.0,35.0,13,13.2337,0.1312,10,118,0,19.2576,-2.8356,26.777,11,42.5716,21,1
sancheti_baseline_seed48_scale0.95,baseline,48,0.95,435.0,recovery,A,17,17,0.0579,48.2011,42.5716,2,0,9.0,40.0,6,14.8488,0.0551,3,111,0,42.5716,-6.6437,35.2437,17,42.2608,21,1
sancheti_baseline_seed48_scale0.95,baseline,48,0.95,440.0,recovery,A,17,17,0.0006,48.201,42.2608,2,0,4.0,45.0,3,14.3198,0.0442,1,104,0,42.2608,-9.6743,44.7783,17,42.2562,24,1
sancheti_baseline_seed48_scale0.95,baseline,48,0.95,445.0,recovery,A,17,17,0.0,48.201,42.2562,3,0,5.0,50.0,3,14.1559,0.0629,2,95,0,42.2562,0.0,48.201,17,42.2562,25,1
sancheti_baseline_seed48_scale0.95,baseline,48,0.95,450.0,recovery,A,18,17,0.2297,48.9623,42.2562,3,0,0.0,55.0,1,12.4785,0.0202,0,94,0,42.2562,-12.1023,33.1748,17,38.5779,28,1
sancheti_baseline_seed48_scale0.95,baseline,48,0.95,455.0,recovery,A,17,7,2.1517,28.4854,21.4069,0,1,34.0,0.0,2,9.6077,0.0245,0,90,0,21.4069,-10.8453,20.5102,7,38.5779,28,1
sancheti_baseline_seed48_scale0.95,baseline,48,0.95,460.0,recovery,A,15,0,3.7391,28.7472,0.0,0,1,29.0,0.0,7,13.9961,0.0794,6,82,0,0.0,-6.8132,19.4327,0,38.5779,28,1
sancheti_baseline_seed48_scale0.95,baseline,48,0.95,465.0,recovery,A,11,0,7.0704,26.8072,0.0,0,1,24.0,0.0,9,11.8143,0.1178,5,76,0,-4.3,2.0342,8.6869,-1,38.5779,28,1
sancheti_baseline_seed48_scale0.95,baseline,48,0.95,470.0,recovery,A,1,0,9.7918,7.1016,0.0,0,1,19.0,0.0,17,13.1014,0.1823,9,71,0,-4.3,8.3103,-15.8228,-4,38.5779,28,1
sancheti_baseline_seed48_scale0.95,baseline,48,0.95,475.0,recovery,A,2,0,10.6232,4.9964,0.0,0,1,14.0,0.0,13,14.0178,0.1152,8,74,0,-5.5042,9.3891,-25.7594,-6,38.5779,28,1
sancheti_baseline_seed48_scale0.95,baseline,48,0.95,480.0,recovery,A,6,0,13.2691,10.9205,0.0,0,1,9.0,0.0,5,12.0727,0.0587,1,77,0,-7.6593,11.9476,-26.2169,-7,38.5779,28,1
sancheti_baseline_seed48_scale0.95,baseline,48,0.95,485.0,recovery,A,2,0,14.01,1.5988,0.0,0,1,4.0,0.0,8,15.4152,0.0774,6,78,0,-22.5991,13.2535,-39.4044,-10,38.5779,28,1
sancheti_baseline_seed48_scale0.95,baseline,48,0.95,490.0,recovery,A,4,0,13.4693,2.8126,0.0,1,0,5.0,5.0,9,13.668,0.0653,5,82,0,-23.5576,12.8271,-42.9673,-13,38.5779,28,1
sancheti_baseline_seed48_scale0.95,baseline,48,0.95,495.0,recovery,A,7,4,4.6346,20.5265,4.3,1,0,0.0,10.0,4,8.8262,0.0364,1,84,0,-38.2716,4.5767,-27.6746,-13,38.5779,28,1
sancheti_baseline_seed48_scale0.95,baseline,48,0.95,500.0,recovery,A,10,4,3.2227,26.1496,7.3028,2,0,34.0,15.0,5,6.5781,0.0355,0,88,0,-34.958,3.2221,-22.0514,-13,38.5779,28,1
sancheti_baseline_seed48_scale0.95,baseline,48,0.95,505.0,recovery,A,10,8,1.6462,29.5503,15.5185,2,0,29.0,20.0,7,12.4404,0.0871,5,90,0,-26.7377,1.6462,-18.6507,-9,38.5779,28,1
sancheti_baseline_seed48_scale0.95,baseline,48,0.95,510.0,recovery,A,17,8,1.844,41.581,7.0313,2,0,24.0,25.0,4,13.5749,0.1061,4,92,0,-35.2249,1.6143,-7.3813,-9,38.5779,28,1
sancheti_baseline_seed48_scale0.95,baseline,48,0.95,5.0,normal,B,0,0,0.0,0.0,0.0,0,0,34.0,5.0,0,0.0,0.0,0,2,0,0.0,0.0,0.0,0,3.149,3,0
sancheti_baseline_seed48_scale0.95,baseline,48,0.95,10.0,normal,B,0,0,0.0,0.0,0.0,0,0,29.0,10.0,0,0.0,0.0,0,3,0,0.0,0.0,0.0,0,3.149,3,0
sancheti_baseline_seed48_scale0.95,baseline,48,0.95,15.0,normal,B,1,0,16.4627,0.4116,0.0,0,0,24.0,15.0,0,0.0,0.0,0,4,0,0.0,16.4627,0.4116,0,3.149,3,0
sancheti_baseline_seed48_scale0.95,baseline,48,0.95,20.0,normal,B,1,1,0.1687,9.6386,0.0,0,0,19.0,20.0,0,0.0,0.0,0,5,0,0.0,0.1687,9.6386,1,3.149,3,0
sancheti_baseline_seed48_scale0.95,baseline,48,0.95,25.0,normal,B,2,1,8.0141,10.5234,2.0,0,0,14.0,25.0,1,16.574,0.0058,1,6,0,2.0,8.0141,10.5234,1,3.149,3,0
sancheti_baseline_seed48_scale0.95,baseline,48,0.95,30.0,normal,B,2,1,0.7779,24.3964,2.0,0,0,9.0,30.0,1,15.9151,0.0058,0,7,0,2.0,0.7779,24.3964,1,3.149,3,0
sancheti_baseline_seed48_scale0.95,baseline,48,0.95,35.0,normal,B,3,2,5.196,25.226,3.149,0,0,4.0,35.0,0,0.0,0.0,0,9,0,3.149,5.196,25.226,2,3.149,3,0
sancheti_baseline_seed48_scale0.95,baseline,48,0.95,40.0,normal,B,3,2,1.4822,25.1955,3.149,1,0,5.0,40.0,1,13.6718,0.0303,1,9,0,3.149,1.4822,25.1955,2,4.6216,4,0
sancheti_baseline_seed48_scale0.95,baseline,48,0.95,45.0,normal,B,4,3,3.9703,25.6847,3.149,1,0,0.0,45.0,2,15.2687,0.0427,2,11,0,3.149,3.9703,25.6847,3,4.6216,4,0
sancheti_baseline_seed48_scale0.95,baseline,48,0.95,50.0,normal,B,1,0,15.8461,9.4928,0.0,2,1,34.0,0.0,2,10.6107,0.0182,0,11,0,0.0,15.8461,9.4928,0,4.6216,4,0
sancheti_baseline_seed48_scale0.95,baseline,48,0.95,55.0,normal,B,0,0,0.0,0.0,0.0,2,1,29.0,0.0,4,15.9983,0.0297,4,13,0,0.0,0.0,0.0,0,4.6216,4,0
sancheti_baseline_seed48_scale0.95,baseline,48,0.95,60.0,normal,B,1,0,13.828,2.1607,0.0,2,1,24.0,0.0,0,0.0,0.0,0,14,0,0.0,13.828,2.1607,0,4.6216,4,0
sancheti_baseline_seed48_scale0.95,baseline,48,0.95,65.0,normal,B,0,0,0.0,0.0,0.0,2,1,19.0,0.0,1,13.752,0.0047,0,14,0,0.0,0.0,0.0,0,4.6216,4,0
sancheti_baseline_seed48_scale0.95,baseline,48,0.95,70.0,normal,B,1,0,16.4975,0.4116,0.0,2,1,14.0,0.0,1,13.7067,0.0303,1,16,0,0.0,16.4975,0.4116,0,4.6216,4,0
sancheti_baseline_seed48_scale0.95,baseline,48,0.95,75.0,normal,B,0,0,0.0,0.0,0.0,2,1,9.0,0.0,1,15.7719,0.0058,1,15,0,0.0,-16.4627,-0.4116,0,4.6216,4,0
sancheti_baseline_seed48_scale0.95,baseline,48,0.95,80.0,normal,B,1,0,16.4693,0.4116,0.0,2,1,4.0,0.0,1,16.481,0.0058,0,16,0,0.0,16.3006,-9.227,-1,4.6216,4,0
sancheti_baseline_seed48_scale0.95,baseline,48,0.95,85.0,normal,B,0,0,0.0,0.0,0.0,3,0,5.0,5.0,1,15.5999,0.0058,1,16,0,-2.0,-8.0141,-10.5234,-1,4.6216,4,0
sancheti_baseline_seed48_scale0.95,baseline,48,0.95,90.0,normal,B,1,0,16.0659,0.4116,0.0,3,0,0.0,10.0,1,16.0701,0.0058,0,13,0,-2.0,15.288,-23.9848,-1,4.6216,4,0
sancheti_baseline_seed48_scale0.95,baseline,48,0.95,95.0,normal,B,1,0,1.8657,9.6386,0.0,0,0,34.0,15.0,3,9.3983,0.0209,0,14,0,-3.149,-3.3303,-15.5874,-2,4.6216,4,0
sancheti_baseline_seed48_scale0.95,baseline,48,0.95,100.0,normal,B,2,1,8.0466,10.5234,2.0,0,0,29.0,20.0,7,15.7868,0.0627,7,15,0,-1.149,6.5644,-14.6721,-1,4.6216,4,0
sancheti_baseline_seed48_scale0.95,baseline,48,0.95,105.0,normal,B,2,1,3.2905,9.9581,2.0,0,0,24.0,25.0,1,16.6586,0.0058,0,16,0,-1.149,-0.6798,-15.7266,-2,4.6216,5,0
sancheti_baseline_seed48_scale0.95,baseline,48,0.95,110.0,normal,B,3,2,5.4674,25.226,3.149,0,0,19.0,30.0,1,16.3602,0.0058,1,17,0,3.149,-10.3787,15.7332,2,5.4587,8,1
sancheti_baseline_seed48_scale0.95,baseline,48,0.95,115.0,normal,B,3,2,2.2895,25.226,3.149,0,0,14.0,35.0,1,15.5032,0.0058,0,17,0,3.149,2.2895,25.226,2,7.449,8,1
sancheti_baseline_seed48_scale0.95,baseline,48,0.95,120.0,surge,B,4,3,4.2543,35.3378,3.149,0,0,9.0,40.0,1,16.334,0.0058,1,17,0,3.149,-9.5737,33.1771,3,7.449,10,1
sancheti_baseline_seed48_scale0.95,baseline,48,0.95,125.0,surge,B,4,3,2.367,35.3378,3.149,0,0,4.0,45.0,1,15.7797,0.0058,0,22,0,3.149,2.367,35.3378,3,7.449,10,1
sancheti_baseline_seed48_scale0.95,baseline,48,0.95,130.0,surge,B,4,4,0.0358,34.756,4.6216,1,0,5.0,50.0,1,15.6847,0.0058,1,27,0,4.6216,-16.4617,34.3444,4,14.9868,14,1
sancheti_baseline_seed48_scale0.95,baseline,48,0.95,135.0,surge,B,6,4,4.5857,37.783,4.5313,1,0,0.0,55.0,0,0.0,0.0,0,32,0,4.5313,4.5857,37.783,4,25.0392,17,1
sancheti_baseline_seed48_scale0.95,baseline,48,0.95,140.0,surge,B,4,0,13.5287,9.8702,0.0,2,1,34.0,0.0,3,9.8475,0.0194,0,37,0,0.0,-2.9406,9.4586,0,25.0392,17,1
sancheti_baseline_seed48_scale0.95,baseline,48,0.95,145.0,surge,B,3,0,16.2293,7.8444,0.0,2,1,29.0,0.0,7,15.4259,0.0849,5,42,0,0.0,16.2293,7.8444,0,25.0392,17,1
sancheti_baseline_seed48_scale0.95,baseline,48,0.95,150.0,surge,B,2,0,14.6468,2.525,0.0,2,1,24.0,0.0,5,15.2485,0.0733,4,47,0,0.0,-1.4191,2.1134,0,25.0392,17,1
sancheti_baseline_seed48_scale0.95,baseline,48,0.95,155.0,surge,B,4,0,14.5861,3.0209,0.0,2,1,19.0,0.0,2,16.1205,0.0182,2,52,0,0.0,12.7204,-6.6177,0,25.0392,17,1
sancheti_baseline_seed48_scale0.95,baseline,48,0.95,160.0,surge,B,3,0,15.8997,1.708,0.0,2,1,14.0,0.0,1,13.634,0.0303,1,56,0,-2.0,7.8531,-8.8154,-1,25.0392,17,1
sancheti_baseline_seed48_scale0.95,baseline,48,0.95,165.0,surge,B,3,0,16.0385,1.2347,0.0,2,1,9.0,0.0,5,15.0879,0.0624,3,51,0,-2.0,12.748,-8.7234,-1,25.0392,17,1
sancheti_baseline_seed48_scale0.95,baseline,48,0.95,170.0,surge,B,3,0,15.9581,1.708,0.0,2,1,4.0,0.0,3,16.0459,0.0173,2,53,0,-3.149,10.4907,-23.518,-2,25.0392,17,1
sancheti_baseline_seed48_scale0.95,baseline,48,0.95,175.0,surge,B,3,0,16.3027,6.9056,0.0,3,0,5.0,5.0,3,16.1497,0.0173,2,58,0,-3.149,14.0132,-18.3204,-2,25.0392,17,1
sancheti_baseline_seed48_scale0.95,baseline,48,0.95,180.0,surge,B,4,1,10.3089,10.8732,0.0,3,0,0.0,10.0,2,16.4829,0.0182,2,58,0,-3.149,6.0546,-24.4646,-2,25.0392,17,1
sancheti_baseline_seed48_scale0.95,baseline,48,0.95,185.0,surge,B,5,2,8.4454,20.5118,2.0,0,0,34.0,15.0,2,9.8492,0.0115,0,59,0,-1.149,6.0784,-14.826,-1,25.0392,17,1
sancheti_baseline_seed48_scale0.95,baseline,48,0.95,190.0,surge,B,8,4,5.8571,31.0025,2.0,0,0,29.0,20.0,8,13.2167,0.1019,5,62,0,-2.6216,5.8213,-3.7535,0,25.0392,17,1
sancheti_baseline_seed48_scale0.95,baseline,48,0.95,195.0,surge,B,8,5,4.927,50.8474,2.0,0,0,24.0,25.0,14,13.6004,0.1631,11,65,0,-2.5313,0.3413,13.0644,1,25.0392,17,1
sancheti_baseline_seed48_scale0.95,baseline,48,0.95,200.0,surge,B,11,8,2.4125,60.9596,5.4587,0,0,19.0,30.0,11,14.1661,0.1244,6,65,0,5.4587,-11.1162,51.0894,8,25.0392,17,1
sancheti_baseline_seed48_scale0.95,baseline,48,0.95,205.0,surge,B,11,8,3.8372,60.8282,7.449,0,0,14.0,35.0,6,13.1045,0.0954,3,69,0,7.449,-12.3921,52.9838,8,25.0392,17,1
sancheti_baseline_seed48_scale0.95,baseline,48,0.95,210.0,surge,B,13,10,2.2181,72.0794,6.5938,0,0,9.0,40.0,6,14.6296,0.0979,3,74,0,6.5938,-12.4287,69.5544,10,25.0392,17,1
sancheti_baseline_seed48_scale0.95,baseline,48,0.95,215.0,surge,B,16,10,3.2806,74.2607,6.9977,0,0,4.0,45.0,8,12.5875,0.084,6,78,0,6.9977,-11.3055,71.2398,10,25.0392,17,1
sancheti_baseline_seed48_scale0.95,baseline,48,0.95,220.0,surge,B,17,14,1.4405,75.2005,14.9868,1,0,5.0,50.0,7,9.3571,0.0982,3,82,0,14.9868,-14.4592,73.4925,14,31.6497,17,1
sancheti_baseline_seed48_scale0.95,baseline,48,0.95,225.0,surge,B,20,17,1.8858,77.1391,25.0392,1,0,0.0,55.0,3,10.983,0.0551,1,87,0,25.0392,-14.1527,75.9044,17,36.2278,19,1
sancheti_baseline_seed48_scale0.95,baseline,48,0.95,230.0,surge,B,13,4,4.0759,39.3221,8.9956,2,1,34.0,0.0,8,10.2079,0.0707,0,90,0,8.9956,-11.8822,37.6141,4,36.2278,19,1
sancheti_baseline_seed48_scale0.95,baseline,48,0.95,235.0,surge,B,9,0,7.6175,14.0334,0.0,2,1,29.0,0.0,15,15.2673,0.1155,13,95,0,0.0,-8.6852,7.1278,0,36.2278,19,1
sancheti_baseline_seed48_scale0.95,baseline,48,0.95,240.0,surge,B,3,0,14.091,10.935,0.0,2,1,24.0,0.0,10,12.4819,0.107,6,100,0,0.0,3.7821,0.0618,-1,36.2278,19,1
sancheti_baseline_seed48_scale0.95,baseline,48,0.95,245.0,surge,B,3,0,16.1012,1.1986,0.0,2,1,19.0,0.0,10,12.5691,0.1011,7,103,0,-2.0,7.6558,-19.3132,-2,36.2278,19,1
sancheti_baseline_seed48_scale0.95,baseline,48,0.95,250.0,surge,B,3,0,16.4128,1.708,0.0,2,1,14.0,0.0,5,15.2454,0.0378,2,108,0,-2.0,10.5557,-29.2945,-4,36.2278,19,1
sancheti_baseline_seed48_scale0.95,baseline,48,0.95,255.0,surge,B,2,0,14.986,1.4611,0.0,2,1,9.0,0.0,3,16.1726,0.0173,2,102,0,-2.0,10.059,-49.3863,-5,36.2278,19,1
sancheti_baseline_seed48_scale0.95,baseline,48,0.95,260.0,surge,B,3,0,14.1499,1.5639,0.0,2,1,4.0,0.0,3,15.923,0.024,2,96,0,-5.4587,11.7374,-59.3957,-8,36.2278,19,1
sancheti_baseline_seed48_scale0.95,baseline,48,0.95,265.0,surge,B,4,0,14.6047,4.3687,0.0,3,0,5.0,5.0,2,14.7307,0.0139,2,90,0,-7.449,10.7675,-56.4595,-8,36.2278,19,1
sancheti_baseline_seed48_scale0.95,baseline,48,0.95,270.0,surge,B,6,1,7.9741,17.2258,2.8,3,0,0.0,10.0,2,14.8161,0.0139,2,87,0,-3.7938,5.756,-54.8536,-9,36.2278,19,1
sancheti_baseline_seed48_scale0.95,baseline,48,0.95,275.0,surge,B,8,4,5.1963,31.8711,9.7372,0,0,34.0,15.0,2,10.5664,0.0115,0,77,0,2.7395,1.9157,-42.3896,-6,36.2278,19,1
sancheti_baseline_seed48_scale0.95,baseline,48,0.95,280.0,surge,B,8,5,4.2472,41.1824,9.382,0,0,29.0,20.0,6,12.6214,0.0768,5,70,0,-5.6048,2.8067,-34.0181,-9,36.2278,19,1
sancheti_baseline_seed48_scale0.95,baseline,48,0.95,285.0,surge,B,10,7,2.3177,44.0423,9.731,0,0,24.0,25.0,11,12.0156,0.1672,8,70,0,-15.3082,0.4319,-33.0968,-10,36.2278,19,1
sancheti_baseline_seed48_scale0.95,baseline,48,0.95,290.0,surge,B,12,9,2.4342,44.8077,9.731,0,0,19.0,30.0,11,13.8255,0.2011,6,72,0,0.7354,-1.6417,5.4856,5,36.2278,19,1
sancheti_baseline_seed48_scale0.95,baseline,48,0.95,295.0,surge,B,14,11,2.9719,45.8664,24.0173,0,0,14.0,35.0,10,14.2964,0.1158,8,76,0,24.0173,-4.6456,31.833,11,36.2278,19,1
sancheti_baseline_seed48_scale0.95,baseline,48,0.95,300.0,surge,B,15,12,0.94,46.7513,23.9366,0,0,9.0,40.0,1,13.6915,0.0303,0,81,0,23.9366,-13.151,35.8163,12,38.6377,19,1
sancheti_baseline_seed48_scale0.95,baseline,48,0.95,305.0,surge,B,18,13,2.6462,49.4882,22.4446,0,0,4.0,45.0,5,15.36,0.0667,4,86,0,22.4446,-13.455,48.2896,13,38.6377,19,1
sancheti_baseline_seed48_scale0.95,baseline,48,0.95,310.0,surge,B,20,16,1.4745,50.7846,31.6497,1,0,5.0,50.0,6,15.1818,0.0413,5,90,0,31.6497,-14.9383,49.0766,16,38.6377,19,1
sancheti_baseline_seed48_scale0.95,baseline,48,0.95,315.0,surge,B,22,19,0.6087,51.4618,36.2278,1,0,0.0,55.0,3,12.6269,0.0255,1,94,0,36.2278,-14.3773,50.0007,19,47.642,21,1
sancheti_baseline_seed48_scale0.95,baseline,48,0.95,320.0,surge,B,19,6,3.7241,43.2465,13.4,2,1,34.0,0.0,2,10.4906,0.0182,0,98,0,13.4,-10.4258,41.6826,6,47.642,21,1
sancheti_baseline_seed48_scale0.95,baseline,48,0.95,325.0,surge,B,12,0,6.8672,17.1634,0.0,2,1,29.0,0.0,12,13.8842,0.1069,10,102,0,0.0,-7.7375,12.7947,0,47.642,21,1
sancheti_baseline_seed48_scale0.95,baseline,48,0.95,330.0,surge,B,4,0,12.043,23.0326,0.0,2,1,24.0,0.0,14,13.479,0.1637,9,107,0,-2.8,4.0689,5.8068,-1,47.642,21,1
sancheti_baseline_seed48_scale0.95,baseline,48,0.95,335.0,surge,B,3,0,15.3754,1.3993,0.0,2,1,19.0,0.0,14,13.3288,0.1444,11,111,0,-9.7372,10.1791,-30.4718,-4,47.642,21,1
sancheti_baseline_seed48_scale0.95,baseline,48,0.95,340.0,surge,B,3,0,15.7068,9.4345,0.0,2,1,14.0,0.0,5,12.5709,0.0424,0,115,0,-9.382,11.4596,-31.7479,-5,47.642,21,1
sancheti_baseline_seed48_scale0.95,baseline,48,0.95,345.0,surge,B,3,0,16.3893,11.4083,0.0,2,1,9.0,0.0,4,15.4617,0.0254,4,112,0,-9.731,14.0716,-32.634,-7,47.642,21,1
sancheti_baseline_seed48_scale0.95,baseline,48,0.95,350.0,surge,B,2,0,15.9954,1.2964,0.0,2,1,4.0,0.0,3,16.3483,0.024,2,110,0,-9.731,13.5612,-43.5113,-9,47.642,21,1
sancheti_baseline_seed48_scale0.95,baseline,48,0.95,355.0,surge,B,2,0,12.5619,2.5723,0.0,3,0,5.0,5.0,3,16.3271,0.0372,2,106,0,-24.0173,9.59,-43.2941,-11,47.642,21,1
sancheti_baseline_seed48_scale0.95,baseline,48,0.95,360.0,surge,B,5,1,9.9078,14.7831,2.0,3,0,0.0,10.0,1,16.362,0.0124,0,100,0,-21.9366,8.9678,-31.9682,-11,47.642,21,1
sancheti_baseline_seed48_scale0.95,baseline,48,0.95,365.0,surge,B,6,3,4.6091,23.9285,7.8032,0,0,34.0,15.0,1,10.1439,0.0058,0,90,0,-14.6414,1.9629,-25.5597,-10,47.642,21,1
sancheti_baseline_seed48_scale0.95,baseline,48,0.95,370.0,surge,B,9,5,5.2598,24.3658,7.8463,0,0,29.0,20.0,10,11.9592,0.0979,7,82,0,-23.8034,3.7853,-26.4188,-11,47.642,21,1
sancheti_baseline_seed48_scale0.95,baseline,48,0.95,375.0,surge,B,11,8,2.9023,25.8136,13.7878,0,0,24.0,25.0,17,14.5832,0.131,12,82,0,-22.44,2.2936,-25.6482,-11,47.642,21,1
sancheti_baseline_seed48_scale0.95,baseline,48,0.95,380.0,surge,B,13,9,2.5875,27.5833,16.7866,0,0,19.0,30.0,15,13.6961,0.1293,8,80,0,3.3866,-1.1366,-15.6632,3,47.642,21,1
sancheti_baseline_seed48_scale0.95,baseline,48,0.95,385.0,surge,B,15,12,1.8972,30.6289,26.7455,0,0,14.0,35.0,7,14.2179,0.1237,5,85,0,26.7455,-4.97,13.4655,12,47.642,21,1
sancheti_baseline_seed48_scale0.95,baseline,48,0.95,390.0,surge,B,16,13,1.4569,31.0405,38.6377,0,0,9.0,40.0,4,15.5209,0.0609,3,89,0,38.6377,-10.5861,8.0079,13,47.642,21,1
sancheti_baseline_seed48_scale0.95,baseline,48,0.95,395.0,surge,B,19,15,1.6551,32.9568,36.8873,0,0,4.0,45.0,3,15.4051,0.0449,2,93,0,36.8873,-13.7203,31.5575,15,47.642,21,1
sancheti_baseline_seed48_scale0.95,baseline,48,0.95,400.0,surge,B,21,17,1.5681,34.6005,37.5872,1,0,5.0,50.0,4,15.634,0.0676,2,98,0,37.5872,-14.1387,25.166,17,47.642,21,1
sancheti_baseline_seed48_scale0.95,baseline,48,0.95,405.0,surge,B,23,21,0.9338,35.8969,47.642,1,0,0.0,55.0,1,12.2593,0.0202,1,101,0,47.642,-15.4555,24.4886,21,37.4318,12,1
sancheti_baseline_seed48_scale0.95,baseline,48,0.95,410.0,surge,B,23,12,2.584,55.3848,37.4318,2,1,34.0,0.0,2,8.4549,0.0206,0,103,0,37.4318,-13.4114,54.0884,12,8.3872,6,0
sancheti_baseline_seed48_scale0.95,baseline,48,0.95,415.0,surge,B,16,2,5.2399,30.9888,8.3872,2,1,29.0,0.0,6,11.3157,0.0815,4,107,0,8.3872,-7.322,28.4165,2,4.73,6,0
sancheti_baseline_seed48_scale0.95,baseline,48,0.95,420.0,recovery,B,12,0,7.8911,24.9787,0.0,2,1,24.0,0.0,13,12.383,0.1732,11,111,0,-2.0,-2.0167,10.1956,-1,4.73,6,0
sancheti_baseline_seed48_scale0.95,baseline,48,0.95,425.0,recovery,B,6,0,11.877,26.8856,0.0,2,1,19.0,0.0,13,12.8121,0.16,5,115,0,-7.8032,7.2679,2.9571,-3,4.73,6,0
sancheti_baseline_seed48_scale0.95,baseline,48,0.95,430.0,recovery,B,3,0,14.4315,3.1485,0.0,2,1,14.0,0.0,13,13.2337,0.1312,10,118,0,-7.8463,9.1717,-21.2173,-5,4.73,6,0
sancheti_baseline_seed48_scale0.95,baseline,48,0.95,435.0,recovery,B,3,0,13.312,4.4861,0.0,2,1,9.0,0.0,6,14.8488,0.0551,3,111,0,-13.7878,10.4097,-21.3275,-8,4.73,6,0
sancheti_baseline_seed48_scale0.95,baseline,48,0.95,440.0,recovery,B,3,0,15.0968,2.7369,0.0,2,1,4.0,0.0,3,14.3198,0.0442,1,104,0,-16.7866,12.5093,-24.8464,-9,4.73,6,0
sancheti_baseline_seed48_scale0.95,baseline,48,0.95,445.0,recovery,B,1,0,14.4582,0.4116,0.0,3,0,5.0,5.0,3,14.1559,0.0629,2,95,0,-26.7455,12.561,-30.2173,-12,4.73,6,0
sancheti_baseline_seed48_scale0.95,baseline,48,0.95,450.0,recovery,B,2,1,6.9034,11.7993,2.0,3,0,0.0,10.0,1,12.4785,0.0202,0,94,0,-36.6377,5.4465,-19.2412,-12,4.73,6,0
sancheti_baseline_seed48_scale0.95,baseline,48,0.95,455.0,recovery,B,2,1,6.0994,11.7993,2.0,0,0,34.0,15.0,2,9.6077,0.0245,0,90,0,-34.8873,4.4443,-21.1575,-14,4.73,6,0
sancheti_baseline_seed48_scale0.95,baseline,48,0.95,460.0,recovery,B,3,3,3.9147,25.5512,4.73,0,0,29.0,20.0,7,13.9961,0.0794,6,82,0,-32.8572,2.3466,-9.0493,-14,4.73,6,0
sancheti_baseline_seed48_scale0.95,baseline,48,0.95,465.0,recovery,B,4,4,3.4087,34.873,4.73,0,0,24.0,25.0,9,11.8143,0.1178,5,76,0,-42.912,2.4749,-1.0239,-17,4.73,6,0
sancheti_baseline_seed48_scale0.95,baseline,48,0.95,470.0,recovery,B,4,4,2.8888,35.1899,4.73,0,0,19.0,30.0,17,13.1014,0.1823,9,71,0,-32.7018,0.3048,-20.1949,-8,4.73,6,0
sancheti_baseline_seed48_scale0.95,baseline,48,0.95,475.0,recovery,B,5,5,2.8799,45.3018,4.73,0,0,14.0,35.0,13,14.0178,0.1152,8,74,0,-3.6572,-2.36,14.313,3,4.73,6,0
sancheti_baseline_seed48_scale0.95,baseline,48,0.95,480.0,recovery,B,5,5,1.0015,45.3018,4.73,0,0,9.0,40.0,5,12.0727,0.0587,1,77,0,4.73,-6.8896,20.3231,5,4.73,6,0
sancheti_baseline_seed48_scale0.95,baseline,48,0.95,485.0,recovery,B,5,5,2.0498,45.157,4.73,0,0,4.0,45.0,8,15.4152,0.0774,6,78,0,4.73,-9.8272,18.2714,5,4.73,6,0
sancheti_baseline_seed48_scale0.95,baseline,48,0.95,490.0,recovery,B,5,5,2.0408,45.8574,4.73,1,0,5.0,50.0,9,13.668,0.0653,5,82,0,4.73,-12.3907,42.7089,5,4.73,6,0
sancheti_baseline_seed48_scale0.95,baseline,48,0.95,495.0,recovery,B,6,6,2.0476,48.0181,4.73,1,0,0.0,55.0,4,8.8262,0.0364,1,84,0,4.73,-11.2644,43.532,6,4.73,5,0
sancheti_baseline_seed48_scale0.95,baseline,48,0.95,500.0,recovery,B,3,0,7.3937,4.2427,0.0,2,1,34.0,0.0,5,6.5781,0.0355,0,88,0,0.0,-7.7031,1.5058,0,4.73,5,0
sancheti_baseline_seed48_scale0.95,baseline,48,0.95,505.0,recovery,B,1,0,14.3494,1.857,0.0,2,1,29.0,0.0,7,12.4404,0.0871,5,90,0,0.0,-0.1088,1.4454,0,4.73,5,0
sancheti_baseline_seed48_scale0.95,baseline,48,0.95,510.0,recovery,B,1,0,13.8815,2.1607,0.0,2,1,24.0,0.0,4,13.5749,0.1061,4,92,0,-2.0,6.9781,-9.6386,-1,4.73,5,0
sancheti_baseline_seed45_scale1.1,baseline,45,1.1,5.0,normal,A,0,0,0.0,0.0,0.0,0,1,34.0,0.0,0,0.0,0.0,0,2,0,0.0,0.0,0.0,0,9.232,4,0
sancheti_baseline_seed45_scale1.1,baseline,45,1.1,10.0,normal,A,0,0,0.0,0.0,0.0,0,1,29.0,0.0,0,0.0,0.0,0,4,0,0.0,0.0,0.0,0,9.232,4,0
sancheti_baseline_seed45_scale1.1,baseline,45,1.1,15.0,normal,A,0,0,0.0,0.0,0.0,0,1,24.0,0.0,0,0.0,0.0,0,4,0,0.0,0.0,0.0,0,9.232,4,0
sancheti_baseline_seed45_scale1.1,baseline,45,1.1,20.0,normal,A,1,0,15.5573,1.7188,0.0,0,1,19.0,0.0,0,0.0,0.0,0,6,0,0.0,15.5573,1.7188,0,9.232,4,0
sancheti_baseline_seed45_scale1.1,baseline,45,1.1,25.0,normal,A,0,0,0.0,0.0,0.0,0,1,14.0,0.0,1,16.0533,0.0124,1,7,0,0.0,0.0,0.0,0,9.232,4,0
sancheti_baseline_seed45_scale1.1,baseline,45,1.1,30.0,normal,A,0,0,0.0,0.0,0.0,0,1,9.0,0.0,1,16.2854,0.0124,1,9,0,0.0,0.0,0.0,0,9.232,4,0
sancheti_baseline_seed45_scale1.1,baseline,45,1.1,35.0,normal,A,2,0,12.2948,4.1515,0.0,0,1,4.0,0.0,0,0.0,0.0,0,9,0,0.0,12.2948,4.1515,0,9.232,4,0
sancheti_baseline_seed45_scale1.1,baseline,45,1.1,40.0,normal,A,0,0,0.0,0.0,0.0,1,0,5.0,5.0,2,13.79,0.0361,1,11,0,0.0,0.0,0.0,0,9.232,4,0
sancheti_baseline_seed45_scale1.1,baseline,45,1.1,45.0,normal,A,0,0,0.0,0.0,0.0,1,0,0.0,10.0,2,14.7101,0.0361,1,12,0,0.0,0.0,0.0,0,9.232,4,0
sancheti_baseline_seed45_scale1.1,baseline,45,1.1,50.0,normal,A,2,0,8.4496,9.205,0.0,2,0,34.0,15.0,3,9.7704,0.0199,0,13,0,0.0,8.4496,9.205,0,9.232,4,0
sancheti_baseline_seed45_scale1.1,baseline,45,1.1,55.0,normal,A,1,1,0.0,12.6325,7.649,2,0,29.0,20.0,4,15.5069,0.032,4,14,0,7.649,0.0,12.6325,1,9.232,4,0
sancheti_baseline_seed45_scale1.1,baseline,45,1.1,60.0,normal,A,2,2,1.03,16.4608,7.649,2,0,24.0,25.0,1,16.5819,0.0058,1,16,0,7.649,1.03,16.4608,2,9.232,4,0
sancheti_baseline_seed45_scale1.1,baseline,45,1.1,65.0,normal,A,3,3,0.0166,23.0371,7.649,2,0,19.0,30.0,0,0.0,0.0,0,16,0,7.649,0.0166,23.0371,3,9.232,6,0
sancheti_baseline_seed45_scale1.1,baseline,45,1.1,70.0,normal,A,4,3,3.8367,23.8365,7.649,2,0,14.0,35.0,1,13.8521,0.0303,1,18,0,7.649,3.8367,23.8365,3,21.53,8,1
sancheti_baseline_seed45_scale1.1,baseline,45,1.1,75.0,normal,A,4,4,0.1621,23.6699,9.232,2,0,9.0,40.0,1,13.7525,0.0303,1,18,0,9.232,0.1621,23.6699,4,21.53,8,1
sancheti_baseline_seed45_scale1.1,baseline,45,1.1,80.0,normal,A,5,4,0.895,24.318,8.8536,2,0,4.0,45.0,1,16.0268,0.0058,1,17,0,8.8536,-14.6623,22.5992,4,22.0748,12,1
sancheti_baseline_seed45_scale1.1,baseline,45,1.1,85.0,normal,A,5,4,2.552,25.2368,8.8521,3,0,5.0,50.0,0,0.0,0.0,0,19,0,8.8521,2.552,25.2368,4,24.4471,12,1
sancheti_baseline_seed45_scale1.1,baseline,45,1.1,90.0,normal,A,5,4,0.337,28.0589,7.649,3,0,0.0,55.0,0,0.0,0.0,0,17,0,7.649,0.337,28.0589,4,30.3017,17,1
sancheti_baseline_seed45_scale1.1,baseline,45,1.1,95.0,normal,A,2,0,5.2823,11.1822,0.0,0,1,34.0,0.0,2,10.281,0.0182,0,16,0,0.0,-7.0125,7.0307,0,30.3017,17,1
sancheti_baseline_seed45_scale1.1,baseline,45,1.1,100.0,normal,A,1,0,16.5838,0.7994,0.0,0,1,29.0,0.0,7,13.2005,0.0806,6,17,0,0.0,16.5838,0.7994,0,30.3017,17,1
sancheti_baseline_seed45_scale1.1,baseline,45,1.1,105.0,normal,A,0,0,0.0,0.0,0.0,0,1,24.0,0.0,5,14.8923,0.0557,4,19,0,0.0,0.0,0.0,0,30.3017,17,1
sancheti_baseline_seed45_scale1.1,baseline,45,1.1,110.0,normal,A,0,0,0.0,0.0,0.0,0,1,19.0,0.0,1,14.9637,0.0058,0,20,0,0.0,-8.4496,-9.205,0,30.3017,17,1
sancheti_baseline_seed45_scale1.1,baseline,45,1.1,115.0,normal,A,1,0,15.5097,0.7994,0.0,0,1,14.0,0.0,1,16.4936,0.0124,1,20,0,-7.649,15.5097,-11.8331,-1,30.3017,17,1
sancheti_baseline_seed45_scale1.1,baseline,45,1.1,120.0,surge,A,0,0,0.0,0.0,0.0,0,1,9.0,0.0,1,16.4933,0.0058,1,21,0,-7.649,-1.03,-16.4608,-2,30.3017,17,1
sancheti_baseline_seed45_scale1.1,baseline,45,1.1,125.0,surge,A,0,0,0.0,0.0,0.0,0,1,4.0,0.0,1,16.1363,0.0043,0,28,0,-7.649,-0.0166,-23.0371,-3,30.3017,17,1
sancheti_baseline_seed45_scale1.1,baseline,45,1.1,130.0,surge,A,0,0,0.0,0.0,0.0,1,0,5.0,5.0,1,15.966,0.0058,1,33,0,-7.649,-3.8367,-23.8365,-3,30.3017,17,1
sancheti_baseline_seed45_scale1.1,baseline,45,1.1,135.0,surge,A,1,1,0.0,3.3031,2.0,1,0,0.0,10.0,0,0.0,0.0,0,37,0,-7.232,-0.1621,-20.3668,-3,30.3017,17,1
sancheti_baseline_seed45_scale1.1,baseline,45,1.1,140.0,surge,A,3,1,7.0153,6.7592,2.0,2,0,34.0,15.0,3,9.8511,0.0173,0,42,0,-6.8536,6.1203,-17.5588,-3,30.3017,17,1
sancheti_baseline_seed45_scale1.1,baseline,45,1.1,145.0,surge,A,5,3,2.0215,15.9562,4.3,2,0,29.0,20.0,9,15.447,0.0699,9,48,0,-4.5521,-0.5305,-9.2806,-1,30.3017,17,1
sancheti_baseline_seed45_scale1.1,baseline,45,1.1,150.0,surge,A,7,4,2.6913,26.4044,4.3,2,0,24.0,25.0,3,15.5185,0.0329,1,53,0,-3.349,2.3543,-1.6545,0,30.3017,17,1
sancheti_baseline_seed45_scale1.1,baseline,45,1.1,155.0,surge,A,8,6,1.592,39.7312,7.649,2,0,19.0,30.0,2,14.8632,0.0139,2,58,0,7.649,-3.6903,28.549,6,30.3017,17,1
sancheti_baseline_seed45_scale1.1,baseline,45,1.1,160.0,surge,A,10,8,0.6839,42.44,21.53,2,0,14.0,35.0,4,15.715,0.0519,4,63,0,21.53,-15.8999,41.6406,8,37.5371,17,1
sancheti_baseline_seed45_scale1.1,baseline,45,1.1,165.0,surge,A,12,8,1.863,46.3108,18.149,2,0,9.0,40.0,3,16.1058,0.024,3,60,0,18.149,1.863,46.3108,8,43.389,17,1
sancheti_baseline_seed45_scale1.1,baseline,45,1.1,170.0,surge,A,14,12,0.6299,50.1313,22.0748,2,0,4.0,45.0,3,16.3474,0.0167,2,58,0,22.0748,0.6299,50.1313,12,43.389,17,1
sancheti_baseline_seed45_scale1.1,baseline,45,1.1,175.0,surge,A,18,12,1.0765,55.7915,24.4471,3,0,5.0,50.0,3,15.8918,0.024,3,62,0,24.4471,-14.4332,54.9921,12,43.389,17,1
sancheti_baseline_seed45_scale1.1,baseline,45,1.1,180.0,surge,A,20,17,0.3721,58.3094,30.3017,3,0,0.0,55.0,2,15.6647,0.0115,1,60,0,30.3017,0.3721,58.3094,17,43.389,14,1
sancheti_baseline_seed45_scale1.1,baseline,45,1.1,185.0,surge,A,14,5,2.4709,26.9721,13.7514,0,1,34.0,0.0,5,10.1824,0.0468,0,63,0,13.7514,2.4709,26.9721,5,43.389,14,1
sancheti_baseline_seed45_scale1.1,baseline,45,1.1,190.0,surge,A,7,0,6.2285,15.1342,0.0,0,1,29.0,0.0,13,15.3812,0.1218,12,65,0,0.0,6.2285,15.1342,0,43.389,14,1
sancheti_baseline_seed45_scale1.1,baseline,45,1.1,195.0,surge,A,2,0,11.034,4.9964,0.0,0,1,24.0,0.0,13,13.651,0.1351,6,66,0,-2.0,11.034,1.6933,-1,43.389,14,1
sancheti_baseline_seed45_scale1.1,baseline,45,1.1,200.0,surge,A,3,0,12.3217,12.098,0.0,0,1,19.0,0.0,10,14.0928,0.1201,7,68,0,-2.0,5.3064,5.3388,-1,43.389,14,1
sancheti_baseline_seed45_scale1.1,baseline,45,1.1,205.0,surge,A,3,0,13.5473,5.2217,0.0,0,1,14.0,0.0,4,14.8532,0.0788,4,72,0,-4.3,11.5258,-10.7345,-3,43.389,14,1
sancheti_baseline_seed45_scale1.1,baseline,45,1.1,210.0,surge,A,2,0,15.8365,1.5988,0.0,0,1,9.0,0.0,5,15.0287,0.0586,5,77,0,-4.3,13.1452,-24.8056,-4,43.389,14,1
sancheti_baseline_seed45_scale1.1,baseline,45,1.1,215.0,surge,A,3,0,14.2706,2.6945,0.0,0,1,4.0,0.0,5,15.1319,0.0378,2,80,0,-7.649,12.6786,-37.0367,-6,43.389,14,1
sancheti_baseline_seed45_scale1.1,baseline,45,1.1,220.0,surge,A,1,0,10.8454,2.798,0.0,1,0,5.0,5.0,5,12.6789,0.0335,3,84,0,-21.53,10.1615,-39.642,-8,43.389,14,1
sancheti_baseline_seed45_scale1.1,baseline,45,1.1,225.0,surge,A,4,1,7.7109,15.0367,0.0,1,0,0.0,10.0,3,12.8843,0.0219,1,87,0,-18.149,5.8479,-31.2741,-7,43.389,14,1
sancheti_baseline_seed45_scale1.1,baseline,45,1.1,230.0,surge,A,4,2,3.1046,26.1623,7.0,2,0,34.0,15.0,2,10.1327,0.0115,0,93,0,-15.0748,2.4747,-23.969,-10,43.389,14,1
sancheti_baseline_seed45_scale1.1,baseline,45,1.1,235.0,surge,A,8,5,1.9001,31.4604,7.649,2,0,29.0,20.0,8,12.5173,0.0686,6,98,0,-16.7981,0.8236,-24.3311,-7,43.389,14,1
sancheti_baseline_seed45_scale1.1,baseline,45,1.1,240.0,surge,A,8,7,0.6091,29.6714,15.3827,2,0,24.0,25.0,11,12.4869,0.1106,7,103,0,-14.919,0.237,-28.638,-10,43.389,14,1
sancheti_baseline_seed45_scale1.1,baseline,45,1.1,245.0,surge,A,9,6,0.9494,35.9096,12.3521,2,0,19.0,30.0,15,13.7955,0.1665,9,108,0,-1.3993,-1.5215,8.9375,1,43.389,14,1
sancheti_baseline_seed45_scale1.1,baseline,45,1.1,250.0,surge,A,10,9,0.3249,37.3329,37.5371,2,0,14.0,35.0,11,13.043,0.1472,8,113,0,37.5371,-5.9036,22.1987,9,43.389,14,1
sancheti_baseline_seed45_scale1.1,baseline,45,1.1,255.0,surge,A,10,9,0.5139,39.467,43.389,2,0,9.0,40.0,11,13.1152,0.1314,5,105,0,43.389,-10.5201,34.4706,9,42.0421,14,1
sancheti_baseline_seed45_scale1.1,baseline,45,1.1,260.0,surge,A,10,9,0.2861,40.8335,34.0542,2,0,4.0,45.0,7,14.7652,0.0693,3,98,0,34.0542,-12.0356,28.7355,9,42.0421,14,1
sancheti_baseline_seed45_scale1.1,baseline,45,1.1,265.0,surge,A,13,11,0.7428,45.5892,34.0542,3,0,5.0,50.0,4,15.9313,0.0364,3,99,0,34.0542,-12.8045,40.3675,11,42.0421,19,1
sancheti_baseline_seed45_scale1.1,baseline,45,1.1,270.0,surge,A,14,14,0.0623,46.4583,40.071,3,0,0.0,55.0,1,15.7166,0.0058,0,90,0,40.071,-15.7742,44.8595,14,42.0421,22,1
sancheti_baseline_seed45_scale1.1,baseline,45,1.1,275.0,surge,A,12,5,1.8738,33.6149,22.9469,0,1,34.0,0.0,2,10.2902,0.0182,0,86,0,22.9469,-12.3968,30.9204,5,42.0421,22,1
sancheti_baseline_seed45_scale1.1,baseline,45,1.1,280.0,surge,A,11,0,4.1342,18.3731,0.0,0,1,29.0,0.0,7,11.8125,0.0752,5,84,0,0.0,-6.7112,15.5751,0,42.0421,22,1
sancheti_baseline_seed45_scale1.1,baseline,45,1.1,285.0,surge,A,9,0,7.1228,12.0984,0.0,0,1,24.0,0.0,10,13.0083,0.1521,5,82,0,0.0,-0.5881,-2.9383,-1,42.0421,22,1
sancheti_baseline_seed45_scale1.1,baseline,45,1.1,290.0,surge,A,3,0,13.7267,9.6198,0.0,0,1,19.0,0.0,10,12.4384,0.1704,7,80,0,-7.0,10.6221,-16.5425,-2,42.0421,22,1
sancheti_baseline_seed45_scale1.1,baseline,45,1.1,295.0,surge,A,3,0,13.7618,8.2563,0.0,0,1,14.0,0.0,13,14.1866,0.125,7,81,0,-7.649,11.8617,-23.2041,-5,42.0421,22,1
sancheti_baseline_seed45_scale1.1,baseline,45,1.1,300.0,surge,A,3,0,15.46,6.1862,0.0,0,1,9.0,0.0,7,11.1471,0.065,2,85,0,-15.3827,14.8509,-23.4852,-7,42.0421,22,1
sancheti_baseline_seed45_scale1.1,baseline,45,1.1,305.0,surge,A,2,0,15.8711,1.215,0.0,0,1,4.0,0.0,7,11.6003,0.0757,5,90,0,-12.3521,14.9217,-34.6946,-6,42.0421,22,1
sancheti_baseline_seed45_scale1.1,baseline,45,1.1,310.0,surge,A,2,0,15.7777,8.8203,0.0,1,0,5.0,5.0,10,8.3543,0.085,4,95,0,-37.5371,15.4528,-28.5126,-9,42.0421,22,1
sancheti_baseline_seed45_scale1.1,baseline,45,1.1,315.0,surge,A,3,1,5.6991,8.7004,0.0,1,0,0.0,10.0,9,5.5805,0.0875,2,100,0,-43.389,5.1852,-30.7666,-8,42.0421,22,1
sancheti_baseline_seed45_scale1.1,baseline,45,1.1,320.0,surge,A,7,3,3.0967,22.2418,7.3289,2,0,34.0,15.0,7,4.5345,0.0603,0,104,0,-26.7253,2.8106,-18.5917,-6,42.0421,22,1
sancheti_baseline_seed45_scale1.1,baseline,45,1.1,325.0,surge,A,8,5,2.2639,25.0566,7.3011,2,0,29.0,20.0,14,11.3955,0.125,7,108,0,-26.7531,1.5211,-20.5326,-6,42.0421,22,1
sancheti_baseline_seed45_scale1.1,baseline,45,1.1,330.0,surge,A,11,9,0.9121,28.1797,14.8973,2,0,24.0,25.0,19,13.1282,0.1744,13,114,0,-25.1737,0.8498,-18.2786,-5,42.0421,22,1
sancheti_baseline_seed45_scale1.1,baseline,45,1.1,335.0,surge,A,14,10,1.1625,32.1841,23.6673,2,0,19.0,30.0,20,12.7614,0.1556,11,119,0,0.7204,-0.7113,-1.4308,5,42.0421,22,1
sancheti_baseline_seed45_scale1.1,baseline,45,1.1,340.0,surge,A,14,12,0.719,32.9729,42.0421,2,0,14.0,35.0,10,12.8022,0.0694,3,123,0,42.0421,-3.4152,14.5998,12,39.6738,22,1
sancheti_baseline_seed45_scale1.1,baseline,45,1.1,345.0,surge,A,16,14,0.5447,41.2274,32.6573,2,0,9.0,40.0,4,15.2397,0.0609,4,122,0,32.6573,-6.5781,29.129,14,39.6738,22,1
sancheti_baseline_seed45_scale1.1,baseline,45,1.1,350.0,surge,A,17,12,0.9196,44.7932,23.3083,2,0,4.0,45.0,3,15.6037,0.049,2,122,0,23.3083,-12.8071,35.1734,12,39.6738,22,1
sancheti_baseline_seed45_scale1.1,baseline,45,1.1,355.0,surge,A,21,19,0.3933,52.4354,26.6785,3,0,5.0,50.0,5,15.8763,0.0601,4,119,0,26.6785,-13.3685,44.1791,19,39.6738,22,1
sancheti_baseline_seed45_scale1.1,baseline,45,1.1,360.0,surge,A,23,22,0.0856,55.0109,39.6738,3,0,0.0,55.0,1,16.2479,0.0137,1,113,0,39.6738,-15.3744,48.8247,22,33.6865,22,1
sancheti_baseline_seed45_scale1.1,baseline,45,1.1,365.0,surge,A,15,10,1.2516,36.5619,33.6865,0,1,34.0,0.0,6,10.2239,0.0325,0,101,0,33.6865,-14.6195,35.3469,10,31.8589,22,1
sancheti_baseline_seed45_scale1.1,baseline,45,1.1,370.0,surge,A,12,2,3.1112,23.7816,2.8,0,1,29.0,0.0,12,14.3621,0.0938,10,92,0,2.8,-12.6665,14.9613,2,31.8589,22,1
sancheti_baseline_seed45_scale1.1,baseline,45,1.1,375.0,surge,A,12,0,5.9693,28.4457,0.0,0,1,24.0,0.0,8,14.3992,0.0886,6,84,0,0.0,0.2702,19.7453,-1,31.8589,22,1
sancheti_baseline_seed45_scale1.1,baseline,45,1.1,380.0,surge,A,6,0,7.1302,9.8243,0.0,0,1,19.0,0.0,10,11.8462,0.1188,5,80,0,-7.3289,4.0335,-12.4175,-3,31.8589,22,1
sancheti_baseline_seed45_scale1.1,baseline,45,1.1,385.0,surge,A,6,0,10.4248,5.7567,0.0,0,1,14.0,0.0,14,12.8262,0.1587,9,84,0,-7.3011,8.1609,-19.2999,-5,31.8589,22,1
sancheti_baseline_seed45_scale1.1,baseline,45,1.1,390.0,surge,A,2,0,12.5993,15.6212,0.0,0,1,9.0,0.0,13,13.4623,0.1077,10,89,0,-14.8973,11.6872,-12.5585,-9,31.8589,22,1
sancheti_baseline_seed45_scale1.1,baseline,45,1.1,395.0,surge,A,3,0,13.5333,6.0188,0.0,0,1,4.0,0.0,9,11.9427,0.1035,4,93,0,-23.6673,12.3708,-26.1653,-10,31.8589,22,1
sancheti_baseline_seed45_scale1.1,baseline,45,1.1,400.0,surge,A,2,0,15.2874,1.5988,0.0,1,0,5.0,5.0,5,11.1425,0.0912,3,98,0,-42.0421,14.5684,-31.3741,-12,31.8589,22,1
sancheti_baseline_seed45_scale1.1,baseline,45,1.1,405.0,surge,A,7,4,2.8284,17.5783,2.0,1,0,0.0,10.0,6,9.3196,0.097,2,103,0,-30.6573,2.2837,-23.6491,-10,31.8589,22,1
sancheti_baseline_seed45_scale1.1,baseline,45,1.1,410.0,surge,A,10,6,3.2018,25.0141,5.0039,2,0,34.0,15.0,7,6.8061,0.0961,0,106,0,-18.3044,2.2822,-19.7791,-6,31.8589,22,1
sancheti_baseline_seed45_scale1.1,baseline,45,1.1,415.0,surge,A,11,9,1.1394,33.4624,7.649,2,0,29.0,20.0,15,13.8908,0.1815,13,112,0,-19.0295,0.7461,-18.973,-10,31.8589,22,1
sancheti_baseline_seed45_scale1.1,baseline,45,1.1,420.0,recovery,A,14,11,1.0756,42.0292,7.649,2,0,24.0,25.0,17,11.8569,0.1426,10,116,0,-32.0248,0.99,-12.9817,-11,31.8589,22,1
sancheti_baseline_seed45_scale1.1,baseline,45,1.1,425.0,recovery,A,15,14,0.3777,47.1631,22.0979,2,0,19.0,30.0,15,11.2924,0.165,6,120,0,-11.5886,-0.8739,10.6012,4,31.8589,22,1
sancheti_baseline_seed45_scale1.1,baseline,45,1.1,430.0,recovery,A,18,12,1.3678,53.5864,6.648,2,0,14.0,35.0,10,11.7644,0.1201,4,123,0,3.848,-1.7434,29.8048,10,31.8589,22,1
sancheti_baseline_seed45_scale1.1,baseline,45,1.1,435.0,recovery,A,20,17,0.744,59.3141,21.7533,2,0,9.0,40.0,5,14.8961,0.0811,3,117,0,21.7533,-5.2253,30.8684,17,31.8589,22,1
sancheti_baseline_seed45_scale1.1,baseline,45,1.1,440.0,recovery,A,20,18,0.3279,59.6365,12.2531,2,0,4.0,45.0,5,15.3058,0.0601,4,111,0,12.2531,-6.8023,49.8122,18,31.8589,22,1
sancheti_baseline_seed45_scale1.1,baseline,45,1.1,445.0,recovery,A,23,19,0.647,62.8455,30.3858,3,0,5.0,50.0,2,16.4502,0.0115,1,106,0,30.3858,-9.7778,57.0888,19,31.8589,22,1
sancheti_baseline_seed45_scale1.1,baseline,45,1.1,450.0,recovery,A,24,22,0.2125,64.9795,31.8589,3,0,0.0,55.0,0,0.0,0.0,0,101,0,31.8589,-12.3868,49.3583,22,24.8574,23,1
sancheti_baseline_seed45_scale1.1,baseline,45,1.1,455.0,recovery,A,14,9,1.82,28.8367,24.8574,0,1,34.0,0.0,6,10.1965,0.0397,0,92,0,24.8574,-11.7133,22.8179,9,21.5937,23,1
sancheti_baseline_seed45_scale1.1,baseline,45,1.1,460.0,recovery,A,9,0,4.8532,23.3524,0.0,0,1,29.0,0.0,16,15.0003,0.114,14,83,0,0.0,-10.4342,21.7536,0,21.5937,23,1
sancheti_baseline_seed45_scale1.1,baseline,45,1.1,465.0,recovery,A,6,0,7.6338,13.7517,0.0,0,1,24.0,0.0,11,14.3214,0.1103,8,72,0,-2.0,4.8054,-3.8266,-4,21.5937,23,1
sancheti_baseline_seed45_scale1.1,baseline,45,1.1,470.0,recovery,A,3,0,13.0232,8.7004,0.0,0,1,19.0,0.0,10,13.5613,0.1423,5,63,0,-5.0039,9.8214,-16.3137,-6,21.5937,23,1
sancheti_baseline_seed45_scale1.1,baseline,45,1.1,475.0,recovery,A,2,0,16.0025,1.5988,0.0,0,1,14.0,0.0,10,14.591,0.1178,7,67,0,-7.649,14.8631,-31.8636,-9,21.5937,23,1
sancheti_baseline_seed45_scale1.1,baseline,45,1.1,480.0,recovery,A,1,0,12.3271,4.197,0.0,0,1,9.0,0.0,6,14.8632,0.0479,4,71,0,-7.649,11.2515,-37.8322,-11,21.5937,23,1
sancheti_baseline_seed45_scale1.1,baseline,45,1.1,485.0,recovery,A,3,0,13.5106,2.5344,0.0,0,1,4.0,0.0,4,14.2888,0.0476,1,73,0,-22.0979,13.1329,-44.6287,-14,21.5937,23,1
sancheti_baseline_seed45_scale1.1,baseline,45,1.1,490.0,recovery,A,4,0,16.1187,5.6811,0.0,1,0,5.0,5.0,4,13.9258,0.0722,2,77,0,-6.648,14.7509,-47.9053,-12,21.5937,23,1
sancheti_baseline_seed45_scale1.1,baseline,45,1.1,495.0,recovery,A,6,3,7.2595,13.102,2.0003,1,0,0.0,10.0,4,15.4116,0.0543,3,81,0,-19.753,6.5155,-46.2121,-14,21.5937,23,1
sancheti_baseline_seed45_scale1.1,baseline,45,1.1,500.0,recovery,A,8,4,3.39,22.0808,7.649,2,0,34.0,15.0,2,9.8909,0.0182,0,83,0,-4.6041,3.0621,-37.5557,-14,21.5937,23,1
sancheti_baseline_seed45_scale1.1,baseline,45,1.1,505.0,recovery,A,8,7,1.1248,25.5534,5.9478,2,0,29.0,20.0,5,13.0353,0.0689,3,87,0,-24.438,0.4778,-37.2921,-12,21.5937,23,1
sancheti_baseline_seed45_scale1.1,baseline,45,1.1,510.0,recovery,A,14,9,2.3011,34.4334,7.649,2,0,24.0,25.0,6,13.2236,0.0803,6,90,0,-24.2099,2.0886,-30.5461,-13,21.5937,23,1
sancheti_baseline_seed45_scale1.1,baseline,45,1.1,5.0,normal,B,0,0,0.0,0.0,0.0,0,0,34.0,5.0,0,0.0,0.0,0,2,0,0.0,0.0,0.0,0,3.149,3,0
sancheti_baseline_seed45_scale1.1,baseline,45,1.1,10.0,normal,B,0,0,0.0,0.0,0.0,0,0,29.0,10.0,0,0.0,0.0,0,4,0,0.0,0.0,0.0,0,3.149,3,0
sancheti_baseline_seed45_scale1.1,baseline,45,1.1,15.0,normal,B,1,0,16.2572,0.4116,0.0,0,0,24.0,15.0,0,0.0,0.0,0,4,0,0.0,16.2572,0.4116,0,3.149,3,0
sancheti_baseline_seed45_scale1.1,baseline,45,1.1,20.0,normal,B,1,1,0.0515,9.6386,2.0,0,0,19.0,20.0,0,0.0,0.0,0,6,0,2.0,0.0515,9.6386,1,3.149,3,0
sancheti_baseline_seed45_scale1.1,baseline,45,1.1,25.0,normal,B,2,1,7.9529,10.0501,2.0,0,0,14.0,25.0,1,16.0533,0.0124,1,7,0,2.0,7.9529,10.0501,1,3.149,4,0
sancheti_baseline_seed45_scale1.1,baseline,45,1.1,30.0,normal,B,3,2,5.5239,20.162,2.0004,0,0,9.0,30.0,1,16.2854,0.0124,1,9,0,2.0004,5.5239,20.162,2,3.149,4,0
sancheti_baseline_seed45_scale1.1,baseline,45,1.1,35.0,normal,B,3,2,3.9496,20.162,2.0,0,0,4.0,35.0,0,0.0,0.0,0,9,0,2.0,3.9496,20.162,2,3.149,4,0
sancheti_baseline_seed45_scale1.1,baseline,45,1.1,40.0,normal,B,3,3,0.0001,34.4528,3.149,1,0,5.0,40.0,2,13.79,0.0361,1,11,0,3.149,0.0001,34.4528,3,3.149,4,0
sancheti_baseline_seed45_scale1.1,baseline,45,1.1,45.0,normal,B,4,3,3.4013,35.0292,3.149,1,0,0.0,45.0,2,14.7101,0.0361,1,12,0,3.149,3.4013,35.0292,3,2.8,5,0
sancheti_baseline_seed45_scale1.1,baseline,45,1.1,50.0,normal,B,1,0,16.3515,0.4116,0.0,2,1,34.0,0.0,3,9.7704,0.0199,0,13,0,0.0,16.3515,0.4116,0,2.8,5,0
sancheti_baseline_seed45_scale1.1,baseline,45,1.1,55.0,normal,B,1,0,15.5165,9.6386,0.0,2,1,29.0,0.0,4,15.5069,0.032,4,14,0,0.0,15.5165,9.6386,0,2.8,5,0
sancheti_baseline_seed45_scale1.1,baseline,45,1.1,60.0,normal,B,1,0,13.7193,2.1607,0.0,2,1,24.0,0.0,1,16.5819,0.0058,1,16,0,0.0,13.7193,2.1607,0,2.8,5,0
sancheti_baseline_seed45_scale1.1,baseline,45,1.1,65.0,normal,B,1,0,13.8934,2.1607,0.0,2,1,19.0,0.0,0,0.0,0.0,0,16,0,0.0,13.8934,2.1607,0,2.8,5,0
sancheti_baseline_seed45_scale1.1,baseline,45,1.1,70.0,normal,B,1,0,15.8556,0.4116,0.0,2,1,14.0,0.0,1,13.8521,0.0303,1,18,0,0.0,15.8556,0.4116,0,2.8,5,0
sancheti_baseline_seed45_scale1.1,baseline,45,1.1,75.0,normal,B,0,0,0.0,0.0,0.0,2,1,9.0,0.0,1,13.7525,0.0303,1,18,0,0.0,-16.2572,-0.4116,0,2.8,5,0
sancheti_baseline_seed45_scale1.1,baseline,45,1.1,80.0,normal,B,1,0,13.2122,0.5762,0.0,2,1,4.0,0.0,1,16.0268,0.0058,1,17,0,-2.0,13.1607,-9.0624,-1,2.8,5,0
sancheti_baseline_seed45_scale1.1,baseline,45,1.1,85.0,normal,B,1,0,13.6759,0.5762,0.0,3,0,5.0,5.0,0,0.0,0.0,0,19,0,-2.0,5.723,-9.4739,-1,2.8,5,0
sancheti_baseline_seed45_scale1.1,baseline,45,1.1,90.0,normal,B,2,1,8.1487,13.9055,2.8,3,0,0.0,10.0,0,0.0,0.0,0,17,0,0.7996,2.6248,-6.2565,-1,2.8,5,0
sancheti_baseline_seed45_scale1.1,baseline,45,1.1,95.0,normal,B,2,2,0.1049,23.1325,2.8,0,0,34.0,15.0,2,10.281,0.0182,0,16,0,0.8,-3.8447,2.9705,0,9.6964,5,0
sancheti_baseline_seed45_scale1.1,baseline,45,1.1,100.0,normal,B,3,2,5.3757,23.5441,2.8,0,0,29.0,20.0,7,13.2005,0.0806,6,17,0,-0.349,5.3756,-10.9087,-1,9.6964,5,0
sancheti_baseline_seed45_scale1.1,baseline,45,1.1,105.0,normal,B,4,2,4.7997,33.1826,2.8,0,0,24.0,25.0,5,14.8923,0.0557,4,19,0,-0.349,1.3984,-1.8466,-1,9.6964,5,0
sancheti_baseline_seed45_scale1.1,baseline,45,1.1,110.0,normal,B,4,3,2.8045,33.1826,2.8,0,0,19.0,30.0,1,14.9637,0.0058,0,20,0,2.8,-13.547,32.771,3,9.9408,7,0
sancheti_baseline_seed45_scale1.1,baseline,45,1.1,115.0,normal,B,5,4,3.3046,43.2945,2.0,0,0,14.0,35.0,1,16.4936,0.0124,1,20,0,2.0,-12.2119,33.6559,4,34.9271,10,1
sancheti_baseline_seed45_scale1.1,baseline,45,1.1,120.0,surge,B,5,4,1.5821,43.2945,2.0,0,0,9.0,40.0,1,16.4933,0.0058,1,21,0,2.0,-12.1372,41.1338,4,43.2647,12,1
sancheti_baseline_seed45_scale1.1,baseline,45,1.1,125.0,surge,B,4,4,0.0,42.4096,2.0,0,0,4.0,45.0,1,16.1363,0.0043,0,28,0,2.0,-13.8934,40.2489,4,43.2647,13,1
sancheti_baseline_seed45_scale1.1,baseline,45,1.1,130.0,surge,B,5,4,2.6409,42.9858,2.0,1,0,5.0,50.0,1,15.966,0.0058,1,33,0,2.0,-13.2147,42.5742,4,43.2647,16,1
sancheti_baseline_seed45_scale1.1,baseline,45,1.1,135.0,surge,B,7,5,4.6757,43.809,2.0,1,0,0.0,55.0,0,0.0,0.0,0,37,0,2.0,4.6757,43.809,5,43.2647,20,1
sancheti_baseline_seed45_scale1.1,baseline,45,1.1,140.0,surge,B,4,0,13.1035,14.508,0.0,2,1,34.0,0.0,3,9.8511,0.0173,0,42,0,0.0,-0.1087,13.9318,0,50.3237,20,1
sancheti_baseline_seed45_scale1.1,baseline,45,1.1,145.0,surge,B,2,0,14.297,0.9878,0.0,2,1,29.0,0.0,9,15.447,0.0699,9,48,0,0.0,0.6211,0.4116,0,50.3237,20,1
sancheti_baseline_seed45_scale1.1,baseline,45,1.1,150.0,surge,B,5,0,14.7757,9.6602,0.0,2,1,24.0,0.0,3,15.5185,0.0329,1,53,0,-2.8,6.627,-4.2453,-1,50.3237,20,1
sancheti_baseline_seed45_scale1.1,baseline,45,1.1,155.0,surge,B,4,0,16.0229,2.5929,0.0,2,1,19.0,0.0,2,14.8632,0.0139,2,58,0,-2.8,15.918,-20.5396,-2,50.3237,20,1
sancheti_baseline_seed45_scale1.1,baseline,45,1.1,160.0,surge,B,3,0,16.0208,1.708,0.0,2,1,14.0,0.0,4,15.715,0.0519,4,63,0,-2.8,10.6451,-21.8361,-2,50.3237,20,1
sancheti_baseline_seed45_scale1.1,baseline,45,1.1,165.0,surge,B,3,0,15.8164,1.708,0.0,2,1,9.0,0.0,3,16.1058,0.024,3,60,0,-2.8,11.0167,-31.4746,-2,50.3237,20,1
sancheti_baseline_seed45_scale1.1,baseline,45,1.1,170.0,surge,B,2,0,16.1417,0.8231,0.0,2,1,4.0,0.0,3,16.3474,0.0167,2,58,0,-2.8,13.3372,-32.3595,-3,50.3237,20,1
sancheti_baseline_seed45_scale1.1,baseline,45,1.1,175.0,surge,B,3,0,14.658,12.3755,0.0,3,0,5.0,5.0,3,15.8918,0.024,3,62,0,-2.0,11.3534,-30.919,-4,50.3237,20,1
sancheti_baseline_seed45_scale1.1,baseline,45,1.1,180.0,surge,B,4,0,12.8176,3.3603,0.0,3,0,0.0,10.0,2,15.6647,0.0115,1,60,0,-2.0,11.2355,-39.9342,-4,50.3237,20,1
sancheti_baseline_seed45_scale1.1,baseline,45,1.1,185.0,surge,B,7,3,7.1241,26.5272,9.6964,0,0,34.0,15.0,5,10.1824,0.0468,0,63,0,7.6964,7.1241,-15.8824,-1,50.3237,20,1
sancheti_baseline_seed45_scale1.1,baseline,45,1.1,190.0,surge,B,8,4,5.7208,35.0567,5.6,0,0,29.0,20.0,13,15.3812,0.1218,12,65,0,3.6,3.0799,-7.9291,0,50.3237,20,1
sancheti_baseline_seed45_scale1.1,baseline,45,1.1,195.0,surge,B,9,5,4.6998,37.9568,5.6,0,0,24.0,25.0,13,13.651,0.1351,6,66,0,3.6,0.0241,-5.8522,0,50.3237,20,1
sancheti_baseline_seed45_scale1.1,baseline,45,1.1,200.0,surge,B,11,7,2.4394,40.5785,9.9408,0,0,19.0,30.0,10,14.0928,0.1201,7,68,0,9.9408,-10.6641,26.0705,7,50.3237,20,1
sancheti_baseline_seed45_scale1.1,baseline,45,1.1,205.0,surge,B,14,10,3.0984,42.2917,34.9271,0,0,14.0,35.0,4,14.8532,0.0788,4,72,0,34.9271,-11.1986,41.3039,10,50.3237,20,1
sancheti_baseline_seed45_scale1.1,baseline,45,1.1,210.0,surge,B,17,12,1.3721,43.677,43.2647,0,0,9.0,40.0,5,15.0287,0.0586,5,77,0,43.2647,-13.4036,34.0168,12,50.3237,20,1
sancheti_baseline_seed45_scale1.1,baseline,45,1.1,215.0,surge,B,18,13,1.3807,44.5758,28.4521,0,0,4.0,45.0,5,15.1319,0.0378,2,80,0,28.4521,-14.6422,41.9829,13,50.3237,20,1
sancheti_baseline_seed45_scale1.1,baseline,45,1.1,220.0,surge,B,21,16,1.3091,47.5548,37.4534,1,0,5.0,50.0,5,12.6789,0.0335,3,84,0,37.4534,-14.7117,45.8468,16,50.3237,20,1
sancheti_baseline_seed45_scale1.1,baseline,45,1.1,225.0,surge,B,23,20,0.7509,49.9458,41.3136,1,0,0.0,55.0,3,12.8843,0.0219,1,87,0,41.3136,-15.0655,48.2378,20,50.3237,23,1
sancheti_baseline_seed45_scale1.1,baseline,45,1.1,230.0,surge,B,22,15,1.6178,38.4343,50.3237,2,1,34.0,0.0,2,10.1327,0.0115,0,93,0,50.3237,-14.5239,37.6112,15,33.4529,23,1
sancheti_baseline_seed45_scale1.1,baseline,45,1.1,235.0,surge,B,18,1,4.5107,23.6219,2.0,2,1,29.0,0.0,8,12.5173,0.0686,6,98,0,2.0,-10.1473,11.2464,1,33.4529,23,1
sancheti_baseline_seed45_scale1.1,baseline,45,1.1,240.0,surge,B,15,0,7.765,24.5013,0.0,2,1,24.0,0.0,11,12.4869,0.1106,7,103,0,0.0,-5.0526,21.141,0,33.4529,23,1
sancheti_baseline_seed45_scale1.1,baseline,45,1.1,245.0,surge,B,11,0,10.7888,49.0123,0.0,2,1,19.0,0.0,15,13.7955,0.1665,9,108,0,-9.6964,3.6647,22.4851,-3,33.4529,23,1
sancheti_baseline_seed45_scale1.1,baseline,45,1.1,250.0,surge,B,6,0,13.0366,16.3693,0.0,2,1,14.0,0.0,11,13.043,0.1472,8,113,0,-5.6,7.3158,-18.6874,-4,33.4529,23,1
sancheti_baseline_seed45_scale1.1,baseline,45,1.1,255.0,surge,B,4,0,15.7867,2.2745,0.0,2,1,9.0,0.0,11,13.1152,0.1314,5,105,0,-5.6,11.0869,-35.6823,-5,33.4529,23,1
sancheti_baseline_seed45_scale1.1,baseline,45,1.1,260.0,surge,B,3,0,15.64,12.2108,0.0,2,1,4.0,0.0,7,14.7652,0.0693,3,98,0,-9.9408,13.2006,-28.3677,-7,33.4529,23,1
sancheti_baseline_seed45_scale1.1,baseline,45,1.1,265.0,surge,B,3,0,15.1415,2.9838,0.0,3,0,5.0,5.0,4,15.9313,0.0364,3,99,0,-34.9271,12.0431,-39.3079,-10,33.4529,23,1
sancheti_baseline_seed45_scale1.1,baseline,45,1.1,270.0,surge,B,5,3,5.268,31.273,4.73,3,0,0.0,10.0,1,15.7166,0.0058,0,90,0,-38.5347,3.8959,-12.404,-9,33.4529,23,1
sancheti_baseline_seed45_scale1.1,baseline,45,1.1,275.0,surge,B,9,4,6.6976,37.7251,4.73,0,0,34.0,15.0,2,10.2902,0.0182,0,86,0,-23.7221,5.3169,-6.8507,-9,33.4529,23,1
sancheti_baseline_seed45_scale1.1,baseline,45,1.1,280.0,surge,B,9,6,3.2708,37.7416,8.537,0,0,29.0,20.0,7,11.8125,0.0752,5,84,0,-28.9164,1.9617,-9.8132,-10,33.4529,23,1
sancheti_baseline_seed45_scale1.1,baseline,45,1.1,285.0,surge,B,12,9,4.5264,39.4496,8.531,0,0,24.0,25.0,10,13.0083,0.1521,5,82,0,-32.7826,3.7755,-10.4962,-11,33.4529,23,1
sancheti_baseline_seed45_scale1.1,baseline,45,1.1,290.0,surge,B,13,11,1.5446,39.099,14.249,0,0,19.0,30.0,10,12.4384,0.1704,7,80,0,-36.0747,-0.0732,0.6647,-4,33.4529,23,1
sancheti_baseline_seed45_scale1.1,baseline,45,1.1,295.0,surge,B,15,13,2.5963,41.6204,13.3254,0,0,14.0,35.0,13,14.1866,0.125,7,81,0,11.3254,-1.9144,17.9985,12,33.4529,23,1
sancheti_baseline_seed45_scale1.1,baseline,45,1.1,300.0,surge,B,17,14,1.6131,42.6114,18.7197,0,0,9.0,40.0,7,11.1471,0.065,2,85,0,18.7197,-6.1519,18.1101,14,33.4529,23,1
sancheti_baseline_seed45_scale1.1,baseline,45,1.1,305.0,surge,B,20,17,2.0905,44.7927,24.5662,0,0,4.0,45.0,7,11.6003,0.0757,5,90,0,24.5662,-8.6983,-4.2196,17,33.4529,23,1
sancheti_baseline_seed45_scale1.1,baseline,45,1.1,310.0,surge,B,23,19,1.6395,46.5007,24.3387,1,0,5.0,50.0,10,8.3543,0.085,4,95,0,24.3387,-11.3971,30.1314,19,33.4529,23,1
sancheti_baseline_seed45_scale1.1,baseline,45,1.1,315.0,surge,B,25,23,1.2402,47.7971,33.4529,1,0,0.0,55.0,9,5.5805,0.0875,2,100,0,33.4529,-14.5465,45.5226,23,44.3712,19,1
sancheti_baseline_seed45_scale1.1,baseline,45,1.1,320.0,surge,B,23,8,3.0476,27.9458,17.183,2,1,34.0,0.0,7,4.5345,0.0603,0,104,0,17.183,-12.5924,15.735,8,44.3712,19,1
sancheti_baseline_seed45_scale1.1,baseline,45,1.1,325.0,surge,B,14,0,5.9957,8.6722,0.0,2,1,29.0,0.0,14,11.3955,0.125,7,108,0,0.0,-9.1458,5.6884,0,44.3712,19,1
sancheti_baseline_seed45_scale1.1,baseline,45,1.1,330.0,surge,B,8,0,11.237,24.7718,0.0,2,1,24.0,0.0,19,13.1282,0.1744,13,114,0,-4.73,5.969,-6.5012,-3,44.3712,19,1
sancheti_baseline_seed45_scale1.1,baseline,45,1.1,335.0,surge,B,3,0,14.0263,3.4571,0.0,2,1,19.0,0.0,20,12.7614,0.1556,11,119,0,-4.73,7.3287,-34.268,-4,44.3712,19,1
sancheti_baseline_seed45_scale1.1,baseline,45,1.1,340.0,surge,B,3,0,15.6048,2.7985,0.0,2,1,14.0,0.0,10,12.8022,0.0694,3,123,0,-8.537,12.334,-34.9431,-6,44.3712,19,1
sancheti_baseline_seed45_scale1.1,baseline,45,1.1,345.0,surge,B,4,0,15.2558,3.7609,0.0,2,1,9.0,0.0,4,15.2397,0.0609,4,122,0,-8.531,10.7294,-35.6887,-9,44.3712,19,1
sancheti_baseline_seed45_scale1.1,baseline,45,1.1,350.0,surge,B,3,0,16.3346,1.708,0.0,2,1,4.0,0.0,3,15.6037,0.049,2,122,0,-14.249,14.79,-37.391,-11,44.3712,19,1
sancheti_baseline_seed45_scale1.1,baseline,45,1.1,355.0,surge,B,3,0,15.6916,1.708,0.0,3,0,5.0,5.0,5,15.8763,0.0601,4,119,0,-13.3254,13.0953,-39.9124,-13,44.3712,19,1
sancheti_baseline_seed45_scale1.1,baseline,45,1.1,360.0,surge,B,5,2,8.0997,25.5166,2.0,3,0,0.0,10.0,1,16.2479,0.0137,1,113,0,-16.7197,6.4866,-17.0948,-12,44.3712,19,1
sancheti_baseline_seed45_scale1.1,baseline,45,1.1,365.0,surge,B,8,3,6.6036,37.8042,3.149,0,0,34.0,15.0,6,10.2239,0.0325,0,101,0,-21.4172,4.5131,-6.9885,-14,44.3712,19,1
sancheti_baseline_seed45_scale1.1,baseline,45,1.1,370.0,surge,B,9,3,5.4082,47.3613,2.0,0,0,29.0,20.0,12,14.3621,0.0938,10,92,0,-22.3387,3.7687,0.8606,-16,44.3712,19,1
sancheti_baseline_seed45_scale1.1,baseline,45,1.1,375.0,surge,B,12,8,3.1247,48.0126,9.5415,0,0,24.0,25.0,8,14.3992,0.0886,6,84,0,-23.9114,1.8845,0.2155,-15,44.3712,19,1
sancheti_baseline_seed45_scale1.1,baseline,45,1.1,380.0,surge,B,13,8,3.6174,49.1977,11.2336,0,0,19.0,30.0,10,11.8462,0.1188,5,80,0,-5.9494,0.5698,21.2519,0,44.3712,19,1
sancheti_baseline_seed45_scale1.1,baseline,45,1.1,385.0,surge,B,14,9,2.4007,49.7059,11.2331,0,0,14.0,35.0,14,12.8262,0.1587,9,84,0,11.2331,-3.595,41.0337,9,44.3712,19,1
sancheti_baseline_seed45_scale1.1,baseline,45,1.1,390.0,surge,B,16,12,2.6706,51.6737,18.4893,0,0,9.0,40.0,13,13.4623,0.1077,10,89,0,18.4893,-8.5664,26.9019,12,44.3712,19,1
sancheti_baseline_seed45_scale1.1,baseline,45,1.1,395.0,surge,B,18,13,2.2914,54.0167,18.0414,0,0,4.0,45.0,9,11.9427,0.1035,4,93,0,18.0414,-11.7349,50.5596,13,44.3712,19,1
sancheti_baseline_seed45_scale1.1,baseline,45,1.1,400.0,surge,B,21,16,1.6463,57.0005,32.0434,1,0,5.0,50.0,5,11.1425,0.0912,3,98,0,32.0434,-13.9585,54.202,16,44.3712,19,1
sancheti_baseline_seed45_scale1.1,baseline,45,1.1,405.0,surge,B,23,19,1.5164,58.2969,44.3712,1,0,0.0,55.0,6,9.3196,0.097,2,103,0,44.3712,-13.7394,54.536,19,27.9851,7,0
sancheti_baseline_seed45_scale1.1,baseline,45,1.1,410.0,surge,B,20,7,3.4213,46.2196,27.9851,2,1,34.0,0.0,7,6.8061,0.0961,0,106,0,27.9851,-12.9133,44.5116,7,19.7001,6,0
sancheti_baseline_seed45_scale1.1,baseline,45,1.1,415.0,surge,B,13,0,5.8966,24.8211,0.0,2,1,29.0,0.0,15,13.8908,0.1815,13,112,0,0.0,-9.795,23.1131,0,19.7001,6,0
sancheti_baseline_seed45_scale1.1,baseline,45,1.1,420.0,recovery,B,9,0,8.9244,29.1797,0.0,2,1,24.0,0.0,17,11.8569,0.1426,10,116,0,-2.0,0.8247,3.6631,-2,19.7001,6,0
sancheti_baseline_seed45_scale1.1,baseline,45,1.1,425.0,recovery,B,4,0,14.5155,3.2793,0.0,2,1,19.0,0.0,15,11.2924,0.165,6,120,0,-3.149,7.9119,-34.5249,-3,19.7001,6,0
sancheti_baseline_seed45_scale1.1,baseline,45,1.1,430.0,recovery,B,5,0,14.883,8.3963,0.0,2,1,14.0,0.0,10,11.7644,0.1201,4,123,0,-2.0,9.4748,-38.965,-3,19.7001,6,0
sancheti_baseline_seed45_scale1.1,baseline,45,1.1,435.0,recovery,B,3,0,15.8308,0.882,0.0,2,1,9.0,0.0,5,14.8961,0.0811,3,117,0,-9.5415,12.7061,-47.1306,-8,19.7001,6,0
sancheti_baseline_seed45_scale1.1,baseline,45,1.1,440.0,recovery,B,1,0,16.1281,0.4116,0.0,2,1,4.0,0.0,5,15.3058,0.0601,4,111,0,-11.2336,12.5107,-48.7861,-8,19.7001,6,0
sancheti_baseline_seed45_scale1.1,baseline,45,1.1,445.0,recovery,B,0,0,0.0,0.0,0.0,3,0,5.0,5.0,2,16.4502,0.0115,1,106,0,-11.2331,-2.4007,-49.7059,-9,19.7001,6,0
sancheti_baseline_seed45_scale1.1,baseline,45,1.1,450.0,recovery,B,2,1,7.8374,10.5234,2.0,3,0,0.0,10.0,0,0.0,0.0,0,101,0,-16.4893,5.1668,-41.1503,-11,19.7001,6,0
sancheti_baseline_seed45_scale1.1,baseline,45,1.1,455.0,recovery,B,3,2,5.4991,25.6828,2.0,0,0,34.0,15.0,6,10.1965,0.0397,0,92,0,-16.0414,3.2077,-28.3339,-11,19.7001,6,0
sancheti_baseline_seed45_scale1.1,baseline,45,1.1,460.0,recovery,B,3,2,1.5853,25.6992,3.149,0,0,29.0,20.0,16,15.0003,0.114,14,83,0,-28.8944,-0.061,-31.3013,-14,19.7001,6,0
sancheti_baseline_seed45_scale1.1,baseline,45,1.1,465.0,recovery,B,3,2,4.1192,26.2549,3.149,0,0,24.0,25.0,11,14.3214,0.1103,8,72,0,-41.2222,2.6028,-32.042,-17,19.7001,6,0
sancheti_baseline_seed45_scale1.1,baseline,45,1.1,470.0,recovery,B,4,2,5.7335,28.4156,3.149,0,0,19.0,30.0,10,13.5613,0.1423,5,63,0,-24.8361,2.3122,-17.804,-5,19.7001,6,0
sancheti_baseline_seed45_scale1.1,baseline,45,1.1,475.0,recovery,B,5,3,4.5347,29.3004,10.149,0,0,14.0,35.0,10,14.591,0.1178,7,67,0,10.149,-1.3619,4.4793,3,19.7001,6,0
sancheti_baseline_seed45_scale1.1,baseline,45,1.1,480.0,recovery,B,5,4,1.5685,29.3004,13.649,0,0,9.0,40.0,6,14.8632,0.0479,4,71,0,13.649,-7.3559,0.1207,4,19.7001,6,0
sancheti_baseline_seed45_scale1.1,baseline,45,1.1,485.0,recovery,B,6,5,2.7004,29.712,19.7001,0,0,4.0,45.0,4,14.2888,0.0476,1,73,0,19.7001,-11.8151,26.4327,5,19.6501,6,0
sancheti_baseline_seed45_scale1.1,baseline,45,1.1,490.0,recovery,B,7,6,2.4371,30.1236,19.6501,1,0,5.0,50.0,4,13.9258,0.0722,2,77,0,19.6501,-12.4459,21.7273,6,19.65,6,0
sancheti_baseline_seed45_scale1.1,baseline,45,1.1,495.0,recovery,B,7,6,0.9117,30.1236,19.65,1,0,0.0,55.0,4,15.4116,0.0543,3,81,0,19.65,-14.9191,29.2416,6,4.73,6,0
sancheti_baseline_seed45_scale1.1,baseline,45,1.1,500.0,recovery,B,6,0,5.1683,22.5045,0.0,2,1,34.0,0.0,2,9.8909,0.0182,0,83,0,0.0,-10.9598,22.0929,0,4.73,6,0
sancheti_baseline_seed45_scale1.1,baseline,45,1.1,505.0,recovery,B,2,0,13.541,2.6461,0.0,2,1,29.0,0.0,5,13.0353,0.0689,3,87,0,0.0,13.541,2.6461,0,4.73,6,0
sancheti_baseline_seed45_scale1.1,baseline,45,1.1,510.0,recovery,B,1,0,15.7161,0.2512,0.0,2,1,24.0,0.0,6,13.2236,0.0803,6,90,0,-2.0,7.8787,-10.2722,-1,4.73,6,0
sancheti_baseline_seed50_scale1.25,baseline,50,1.25,5.0,normal,A,0,0,0.0,0.0,0.0,0,1,34.0,0.0,0,0.0,0.0,0,2,0,0.0,0.0,0.0,0,18.149,8,1
sancheti_baseline_seed50_scale1.25,baseline,50,1.25,10.0,normal,A,0,0,0.0,0.0,0.0,0,1,29.0,0.0,0,0.0,0.0,0,4,0,0.0,0.0,0.0,0,18.149,8,1
sancheti_baseline_seed50_scale1.25,baseline,50,1.25,15.0,normal,A,0,0,0.0,0.0,0.0,0,1,24.0,0.0,0,0.0,0.0,0,5,0,0.0,0.0,0.0,0,18.149,8,1
sancheti_baseline_seed50_scale1.25,baseline,50,1.25,20.0,normal,A,1,0,15.1014,0.7994,0.0,0,1,19.0,0.0,0,0.0,0.0,0,7,0,0.0,15.1014,0.7994,0,18.149,8,1
sancheti_baseline_seed50_scale1.25,baseline,50,1.25,25.0,normal,A,0,0,0.0,0.0,0.0,0,1,14.0,0.0,1,15.8373,0.0058,0,7,0,0.0,0.0,0.0,0,18.149,8,1
sancheti_baseline_seed50_scale1.25,baseline,50,1.25,30.0,normal,A,0,0,0.0,0.0,0.0,0,1,9.0,0.0,1,16.0453,0.0058,1,9,0,0.0,0.0,0.0,0,18.149,8,1
sancheti_baseline_seed50_scale1.25,baseline,50,1.25,35.0,normal,A,1,0,16.6208,3.3031,0.0,0,1,4.0,0.0,1,16.3927,0.0058,1,11,0,0.0,16.6208,3.3031,0,18.149,8,1
sancheti_baseline_seed50_scale1.25,baseline,50,1.25,40.0,normal,A,0,0,0.0,0.0,0.0,1,0,5.0,5.0,1,15.8699,0.0058,1,12,0,0.0,0.0,0.0,0,18.149,8,1
sancheti_baseline_seed50_scale1.25,baseline,50,1.25,45.0,normal,A,1,0,8.0505,4.0872,0.0,1,0,0.0,10.0,0,0.0,0.0,0,13,0,0.0,8.0505,4.0872,0,18.149,8,1
sancheti_baseline_seed50_scale1.25,baseline,50,1.25,50.0,normal,A,2,1,6.6907,5.7435,2.8,2,0,34.0,15.0,3,10.4238,0.024,0,15,0,2.8,6.6907,5.7435,1,18.149,8,1
sancheti_baseline_seed50_scale1.25,baseline,50,1.25,55.0,normal,A,3,2,0.624,10.3039,2.8,2,0,29.0,20.0,5,15.4659,0.0445,5,16,0,2.8,0.624,10.3039,2,18.149,8,1
sancheti_baseline_seed50_scale1.25,baseline,50,1.25,60.0,normal,A,3,3,0.0,12.5516,2.8,2,0,24.0,25.0,1,13.8178,0.0081,0,18,0,2.8,0.0,12.5516,3,18.149,8,1
sancheti_baseline_seed50_scale1.25,baseline,50,1.25,65.0,normal,A,5,3,3.4066,16.6877,2.8,2,0,19.0,30.0,1,16.0703,0.0058,1,19,0,2.8,3.4066,16.6877,3,18.149,8,1
sancheti_baseline_seed50_scale1.25,baseline,50,1.25,70.0,normal,A,5,5,0.1211,17.6502,7.649,2,0,14.0,35.0,0,0.0,0.0,0,20,0,7.649,0.1211,17.6502,5,18.149,8,1
sancheti_baseline_seed50_scale1.25,baseline,50,1.25,75.0,normal,A,5,4,2.1554,19.2475,7.649,2,0,9.0,40.0,1,13.8869,0.0081,1,19,0,7.649,2.1554,19.2475,4,18.149,9,1
sancheti_baseline_seed50_scale1.25,baseline,50,1.25,80.0,normal,A,7,6,0.5515,26.1435,7.649,2,0,4.0,45.0,2,15.0646,0.0139,1,20,0,7.649,-14.5499,25.3441,6,18.149,9,1
sancheti_baseline_seed50_scale1.25,baseline,50,1.25,85.0,normal,A,8,6,1.108,27.8623,18.149,3,0,5.0,50.0,1,16.6659,0.0124,0,22,0,18.149,1.108,27.8623,6,14.3531,15,1
sancheti_baseline_seed50_scale1.25,baseline,50,1.25,90.0,normal,A,9,8,1.2644,29.5811,13.3,3,0,0.0,55.0,1,16.2901,0.0124,1,18,0,13.3,1.2644,29.5811,8,26.2272,19,1
sancheti_baseline_seed50_scale1.25,baseline,50,1.25,95.0,normal,A,5,0,2.9692,17.5649,0.0,0,1,34.0,0.0,2,9.2488,0.0115,0,19,0,0.0,-13.6516,14.2618,0,26.2272,19,1
sancheti_baseline_seed50_scale1.25,baseline,50,1.25,100.0,normal,A,3,0,6.9124,11.1705,0.0,0,1,29.0,0.0,5,13.4829,0.058,4,20,0,0.0,6.9124,11.1705,0,26.2272,19,1
sancheti_baseline_seed50_scale1.25,baseline,50,1.25,105.0,normal,A,1,0,15.9299,3.3031,0.0,0,1,24.0,0.0,6,13.0535,0.1037,5,21,0,0.0,7.8794,-0.7841,0,26.2272,19,1
sancheti_baseline_seed50_scale1.25,baseline,50,1.25,110.0,normal,A,1,0,14.6212,0.7994,0.0,0,1,19.0,0.0,5,14.7026,0.0667,2,23,0,-2.8,7.9305,-4.9441,-1,26.2272,19,1
sancheti_baseline_seed50_scale1.25,baseline,50,1.25,115.0,normal,A,1,0,16.563,0.7994,0.0,0,1,14.0,0.0,1,16.6879,0.0058,1,23,0,-2.8,15.939,-9.5045,-2,26.2272,19,1
sancheti_baseline_seed50_scale1.25,baseline,50,1.25,120.0,surge,A,0,0,0.0,0.0,0.0,0,1,9.0,0.0,2,16.2574,0.0115,1,25,0,-2.8,0.0,-12.5516,-3,26.2272,19,1
sancheti_baseline_seed50_scale1.25,baseline,50,1.25,125.0,surge,A,0,0,0.0,0.0,0.0,0,1,4.0,0.0,1,15.6006,0.0058,0,32,0,-2.8,-3.4066,-16.6877,-3,26.2272,19,1
sancheti_baseline_seed50_scale1.25,baseline,50,1.25,130.0,surge,A,0,0,0.0,0.0,0.0,1,0,5.0,5.0,1,16.677,0.0058,1,37,0,-7.649,-0.1211,-17.6502,-5,26.2272,19,1
sancheti_baseline_seed50_scale1.25,baseline,50,1.25,135.0,surge,A,2,0,10.6955,5.4237,0.0,1,0,0.0,10.0,0,0.0,0.0,0,41,0,-7.649,8.5401,-13.8238,-4,26.2272,19,1
sancheti_baseline_seed50_scale1.25,baseline,50,1.25,140.0,surge,A,3,1,6.3476,8.7268,2.8,2,0,34.0,15.0,3,9.2903,0.0301,0,46,0,-4.849,5.7961,-17.4167,-5,26.2272,19,1
sancheti_baseline_seed50_scale1.25,baseline,50,1.25,145.0,surge,A,5,2,4.562,14.0683,2.8,2,0,29.0,20.0,7,14.2612,0.0771,6,51,0,-15.349,3.454,-13.794,-4,26.2272,19,1
sancheti_baseline_seed50_scale1.25,baseline,50,1.25,150.0,surge,A,6,4,1.7585,17.4535,6.6913,2,0,24.0,25.0,6,14.0594,0.0713,4,56,0,-6.6087,0.4941,-12.1276,-4,26.2272,19,1
sancheti_baseline_seed50_scale1.25,baseline,50,1.25,155.0,surge,A,7,6,0.7459,24.9376,5.9901,2,0,19.0,30.0,3,13.5265,0.0636,2,61,0,5.9901,-2.2233,7.3727,6,26.2272,19,1
sancheti_baseline_seed50_scale1.25,baseline,50,1.25,160.0,surge,A,8,7,1.3472,32.3603,6.0256,2,0,14.0,35.0,6,14.7057,0.0771,5,67,0,6.0256,-5.5652,21.1898,7,26.2272,19,1
sancheti_baseline_seed50_scale1.25,baseline,50,1.25,165.0,surge,A,11,9,0.8072,36.7291,12.5333,2,0,9.0,40.0,4,15.1333,0.0453,3,67,0,12.5333,-15.1227,33.426,9,26.2272,19,1
sancheti_baseline_seed50_scale1.25,baseline,50,1.25,170.0,surge,A,15,9,1.9482,40.1994,12.354,2,0,4.0,45.0,6,15.4197,0.0502,5,65,0,12.354,-12.673,39.4,9,28.9012,19,1
sancheti_baseline_seed50_scale1.25,baseline,50,1.25,175.0,surge,A,17,15,0.7483,41.6838,14.3531,3,0,5.0,50.0,3,16.0275,0.024,2,65,0,14.3531,-15.8147,40.8844,15,43.389,19,1
sancheti_baseline_seed50_scale1.25,baseline,50,1.25,180.0,surge,A,21,19,0.6187,47.5043,26.2272,3,0,0.0,55.0,0,0.0,0.0,0,65,0,26.2272,0.6187,47.5043,19,43.389,14,1
sancheti_baseline_seed50_scale1.25,baseline,50,1.25,185.0,surge,A,14,5,2.4673,29.4499,11.4768,0,1,34.0,0.0,4,10.5052,0.0245,0,66,0,11.4768,2.4673,29.4499,5,43.389,14,1
sancheti_baseline_seed50_scale1.25,baseline,50,1.25,190.0,surge,A,7,0,5.3465,13.4833,0.0,0,1,29.0,0.0,12,14.266,0.0967,11,71,0,0.0,5.3465,13.4833,0,43.389,14,1
sancheti_baseline_seed50_scale1.25,baseline,50,1.25,195.0,surge,A,5,0,9.898,11.2607,0.0,0,1,24.0,0.0,12,12.9291,0.1195,8,71,0,0.0,-0.7975,5.837,0,43.389,14,1
sancheti_baseline_seed50_scale1.25,baseline,50,1.25,200.0,surge,A,1,0,13.3466,1.7188,0.0,0,1,19.0,0.0,12,13.3206,0.1123,6,74,0,-2.8,6.999,-7.008,-1,43.389,14,1
sancheti_baseline_seed50_scale1.25,baseline,50,1.25,205.0,surge,A,2,0,14.9158,1.8108,0.0,0,1,14.0,0.0,9,13.1612,0.0944,5,79,0,-2.8,10.3538,-12.2575,-2,43.389,14,1
sancheti_baseline_seed50_scale1.25,baseline,50,1.25,210.0,surge,A,2,0,15.8865,7.901,0.0,0,1,9.0,0.0,6,14.1947,0.0418,3,83,0,-6.6913,14.128,-9.5525,-4,43.389,14,1
sancheti_baseline_seed50_scale1.25,baseline,50,1.25,215.0,surge,A,2,0,14.9446,2.5182,0.0,0,1,4.0,0.0,3,16.1778,0.024,3,89,0,-5.9901,14.1987,-22.4194,-6,43.389,14,1
sancheti_baseline_seed50_scale1.25,baseline,50,1.25,220.0,surge,A,2,0,13.9644,1.9186,0.0,1,0,5.0,5.0,4,15.1564,0.0297,2,94,0,-6.0256,12.6172,-30.4417,-7,43.389,14,1
sancheti_baseline_seed50_scale1.25,baseline,50,1.25,225.0,surge,A,2,2,0.0581,7.9273,2.8,1,0,0.0,10.0,3,11.9755,0.024,2,99,0,-9.7333,-0.7491,-28.8018,-7,43.389,14,1
sancheti_baseline_seed50_scale1.25,baseline,50,1.25,230.0,surge,A,5,3,4.4629,14.8278,2.8,2,0,34.0,15.0,0,0.0,0.0,0,104,0,-9.554,2.5147,-25.3716,-6,43.389,14,1
sancheti_baseline_seed50_scale1.25,baseline,50,1.25,235.0,surge,A,7,4,2.5801,19.3909,7.649,2,0,29.0,20.0,9,11.1213,0.0933,5,107,0,-6.7041,1.8318,-22.2929,-11,43.389,14,1
sancheti_baseline_seed50_scale1.25,baseline,50,1.25,240.0,surge,A,9,4,2.6167,21.8779,7.649,2,0,24.0,25.0,24,13.8988,0.1967,16,113,0,-18.5782,1.998,-25.6264,-15,43.389,14,1
sancheti_baseline_seed50_scale1.25,baseline,50,1.25,245.0,surge,A,11,6,2.6994,27.6316,7.649,2,0,19.0,30.0,22,14.2015,0.1513,16,118,0,-3.8278,0.2321,-1.8183,1,43.389,14,1
sancheti_baseline_seed50_scale1.25,baseline,50,1.25,250.0,surge,A,11,9,0.8979,29.5797,11.949,2,0,14.0,35.0,10,14.8068,0.078,5,122,0,11.949,-4.4486,16.0964,9,43.389,14,1
sancheti_baseline_seed50_scale1.25,baseline,50,1.25,255.0,surge,A,13,11,0.7176,35.3035,10.1798,2,0,9.0,40.0,3,14.483,0.0442,2,118,0,10.1798,-9.1804,24.0428,11,43.389,14,1
sancheti_baseline_seed50_scale1.25,baseline,50,1.25,260.0,surge,A,14,12,0.7412,38.427,28.9012,2,0,4.0,45.0,5,14.5423,0.0499,5,112,0,28.9012,-12.6054,36.7082,12,43.389,14,1
sancheti_baseline_seed50_scale1.25,baseline,50,1.25,265.0,surge,A,14,14,0.0198,39.1988,43.389,3,0,5.0,50.0,5,16.0514,0.0531,4,105,0,43.389,-14.896,37.388,14,43.389,18,1
sancheti_baseline_seed50_scale1.25,baseline,50,1.25,270.0,surge,A,14,14,0.0001,39.2677,43.389,3,0,0.0,55.0,2,16.2079,0.0182,1,96,0,43.389,-15.8864,31.3667,14,43.389,19,1
sancheti_baseline_seed50_scale1.25,baseline,50,1.25,275.0,surge,A,15,5,3.3912,35.1705,35.74,0,1,34.0,0.0,2,12.1947,0.0115,0,88,0,35.74,-11.5534,32.6523,5,43.389,19,1
sancheti_baseline_seed50_scale1.25,baseline,50,1.25,280.0,surge,A,8,0,4.7088,16.1751,0.0,0,1,29.0,0.0,12,13.4286,0.1005,9,82,0,0.0,-9.2556,14.2565,0,43.389,19,1
sancheti_baseline_seed50_scale1.25,baseline,50,1.25,285.0,surge,A,5,0,8.7582,15.5245,0.0,0,1,24.0,0.0,15,13.8611,0.1473,8,74,0,-2.8,8.7001,7.5972,-2,43.389,19,1
sancheti_baseline_seed50_scale1.25,baseline,50,1.25,290.0,surge,A,3,0,11.9084,16.8039,0.0,0,1,19.0,0.0,9,13.9062,0.1246,7,77,0,-2.8,7.4455,1.9761,-3,43.389,19,1
sancheti_baseline_seed50_scale1.25,baseline,50,1.25,295.0,surge,A,3,0,13.1611,5.2849,0.0,0,1,14.0,0.0,8,13.7053,0.1049,4,81,0,-7.649,10.581,-14.106,-4,43.389,19,1
sancheti_baseline_seed50_scale1.25,baseline,50,1.25,300.0,surge,A,1,0,13.4858,3.3031,0.0,0,1,9.0,0.0,6,13.0165,0.0927,2,86,0,-7.649,10.8691,-18.5748,-4,43.389,19,1
sancheti_baseline_seed50_scale1.25,baseline,50,1.25,305.0,surge,A,3,0,13.4279,2.2978,0.0,0,1,4.0,0.0,6,13.9813,0.0638,5,92,0,-7.649,10.7285,-25.3338,-6,43.389,19,1
sancheti_baseline_seed50_scale1.25,baseline,50,1.25,310.0,surge,A,2,0,14.9069,2.4744,0.0,1,0,5.0,5.0,6,11.5893,0.0681,2,96,0,-11.949,14.009,-27.1053,-9,43.389,19,1
sancheti_baseline_seed50_scale1.25,baseline,50,1.25,315.0,surge,A,4,1,3.9394,10.6818,4.3,1,0,0.0,10.0,4,10.53,0.0543,2,101,0,-5.8798,3.2218,-24.6217,-10,43.389,19,1
sancheti_baseline_seed50_scale1.25,baseline,50,1.25,320.0,surge,A,8,2,4.0826,17.476,4.3,2,0,34.0,15.0,7,5.1218,0.0812,0,105,0,-24.6012,3.3414,-20.951,-10,43.389,19,1
sancheti_baseline_seed50_scale1.25,baseline,50,1.25,325.0,surge,A,8,5,2.4886,22.3884,7.649,2,0,29.0,20.0,14,11.8085,0.1363,10,111,0,-35.74,2.4688,-16.8104,-9,43.389,19,1
sancheti_baseline_seed50_scale1.25,baseline,50,1.25,330.0,surge,A,12,8,1.9127,27.0534,12.1494,2,0,24.0,25.0,15,10.5816,0.1522,5,116,0,-31.2396,1.9126,-12.2143,-6,43.389,19,1
sancheti_baseline_seed50_scale1.25,baseline,50,1.25,335.0,surge,A,15,12,0.9429,30.4823,15.5148,2,0,19.0,30.0,13,12.6729,0.1412,9,120,0,-20.2252,-2.4483,-4.6882,7,43.389,19,1
sancheti_baseline_seed50_scale1.25,baseline,50,1.25,340.0,surge,A,15,10,1.4154,44.9813,20.9151,2,0,14.0,35.0,16,12.545,0.1596,8,125,0,20.9151,-3.2934,28.8062,10,43.389,19,1
sancheti_baseline_seed50_scale1.25,baseline,50,1.25,345.0,surge,A,14,9,0.8577,45.1762,12.5458,2,0,9.0,40.0,11,13.4773,0.1284,8,125,0,12.5458,-7.9005,29.6517,9,43.389,19,1
sancheti_baseline_seed50_scale1.25,baseline,50,1.25,350.0,surge,A,17,13,0.7228,48.0663,22.5536,2,0,4.0,45.0,7,14.6416,0.1226,4,121,0,22.5536,-11.1856,31.2624,13,43.389,19,1
sancheti_baseline_seed50_scale1.25,baseline,50,1.25,355.0,surge,A,20,18,0.6782,50.7844,37.5484,3,0,5.0,50.0,6,14.3716,0.0647,3,115,0,37.5484,-12.4829,45.4995,18,43.389,19,1
sancheti_baseline_seed50_scale1.25,baseline,50,1.25,360.0,surge,A,21,19,0.4256,52.1622,43.389,3,0,0.0,55.0,0,0.0,0.0,0,112,0,43.389,-13.0602,48.8591,19,41.7207,17,1
sancheti_baseline_seed50_scale1.25,baseline,50,1.25,365.0,surge,A,18,11,1.6221,38.3511,29.815,0,1,34.0,0.0,3,9.6668,0.0165,0,110,0,29.815,-11.8058,36.0533,11,41.7207,17,1
sancheti_baseline_seed50_scale1.25,baseline,50,1.25,370.0,surge,A,9,0,4.4758,17.6811,0.0,0,1,29.0,0.0,11,13.7395,0.0979,9,97,0,0.0,-10.4311,15.2067,0,41.7207,17,1
sancheti_baseline_seed50_scale1.25,baseline,50,1.25,375.0,surge,A,5,0,7.9471,9.1537,0.0,0,1,24.0,0.0,15,14.3907,0.1345,11,89,0,-4.3,4.0077,-1.5281,-1,41.7207,17,1
sancheti_baseline_seed50_scale1.25,baseline,50,1.25,380.0,surge,A,3,0,7.9876,13.3349,0.0,0,1,19.0,0.0,14,13.6046,0.1345,11,88,0,-4.3,3.905,-4.1411,-2,41.7207,17,1
sancheti_baseline_seed50_scale1.25,baseline,50,1.25,385.0,surge,A,2,0,9.9791,2.5182,0.0,0,1,14.0,0.0,8,13.9374,0.108,4,89,0,-7.649,7.4905,-19.8702,-5,41.7207,17,1
sancheti_baseline_seed50_scale1.25,baseline,50,1.25,390.0,surge,A,3,0,11.722,8.7004,0.0,0,1,9.0,0.0,5,13.4604,0.0811,2,95,0,-12.1494,9.8093,-18.353,-8,41.7207,17,1
sancheti_baseline_seed50_scale1.25,baseline,50,1.25,395.0,surge,A,3,0,11.9156,3.8349,0.0,0,1,4.0,0.0,6,14.8242,0.0662,4,99,0,-15.5148,10.9727,-26.6474,-12,41.7207,17,1
sancheti_baseline_seed50_scale1.25,baseline,50,1.25,400.0,surge,A,1,0,11.8376,3.3031,0.0,1,0,5.0,5.0,6,12.3547,0.0624,3,105,0,-20.9151,10.4222,-41.6782,-10,41.7207,17,1
sancheti_baseline_seed50_scale1.25,baseline,50,1.25,405.0,surge,A,4,1,5.9446,7.0427,2.0,1,0,0.0,10.0,4,14.6587,0.0442,2,110,0,-10.5458,5.0869,-38.1335,-8,41.7207,17,1
sancheti_baseline_seed50_scale1.25,baseline,50,1.25,410.0,surge,A,5,2,3.503,21.7568,7.649,2,0,34.0,15.0,2,10.2382,0.0115,0,114,0,-14.9046,2.7802,-26.3095,-11,41.7207,17,1
sancheti_baseline_seed50_scale1.25,baseline,50,1.25,415.0,surge,A,8,4,2.5073,32.3227,7.649,2,0,29.0,20.0,10,13.1317,0.1045,7,119,0,-29.8994,1.8291,-18.4617,-14,41.7207,17,1
sancheti_baseline_seed50_scale1.25,baseline,50,1.25,420.0,recovery,A,10,7,1.801,33.9185,8.0954,2,0,24.0,25.0,10,13.1642,0.1728,6,123,0,-35.2936,1.3754,-18.2437,-12,41.7207,17,1
sancheti_baseline_seed50_scale1.25,baseline,50,1.25,425.0,recovery,A,12,8,2.0039,37.8106,11.949,2,0,19.0,30.0,11,11.346,0.166,5,127,0,-17.866,0.3818,-0.5405,-3,41.7207,17,1
sancheti_baseline_seed50_scale1.25,baseline,50,1.25,430.0,recovery,A,14,12,0.9645,39.1002,19.4128,2,0,14.0,35.0,13,12.2233,0.1794,7,131,0,19.4128,-3.5113,21.4191,12,41.7207,17,1
sancheti_baseline_seed50_scale1.25,baseline,50,1.25,435.0,recovery,A,15,14,0.2681,40.1508,22.9842,2,0,9.0,40.0,12,13.3937,0.1963,9,127,0,22.9842,-7.679,30.9971,14,41.7207,18,1
sancheti_baseline_seed50_scale1.25,baseline,50,1.25,440.0,recovery,A,15,15,0.0169,43.3394,41.7207,2,0,4.0,45.0,14,13.2658,0.1868,8,119,0,41.7207,-7.9707,30.0045,15,41.3938,18,1
sancheti_baseline_seed50_scale1.25,baseline,50,1.25,445.0,recovery,A,16,14,0.351,43.4746,23.3956,3,0,5.0,50.0,8,13.5912,0.1097,6,110,0,23.3956,-9.6281,40.9564,14,41.3938,22,1
sancheti_baseline_seed50_scale1.25,baseline,50,1.25,450.0,recovery,A,17,17,0.1716,46.7372,41.349,3,0,0.0,55.0,1,16.1043,0.0296,1,102,0,41.349,-11.5504,38.0368,17,43.041,25,1
sancheti_baseline_seed50_scale1.25,baseline,50,1.25,455.0,recovery,A,13,7,1.9316,35.5923,21.4772,0,1,34.0,0.0,2,10.3253,0.0115,0,91,0,21.4772,-9.984,31.7574,7,43.041,25,1
sancheti_baseline_seed50_scale1.25,baseline,50,1.25,460.0,recovery,A,8,1,3.5824,12.0153,2.0,0,1,29.0,0.0,11,14.439,0.108,9,85,0,2.0,-8.2552,8.7122,1,43.041,25,1
sancheti_baseline_seed50_scale1.25,baseline,50,1.25,465.0,recovery,A,4,0,6.248,11.3535,0.0,0,1,24.0,0.0,14,14.3658,0.1275,7,82,0,-2.0,0.3034,4.3108,-1,43.041,25,1
sancheti_baseline_seed50_scale1.25,baseline,50,1.25,470.0,recovery,A,5,0,9.8593,17.5364,0.0,0,1,19.0,0.0,7,13.6189,0.0852,7,78,0,-7.649,6.3563,-4.2204,-2,43.041,25,1
sancheti_baseline_seed50_scale1.25,baseline,50,1.25,475.0,recovery,A,3,0,13.8335,3.3176,0.0,0,1,14.0,0.0,8,13.0871,0.1031,2,78,0,-7.649,11.3262,-29.0051,-4,43.041,25,1
sancheti_baseline_seed50_scale1.25,baseline,50,1.25,480.0,recovery,A,2,0,16.0585,1.7123,0.0,0,1,9.0,0.0,8,13.5984,0.084,4,82,0,-8.0954,14.2575,-32.2062,-7,43.041,25,1
sancheti_baseline_seed50_scale1.25,baseline,50,1.25,485.0,recovery,A,2,0,15.9457,8.8203,0.0,0,1,4.0,0.0,11,8.553,0.0947,6,84,0,-11.949,13.9418,-28.9903,-8,43.041,25,1
sancheti_baseline_seed50_scale1.25,baseline,50,1.25,490.0,recovery,A,2,0,14.273,2.1977,0.0,1,0,5.0,5.0,13,4.4761,0.1262,3,87,0,-19.4128,13.3085,-36.9025,-12,43.041,25,1
sancheti_baseline_seed50_scale1.25,baseline,50,1.25,495.0,recovery,A,4,2,3.41,11.5272,2.0,1,0,0.0,10.0,13,3.6332,0.1262,2,91,0,-20.9842,3.1419,-28.6236,-12,43.041,25,1
sancheti_baseline_seed50_scale1.25,baseline,50,1.25,500.0,recovery,A,5,2,3.001,20.94,4.3,2,0,34.0,15.0,11,2.2219,0.1213,0,95,0,-37.4207,2.9841,-22.3994,-13,43.041,25,1
sancheti_baseline_seed50_scale1.25,baseline,50,1.25,505.0,recovery,A,9,4,2.0329,37.2335,7.649,2,0,29.0,20.0,14,4.6404,0.1693,4,99,0,-15.7466,1.6819,-6.2411,-10,43.041,25,1
sancheti_baseline_seed50_scale1.25,baseline,50,1.25,510.0,recovery,A,14,10,2.2038,40.9885,19.5596,2,0,24.0,25.0,12,8.8106,0.186,6,100,0,-21.7894,2.0322,-5.7487,-7,43.041,25,1
sancheti_baseline_seed50_scale1.25,baseline,50,1.25,5.0,normal,B,0,0,0.0,0.0,0.0,0,0,34.0,5.0,0,0.0,0.0,0,2,0,0.0,0.0,0.0,0,3.149,3,0
sancheti_baseline_seed50_scale1.25,baseline,50,1.25,10.0,normal,B,0,0,0.0,0.0,0.0,0,0,29.0,10.0,0,0.0,0.0,0,4,0,0.0,0.0,0.0,0,3.149,3,0
sancheti_baseline_seed50_scale1.25,baseline,50,1.25,15.0,normal,B,1,0,16.5969,0.4116,0.0,0,0,24.0,15.0,0,0.0,0.0,0,5,0,0.0,16.5969,0.4116,0,3.149,3,0
sancheti_baseline_seed50_scale1.25,baseline,50,1.25,20.0,normal,B,2,1,8.1644,10.5234,2.0,0,0,19.0,20.0,0,0.0,0.0,0,7,0,2.0,8.1644,10.5234,1,3.149,3,0
sancheti_baseline_seed50_scale1.25,baseline,50,1.25,25.0,normal,B,2,1,6.7705,10.5234,2.0,0,0,14.0,25.0,1,15.8373,0.0058,0,7,0,2.0,6.7705,10.5234,1,3.149,3,0
sancheti_baseline_seed50_scale1.25,baseline,50,1.25,30.0,normal,B,3,2,5.4155,25.226,3.149,0,0,9.0,30.0,1,16.0453,0.0058,1,9,0,3.149,5.4155,25.226,2,3.149,3,0
sancheti_baseline_seed50_scale1.25,baseline,50,1.25,35.0,normal,B,2,2,0.0,24.8144,3.149,0,0,4.0,35.0,1,16.3927,0.0058,1,11,0,3.149,0.0,24.8144,2,7.6087,4,0
sancheti_baseline_seed50_scale1.25,baseline,50,1.25,40.0,normal,B,4,3,3.4434,35.0292,3.149,1,0,5.0,40.0,1,15.8699,0.0058,1,12,0,3.149,3.4434,35.0292,3,7.6087,4,0
sancheti_baseline_seed50_scale1.25,baseline,50,1.25,45.0,normal,B,5,3,4.9447,35.9141,3.149,1,0,0.0,45.0,0,0.0,0.0,0,13,0,3.149,4.9447,35.9141,3,7.6087,4,0
sancheti_baseline_seed50_scale1.25,baseline,50,1.25,50.0,normal,B,1,0,15.1764,0.2763,0.0,2,1,34.0,0.0,3,10.4238,0.024,0,15,0,0.0,15.1764,0.2763,0,7.6087,4,0
sancheti_baseline_seed50_scale1.25,baseline,50,1.25,55.0,normal,B,1,0,16.319,0.4116,0.0,2,1,29.0,0.0,5,15.4659,0.0445,5,16,0,0.0,16.319,0.4116,0,7.6087,4,0
sancheti_baseline_seed50_scale1.25,baseline,50,1.25,60.0,normal,B,0,0,0.0,0.0,0.0,2,1,24.0,0.0,1,13.8178,0.0081,0,18,0,0.0,0.0,0.0,0,7.6087,4,0
sancheti_baseline_seed50_scale1.25,baseline,50,1.25,65.0,normal,B,1,0,13.6265,0.5762,0.0,2,1,19.0,0.0,1,16.0703,0.0058,1,19,0,0.0,13.6265,0.5762,0,7.6087,4,0
sancheti_baseline_seed50_scale1.25,baseline,50,1.25,70.0,normal,B,1,0,15.1622,0.4116,0.0,2,1,14.0,0.0,0,0.0,0.0,0,20,0,0.0,15.1622,0.4116,0,7.6087,4,0
sancheti_baseline_seed50_scale1.25,baseline,50,1.25,75.0,normal,B,1,0,16.4471,0.4116,0.0,2,1,9.0,0.0,1,13.8869,0.0081,1,19,0,0.0,-0.1498,0.0,0,7.6087,4,0
sancheti_baseline_seed50_scale1.25,baseline,50,1.25,80.0,normal,B,1,0,16.6074,0.8849,0.0,2,1,4.0,0.0,2,15.0646,0.0139,1,20,0,-2.0,8.443,-9.6385,-1,7.6087,4,0
sancheti_baseline_seed50_scale1.25,baseline,50,1.25,85.0,normal,B,0,0,0.0,0.0,0.0,3,0,5.0,5.0,1,16.6659,0.0124,0,22,0,-2.0,-6.7705,-10.5234,-1,7.6087,4,0
sancheti_baseline_seed50_scale1.25,baseline,50,1.25,90.0,normal,B,1,0,16.5695,0.8849,0.0,3,0,0.0,10.0,1,16.2901,0.0124,1,18,0,-3.149,11.154,-24.3411,-2,7.6087,4,0
sancheti_baseline_seed50_scale1.25,baseline,50,1.25,95.0,normal,B,2,1,8.0346,16.0607,3.149,0,0,34.0,15.0,2,9.2488,0.0115,0,19,0,0.0,8.0346,-8.7537,-1,9.1925,7,0
sancheti_baseline_seed50_scale1.25,baseline,50,1.25,100.0,normal,B,2,1,4.4023,15.6016,3.149,0,0,29.0,20.0,5,13.4829,0.058,4,20,0,0.0,0.9589,-19.4276,-2,10.8345,9,1
sancheti_baseline_seed50_scale1.25,baseline,50,1.25,105.0,normal,B,3,2,5.4107,30.7632,3.149,0,0,24.0,25.0,6,13.0535,0.1037,5,21,0,0.0,0.466,-5.1509,-1,10.8345,11,1
sancheti_baseline_seed50_scale1.25,baseline,50,1.25,110.0,normal,B,3,2,0.559,30.3579,3.149,0,0,19.0,30.0,5,14.7026,0.0667,2,23,0,3.149,-14.6174,30.0816,2,14.8466,14,1
sancheti_baseline_seed50_scale1.25,baseline,50,1.25,115.0,normal,B,4,3,3.1278,41.4307,3.149,0,0,14.0,35.0,1,16.6879,0.0058,1,23,0,3.149,-13.1912,41.0191,3,18.6374,17,1
sancheti_baseline_seed50_scale1.25,baseline,50,1.25,120.0,surge,B,5,3,5.0814,41.8423,3.149,0,0,9.0,40.0,2,16.2574,0.0115,1,25,0,3.149,5.0814,41.8423,3,25.7742,20,1
sancheti_baseline_seed50_scale1.25,baseline,50,1.25,125.0,surge,B,5,4,1.3923,41.3195,7.6087,0,0,4.0,45.0,1,15.6006,0.0058,0,32,0,7.6087,-12.2342,40.7433,4,34.1333,23,1
sancheti_baseline_seed50_scale1.25,baseline,50,1.25,130.0,surge,B,5,4,2.7186,41.4682,7.5312,1,0,5.0,50.0,1,16.677,0.0058,1,37,0,7.5312,-12.4436,41.0566,4,39.8652,26,1
sancheti_baseline_seed50_scale1.25,baseline,50,1.25,135.0,surge,B,8,4,6.5775,44.1228,7.531,1,0,0.0,55.0,0,0.0,0.0,0,41,0,7.531,-9.8696,43.7112,4,39.8652,28,1
sancheti_baseline_seed50_scale1.25,baseline,50,1.25,140.0,surge,B,5,0,7.7475,22.4022,0.0,2,1,34.0,0.0,3,9.2903,0.0301,0,46,0,0.0,-8.8599,21.5173,0,39.8652,28,1
sancheti_baseline_seed50_scale1.25,baseline,50,1.25,145.0,surge,B,4,0,12.9447,2.5593,0.0,2,1,29.0,0.0,7,14.2612,0.0771,6,51,0,0.0,12.9447,2.5593,0,39.8652,28,1
sancheti_baseline_seed50_scale1.25,baseline,50,1.25,150.0,surge,B,5,0,13.5703,4.5225,0.0,2,1,24.0,0.0,6,14.0594,0.0713,4,56,0,0.0,-2.9992,3.6376,0,39.8652,28,1
sancheti_baseline_seed50_scale1.25,baseline,50,1.25,155.0,surge,B,4,0,15.2768,11.9845,0.0,2,1,19.0,0.0,3,13.5265,0.0636,2,61,0,-3.149,7.2422,-4.0762,-1,39.8652,28,1
sancheti_baseline_seed50_scale1.25,baseline,50,1.25,160.0,surge,B,5,0,15.6101,2.3082,0.0,2,1,14.0,0.0,6,14.7057,0.0771,5,67,0,-3.149,11.2078,-13.2934,-1,39.8652,28,1
sancheti_baseline_seed50_scale1.25,baseline,50,1.25,165.0,surge,B,4,0,15.9279,7.9437,0.0,2,1,9.0,0.0,4,15.1333,0.0453,3,67,0,-3.149,10.5172,-22.8195,-2,39.8652,28,1
sancheti_baseline_seed50_scale1.25,baseline,50,1.25,170.0,surge,B,2,0,13.9838,1.852,0.0,2,1,4.0,0.0,6,15.4197,0.0502,5,65,0,-3.149,13.4248,-28.5059,-2,39.8652,28,1
sancheti_baseline_seed50_scale1.25,baseline,50,1.25,175.0,surge,B,4,0,13.4108,4.7536,0.0,3,0,5.0,5.0,3,16.0275,0.024,2,65,0,-3.149,10.283,-36.6771,-3,39.8652,28,1
sancheti_baseline_seed50_scale1.25,baseline,50,1.25,180.0,surge,B,8,1,8.9115,33.3552,3.1489,3,0,0.0,10.0,0,0.0,0.0,0,65,0,-0.0001,3.8301,-8.4871,-2,39.8652,28,1
sancheti_baseline_seed50_scale1.25,baseline,50,1.25,185.0,surge,B,11,7,4.2776,34.2126,9.1925,0,0,34.0,15.0,4,10.5052,0.0245,0,66,0,1.5838,2.8853,-7.1069,3,39.8652,28,1
sancheti_baseline_seed50_scale1.25,baseline,50,1.25,190.0,surge,B,12,9,2.4926,34.933,10.8345,0,0,29.0,20.0,12,14.266,0.0967,11,71,0,3.3033,-0.226,-6.5352,5,39.8652,28,1
sancheti_baseline_seed50_scale1.25,baseline,50,1.25,195.0,surge,B,15,11,3.1304,36.6215,10.8321,0,0,24.0,25.0,12,12.9291,0.1195,8,71,0,3.3011,-3.4471,-7.5013,7,39.8652,28,1
sancheti_baseline_seed50_scale1.25,baseline,50,1.25,200.0,surge,B,18,14,2.623,38.3247,14.8466,0,0,19.0,30.0,12,13.3206,0.1123,6,74,0,14.8466,-5.1245,15.9225,14,39.8652,28,1
sancheti_baseline_seed50_scale1.25,baseline,50,1.25,205.0,surge,B,21,17,2.1407,39.5594,18.6374,0,0,14.0,35.0,9,13.1612,0.0944,5,79,0,18.6374,-10.804,37.0001,17,39.8652,28,1
sancheti_baseline_seed50_scale1.25,baseline,50,1.25,210.0,surge,B,24,20,1.2979,40.5654,25.7742,0,0,9.0,40.0,6,14.1947,0.0418,3,83,0,25.7742,-12.2724,36.0429,20,39.8652,28,1
sancheti_baseline_seed50_scale1.25,baseline,50,1.25,215.0,surge,B,26,23,1.1976,41.6172,34.1333,0,0,4.0,45.0,3,16.1778,0.024,3,89,0,34.1333,-14.0792,29.6327,23,39.8652,28,1
sancheti_baseline_seed50_scale1.25,baseline,50,1.25,220.0,surge,B,29,26,1.0697,43.3252,39.8652,1,0,5.0,50.0,4,15.1564,0.0297,2,94,0,39.8652,-14.5404,41.017,26,36.6423,28,1
sancheti_baseline_seed50_scale1.25,baseline,50,1.25,225.0,surge,B,30,28,0.737,43.9014,36.6423,1,0,0.0,55.0,3,11.9755,0.024,2,99,0,36.6423,-15.1909,35.9577,28,45.4065,22,1
sancheti_baseline_seed50_scale1.25,baseline,50,1.25,230.0,surge,B,32,7,3.111,36.9422,14.3551,2,1,34.0,0.0,0,0.0,0.0,0,104,0,14.3551,-10.8728,35.0902,7,45.4065,22,1
sancheti_baseline_seed50_scale1.25,baseline,50,1.25,235.0,surge,B,19,0,5.5225,9.1857,0.0,2,1,29.0,0.0,9,11.1213,0.0933,5,107,0,0.0,-7.8883,4.4321,0,45.4065,22,1
sancheti_baseline_seed50_scale1.25,baseline,50,1.25,240.0,surge,B,9,0,10.1161,9.9635,0.0,2,1,24.0,0.0,24,13.8988,0.1967,16,113,0,-3.1489,1.2046,-23.3917,-1,45.4065,22,1
sancheti_baseline_seed50_scale1.25,baseline,50,1.25,245.0,surge,B,3,0,14.1435,3.1485,0.0,2,1,19.0,0.0,22,14.2015,0.1513,16,118,0,-9.1925,9.8659,-31.0641,-7,45.4065,22,1
sancheti_baseline_seed50_scale1.25,baseline,50,1.25,250.0,surge,B,4,0,15.1407,3.1485,0.0,2,1,14.0,0.0,10,14.8068,0.078,5,122,0,-10.8345,12.6481,-31.7845,-9,45.4065,22,1
sancheti_baseline_seed50_scale1.25,baseline,50,1.25,255.0,surge,B,5,0,15.628,2.5311,0.0,2,1,9.0,0.0,3,14.483,0.0442,2,118,0,-10.8321,12.4976,-34.0904,-11,45.4065,22,1
sancheti_baseline_seed50_scale1.25,baseline,50,1.25,260.0,surge,B,4,0,16.1868,2.5929,0.0,2,1,4.0,0.0,5,14.5423,0.0499,5,112,0,-14.8466,13.5638,-35.7318,-14,45.4065,22,1
sancheti_baseline_seed50_scale1.25,baseline,50,1.25,265.0,surge,B,2,0,15.8257,1.7697,0.0,3,0,5.0,5.0,5,16.0514,0.0531,4,105,0,-18.6374,13.685,-37.7897,-17,45.4065,22,1
sancheti_baseline_seed50_scale1.25,baseline,50,1.25,270.0,surge,B,6,1,10.8832,25.7573,3.149,3,0,0.0,10.0,2,16.2079,0.0182,1,96,0,-22.6252,9.5853,-14.8081,-19,45.4065,22,1
sancheti_baseline_seed50_scale1.25,baseline,50,1.25,275.0,surge,B,7,3,5.7795,40.0269,3.149,0,0,34.0,15.0,2,12.1947,0.0115,0,88,0,-30.9843,4.5819,-1.5903,-20,45.4065,22,1
sancheti_baseline_seed50_scale1.25,baseline,50,1.25,280.0,surge,B,8,4,6.4009,43.7866,3.149,0,0,29.0,20.0,12,13.4286,0.1005,9,82,0,-36.7162,5.3312,0.4614,-22,45.4065,22,1
sancheti_baseline_seed50_scale1.25,baseline,50,1.25,285.0,surge,B,11,7,4.2233,45.3388,13.649,0,0,24.0,25.0,15,13.8611,0.1473,8,74,0,-22.9933,3.4863,1.4374,-21,45.4065,22,1
sancheti_baseline_seed50_scale1.25,baseline,50,1.25,290.0,surge,B,14,9,3.1808,48.0739,13.649,0,0,19.0,30.0,9,13.9062,0.1246,7,77,0,-0.7061,0.0698,11.1317,2,45.4065,22,1
sancheti_baseline_seed50_scale1.25,baseline,50,1.25,295.0,surge,B,16,11,2.7693,49.3803,17.6683,0,0,14.0,35.0,8,13.7053,0.1049,4,81,0,17.6683,-2.7532,40.1946,11,45.4065,22,1
sancheti_baseline_seed50_scale1.25,baseline,50,1.25,300.0,surge,B,18,14,1.4701,50.2034,27.3298,0,0,9.0,40.0,6,13.0165,0.0927,2,86,0,27.3298,-8.646,40.2399,14,48.6968,22,1
sancheti_baseline_seed50_scale1.25,baseline,50,1.25,305.0,surge,B,21,18,1.6856,52.9403,30.0824,0,0,4.0,45.0,6,13.9813,0.0638,5,92,0,30.0824,-12.4579,49.7918,18,63.8844,22,1
sancheti_baseline_seed50_scale1.25,baseline,50,1.25,310.0,surge,B,24,19,1.3816,54.7436,30.0376,1,0,5.0,50.0,6,11.5893,0.0681,2,96,0,30.0376,-13.7591,51.5951,19,86.5007,22,1
sancheti_baseline_seed50_scale1.25,baseline,50,1.25,315.0,surge,B,26,22,0.9714,57.3852,45.4065,1,0,0.0,55.0,4,10.53,0.0543,2,101,0,45.4065,-14.6566,54.8541,22,86.5007,22,1
sancheti_baseline_seed50_scale1.25,baseline,50,1.25,320.0,surge,B,23,12,2.3784,35.0996,35.1538,2,1,34.0,0.0,7,5.1218,0.0812,0,105,0,35.1538,-13.8084,32.5067,12,86.5007,22,1
sancheti_baseline_seed50_scale1.25,baseline,50,1.25,325.0,surge,B,19,3,3.8076,33.6845,9.5092,2,1,29.0,0.0,14,11.8085,0.1363,10,111,0,9.5092,-12.0181,31.9148,3,86.5007,22,1
sancheti_baseline_seed50_scale1.25,baseline,50,1.25,330.0,surge,B,17,0,7.0525,28.6182,0.0,2,1,24.0,0.0,15,10.5816,0.1522,5,116,0,-3.149,-3.8307,2.8609,-1,86.5007,22,1
sancheti_baseline_seed50_scale1.25,baseline,50,1.25,335.0,surge,B,9,0,9.3192,6.0307,0.0,2,1,19.0,0.0,13,12.6729,0.1412,9,120,0,-3.149,3.5397,-33.9962,-3,86.5007,22,1
sancheti_baseline_seed50_scale1.25,baseline,50,1.25,340.0,surge,B,6,0,11.6918,3.9347,0.0,2,1,14.0,0.0,16,12.545,0.1596,8,125,0,-3.149,5.2909,-39.8519,-4,86.5007,22,1
sancheti_baseline_seed50_scale1.25,baseline,50,1.25,345.0,surge,B,6,0,15.7084,3.2641,0.0,2,1,9.0,0.0,11,13.4773,0.1284,8,125,0,-13.649,11.4851,-42.0747,-7,86.5007,22,1
sancheti_baseline_seed50_scale1.25,baseline,50,1.25,350.0,surge,B,3,0,14.3666,1.3993,0.0,2,1,4.0,0.0,7,14.6416,0.1226,4,121,0,-13.649,11.1858,-46.6746,-9,86.5007,22,1
sancheti_baseline_seed50_scale1.25,baseline,50,1.25,355.0,surge,B,4,0,15.5639,2.2842,0.0,3,0,5.0,5.0,6,14.3716,0.0647,3,115,0,-17.6683,12.7946,-47.0961,-11,86.5007,22,1
sancheti_baseline_seed50_scale1.25,baseline,50,1.25,360.0,surge,B,6,3,5.7818,38.546,2.8,3,0,0.0,10.0,0,0.0,0.0,0,112,0,-24.5298,4.3117,-11.6574,-11,86.5007,22,1
sancheti_baseline_seed50_scale1.25,baseline,50,1.25,365.0,surge,B,8,4,4.7646,39.6459,2.8,0,0,34.0,15.0,3,9.6668,0.0165,0,110,0,-27.2824,3.079,-13.2944,-14,86.5007,22,1
sancheti_baseline_seed50_scale1.25,baseline,50,1.25,370.0,surge,B,11,7,4.2361,41.6782,22.115,0,0,29.0,20.0,11,13.7395,0.0979,9,97,0,-7.9226,2.8545,-13.0654,-12,86.5007,22,1
sancheti_baseline_seed50_scale1.25,baseline,50,1.25,375.0,surge,B,14,9,2.5351,42.6645,31.1267,0,0,24.0,25.0,15,14.3907,0.1345,11,89,0,-14.2798,1.5637,-14.7207,-13,86.5007,22,1
sancheti_baseline_seed50_scale1.25,baseline,50,1.25,380.0,surge,B,15,11,2.6854,45.2378,31.0842,0,0,19.0,30.0,14,13.6046,0.1345,11,88,0,-4.0696,0.307,10.1382,-1,86.5007,22,1
sancheti_baseline_seed50_scale1.25,baseline,50,1.25,385.0,surge,B,18,13,1.9077,47.8039,31.4331,0,0,14.0,35.0,8,13.9374,0.108,4,89,0,21.9239,-1.8999,14.1194,10,86.5007,22,1
sancheti_baseline_seed50_scale1.25,baseline,50,1.25,390.0,surge,B,20,16,1.0907,49.9015,48.6968,0,0,9.0,40.0,5,13.4604,0.0811,2,95,0,48.6968,-5.9618,21.2833,16,86.5007,22,1
sancheti_baseline_seed50_scale1.25,baseline,50,1.25,395.0,surge,B,22,20,0.4804,52.9475,63.8844,0,0,4.0,45.0,6,14.8242,0.0662,4,99,0,63.8844,-8.8388,46.9168,20,86.5007,22,1
sancheti_baseline_seed50_scale1.25,baseline,50,1.25,400.0,surge,B,25,22,0.9872,55.9313,86.5007,1,0,5.0,50.0,6,12.3547,0.0624,3,105,0,86.5007,-10.7046,51.9966,22,67.515,20,1
sancheti_baseline_seed50_scale1.25,baseline,50,1.25,405.0,surge,B,27,20,0.7629,56.8729,67.515,1,0,0.0,55.0,4,14.6587,0.0442,2,110,0,67.515,-14.9455,53.6088,20,55.4591,15,1
sancheti_baseline_seed50_scale1.25,baseline,50,1.25,410.0,surge,B,26,15,1.6226,55.5457,55.4591,2,1,34.0,0.0,2,10.2382,0.0115,0,114,0,55.4591,-12.744,54.1464,15,39.2906,8,1
sancheti_baseline_seed50_scale1.25,baseline,50,1.25,415.0,surge,B,22,8,2.4856,22.4783,39.2906,2,1,29.0,0.0,10,13.1317,0.1045,7,119,0,39.2906,-13.0783,20.1941,8,17.4679,6,0
sancheti_baseline_seed50_scale1.25,baseline,50,1.25,420.0,recovery,B,20,0,4.9148,50.65,0.0,2,1,24.0,0.0,10,13.1642,0.1728,6,123,0,-2.8,-0.867,12.104,-3,17.4679,6,0
sancheti_baseline_seed50_scale1.25,baseline,50,1.25,425.0,recovery,B,16,0,7.1263,19.2344,0.0,2,1,19.0,0.0,11,11.346,0.166,5,127,0,-2.8,2.3617,-20.4115,-4,17.4679,6,0
sancheti_baseline_seed50_scale1.25,baseline,50,1.25,430.0,recovery,B,14,0,10.6687,24.1397,0.0,2,1,14.0,0.0,13,12.2233,0.1794,7,131,0,-22.115,6.4326,-17.5385,-7,17.4679,6,0
sancheti_baseline_seed50_scale1.25,baseline,50,1.25,435.0,recovery,B,8,0,11.7658,15.1553,0.0,2,1,9.0,0.0,12,13.3937,0.1963,9,127,0,-31.1267,9.2307,-27.5092,-9,17.4679,6,0
sancheti_baseline_seed50_scale1.25,baseline,50,1.25,440.0,recovery,B,3,0,14.5084,13.3916,0.0,2,1,4.0,0.0,14,13.2658,0.1868,8,119,0,-31.0842,11.823,-31.8462,-11,17.4679,6,0
sancheti_baseline_seed50_scale1.25,baseline,50,1.25,445.0,recovery,B,0,0,0.0,0.0,0.0,3,0,5.0,5.0,8,13.5912,0.1097,6,110,0,-31.4331,-1.9077,-47.8039,-13,17.4679,6,0
sancheti_baseline_seed50_scale1.25,baseline,50,1.25,450.0,recovery,B,1,0,13.3947,0.5762,0.0,3,0,0.0,10.0,1,16.1043,0.0296,1,102,0,-48.6968,12.304,-49.3253,-16,17.4679,6,0
sancheti_baseline_seed50_scale1.25,baseline,50,1.25,455.0,recovery,B,2,0,7.7182,14.3788,0.0,0,0,34.0,15.0,2,10.3253,0.0115,0,91,0,-63.8844,7.2378,-38.5687,-20,17.4679,6,0
sancheti_baseline_seed50_scale1.25,baseline,50,1.25,460.0,recovery,B,3,2,5.5544,29.5532,3.1487,0,0,29.0,20.0,11,14.439,0.108,9,85,0,-83.352,4.5672,-26.3781,-20,17.4679,6,0
sancheti_baseline_seed50_scale1.25,baseline,50,1.25,465.0,recovery,B,4,2,3.9773,31.0542,3.149,0,0,24.0,25.0,14,14.3658,0.1275,7,82,0,-64.366,3.2144,-25.8187,-18,17.4679,6,0
sancheti_baseline_seed50_scale1.25,baseline,50,1.25,470.0,recovery,B,3,2,3.8254,30.8306,3.149,0,0,19.0,30.0,7,13.6189,0.0852,7,78,0,-52.3101,2.2028,-24.7151,-13,17.4679,6,0
sancheti_baseline_seed50_scale1.25,baseline,50,1.25,475.0,recovery,B,4,3,3.5246,32.5248,11.3821,0,0,14.0,35.0,8,13.0871,0.1031,2,78,0,-27.9085,1.039,10.0465,-5,17.4679,6,0
sancheti_baseline_seed50_scale1.25,baseline,50,1.25,480.0,recovery,B,5,4,2.949,33.07,11.2313,0,0,9.0,40.0,8,13.5984,0.084,4,82,0,11.2313,-1.9658,-17.58,4,17.4679,6,0
sancheti_baseline_seed50_scale1.25,baseline,50,1.25,485.0,recovery,B,6,4,3.0535,33.9548,13.649,0,0,4.0,45.0,11,8.553,0.0947,6,84,0,13.649,-4.0728,14.7204,4,17.4679,6,0
sancheti_baseline_seed50_scale1.25,baseline,50,1.25,490.0,recovery,B,7,6,2.4487,34.3664,17.4679,1,0,5.0,50.0,13,4.4761,0.1262,3,87,0,17.4679,-8.22,10.2267,6,17.4501,6,0
sancheti_baseline_seed50_scale1.25,baseline,50,1.25,495.0,recovery,B,8,6,1.0155,34.4099,17.4501,1,0,0.0,55.0,13,3.6332,0.1262,2,91,0,17.4501,-10.7503,19.2546,6,6.3,5,0
sancheti_baseline_seed50_scale1.25,baseline,50,1.25,500.0,recovery,B,6,0,4.2917,23.5722,0.0,2,1,34.0,0.0,11,2.2219,0.1213,0,95,0,0.0,-10.2167,10.1806,0,6.3,5,0
sancheti_baseline_seed50_scale1.25,baseline,50,1.25,505.0,recovery,B,2,0,12.2642,9.8083,0.0,2,1,29.0,0.0,14,4.6404,0.1693,4,99,0,0.0,12.2642,9.8083,0,6.3,5,0
sancheti_baseline_seed50_scale1.25,baseline,50,1.25,510.0,recovery,B,1,0,16.3296,0.8849,0.0,2,1,24.0,0.0,12,8.8106,0.186,6,100,0,0.0,2.9349,0.3087,0,6.3,5,0
sancheti_baseline_seed47_scale1.4,baseline,47,1.4,5.0,normal,A,0,0,0.0,0.0,0.0,0,1,34.0,0.0,0,0.0,0.0,0,2,0,0.0,0.0,0.0,0,12.2647,8,1
sancheti_baseline_seed47_scale1.4,baseline,47,1.4,10.0,normal,A,0,0,0.0,0.0,0.0,0,1,29.0,0.0,0,0.0,0.0,0,4,0,0.0,0.0,0.0,0,12.2647,8,1
sancheti_baseline_seed47_scale1.4,baseline,47,1.4,15.0,normal,A,0,0,0.0,0.0,0.0,0,1,24.0,0.0,0,0.0,0.0,0,5,0,0.0,0.0,0.0,0,12.2647,8,1
sancheti_baseline_seed47_scale1.4,baseline,47,1.4,20.0,normal,A,0,0,0.0,0.0,0.0,0,1,19.0,0.0,0,0.0,0.0,0,7,0,0.0,0.0,0.0,0,12.2647,8,1
sancheti_baseline_seed47_scale1.4,baseline,47,1.4,25.0,normal,A,1,0,12.0624,4.197,0.0,0,1,14.0,0.0,0,0.0,0.0,0,9,0,0.0,12.0624,4.197,0,12.2647,8,1
sancheti_baseline_seed47_scale1.4,baseline,47,1.4,30.0,normal,A,1,0,9.6935,0.6219,0.0,0,1,9.0,0.0,1,13.6688,0.0303,1,11,0,0.0,9.6935,0.6219,0,12.2647,8,1
sancheti_baseline_seed47_scale1.4,baseline,47,1.4,35.0,normal,A,1,0,12.642,0.4133,0.0,0,1,4.0,0.0,1,13.8101,0.0303,1,12,0,0.0,12.642,0.4133,0,12.2647,8,1
sancheti_baseline_seed47_scale1.4,baseline,47,1.4,40.0,normal,A,0,0,0.0,0.0,0.0,1,0,5.0,5.0,2,14.033,0.026,2,13,0,0.0,0.0,0.0,0,12.2647,8,1
sancheti_baseline_seed47_scale1.4,baseline,47,1.4,45.0,normal,A,1,1,0.0,3.3031,2.0,1,0,0.0,10.0,1,12.4566,0.0202,0,15,0,2.0,0.0,3.3031,1,12.2647,8,1
sancheti_baseline_seed47_scale1.4,baseline,47,1.4,50.0,normal,A,3,2,3.5735,7.1946,2.0002,2,0,34.0,15.0,4,9.7984,0.0231,0,16,0,2.0002,3.5735,7.1946,2,12.2647,8,1
sancheti_baseline_seed47_scale1.4,baseline,47,1.4,55.0,normal,A,4,3,3.6211,10.7086,2.0,2,0,29.0,20.0,5,16.1731,0.0289,5,18,0,2.0,3.6211,10.7086,3,12.2647,8,1
sancheti_baseline_seed47_scale1.4,baseline,47,1.4,60.0,normal,A,5,4,2.2235,14.0116,5.2471,2,0,24.0,25.0,1,16.2165,0.0124,1,20,0,5.2471,2.2235,14.0116,4,24.646,8,1
sancheti_baseline_seed47_scale1.4,baseline,47,1.4,65.0,normal,A,5,5,0.0624,16.5153,5.2223,2,0,19.0,30.0,1,16.1201,0.0124,1,21,0,5.2223,0.0624,16.5153,5,24.646,8,1
sancheti_baseline_seed47_scale1.4,baseline,47,1.4,70.0,normal,A,6,5,1.7001,17.6345,2.0,2,0,14.0,35.0,1,16.5846,0.0124,0,23,0,2.0,1.7001,17.6345,5,25.8125,8,1
sancheti_baseline_seed47_scale1.4,baseline,47,1.4,75.0,normal,A,6,6,0.0287,21.1396,5.9327,2,0,9.0,40.0,1,15.6053,0.0058,1,24,0,5.9327,0.0287,21.1396,6,25.8125,9,1
sancheti_baseline_seed47_scale1.4,baseline,47,1.4,80.0,normal,A,7,7,0.0688,26.9687,5.8022,2,0,4.0,45.0,1,16.599,0.0124,1,23,0,5.8022,0.0688,26.9687,7,25.8125,11,1
sancheti_baseline_seed47_scale1.4,baseline,47,1.4,85.0,normal,A,9,7,1.4139,32.8409,7.649,3,0,5.0,50.0,0,0.0,0.0,0,24,0,7.649,-10.6485,28.6439,7,38.1214,14,1
sancheti_baseline_seed47_scale1.4,baseline,47,1.4,90.0,normal,A,10,8,1.1582,32.0229,12.2647,3,0,0.0,55.0,1,15.5052,0.0058,1,21,0,12.2647,-8.5353,31.401,8,43.389,15,1
sancheti_baseline_seed47_scale1.4,baseline,47,1.4,95.0,normal,A,3,0,8.5532,10.0075,0.0,0,1,34.0,0.0,4,11.3122,0.0231,0,21,0,0.0,-4.0888,9.5942,0,43.389,15,1
sancheti_baseline_seed47_scale1.4,baseline,47,1.4,100.0,normal,A,1,0,15.7484,0.7994,0.0,0,1,29.0,0.0,10,14.6917,0.0808,9,22,0,0.0,15.7484,0.7994,0,43.389,15,1
sancheti_baseline_seed47_scale1.4,baseline,47,1.4,105.0,normal,A,1,0,15.4581,0.7994,0.0,0,1,24.0,0.0,4,14.5666,0.0476,3,24,0,-2.0,15.4581,-2.5037,-1,43.389,15,1
sancheti_baseline_seed47_scale1.4,baseline,47,1.4,110.0,normal,A,0,0,0.0,0.0,0.0,0,1,19.0,0.0,2,16.632,0.0115,0,24,0,-2.0002,-3.5735,-7.1946,-2,43.389,15,1
sancheti_baseline_seed47_scale1.4,baseline,47,1.4,115.0,normal,A,0,0,0.0,0.0,0.0,0,1,14.0,0.0,1,16.3653,0.0058,1,26,0,-2.0,-3.6211,-10.7086,-3,43.389,15,1
sancheti_baseline_seed47_scale1.4,baseline,47,1.4,120.0,surge,A,0,0,0.0,0.0,0.0,0,1,9.0,0.0,1,13.2039,0.0081,1,27,0,-5.2471,-2.2235,-14.0116,-4,43.389,15,1
sancheti_baseline_seed47_scale1.4,baseline,47,1.4,125.0,surge,A,0,0,0.0,0.0,0.0,0,1,4.0,0.0,2,15.0871,0.0139,1,34,0,-5.2223,-0.0624,-16.5153,-5,43.389,15,1
sancheti_baseline_seed47_scale1.4,baseline,47,1.4,130.0,surge,A,2,0,11.1955,4.0364,0.0,1,0,5.0,5.0,0,0.0,0.0,0,39,0,-2.0,9.4954,-13.5981,-5,43.389,15,1
sancheti_baseline_seed47_scale1.4,baseline,47,1.4,135.0,surge,A,2,1,3.6382,16.0041,7.0,1,0,0.0,10.0,0,0.0,0.0,0,44,0,1.0673,3.6095,-5.1355,-5,43.389,15,1
sancheti_baseline_seed47_scale1.4,baseline,47,1.4,140.0,surge,A,3,2,3.6116,22.8592,7.0,2,0,34.0,15.0,2,10.6105,0.0115,0,49,0,1.1978,3.5428,-4.1095,-5,43.389,15,1
sancheti_baseline_seed47_scale1.4,baseline,47,1.4,145.0,surge,A,5,4,2.5985,25.7558,8.6783,2,0,29.0,20.0,7,14.1777,0.0704,5,55,0,1.0293,1.1846,-7.0851,-3,43.389,15,1
sancheti_baseline_seed47_scale1.4,baseline,47,1.4,150.0,surge,A,7,6,0.8369,28.4329,24.646,2,0,24.0,25.0,10,14.3503,0.1203,8,59,0,12.3813,-0.3213,-3.59,-2,43.389,15,1
sancheti_baseline_seed47_scale1.4,baseline,47,1.4,155.0,surge,A,9,6,1.9877,30.4604,24.2975,2,0,19.0,30.0,5,15.0675,0.0378,2,65,0,24.2975,-6.5655,20.4529,6,43.389,15,1
sancheti_baseline_seed47_scale1.4,baseline,47,1.4,160.0,surge,A,8,7,1.1439,32.3505,25.8125,2,0,14.0,35.0,5,14.6535,0.0624,5,70,0,25.8125,-14.6045,31.5511,7,43.389,15,1
sancheti_baseline_seed47_scale1.4,baseline,47,1.4,165.0,surge,A,11,9,0.9805,34.688,21.348,2,0,9.0,40.0,5,14.8939,0.0577,4,64,0,21.348,-14.4776,33.8886,9,43.389,17,1
sancheti_baseline_seed47_scale1.4,baseline,47,1.4,170.0,surge,A,12,11,0.5267,36.109,25.0569,2,0,4.0,45.0,4,15.5551,0.0676,2,65,0,25.0569,0.5267,36.109,11,43.389,17,1
sancheti_baseline_seed47_scale1.4,baseline,47,1.4,175.0,surge,A,14,14,0.2594,37.7032,38.1214,3,0,5.0,50.0,4,14.788,0.0566,4,68,0,38.1214,0.2594,37.7032,14,43.389,20,1
sancheti_baseline_seed47_scale1.4,baseline,47,1.4,180.0,surge,A,14,15,0.0916,39.6224,43.389,3,0,0.0,55.0,3,15.2165,0.0263,1,68,0,43.389,0.0916,39.6224,15,43.389,20,1
sancheti_baseline_seed47_scale1.4,baseline,47,1.4,185.0,surge,A,13,5,1.9774,37.5028,18.1829,0,1,34.0,0.0,1,9.0469,0.0091,0,67,0,18.1829,1.9774,37.5028,5,43.389,20,1
sancheti_baseline_seed47_scale1.4,baseline,47,1.4,190.0,surge,A,8,0,5.3851,30.5958,0.0,0,1,29.0,0.0,5,12.007,0.0811,5,70,0,0.0,-5.8104,26.5594,0,43.389,20,1
sancheti_baseline_seed47_scale1.4,baseline,47,1.4,195.0,surge,A,7,0,7.2969,8.9634,0.0,0,1,24.0,0.0,14,13.0574,0.1738,8,74,0,-7.0,3.6587,-7.0407,-1,43.389,20,1
sancheti_baseline_seed47_scale1.4,baseline,47,1.4,200.0,surge,A,2,0,9.9628,5.0218,0.0,0,1,19.0,0.0,9,13.3758,0.1437,7,75,0,-7.0,6.3512,-17.8374,-2,43.389,20,1
sancheti_baseline_seed47_scale1.4,baseline,47,1.4,205.0,surge,A,3,0,13.0827,6.9242,0.0,0,1,14.0,0.0,10,14.596,0.1123,8,79,0,-8.6783,10.4842,-18.8316,-4,43.389,20,1
sancheti_baseline_seed47_scale1.4,baseline,47,1.4,210.0,surge,A,2,0,13.488,2.0447,0.0,0,1,9.0,0.0,6,12.2575,0.0894,2,84,0,-24.646,12.6511,-26.3882,-6,43.389,20,1
sancheti_baseline_seed47_scale1.4,baseline,47,1.4,215.0,surge,A,2,0,12.4304,2.5523,0.0,0,1,4.0,0.0,4,13.495,0.0722,3,89,0,-24.2975,10.4427,-27.9081,-6,43.389,20,1
sancheti_baseline_seed47_scale1.4,baseline,47,1.4,220.0,surge,A,2,0,14.0029,1.2926,0.0,1,0,5.0,5.0,3,11.3526,0.102,2,95,0,-25.8125,12.859,-31.0579,-7,43.389,20,1
sancheti_baseline_seed47_scale1.4,baseline,47,1.4,225.0,surge,A,7,4,3.1064,17.0717,2.0,1,0,0.0,10.0,4,7.1018,0.1034,1,99,0,-19.348,2.1259,-17.6163,-5,43.389,20,1
sancheti_baseline_seed47_scale1.4,baseline,47,1.4,230.0,surge,A,8,6,1.8135,25.6527,7.649,2,0,34.0,15.0,8,6.0139,0.1324,0,104,0,-17.4079,1.2868,-10.4563,-5,43.389,20,1
sancheti_baseline_seed47_scale1.4,baseline,47,1.4,235.0,surge,A,10,5,2.0179,31.4826,2.0,2,0,29.0,20.0,12,11.8434,0.1628,8,110,0,-36.1214,1.7585,-6.2206,-9,43.389,20,1
sancheti_baseline_seed47_scale1.4,baseline,47,1.4,240.0,surge,A,13,9,1.3192,42.6956,8.247,2,0,24.0,25.0,14,10.876,0.1677,9,114,0,-35.142,1.2276,3.0732,-6,43.389,20,1
sancheti_baseline_seed47_scale1.4,baseline,47,1.4,245.0,surge,A,13,10,0.6061,44.1539,10.0523,2,0,19.0,30.0,14,11.1532,0.2078,7,121,0,-8.1306,-1.3713,6.6511,5,43.389,20,1
sancheti_baseline_seed47_scale1.4,baseline,47,1.4,250.0,surge,A,16,14,0.5329,47.4791,22.756,2,0,14.0,35.0,12,11.6597,0.2081,8,126,0,22.756,-4.8522,16.8833,14,43.389,20,1
sancheti_baseline_seed47_scale1.4,baseline,47,1.4,255.0,surge,A,17,17,0.1219,48.914,37.6327,2,0,9.0,40.0,18,11.941,0.1787,11,126,0,37.6327,-7.175,39.9506,17,43.389,20,1
sancheti_baseline_seed47_scale1.4,baseline,47,1.4,260.0,surge,A,19,17,0.2061,51.4321,31.8491,2,0,4.0,45.0,16,12.5268,0.1311,7,126,0,31.8491,-9.7567,46.4103,17,43.389,20,1
sancheti_baseline_seed47_scale1.4,baseline,47,1.4,265.0,surge,A,20,20,0.0039,52.8697,43.389,3,0,5.0,50.0,10,14.0151,0.119,5,121,0,43.389,-13.0788,45.9455,20,43.389,20,1
sancheti_baseline_seed47_scale1.4,baseline,47,1.4,270.0,surge,A,21,20,0.317,53.6835,43.389,3,0,0.0,55.0,5,14.7942,0.0601,2,115,0,43.389,-13.171,51.6388,20,43.389,19,1
sancheti_baseline_seed47_scale1.4,baseline,47,1.4,275.0,surge,A,15,6,2.004,34.7218,11.3165,0,1,34.0,0.0,5,10.872,0.0289,0,114,0,11.3165,-10.4264,32.1695,6,43.389,19,1
sancheti_baseline_seed47_scale1.4,baseline,47,1.4,280.0,surge,A,9,0,5.5343,16.9801,0.0,0,1,29.0,0.0,12,14.6757,0.1176,10,107,0,0.0,-8.4686,15.6875,0,43.389,19,1
sancheti_baseline_seed47_scale1.4,baseline,47,1.4,285.0,surge,A,4,0,7.558,5.9794,0.0,0,1,24.0,0.0,11,15.2209,0.1415,7,103,0,-2.0,4.4516,-11.0923,-4,43.389,19,1
sancheti_baseline_seed47_scale1.4,baseline,47,1.4,290.0,surge,A,4,0,13.3104,6.1187,0.0,0,1,19.0,0.0,10,12.4044,0.1201,6,101,0,-7.649,11.4969,-19.534,-6,43.389,19,1
sancheti_baseline_seed47_scale1.4,baseline,47,1.4,295.0,surge,A,2,0,14.2257,7.5942,0.0,0,1,14.0,0.0,10,11.6893,0.1178,6,104,0,-2.0,12.2078,-23.8884,-5,43.389,19,1
sancheti_baseline_seed47_scale1.4,baseline,47,1.4,300.0,surge,A,3,0,11.6943,4.3493,0.0,0,1,9.0,0.0,11,7.3677,0.1259,3,110,0,-8.247,10.3751,-38.3463,-9,43.389,19,1
sancheti_baseline_seed47_scale1.4,baseline,47,1.4,305.0,surge,A,3,0,12.0722,5.8212,0.0,0,1,4.0,0.0,9,5.7563,0.1148,1,115,0,-10.0523,11.4661,-38.3327,-10,43.389,19,1
sancheti_baseline_seed47_scale1.4,baseline,47,1.4,310.0,surge,A,2,0,9.0255,6.8699,0.0,1,0,5.0,5.0,8,9.4024,0.0942,4,121,0,-22.756,8.4926,-40.6092,-14,43.389,19,1
sancheti_baseline_seed47_scale1.4,baseline,47,1.4,315.0,surge,A,5,1,3.5547,10.5016,2.0,1,0,0.0,10.0,7,4.8297,0.075,1,126,0,-35.6327,3.4328,-38.4124,-16,43.389,19,1
sancheti_baseline_seed47_scale1.4,baseline,47,1.4,320.0,surge,A,7,2,3.9431,24.9732,2.0075,2,0,34.0,15.0,9,3.42,0.0996,0,131,0,-29.8416,3.737,-26.4589,-15,43.389,19,1
sancheti_baseline_seed47_scale1.4,baseline,47,1.4,325.0,surge,A,9,6,2.461,34.7641,7.649,2,0,29.0,20.0,14,10.9799,0.1829,8,138,0,-35.74,2.4571,-18.1056,-14,43.389,19,1
sancheti_baseline_seed47_scale1.4,baseline,47,1.4,330.0,surge,A,10,8,0.8274,35.5815,8.0657,2,0,24.0,25.0,20,10.5538,0.1921,10,144,0,-35.3233,0.5104,-18.102,-12,43.389,19,1
sancheti_baseline_seed47_scale1.4,baseline,47,1.4,335.0,surge,A,13,9,0.9825,41.2611,16.1983,2,0,19.0,30.0,23,10.7965,0.2073,13,149,0,4.8818,-1.0215,6.5393,3,43.389,19,1
sancheti_baseline_seed47_scale1.4,baseline,47,1.4,340.0,surge,A,18,16,0.3738,46.1743,38.3938,2,0,14.0,35.0,20,9.4958,0.1815,6,155,0,38.3938,-5.1605,29.1942,16,43.389,19,1
sancheti_baseline_seed47_scale1.4,baseline,47,1.4,345.0,surge,A,18,14,0.9766,45.619,39.1937,2,0,9.0,40.0,13,11.6624,0.151,8,153,0,39.1937,-6.5814,39.6396,14,43.389,19,1
sancheti_baseline_seed47_scale1.4,baseline,47,1.4,350.0,surge,A,17,14,0.8044,47.2384,28.8562,2,0,4.0,45.0,12,13.3539,0.1092,6,150,0,28.8562,-12.506,41.1197,14,43.389,21,1
sancheti_baseline_seed47_scale1.4,baseline,47,1.4,355.0,surge,A,20,18,0.2834,48.7172,43.389,3,0,5.0,50.0,3,16.1685,0.0173,2,140,0,43.389,-13.9423,41.123,18,43.389,21,1
sancheti_baseline_seed47_scale1.4,baseline,47,1.4,360.0,surge,A,20,19,0.3014,49.5954,43.389,3,0,0.0,55.0,2,15.1791,0.0427,2,133,0,43.389,-11.3929,45.2461,19,38.0393,21,1
sancheti_baseline_seed47_scale1.4,baseline,47,1.4,365.0,surge,A,18,8,2.2807,33.3277,32.2965,0,1,34.0,0.0,2,9.8471,0.0195,0,126,0,32.2965,-9.7915,27.5065,8,38.0393,21,1
sancheti_baseline_seed47_scale1.4,baseline,47,1.4,370.0,surge,A,12,1,5.1491,27.3126,0.0,0,1,29.0,0.0,12,13.5985,0.1094,9,120,0,0.0,-3.8764,20.4427,1,38.0393,21,1
sancheti_baseline_seed47_scale1.4,baseline,47,1.4,375.0,surge,A,10,0,6.6101,16.1197,0.0,0,1,24.0,0.0,16,14.9667,0.1502,13,114,0,-2.0,3.0554,5.6181,-1,38.0393,21,1
sancheti_baseline_seed47_scale1.4,baseline,47,1.4,380.0,surge,A,4,0,9.7135,7.1814,0.0,0,1,19.0,0.0,12,13.5674,0.1401,5,101,0,-2.0075,5.7704,-17.7918,-2,38.0393,21,1
sancheti_baseline_seed47_scale1.4,baseline,47,1.4,385.0,surge,A,1,0,13.2014,1.1192,0.0,0,1,14.0,0.0,11,11.9581,0.1239,8,102,0,-7.649,10.7404,-33.6449,-6,38.0393,21,1
sancheti_baseline_seed47_scale1.4,baseline,47,1.4,390.0,surge,A,2,0,12.5854,18.4827,0.0,0,1,9.0,0.0,10,9.4307,0.0982,3,107,0,-8.0657,11.758,-17.0988,-8,38.0393,21,1
sancheti_baseline_seed47_scale1.4,baseline,47,1.4,395.0,surge,A,3,0,11.9556,8.6312,0.0,0,1,4.0,0.0,7,6.264,0.1187,1,113,0,-16.1983,10.9731,-32.6299,-9,38.0393,21,1
sancheti_baseline_seed47_scale1.4,baseline,47,1.4,400.0,surge,A,3,0,11.1767,5.0682,0.0,1,0,5.0,5.0,7,7.1832,0.1331,2,117,0,-38.3938,10.8029,-41.1061,-16,38.0393,21,1
sancheti_baseline_seed47_scale1.4,baseline,47,1.4,405.0,surge,A,9,2,5.8784,15.0409,2.8,1,0,0.0,10.0,4,8.7359,0.0946,2,122,0,-36.3937,4.9018,-30.5781,-12,38.0393,21,1
sancheti_baseline_seed47_scale1.4,baseline,47,1.4,410.0,surge,A,9,6,1.8851,25.673,7.649,2,0,34.0,15.0,5,8.0897,0.0667,0,126,0,-21.2072,1.0807,-21.5654,-8,38.0393,21,1
sancheti_baseline_seed47_scale1.4,baseline,47,1.4,415.0,surge,A,13,8,1.6255,35.1343,7.649,2,0,29.0,20.0,13,13.6905,0.1177,11,131,0,-35.74,1.3421,-13.5829,-10,38.0393,21,1
sancheti_baseline_seed47_scale1.4,baseline,47,1.4,420.0,recovery,A,13,11,0.7722,38.1958,9.4112,2,0,24.0,25.0,13,9.94,0.1574,5,136,0,-33.9778,0.4708,-11.3996,-8,38.0393,21,1
sancheti_baseline_seed47_scale1.4,baseline,47,1.4,425.0,recovery,A,16,13,1.0718,42.5303,24.9175,2,0,19.0,30.0,18,13.0007,0.2058,12,140,0,-7.379,-1.2089,9.2026,5,38.0393,21,1
sancheti_baseline_seed47_scale1.4,baseline,47,1.4,430.0,recovery,A,18,15,0.5082,50.9832,26.7132,2,0,14.0,35.0,15,12.9495,0.1751,9,143,0,26.7132,-4.6409,23.6706,14,38.0393,21,1
sancheti_baseline_seed47_scale1.4,baseline,47,1.4,435.0,recovery,A,21,16,0.5888,59.561,38.0393,2,0,9.0,40.0,13,12.735,0.1718,7,140,0,38.0393,-6.0213,43.4413,16,37.1067,21,1
sancheti_baseline_seed47_scale1.4,baseline,47,1.4,440.0,recovery,A,22,21,0.3597,61.0893,36.8306,2,0,4.0,45.0,11,13.589,0.0873,7,132,0,36.8306,-9.3538,53.9079,21,43.389,21,1
sancheti_baseline_seed47_scale1.4,baseline,47,1.4,445.0,recovery,A,22,21,0.4085,63.287,37.1067,3,0,5.0,50.0,3,15.9942,0.0261,1,128,0,37.1067,-12.7929,62.1678,21,43.389,20,1
sancheti_baseline_seed47_scale1.4,baseline,47,1.4,450.0,recovery,A,22,20,0.2125,65.2814,37.0575,3,0,0.0,55.0,1,16.5997,0.0124,1,113,0,37.0575,-12.3729,46.7987,20,43.389,19,1
sancheti_baseline_seed47_scale1.4,baseline,47,1.4,455.0,recovery,A,14,9,1.8016,35.301,35.3026,0,1,34.0,0.0,5,10.756,0.0355,0,104,0,35.3026,-10.154,26.6698,9,43.389,19,1
sancheti_baseline_seed47_scale1.4,baseline,47,1.4,460.0,recovery,A,9,0,4.1286,27.3735,0.0,0,1,29.0,0.0,16,14.366,0.1213,13,96,0,0.0,-7.0481,22.3053,0,43.389,19,1
sancheti_baseline_seed47_scale1.4,baseline,47,1.4,465.0,recovery,A,5,0,6.7727,19.3329,0.0,0,1,24.0,0.0,14,13.7078,0.1243,7,87,0,-2.8,0.8943,4.292,-2,43.389,19,1
sancheti_baseline_seed47_scale1.4,baseline,47,1.4,470.0,recovery,A,3,0,9.7849,6.475,0.0,0,1,19.0,0.0,9,13.1921,0.1423,5,79,0,-7.649,7.8998,-19.198,-6,43.389,19,1
sancheti_baseline_seed47_scale1.4,baseline,47,1.4,475.0,recovery,A,3,0,12.4021,7.1425,0.0,0,1,14.0,0.0,8,13.333,0.1386,5,78,0,-7.649,10.7766,-27.9918,-8,43.389,19,1
sancheti_baseline_seed47_scale1.4,baseline,47,1.4,480.0,recovery,A,4,0,13.5384,3.6639,0.0,0,1,9.0,0.0,7,13.2526,0.0855,4,82,0,-9.4112,12.7662,-34.5319,-11,43.389,19,1
sancheti_baseline_seed47_scale1.4,baseline,47,1.4,485.0,recovery,A,2,0,16.0951,2.2652,0.0,0,1,4.0,0.0,7,13.7532,0.0621,4,84,0,-24.9175,15.0233,-40.2651,-13,43.389,19,1
sancheti_baseline_seed47_scale1.4,baseline,47,1.4,490.0,recovery,A,2,0,13.2723,1.9186,0.0,1,0,5.0,5.0,7,12.973,0.0728,3,88,0,-26.7132,12.7641,-49.0646,-15,43.389,19,1
sancheti_baseline_seed47_scale1.4,baseline,47,1.4,495.0,recovery,A,4,2,4.3921,11.9503,2.8,1,0,0.0,10.0,7,2.8385,0.0693,1,91,0,-35.2393,3.8033,-47.6107,-14,43.389,19,1
sancheti_baseline_seed47_scale1.4,baseline,47,1.4,500.0,recovery,A,6,3,3.475,17.4131,7.649,2,0,34.0,15.0,9,3.798,0.0941,0,93,0,-29.1816,3.1153,-43.6762,-18,43.389,19,1
sancheti_baseline_seed47_scale1.4,baseline,47,1.4,505.0,recovery,A,11,3,3.0981,28.0852,5.8361,2,0,29.0,20.0,11,13.4222,0.1072,8,96,0,-31.2706,2.6896,-35.2018,-18,43.389,19,1
sancheti_baseline_seed47_scale1.4,baseline,47,1.4,510.0,recovery,A,11,7,1.0794,44.9062,8.2438,2,0,24.0,25.0,7,11.5978,0.0877,3,100,0,-28.8137,0.8669,-20.3752,-13,43.389,19,1
sancheti_baseline_seed47_scale1.4,baseline,47,1.4,5.0,normal,B,0,0,0.0,0.0,0.0,0,0,34.0,5.0,0,0.0,0.0,0,2,0,0.0,0.0,0.0,0,2.0,4,0
sancheti_baseline_seed47_scale1.4,baseline,47,1.4,10.0,normal,B,0,0,0.0,0.0,0.0,0,0,29.0,10.0,0,0.0,0.0,0,4,0,0.0,0.0,0.0,0,2.8,4,0
sancheti_baseline_seed47_scale1.4,baseline,47,1.4,15.0,normal,B,1,0,16.6611,0.4116,0.0,0,0,24.0,15.0,0,0.0,0.0,0,5,0,0.0,16.6611,0.4116,0,2.8,4,0
sancheti_baseline_seed47_scale1.4,baseline,47,1.4,20.0,normal,B,2,1,8.2859,10.0501,0.0,0,0,19.0,20.0,0,0.0,0.0,0,7,0,0.0,8.2859,10.0501,1,2.8,4,0
sancheti_baseline_seed47_scale1.4,baseline,47,1.4,25.0,normal,B,1,1,0.0,9.6386,2.0,0,0,14.0,25.0,0,0.0,0.0,0,9,0,2.0,0.0,9.6386,1,2.8,4,0
sancheti_baseline_seed47_scale1.4,baseline,47,1.4,30.0,normal,B,3,2,5.4978,19.6887,2.0,0,0,9.0,30.0,1,13.6688,0.0303,1,11,0,2.0,5.4978,19.6887,2,2.8,4,0
sancheti_baseline_seed47_scale1.4,baseline,47,1.4,35.0,normal,B,4,2,5.1395,29.3272,2.0,0,0,4.0,35.0,1,13.8101,0.0303,1,12,0,2.0,5.1395,29.3272,2,5.6848,4,0
sancheti_baseline_seed47_scale1.4,baseline,47,1.4,40.0,normal,B,4,3,0.0,29.3272,2.0,1,0,5.0,40.0,2,14.033,0.026,2,13,0,2.0,0.0,29.3272,3,6.031,6,0
sancheti_baseline_seed47_scale1.4,baseline,47,1.4,45.0,normal,B,5,4,3.2215,38.9658,2.0,1,0,0.0,45.0,1,12.4566,0.0202,0,15,0,2.0,3.2215,38.9658,4,6.031,6,0
sancheti_baseline_seed47_scale1.4,baseline,47,1.4,50.0,normal,B,1,0,16.0809,0.8849,0.0,2,1,34.0,0.0,4,9.7984,0.0231,0,16,0,0.0,16.0809,0.8849,0,6.031,6,0
sancheti_baseline_seed47_scale1.4,baseline,47,1.4,55.0,normal,B,0,0,0.0,0.0,0.0,2,1,29.0,0.0,5,16.1731,0.0289,5,18,0,0.0,0.0,0.0,0,6.031,6,0
sancheti_baseline_seed47_scale1.4,baseline,47,1.4,60.0,normal,B,1,0,16.0555,0.8849,0.0,2,1,24.0,0.0,1,16.2165,0.0124,1,20,0,0.0,16.0555,0.8849,0,6.031,6,0
sancheti_baseline_seed47_scale1.4,baseline,47,1.4,65.0,normal,B,1,0,16.239,0.4116,0.0,2,1,19.0,0.0,1,16.1201,0.0124,1,21,0,0.0,16.239,0.4116,0,6.031,6,0
sancheti_baseline_seed47_scale1.4,baseline,47,1.4,70.0,normal,B,1,0,16.344,0.8849,0.0,2,1,14.0,0.0,1,16.5846,0.0124,0,23,0,0.0,16.344,0.8849,0,6.031,6,0
sancheti_baseline_seed47_scale1.4,baseline,47,1.4,75.0,normal,B,1,0,16.6687,0.8849,0.0,2,1,9.0,0.0,1,15.6053,0.0058,1,24,0,0.0,0.0076,0.4733,0,6.031,6,0
sancheti_baseline_seed47_scale1.4,baseline,47,1.4,80.0,normal,B,1,0,15.6075,0.4116,0.0,2,1,4.0,0.0,1,16.599,0.0124,1,23,0,0.0,7.3216,-9.6385,-1,6.031,6,0
sancheti_baseline_seed47_scale1.4,baseline,47,1.4,85.0,normal,B,0,0,0.0,0.0,0.0,3,0,5.0,5.0,0,0.0,0.0,0,24,0,-2.0,0.0,-9.6386,-1,6.031,6,0
sancheti_baseline_seed47_scale1.4,baseline,47,1.4,90.0,normal,B,1,0,13.6263,0.5762,0.0,3,0,0.0,10.0,1,15.5052,0.0058,1,21,0,-2.0,8.1285,-19.1125,-2,6.031,6,0
sancheti_baseline_seed47_scale1.4,baseline,47,1.4,95.0,normal,B,2,0,10.2373,11.5413,0.0,0,0,34.0,15.0,4,11.3122,0.0231,0,21,0,-2.0,5.0978,-17.7859,-2,6.031,6,0
sancheti_baseline_seed47_scale1.4,baseline,47,1.4,100.0,normal,B,3,1,8.6566,23.5441,2.8,0,0,29.0,20.0,10,14.6917,0.0808,9,22,0,0.8,8.6566,-5.7831,-2,10.6182,7,0
sancheti_baseline_seed47_scale1.4,baseline,47,1.4,105.0,normal,B,3,2,3.9485,23.5441,2.8,0,0,24.0,25.0,4,14.5666,0.0476,3,24,0,0.8,0.727,-15.4217,-2,22.6719,11,1
sancheti_baseline_seed47_scale1.4,baseline,47,1.4,110.0,normal,B,4,3,3.237,33.5541,2.8,0,0,19.0,30.0,2,16.632,0.0115,0,24,0,2.8,-12.8439,32.6692,3,22.6719,13,1
sancheti_baseline_seed47_scale1.4,baseline,47,1.4,115.0,normal,B,5,3,5.6803,34.6231,2.8,0,0,14.0,35.0,1,16.3653,0.0058,1,26,0,2.8,5.6803,34.6231,3,34.1108,17,1
sancheti_baseline_seed47_scale1.4,baseline,47,1.4,120.0,surge,B,5,3,1.7507,33.9382,2.8,0,0,9.0,40.0,1,13.2039,0.0081,1,27,0,2.8,-14.3048,33.0533,3,46.1243,18,1
sancheti_baseline_seed47_scale1.4,baseline,47,1.4,125.0,surge,B,5,4,3.2202,34.2496,5.6848,0,0,4.0,45.0,2,15.0871,0.0139,1,34,0,5.6848,-13.0188,33.838,4,56.3478,18,1
sancheti_baseline_seed47_scale1.4,baseline,47,1.4,130.0,surge,B,7,6,2.485,35.5049,6.031,1,0,5.0,50.0,0,0.0,0.0,0,39,0,6.031,-13.859,34.62,6,68.9397,25,1
sancheti_baseline_seed47_scale1.4,baseline,47,1.4,135.0,surge,B,10,6,5.4792,37.0992,6.031,1,0,0.0,55.0,0,0.0,0.0,0,44,0,6.031,-11.1895,36.2143,6,71.9516,29,1
sancheti_baseline_seed47_scale1.4,baseline,47,1.4,140.0,surge,B,9,0,7.7614,29.1816,0.0,2,1,34.0,0.0,2,10.6105,0.0115,0,49,0,0.0,-7.8461,28.77,0,71.9516,29,1
sancheti_baseline_seed47_scale1.4,baseline,47,1.4,145.0,surge,B,4,0,14.6168,10.6158,0.0,2,1,29.0,0.0,7,14.1777,0.0704,5,55,0,0.0,14.6168,10.6158,0,71.9516,29,1
sancheti_baseline_seed47_scale1.4,baseline,47,1.4,150.0,surge,B,4,0,14.0052,3.8925,0.0,2,1,24.0,0.0,10,14.3503,0.1203,8,59,0,0.0,0.3789,3.3163,0,71.9516,29,1
sancheti_baseline_seed47_scale1.4,baseline,47,1.4,155.0,surge,B,5,0,15.5976,20.1292,0.0,2,1,19.0,0.0,5,15.0675,0.0378,2,65,0,0.0,5.3603,8.5879,0,71.9516,29,1
sancheti_baseline_seed47_scale1.4,baseline,47,1.4,160.0,surge,B,4,0,15.4465,3.1207,0.0,2,1,14.0,0.0,5,14.6535,0.0624,5,70,0,-2.8,6.7899,-20.4234,-1,71.9516,29,1
sancheti_baseline_seed47_scale1.4,baseline,47,1.4,165.0,surge,B,3,0,14.3734,3.6218,0.0,2,1,9.0,0.0,5,14.8939,0.0577,4,64,0,-2.8,10.4249,-19.9223,-2,71.9516,29,1
sancheti_baseline_seed47_scale1.4,baseline,47,1.4,170.0,surge,B,5,0,15.5124,2.6958,0.0,2,1,4.0,0.0,4,15.5551,0.0676,2,65,0,-2.8,12.2754,-30.8583,-3,71.9516,29,1
sancheti_baseline_seed47_scale1.4,baseline,47,1.4,175.0,surge,B,4,0,14.9785,2.5929,0.0,3,0,5.0,5.0,4,14.788,0.0566,4,68,0,-2.8,9.2982,-32.0302,-3,71.9516,29,1
sancheti_baseline_seed47_scale1.4,baseline,47,1.4,180.0,surge,B,7,2,7.0699,36.8964,2.8961,3,0,0.0,10.0,3,15.2165,0.0263,1,68,0,0.0961,5.3192,2.9582,-1,71.9516,29,1
sancheti_baseline_seed47_scale1.4,baseline,47,1.4,185.0,surge,B,10,4,6.2086,49.7721,4.5536,0,0,34.0,15.0,1,9.0469,0.0091,0,67,0,-1.1312,2.9884,15.5225,0,71.9516,29,1
sancheti_baseline_seed47_scale1.4,baseline,47,1.4,190.0,surge,B,13,7,3.6959,51.7864,10.6182,0,0,29.0,20.0,5,12.007,0.0811,5,70,0,4.5872,1.2109,16.2815,1,71.9516,29,1
sancheti_baseline_seed47_scale1.4,baseline,47,1.4,195.0,surge,B,17,11,2.8639,53.6678,22.6719,0,0,24.0,25.0,14,13.0574,0.1738,8,74,0,16.6409,-2.6153,16.5686,5,71.9516,29,1
sancheti_baseline_seed47_scale1.4,baseline,47,1.4,200.0,surge,B,19,13,2.3481,57.3171,22.5353,0,0,19.0,30.0,9,13.3758,0.1437,7,75,0,22.5353,-5.4133,28.1355,13,71.9516,29,1
sancheti_baseline_seed47_scale1.4,baseline,47,1.4,205.0,surge,B,21,17,0.9838,61.2193,34.1108,0,0,14.0,35.0,10,14.596,0.1123,8,79,0,34.1108,-13.633,50.6035,17,71.9516,29,1
sancheti_baseline_seed47_scale1.4,baseline,47,1.4,210.0,surge,B,23,18,1.0522,63.5923,46.1243,0,0,9.0,40.0,6,12.2575,0.0894,2,84,0,46.1243,-12.953,59.6998,18,71.9516,29,1
sancheti_baseline_seed47_scale1.4,baseline,47,1.4,215.0,surge,B,26,18,1.3777,65.465,56.3478,0,0,4.0,45.0,4,13.495,0.0722,3,89,0,56.3478,-14.2199,45.3358,18,71.9516,29,1
sancheti_baseline_seed47_scale1.4,baseline,47,1.4,220.0,surge,B,29,25,0.8694,68.4488,68.9397,1,0,5.0,50.0,3,11.3526,0.102,2,95,0,68.9397,-14.5771,65.3281,25,71.9516,29,1
sancheti_baseline_seed47_scale1.4,baseline,47,1.4,225.0,surge,B,33,29,0.4315,70.1082,71.9516,1,0,0.0,55.0,4,7.1018,0.1034,1,99,0,71.9516,-13.9419,66.4864,29,57.5737,26,1
sancheti_baseline_seed47_scale1.4,baseline,47,1.4,230.0,surge,B,29,18,1.4035,53.88,57.5737,2,1,34.0,0.0,8,6.0139,0.1324,0,104,0,57.5737,-14.1089,51.1842,18,51.6427,26,1
sancheti_baseline_seed47_scale1.4,baseline,47,1.4,235.0,surge,B,23,9,2.66,40.233,21.5524,2,1,29.0,0.0,12,11.8434,0.1628,8,110,0,21.5524,-12.3185,37.6401,9,51.6427,26,1
sancheti_baseline_seed47_scale1.4,baseline,47,1.4,240.0,surge,B,23,1,5.68,49.1608,4.3,2,1,24.0,0.0,14,10.876,0.1677,9,114,0,1.4039,-1.3899,12.2644,-1,51.6427,26,1
sancheti_baseline_seed47_scale1.4,baseline,47,1.4,245.0,surge,B,19,0,8.0998,18.7723,0.0,2,1,19.0,0.0,14,11.1532,0.2078,7,121,0,-4.5536,1.8912,-30.9998,-4,51.6427,26,1
sancheti_baseline_seed47_scale1.4,baseline,47,1.4,250.0,surge,B,14,0,10.1339,27.9415,0.0,2,1,14.0,0.0,12,11.6597,0.2081,8,126,0,-10.6182,6.438,-23.8449,-7,51.6427,26,1
sancheti_baseline_seed47_scale1.4,baseline,47,1.4,255.0,surge,B,8,0,12.1259,43.3672,0.0,2,1,9.0,0.0,18,11.941,0.1787,11,126,0,-22.6719,9.262,-10.3006,-11,51.6427,26,1
sancheti_baseline_seed47_scale1.4,baseline,47,1.4,260.0,surge,B,6,0,15.2984,4.6918,0.0,2,1,4.0,0.0,16,12.5268,0.1311,7,126,0,-22.5353,12.9503,-52.6253,-13,51.6427,26,1
sancheti_baseline_seed47_scale1.4,baseline,47,1.4,265.0,surge,B,4,0,14.3925,3.6218,0.0,3,0,5.0,5.0,10,14.0151,0.119,5,121,0,-34.1108,13.4087,-57.5975,-17,51.6427,26,1
sancheti_baseline_seed47_scale1.4,baseline,47,1.4,270.0,surge,B,6,2,8.8933,27.4888,3.1488,3,0,0.0,10.0,5,14.7942,0.0601,2,115,0,-42.9755,7.8411,-36.1035,-16,51.6427,26,1
sancheti_baseline_seed47_scale1.4,baseline,47,1.4,275.0,surge,B,9,4,5.2651,45.7448,3.149,0,0,34.0,15.0,5,10.872,0.0289,0,114,0,-53.1988,3.8874,-19.7202,-14,51.6427,26,1
sancheti_baseline_seed47_scale1.4,baseline,47,1.4,280.0,surge,B,12,6,5.6576,47.1251,7.5326,0,0,29.0,20.0,12,14.6757,0.1176,10,107,0,-61.4071,4.7882,-21.3237,-19,51.6427,26,1
sancheti_baseline_seed47_scale1.4,baseline,47,1.4,285.0,surge,B,15,9,3.5125,49.3599,20.2331,0,0,24.0,25.0,11,15.2209,0.1415,7,103,0,-51.7185,3.081,-20.7483,-20,51.6427,26,1
sancheti_baseline_seed47_scale1.4,baseline,47,1.4,290.0,surge,B,17,13,1.8125,50.3509,26.4332,0,0,19.0,30.0,10,12.4044,0.1201,6,101,0,-31.1405,0.409,-3.5291,-5,51.6427,26,1
sancheti_baseline_seed47_scale1.4,baseline,47,1.4,295.0,surge,B,21,16,2.2529,51.9971,29.2776,0,0,14.0,35.0,10,11.6893,0.1178,6,104,0,7.7252,-0.4071,11.7641,7,51.6427,26,1
sancheti_baseline_seed47_scale1.4,baseline,47,1.4,300.0,surge,B,23,18,1.4284,52.8203,33.0441,0,0,9.0,40.0,11,7.3677,0.1259,3,110,0,28.7441,-4.2516,3.6595,17,51.6427,26,1
sancheti_baseline_seed47_scale1.4,baseline,47,1.4,305.0,surge,B,26,22,1.1449,56.2774,36.0465,0,0,4.0,45.0,9,5.7563,0.1148,1,115,0,36.0465,-6.9549,37.5051,22,51.6427,26,1
sancheti_baseline_seed47_scale1.4,baseline,47,1.4,310.0,surge,B,29,23,1.3715,59.5814,39.7121,1,0,5.0,50.0,8,9.4024,0.0942,4,121,0,39.7121,-8.7624,31.6399,23,51.6427,26,1
sancheti_baseline_seed47_scale1.4,baseline,47,1.4,315.0,surge,B,32,26,1.1676,61.4426,51.4007,1,0,0.0,55.0,7,4.8297,0.075,1,126,0,51.4007,-10.9583,18.0754,26,53.044,24,1
sancheti_baseline_seed47_scale1.4,baseline,47,1.4,320.0,surge,B,29,19,1.6416,51.7072,51.6427,2,1,34.0,0.0,9,3.42,0.0996,0,131,0,51.6427,-13.6568,47.0154,19,53.044,24,1
sancheti_baseline_seed47_scale1.4,baseline,47,1.4,325.0,surge,B,24,4,3.8626,19.4495,34.9237,2,1,29.0,0.0,14,10.9799,0.1829,8,138,0,34.9237,-10.5299,15.8277,4,53.044,24,1
sancheti_baseline_seed47_scale1.4,baseline,47,1.4,330.0,surge,B,16,0,8.058,30.9244,0.0,2,1,24.0,0.0,20,10.5538,0.1921,10,144,0,-3.1488,-0.8353,3.4356,-2,53.044,24,1
sancheti_baseline_seed47_scale1.4,baseline,47,1.4,335.0,surge,B,11,0,9.8945,8.2466,0.0,2,1,19.0,0.0,23,10.7965,0.2073,13,149,0,-3.149,4.6294,-37.4982,-4,53.044,24,1
sancheti_baseline_seed47_scale1.4,baseline,47,1.4,340.0,surge,B,8,0,13.919,20.428,0.0,2,1,14.0,0.0,20,9.4958,0.1815,6,155,0,-7.5326,8.2614,-26.6971,-6,53.044,24,1
sancheti_baseline_seed47_scale1.4,baseline,47,1.4,345.0,surge,B,3,0,16.121,1.2347,0.0,2,1,9.0,0.0,13,11.6624,0.151,8,153,0,-20.2331,12.6085,-48.1252,-9,53.044,24,1
sancheti_baseline_seed47_scale1.4,baseline,47,1.4,350.0,surge,B,3,0,14.6237,3.4257,0.0,2,1,4.0,0.0,12,13.3539,0.1092,6,150,0,-26.4332,12.8112,-46.9252,-13,53.044,24,1
sancheti_baseline_seed47_scale1.4,baseline,47,1.4,355.0,surge,B,6,0,15.7087,17.6677,0.0,3,0,5.0,5.0,3,16.1685,0.0173,2,140,0,-29.2776,13.4558,-34.3294,-16,53.044,24,1
sancheti_baseline_seed47_scale1.4,baseline,47,1.4,360.0,surge,B,7,1,10.3979,25.5402,3.1482,3,0,0.0,10.0,2,15.1791,0.0427,2,133,0,-29.8959,8.9695,-27.2801,-17,53.044,24,1
sancheti_baseline_seed47_scale1.4,baseline,47,1.4,365.0,surge,B,7,3,6.1415,36.0992,3.149,0,0,34.0,15.0,2,9.8471,0.0195,0,126,0,-32.8975,4.9966,-20.1782,-19,53.044,24,1
sancheti_baseline_seed47_scale1.4,baseline,47,1.4,370.0,surge,B,9,5,5.1181,38.8784,3.149,0,0,29.0,20.0,12,13.5985,0.1094,9,120,0,-36.5631,3.7466,-20.703,-18,53.044,24,1
sancheti_baseline_seed47_scale1.4,baseline,47,1.4,375.0,surge,B,12,7,5.1379,40.8832,5.149,0,0,24.0,25.0,16,14.9667,0.1502,13,114,0,-46.2517,3.9703,-20.5594,-19,53.044,24,1
sancheti_baseline_seed47_scale1.4,baseline,47,1.4,380.0,surge,B,15,10,3.0883,44.3558,21.1108,0,0,19.0,30.0,12,13.5674,0.1401,5,101,0,-30.5319,1.4467,-7.3514,-9,53.044,24,1
sancheti_baseline_seed47_scale1.4,baseline,47,1.4,385.0,surge,B,17,12,2.8875,47.4678,25.8323,0,0,14.0,35.0,11,11.9581,0.1239,8,102,0,-9.0914,-0.9751,28.0183,8,53.044,24,1
sancheti_baseline_seed47_scale1.4,baseline,47,1.4,390.0,surge,B,20,16,2.2961,49.2138,42.7521,0,0,9.0,40.0,10,9.4307,0.0982,3,107,0,42.7521,-5.7619,18.2894,16,53.044,24,1
sancheti_baseline_seed47_scale1.4,baseline,47,1.4,395.0,surge,B,22,18,1.2671,50.2016,45.6081,0,0,4.0,45.0,7,6.264,0.1187,1,113,0,45.6081,-8.6274,41.955,18,53.044,24,1
sancheti_baseline_seed47_scale1.4,baseline,47,1.4,400.0,surge,B,25,21,0.9681,53.6243,43.4693,1,0,5.0,50.0,7,7.1832,0.1331,2,117,0,43.4693,-12.9509,33.1963,21,53.044,24,1
sancheti_baseline_seed47_scale1.4,baseline,47,1.4,405.0,surge,B,27,24,0.4997,54.9551,53.044,1,0,0.0,55.0,4,8.7359,0.0946,2,122,0,53.044,-15.6213,53.7204,24,50.3323,15,1
sancheti_baseline_seed47_scale1.4,baseline,47,1.4,410.0,surge,B,25,15,2.1375,21.6693,50.3323,2,1,34.0,0.0,5,8.0897,0.0667,0,126,0,50.3323,-12.4862,18.2436,15,5.2334,7,0
sancheti_baseline_seed47_scale1.4,baseline,47,1.4,415.0,surge,B,24,1,4.5648,22.8776,4.3,2,1,29.0,0.0,13,13.6905,0.1177,11,131,0,4.3,-11.1439,5.2099,1,5.2334,7,0
sancheti_baseline_seed47_scale1.4,baseline,47,1.4,420.0,recovery,B,17,0,7.7979,14.0395,0.0,2,1,24.0,0.0,13,9.94,0.1574,5,136,0,-3.1482,-2.6,-11.5007,-1,5.2334,7,0
sancheti_baseline_seed47_scale1.4,baseline,47,1.4,425.0,recovery,B,11,0,10.2189,9.9319,0.0,2,1,19.0,0.0,18,13.0007,0.2058,12,140,0,-3.149,4.0774,-26.1673,-3,5.2334,7,0
sancheti_baseline_seed47_scale1.4,baseline,47,1.4,430.0,recovery,B,9,0,13.2955,4.0246,0.0,2,1,14.0,0.0,15,12.9495,0.1751,9,143,0,-3.149,8.1774,-34.8538,-5,5.2334,7,0
sancheti_baseline_seed47_scale1.4,baseline,47,1.4,435.0,recovery,B,2,0,16.1603,0.8231,0.0,2,1,9.0,0.0,13,12.735,0.1718,7,140,0,-5.149,11.0224,-40.0601,-7,5.2334,7,0
sancheti_baseline_seed47_scale1.4,baseline,47,1.4,440.0,recovery,B,1,0,16.5046,0.8849,0.0,2,1,4.0,0.0,11,13.589,0.0873,7,132,0,-21.1108,13.4163,-43.4709,-10,5.2334,7,0
sancheti_baseline_seed47_scale1.4,baseline,47,1.4,445.0,recovery,B,1,0,16.4857,0.8849,0.0,3,0,5.0,5.0,3,15.9942,0.0261,1,128,0,-25.8323,13.5982,-46.5829,-12,5.2334,7,0
sancheti_baseline_seed47_scale1.4,baseline,47,1.4,450.0,recovery,B,2,0,9.6822,13.1518,0.0,3,0,0.0,10.0,1,16.5997,0.0124,1,113,0,-42.7521,7.3861,-36.062,-16,5.2334,7,0
sancheti_baseline_seed47_scale1.4,baseline,47,1.4,455.0,recovery,B,3,1,8.6385,16.463,3.149,0,0,34.0,15.0,5,10.756,0.0355,0,104,0,-42.4591,7.3714,-33.7386,-17,5.2334,7,0
sancheti_baseline_seed47_scale1.4,baseline,47,1.4,460.0,recovery,B,4,2,5.0346,31.0395,3.149,0,0,29.0,20.0,16,14.366,0.1213,13,96,0,-40.3203,4.0665,-22.5848,-19,5.2334,7,0
sancheti_baseline_seed47_scale1.4,baseline,47,1.4,465.0,recovery,B,4,3,3.3919,40.4018,3.149,0,0,24.0,25.0,14,13.7078,0.1243,7,87,0,-49.895,2.8922,-14.5533,-21,5.2334,7,0
sancheti_baseline_seed47_scale1.4,baseline,47,1.4,470.0,recovery,B,4,3,4.0145,40.4018,3.149,0,0,19.0,30.0,9,13.1921,0.1423,5,79,0,-47.1833,1.877,18.7325,-12,5.2334,7,0
sancheti_baseline_seed47_scale1.4,baseline,47,1.4,475.0,recovery,B,5,4,2.9678,41.272,3.149,0,0,14.0,35.0,8,13.333,0.1386,5,78,0,-1.151,-1.597,18.3944,3,5.2334,7,0
sancheti_baseline_seed47_scale1.4,baseline,47,1.4,480.0,recovery,B,7,6,2.4589,42.3192,3.149,0,0,9.0,40.0,7,13.2526,0.0855,4,82,0,3.149,-5.339,28.2797,6,5.2334,7,0
sancheti_baseline_seed47_scale1.4,baseline,47,1.4,485.0,recovery,B,8,6,2.4643,42.3241,5.2334,0,0,4.0,45.0,7,13.7532,0.0621,4,84,0,5.2334,-7.7546,32.3922,6,7.5335,7,0
sancheti_baseline_seed47_scale1.4,baseline,47,1.4,490.0,recovery,B,8,6,1.907,43.2715,5.2321,1,0,5.0,50.0,7,12.973,0.0728,3,88,0,5.2321,-11.3885,39.2469,6,7.5335,7,0
sancheti_baseline_seed47_scale1.4,baseline,47,1.4,495.0,recovery,B,9,7,3.1344,44.7036,5.2321,1,0,0.0,55.0,7,2.8385,0.0693,1,91,0,5.2321,-13.0259,43.8805,7,7.5335,7,0
sancheti_baseline_seed47_scale1.4,baseline,47,1.4,500.0,recovery,B,4,0,5.9092,8.1351,0.0,2,1,34.0,0.0,9,3.798,0.0941,0,93,0,0.0,-10.5954,7.2502,0,7.5335,7,0
sancheti_baseline_seed47_scale1.4,baseline,47,1.4,505.0,recovery,B,1,0,15.9849,0.4116,0.0,2,1,29.0,0.0,11,13.4222,0.1072,8,96,0,0.0,-0.5008,-0.4733,0,7.5335,7,0
sancheti_baseline_seed47_scale1.4,baseline,47,1.4,510.0,recovery,B,1,0,16.4696,0.8849,0.0,2,1,24.0,0.0,7,11.5978,0.0877,3,100,0,0.0,6.7874,-12.2669,0,7.5335,7,0
